period,stateid,stateDescription,sectorid,sectorName,customers,price,revenue,sales,customers-units,price-units,revenue-units,sales-units
2025,AK,Alaska,ALL,all sectors,364851,23.05,1410.4809,6118.4264,number of customers,cents per kilowatt-hour,million dollars,million kilowatt hours
2025,AK,Alaska,COM,commercial,58188,22.32,592.43925,2654.25995,number of customers,cents per kilowatt-hour,million dollars,million kilowatt hours
2025,AK,Alaska,IND,industrial,1240,20.03,283.44752,1415.16336,number of customers,cents per kilowatt-hour,million dollars,million kilowatt hours
2025,AK,Alaska,OTH,other,0,0,0,0,number of customers,cents per kilowatt-hour,million dollars,million kilowatt hours
2025,AK,Alaska,RES,residential,305423,26.09,534.59413,2049.00309,number of customers,cents per kilowatt-hour,million dollars,million kilowatt hours
2025,AK,Alaska,TRA,transportation,0,0,0,0,number of customers,cents per kilowatt-hour,million dollars,million kilowatt hours
2025,AL,Alabama,ALL,all sectors,2845394,12.62,11261.04893,89221.26994,number of customers,cents per kilowatt-hour,million dollars,million kilowatt hours
2025,AL,Alabama,COM,commercial,398434,14.52,3342.65647,23017.77518,number of customers,cents per kilowatt-hour,million dollars,million kilowatt hours
2025,AL,Alabama,IND,industrial,7237,7.73,2529.54414,32724.96075,number of customers,cents per kilowatt-hour,million dollars,million kilowatt hours
2025,AL,Alabama,OTH,other,0,0,0,0,number of customers,cents per kilowatt-hour,million dollars,million kilowatt hours
2025,AL,Alabama,RES,residential,2439723,16.1,5388.84832,33478.53401,number of customers,cents per kilowatt-hour,million dollars,million kilowatt hours
2025,AL,Alabama,TRA,transportation,0,0,0,0,number of customers,cents per kilowatt-hour,million dollars,million kilowatt hours
2025,AR,Arkansas,ALL,all sectors,1747085,9.84,5214.18115,52962.92737,number of customers,cents per kilowatt-hour,million dollars,million kilowatt hours
2025,AR,Arkansas,COM,commercial,210310,10.76,1281.08459,11905.43712,number of customers,cents per kilowatt-hour,million dollars,million kilowatt hours
2025,AR,Arkansas,IND,industrial,36352,6.71,1464.72497,21829.2202,number of customers,cents per kilowatt-hour,million dollars,million kilowatt hours
2025,AR,Arkansas,OTH,other,0,0,0,0,number of customers,cents per kilowatt-hour,million dollars,million kilowatt hours
2025,AR,Arkansas,RES,residential,1500421,12.84,2468.33416,19227.98477,number of customers,cents per kilowatt-hour,million dollars,million kilowatt hours
2025,AR,Arkansas,TRA,transportation,2,13.12,.03744,.28528,number of customers,cents per kilowatt-hour,million dollars,million kilowatt hours
2025,AZ,Arizona,ALL,all sectors,3553515,12.97,11876.92773,91552.33195,number of customers,cents per kilowatt-hour,million dollars,million kilowatt hours
2025,AZ,Arizona,COM,commercial,352676,12.47,4679.95292,37543.08738,number of customers,cents per kilowatt-hour,million dollars,million kilowatt hours
2025,AZ,Arizona,IND,industrial,7117,8.1,1209.66538,14936.68951,number of customers,cents per kilowatt-hour,million dollars,million kilowatt hours
2025,AZ,Arizona,OTH,other,0,0,0,0,number of customers,cents per kilowatt-hour,million dollars,million kilowatt hours
2025,AZ,Arizona,RES,residential,3193720,15.32,5986.09529,39061.58498,number of customers,cents per kilowatt-hour,million dollars,million kilowatt hours
2025,AZ,Arizona,TRA,transportation,2,11.07,1.21414,10.97008,number of customers,cents per kilowatt-hour,million dollars,million kilowatt hours
2025,CA,California,ALL,all sectors,16706378,27.63,65736.87689,237957.47888,number of customers,cents per kilowatt-hour,million dollars,million kilowatt hours
2025,CA,California,COM,commercial,1823887,26.36,29921.88478,113517.2242,number of customers,cents per kilowatt-hour,million dollars,million kilowatt hours
2025,CA,California,IND,industrial,152387,21.62,9032.42673,41787.07689,number of customers,cents per kilowatt-hour,million dollars,million kilowatt hours
2025,CA,California,OTH,other,0,0,0,0,number of customers,cents per kilowatt-hour,million dollars,million kilowatt hours
2025,CA,California,RES,residential,14730091,32.54,26662.14465,81948.10579,number of customers,cents per kilowatt-hour,million dollars,million kilowatt hours
2025,CA,California,TRA,transportation,13,17.08,120.42074,705.07201,number of customers,cents per kilowatt-hour,million dollars,million kilowatt hours
2025,CO,Colorado,ALL,all sectors,2947190,12.77,7232.15798,56651.95974,number of customers,cents per kilowatt-hour,million dollars,million kilowatt hours
2025,CO,Colorado,COM,commercial,401998,12.47,2597.53376,20836.3121,number of customers,cents per kilowatt-hour,million dollars,million kilowatt hours
2025,CO,Colorado,IND,industrial,14584,9.07,1385.92631,15281.46603,number of customers,cents per kilowatt-hour,million dollars,million kilowatt hours
2025,CO,Colorado,OTH,other,0,0,0,0,number of customers,cents per kilowatt-hour,million dollars,million kilowatt hours
2025,CO,Colorado,RES,residential,2530607,15.85,3240.30371,20446.70002,number of customers,cents per kilowatt-hour,million dollars,million kilowatt hours
2025,CO,Colorado,TRA,transportation,1,9.6,8.3942,87.48159,number of customers,cents per kilowatt-hour,million dollars,million kilowatt hours
2025,CT,Connecticut,ALL,all sectors,1762723,25.68,7078.68687,27570.16657,number of customers,cents per kilowatt-hour,million dollars,million kilowatt hours
2025,CT,Connecticut,COM,commercial,156612,23.11,2653.27088,11480.70461,number of customers,cents per kilowatt-hour,million dollars,million kilowatt hours
2025,CT,Connecticut,IND,industrial,3746,18.35,470.00347,2560.83054,number of customers,cents per kilowatt-hour,million dollars,million kilowatt hours
2025,CT,Connecticut,OTH,other,0,0,0,0,number of customers,cents per kilowatt-hour,million dollars,million kilowatt hours
2025,CT,Connecticut,RES,residential,1602362,29.38,3923.85671,13356.7562,number of customers,cents per kilowatt-hour,million dollars,million kilowatt hours
2025,CT,Connecticut,TRA,transportation,3,18.36,31.55581,171.87521,number of customers,cents per kilowatt-hour,million dollars,million kilowatt hours
2025,DC,District of Columbia,ALL,all sectors,353716,20.34,2082.972,10241.27764,number of customers,cents per kilowatt-hour,million dollars,million kilowatt hours
2025,DC,District of Columbia,COM,commercial,27630,20.41,1474.15953,7221.19392,number of customers,cents per kilowatt-hour,million dollars,million kilowatt hours
2025,DC,District of Columbia,IND,industrial,1,14.78,28.94424,195.85909,number of customers,cents per kilowatt-hour,million dollars,million kilowatt hours
2025,DC,District of Columbia,OTH,other,0,0,0,0,number of customers,cents per kilowatt-hour,million dollars,million kilowatt hours
2025,DC,District of Columbia,RES,residential,326082,21.94,546.18318,2489.88876,number of customers,cents per kilowatt-hour,million dollars,million kilowatt hours
2025,DC,District of Columbia,TRA,transportation,3,10.08,33.68506,334.33587,number of customers,cents per kilowatt-hour,million dollars,million kilowatt hours
2025,DE,Delaware,ALL,all sectors,539935,14.19,1643.20099,11578.45934,number of customers,cents per kilowatt-hour,million dollars,million kilowatt hours
2025,DE,Delaware,COM,commercial,60842,12.64,540.58181,4277.43799,number of customers,cents per kilowatt-hour,million dollars,million kilowatt hours
2025,DE,Delaware,IND,industrial,1141,9.64,190.22747,1973.80843,number of customers,cents per kilowatt-hour,million dollars,million kilowatt hours
2025,DE,Delaware,OTH,other,0,0,0,0,number of customers,cents per kilowatt-hour,million dollars,million kilowatt hours
2025,DE,Delaware,RES,residential,477952,17.13,912.39171,5327.21292,number of customers,cents per kilowatt-hour,million dollars,million kilowatt hours
2025,DE,Delaware,TRA,transportation,0,0,0,0,number of customers,cents per kilowatt-hour,million dollars,million kilowatt hours
2025,ENC,East North Central,ALL,all sectors,23659455,13.28,75858.55565,571114.12761,number of customers,cents per kilowatt-hour,million dollars,million kilowatt hours
2025,ENC,East North Central,COM,commercial,2595710,13.01,24832.49606,190871.45418,number of customers,cents per kilowatt-hour,million dollars,million kilowatt hours
2025,ENC,East North Central,IND,industrial,53589,9.03,16890.26438,187053.72277,number of customers,cents per kilowatt-hour,million dollars,million kilowatt hours
2025,ENC,East North Central,OTH,other,0,0,0,0,number of customers,cents per kilowatt-hour,million dollars,million kilowatt hours
2025,ENC,East North Central,RES,residential,21010146,17.7,34080.39535,192583.22751,number of customers,cents per kilowatt-hour,million dollars,million kilowatt hours
2025,ENC,East North Central,TRA,transportation,10,9.15,55.39986,605.72315,number of customers,cents per kilowatt-hour,million dollars,million kilowatt hours
2025,ESC,East South Central,ALL,all sectors,10494731,11.62,37343.52223,321302.97091,number of customers,cents per kilowatt-hour,million dollars,million kilowatt hours
2025,ESC,East South Central,COM,commercial,1525580,13.08,12353.76872,94441.2262,number of customers,cents per kilowatt-hour,million dollars,million kilowatt hours
2025,ESC,East South Central,IND,industrial,25230,7.22,7351.64183,101792.84397,number of customers,cents per kilowatt-hour,million dollars,million kilowatt hours
2025,ESC,East South Central,OTH,other,0,0,0,0,number of customers,cents per kilowatt-hour,million dollars,million kilowatt hours
2025,ESC,East South Central,RES,residential,8943921,14.1,17638.11168,125068.90075,number of customers,cents per kilowatt-hour,million dollars,million kilowatt hours
2025,ESC,East South Central,TRA,transportation,0,0,0,0,number of customers,cents per kilowatt-hour,million dollars,million kilowatt hours
2025,FL,Florida,ALL,all sectors,12060644,13.34,34405.22343,257888.83995,number of customers,cents per kilowatt-hour,million dollars,million kilowatt hours
2025,FL,Florida,COM,commercial,1331669,11.47,11535.83764,100552.48773,number of customers,cents per kilowatt-hour,million dollars,million kilowatt hours
2025,FL,Florida,IND,industrial,24494,8.84,1532.63032,17338.75683,number of customers,cents per kilowatt-hour,million dollars,million kilowatt hours
2025,FL,Florida,OTH,other,0,0,0,0,number of customers,cents per kilowatt-hour,million dollars,million kilowatt hours
2025,FL,Florida,RES,residential,10704479,15.24,21329.34855,139929.81494,number of customers,cents per kilowatt-hour,million dollars,million kilowatt hours
2025,FL,Florida,TRA,transportation,2,10.93,7.40692,67.78046,number of customers,cents per kilowatt-hour,million dollars,million kilowatt hours
2025,GA,Georgia,ALL,all sectors,5531580,12.03,18480.82309,153565.99735,number of customers,cents per kilowatt-hour,million dollars,million kilowatt hours
2025,GA,Georgia,COM,commercial,629259,11.5,6547.39229,56934.77744,number of customers,cents per kilowatt-hour,million dollars,million kilowatt hours
2025,GA,Georgia,IND,industrial,22554,7.81,2586.25236,33108.56953,number of customers,cents per kilowatt-hour,million dollars,million kilowatt hours
2025,GA,Georgia,OTH,other,0,0,0,0,number of customers,cents per kilowatt-hour,million dollars,million kilowatt hours
2025,GA,Georgia,RES,residential,4879766,14.73,9334.25204,63358.55047,number of customers,cents per kilowatt-hour,million dollars,million kilowatt hours
2025,GA,Georgia,TRA,transportation,1,7.88,12.9264,164.09991,number of customers,cents per kilowatt-hour,million dollars,million kilowatt hours
2025,HI,Hawaii,ALL,all sectors,510653,35.72,3263.86273,9136.94866,number of customers,cents per kilowatt-hour,million dollars,million kilowatt hours
2025,HI,Hawaii,COM,commercial,59875,36.37,1023.87596,2814.79053,number of customers,cents per kilowatt-hour,million dollars,million kilowatt hours
2025,HI,Hawaii,IND,industrial,854,31.46,1123.82416,3572.44132,number of customers,cents per kilowatt-hour,million dollars,million kilowatt hours
2025,HI,Hawaii,OTH,other,0,0,0,0,number of customers,cents per kilowatt-hour,million dollars,million kilowatt hours
2025,HI,Hawaii,RES,residential,449924,40.59,1116.16262,2749.71681,number of customers,cents per kilowatt-hour,million dollars,million kilowatt hours
2025,HI,Hawaii,TRA,transportation,0,0,0,0,number of customers,cents per kilowatt-hour,million dollars,million kilowatt hours
2025,IA,Iowa,ALL,all sectors,1747358,9.76,5715.6369,58568.15959,number of customers,cents per kilowatt-hour,million dollars,million kilowatt hours
2025,IA,Iowa,COM,commercial,255787,11.05,1470.62881,13309.55602,number of customers,cents per kilowatt-hour,million dollars,million kilowatt hours
2025,IA,Iowa,IND,industrial,9475,7.2,2168.67723,30126.07184,number of customers,cents per kilowatt-hour,million dollars,million kilowatt hours
2025,IA,Iowa,OTH,other,0,0,0,0,number of customers,cents per kilowatt-hour,million dollars,million kilowatt hours
2025,IA,Iowa,RES,residential,1482096,13.72,2076.33086,15132.53174,number of customers,cents per kilowatt-hour,million dollars,million kilowatt hours
2025,IA,Iowa,TRA,transportation,0,0,0,0,number of customers,cents per kilowatt-hour,million dollars,million kilowatt hours
2025,ID,Idaho,ALL,all sectors,1054512,9.74,2609.42044,26800.23178,number of customers,cents per kilowatt-hour,million dollars,million kilowatt hours
2025,ID,Idaho,COM,commercial,127050,9.25,649.97986,7029.20252,number of customers,cents per kilowatt-hour,million dollars,million kilowatt hours
2025,ID,Idaho,IND,industrial,29780,7.98,784.87225,9835.42937,number of customers,cents per kilowatt-hour,million dollars,million kilowatt hours
2025,ID,Idaho,OTH,other,0,0,0,0,number of customers,cents per kilowatt-hour,million dollars,million kilowatt hours
2025,ID,Idaho,RES,residential,897682,11.82,1174.56833,9935.59989,number of customers,cents per kilowatt-hour,million dollars,million kilowatt hours
2025,ID,Idaho,TRA,transportation,0,0,0,0,number of customers,cents per kilowatt-hour,million dollars,million kilowatt hours
2025,IL,Illinois,ALL,all sectors,6073192,13.74,18602.56824,135394.78655,number of customers,cents per kilowatt-hour,million dollars,million kilowatt hours
2025,IL,Illinois,COM,commercial,648402,13.07,6057.9869,46349.20432,number of customers,cents per kilowatt-hour,million dollars,million kilowatt hours
2025,IL,Illinois,IND,industrial,5485,10.14,4248.83377,41884.80191,number of customers,cents per kilowatt-hour,million dollars,million kilowatt hours
2025,IL,Illinois,OTH,other,0,0,0,0,number of customers,cents per kilowatt-hour,million dollars,million kilowatt hours
2025,IL,Illinois,RES,residential,5419302,17.69,8247.71309,46618.11217,number of customers,cents per kilowatt-hour,million dollars,million kilowatt hours
2025,IL,Illinois,TRA,transportation,3,8.85,48.03448,542.66815,number of customers,cents per kilowatt-hour,million dollars,million kilowatt hours
2025,IN,Indiana,ALL,all sectors,3421898,12.57,13006.55128,103487.47704,number of customers,cents per kilowatt-hour,million dollars,million kilowatt hours
2025,IN,Indiana,COM,commercial,377271,13.88,3540.35576,25513.11222,number of customers,cents per kilowatt-hour,million dollars,million kilowatt hours
2025,IN,Indiana,IND,industrial,19248,8.89,3864.38857,43461.05768,number of customers,cents per kilowatt-hour,million dollars,million kilowatt hours
2025,IN,Indiana,OTH,other,0,0,0,0,number of customers,cents per kilowatt-hour,million dollars,million kilowatt hours
2025,IN,Indiana,RES,residential,3025378,16.23,5598.81009,34491.53089,number of customers,cents per kilowatt-hour,million dollars,million kilowatt hours
2025,IN,Indiana,TRA,transportation,1,13.76,2.99687,21.77625,number of customers,cents per kilowatt-hour,million dollars,million kilowatt hours
2025,KS,Kansas,ALL,all sectors,1624867,11.52,4834.76407,41970.54625,number of customers,cents per kilowatt-hour,million dollars,million kilowatt hours
2025,KS,Kansas,COM,commercial,251283,11.35,1838.83925,16197.8101,number of customers,cents per kilowatt-hour,million dollars,million kilowatt hours
2025,KS,Kansas,IND,industrial,23731,8.03,928.98473,11575.03884,number of customers,cents per kilowatt-hour,million dollars,million kilowatt hours
2025,KS,Kansas,OTH,other,0,0,0,0,number of customers,cents per kilowatt-hour,million dollars,million kilowatt hours
2025,KS,Kansas,RES,residential,1349853,14.56,2066.94009,14197.69731,number of customers,cents per kilowatt-hour,million dollars,million kilowatt hours
2025,KS,Kansas,TRA,transportation,0,0,0,0,number of customers,cents per kilowatt-hour,million dollars,million kilowatt hours
2025,KY,Kentucky,ALL,all sectors,2355037,10.55,8008.59323,75919.01347,number of customers,cents per kilowatt-hour,million dollars,million kilowatt hours
2025,KY,Kentucky,COM,commercial,327845,11.88,2445.61685,20579.42964,number of customers,cents per kilowatt-hour,million dollars,million kilowatt hours
2025,KY,Kentucky,IND,industrial,4662,6.96,1957.39225,28104.93662,number of customers,cents per kilowatt-hour,million dollars,million kilowatt hours
2025,KY,Kentucky,OTH,other,0,0,0,0,number of customers,cents per kilowatt-hour,million dollars,million kilowatt hours
2025,KY,Kentucky,RES,residential,2022530,13.24,3605.58414,27234.64721,number of customers,cents per kilowatt-hour,million dollars,million kilowatt hours
2025,KY,Kentucky,TRA,transportation,0,0,0,0,number of customers,cents per kilowatt-hour,million dollars,million kilowatt hours
2025,LA,Louisiana,ALL,all sectors,2490047,9.5,9315.52557,98075.44534,number of customers,cents per kilowatt-hour,million dollars,million kilowatt hours
2025,LA,Louisiana,COM,commercial,303670,11.2,2678.47709,23904.56463,number of customers,cents per kilowatt-hour,million dollars,million kilowatt hours
2025,LA,Louisiana,IND,industrial,17372,6.23,2634.92683,42325.69224,number of customers,cents per kilowatt-hour,million dollars,million kilowatt hours
2025,LA,Louisiana,OTH,other,0,0,0,0,number of customers,cents per kilowatt-hour,million dollars,million kilowatt hours
2025,LA,Louisiana,RES,residential,2169004,12.57,4001.07791,31835.83094,number of customers,cents per kilowatt-hour,million dollars,million kilowatt hours
2025,LA,Louisiana,TRA,transportation,1,11.15,1.04375,9.35754,number of customers,cents per kilowatt-hour,million dollars,million kilowatt hours
2025,MA,Massachusetts,ALL,all sectors,3483694,25.56,13223.42977,51740.51545,number of customers,cents per kilowatt-hour,million dollars,million kilowatt hours
2025,MA,Massachusetts,COM,commercial,443074,23.08,5678.35597,24600.88748,number of customers,cents per kilowatt-hour,million dollars,million kilowatt hours
2025,MA,Massachusetts,IND,industrial,9684,19.35,1154.90462,5967.59414,number of customers,cents per kilowatt-hour,million dollars,million kilowatt hours
2025,MA,Massachusetts,OTH,other,0,0,0,0,number of customers,cents per kilowatt-hour,million dollars,million kilowatt hours
2025,MA,Massachusetts,RES,residential,3030934,30.48,6361.82638,20871.53803,number of customers,cents per kilowatt-hour,million dollars,million kilowatt hours
2025,MA,Massachusetts,TRA,transportation,2,9.43,28.3428,300.4958,number of customers,cents per kilowatt-hour,million dollars,million kilowatt hours
2025,MAT,Middle Atlantic,ALL,all sectors,19328300,18.07,65015.02899,359871.63189,number of customers,cents per kilowatt-hour,million dollars,million kilowatt hours
2025,MAT,Middle Atlantic,COM,commercial,2467325,17.65,26215.29446,148557.47296,number of customers,cents per kilowatt-hour,million dollars,million kilowatt hours
2025,MAT,Middle Atlantic,IND,industrial,39584,9.8,6753.49838,68892.82319,number of customers,cents per kilowatt-hour,million dollars,million kilowatt hours
2025,MAT,Middle Atlantic,OTH,other,0,0,0,0,number of customers,cents per kilowatt-hour,million dollars,million kilowatt hours
2025,MAT,Middle Atlantic,RES,residential,16821373,22.7,31453.24136,138546.06852,number of customers,cents per kilowatt-hour,million dollars,million kilowatt hours
2025,MAT,Middle Atlantic,TRA,transportation,18,15.3,592.9948,3875.26722,number of customers,cents per kilowatt-hour,million dollars,million kilowatt hours
2025,MD,Maryland,ALL,all sectors,2744887,16.83,10015.11121,59502.67415,number of customers,cents per kilowatt-hour,million dollars,million kilowatt hours
2025,MD,Maryland,COM,commercial,262837,14.74,4063.6508,27575.62494,number of customers,cents per kilowatt-hour,million dollars,million kilowatt hours
2025,MD,Maryland,IND,industrial,9385,12.5,435.64985,3485.58228,number of customers,cents per kilowatt-hour,million dollars,million kilowatt hours
2025,MD,Maryland,OTH,other,0,0,0,0,number of customers,cents per kilowatt-hour,million dollars,million kilowatt hours
2025,MD,Maryland,RES,residential,2472660,19.48,5460.85383,28032.01372,number of customers,cents per kilowatt-hour,million dollars,million kilowatt hours
2025,MD,Maryland,TRA,transportation,5,13.42,54.95673,409.45321,number of customers,cents per kilowatt-hour,million dollars,million kilowatt hours
2025,ME,Maine,ALL,all sectors,869928,22.81,2517.4933,11037.29262,number of customers,cents per kilowatt-hour,million dollars,million kilowatt hours
2025,ME,Maine,COM,commercial,112806,20.96,844.287,4028.38986,number of customers,cents per kilowatt-hour,million dollars,million kilowatt hours
2025,ME,Maine,IND,industrial,1785,15.5,345.28852,2228.24149,number of customers,cents per kilowatt-hour,million dollars,million kilowatt hours
2025,ME,Maine,OTH,other,0,0,0,0,number of customers,cents per kilowatt-hour,million dollars,million kilowatt hours
2025,ME,Maine,RES,residential,755337,27.78,1327.91778,4780.66127,number of customers,cents per kilowatt-hour,million dollars,million kilowatt hours
2025,ME,Maine,TRA,transportation,0,0,0,0,number of customers,cents per kilowatt-hour,million dollars,million kilowatt hours
2025,MI,Michigan,ALL,all sectors,5129879,14.73,14750.25023,100118.38208,number of customers,cents per kilowatt-hour,million dollars,million kilowatt hours
2025,MI,Michigan,COM,commercial,570592,14.48,5419.06901,37422.63173,number of customers,cents per kilowatt-hour,million dollars,million kilowatt hours
2025,MI,Michigan,IND,industrial,5757,8.59,2416.24554,28140.99695,number of customers,cents per kilowatt-hour,million dollars,million kilowatt hours
2025,MI,Michigan,OTH,other,0,0,0,0,number of customers,cents per kilowatt-hour,million dollars,million kilowatt hours
2025,MI,Michigan,RES,residential,4553528,20.01,6914.09613,34548.61394,number of customers,cents per kilowatt-hour,million dollars,million kilowatt hours
2025,MI,Michigan,TRA,transportation,2,13.67,.83955,6.13947,number of customers,cents per kilowatt-hour,million dollars,million kilowatt hours
2025,MN,Minnesota,ALL,all sectors,2953085,12.67,8325.95901,65737.50133,number of customers,cents per kilowatt-hour,million dollars,million kilowatt hours
2025,MN,Minnesota,COM,commercial,312879,12.27,2842.99137,23177.29851,number of customers,cents per kilowatt-hour,million dollars,million kilowatt hours
2025,MN,Minnesota,IND,industrial,9459,9.32,1792.02197,19233.4327,number of customers,cents per kilowatt-hour,million dollars,million kilowatt hours
2025,MN,Minnesota,OTH,other,0,0,0,0,number of customers,cents per kilowatt-hour,million dollars,million kilowatt hours
2025,MN,Minnesota,RES,residential,2630746,15.82,3689.07277,23311.96451,number of customers,cents per kilowatt-hour,million dollars,million kilowatt hours
2025,MN,Minnesota,TRA,transportation,1,12.65,1.8729,14.80561,number of customers,cents per kilowatt-hour,million dollars,million kilowatt hours
2025,MO,Missouri,ALL,all sectors,3311791,11.57,9267.43022,80114.37473,number of customers,cents per kilowatt-hour,million dollars,million kilowatt hours
2025,MO,Missouri,COM,commercial,407208,10.63,3225.97455,30341.74438,number of customers,cents per kilowatt-hour,million dollars,million kilowatt hours
2025,MO,Missouri,IND,industrial,9341,8.38,1098.28294,13112.64288,number of customers,cents per kilowatt-hour,million dollars,million kilowatt hours
2025,MO,Missouri,OTH,other,0,0,0,0,number of customers,cents per kilowatt-hour,million dollars,million kilowatt hours
2025,MO,Missouri,RES,residential,2895240,13.49,4940.19895,36633.47472,number of customers,cents per kilowatt-hour,million dollars,million kilowatt hours
2025,MO,Missouri,TRA,transportation,2,11.22,2.97378,26.51276,number of customers,cents per kilowatt-hour,million dollars,million kilowatt hours
2025,MS,Mississippi,ALL,all sectors,1613225,11.57,5741.42867,49610.85004,number of customers,cents per kilowatt-hour,million dollars,million kilowatt hours
2025,MS,Mississippi,COM,commercial,248832,13.03,1868.19414,14338.29169,number of customers,cents per kilowatt-hour,million dollars,million kilowatt hours
2025,MS,Mississippi,IND,industrial,12333,7.38,1193.76,16177.32715,number of customers,cents per kilowatt-hour,million dollars,million kilowatt hours
2025,MS,Mississippi,OTH,other,0,0,0,0,number of customers,cents per kilowatt-hour,million dollars,million kilowatt hours
2025,MS,Mississippi,RES,residential,1352060,14.03,2679.47453,19095.2312,number of customers,cents per kilowatt-hour,million dollars,million kilowatt hours
2025,MS,Mississippi,TRA,transportation,0,0,0,0,number of customers,cents per kilowatt-hour,million dollars,million kilowatt hours
2025,MT,Montana,ALL,all sectors,724140,10.9,1675.20591,15371.39074,number of customers,cents per kilowatt-hour,million dollars,million kilowatt hours
2025,MT,Montana,COM,commercial,141831,11.88,611.84124,5148.39525,number of customers,cents per kilowatt-hour,million dollars,million kilowatt hours
2025,MT,Montana,IND,industrial,11412,7.02,310.65605,4422.58629,number of customers,cents per kilowatt-hour,million dollars,million kilowatt hours
2025,MT,Montana,OTH,other,0,0,0,0,number of customers,cents per kilowatt-hour,million dollars,million kilowatt hours
2025,MT,Montana,RES,residential,570897,12.98,752.70862,5800.4092,number of customers,cents per kilowatt-hour,million dollars,million kilowatt hours
2025,MT,Montana,TRA,transportation,0,0,0,0,number of customers,cents per kilowatt-hour,million dollars,million kilowatt hours
2025,MTN,Mountain,ALL,all sectors,12686130,11.44,35952.69457,314209.84973,number of customers,cents per kilowatt-hour,million dollars,million kilowatt hours
2025,MTN,Mountain,COM,commercial,1556273,11.3,12922.83301,114360.17567,number of customers,cents per kilowatt-hour,million dollars,million kilowatt hours
2025,MTN,Mountain,IND,industrial,99338,7.91,7008.24725,88599.08557,number of customers,cents per kilowatt-hour,million dollars,million kilowatt hours
2025,MTN,Mountain,OTH,other,0,0,0,0,number of customers,cents per kilowatt-hour,million dollars,million kilowatt hours
2025,MTN,Mountain,RES,residential,11030514,14.41,16004.74583,111092.67967,number of customers,cents per kilowatt-hour,million dollars,million kilowatt hours
2025,MTN,Mountain,TRA,transportation,5,10.68,16.86848,157.90882,number of customers,cents per kilowatt-hour,million dollars,million kilowatt hours
2025,NC,North Carolina,ALL,all sectors,5968131,11.53,16212.88414,140584.34759,number of customers,cents per kilowatt-hour,million dollars,million kilowatt hours
2025,NC,North Carolina,COM,commercial,757832,10.25,5150.5724,50234.63859,number of customers,cents per kilowatt-hour,million dollars,million kilowatt hours
2025,NC,North Carolina,IND,industrial,8614,7.8,2009.13421,25773.38592,number of customers,cents per kilowatt-hour,million dollars,million kilowatt hours
2025,NC,North Carolina,OTH,other,0,0,0,0,number of customers,cents per kilowatt-hour,million dollars,million kilowatt hours
2025,NC,North Carolina,RES,residential,5201684,14.02,9051.9524,64563.8286,number of customers,cents per kilowatt-hour,million dollars,million kilowatt hours
2025,NC,North Carolina,TRA,transportation,1,9.81,1.22514,12.49447,number of customers,cents per kilowatt-hour,million dollars,million kilowatt hours
2025,ND,North Dakota,ALL,all sectors,490116,8.2,2486.89197,30338.75476,number of customers,cents per kilowatt-hour,million dollars,million kilowatt hours
2025,ND,North Dakota,COM,commercial,77986,7.4,851.89579,11509.40921,number of customers,cents per kilowatt-hour,million dollars,million kilowatt hours
2025,ND,North Dakota,IND,industrial,10983,7.5,1026.73293,13681.06652,number of customers,cents per kilowatt-hour,million dollars,million kilowatt hours
2025,ND,North Dakota,OTH,other,0,0,0,0,number of customers,cents per kilowatt-hour,million dollars,million kilowatt hours
2025,ND,North Dakota,RES,residential,401147,11.81,608.26324,5148.27904,number of customers,cents per kilowatt-hour,million dollars,million kilowatt hours
2025,ND,North Dakota,TRA,transportation,0,0,0,0,number of customers,cents per kilowatt-hour,million dollars,million kilowatt hours
2025,NE,Nebraska,ALL,all sectors,1158792,9.55,3592.1666,37623.6576,number of customers,cents per kilowatt-hour,million dollars,million kilowatt hours
2025,NE,Nebraska,COM,commercial,164860,8.79,1290.94451,14689.10581,number of customers,cents per kilowatt-hour,million dollars,million kilowatt hours
2025,NE,Nebraska,IND,industrial,65221,8,975.12598,12188.88461,number of customers,cents per kilowatt-hour,million dollars,million kilowatt hours
2025,NE,Nebraska,OTH,other,0,0,0,0,number of customers,cents per kilowatt-hour,million dollars,million kilowatt hours
2025,NE,Nebraska,RES,residential,928711,12.34,1326.09612,10745.66719,number of customers,cents per kilowatt-hour,million dollars,million kilowatt hours
2025,NE,Nebraska,TRA,transportation,0,0,0,0,number of customers,cents per kilowatt-hour,million dollars,million kilowatt hours
2025,NEW,New England,ALL,all sectors,7807866,24.66,28193.18756,114328.59017,number of customers,cents per kilowatt-hour,million dollars,million kilowatt hours
2025,NEW,New England,COM,commercial,954000,22.58,11255.17185,49854.70037,number of customers,cents per kilowatt-hour,million dollars,million kilowatt hours
2025,NEW,New England,IND,industrial,20231,17.76,2586.19402,14562.74285,number of customers,cents per kilowatt-hour,million dollars,million kilowatt hours
2025,NEW,New England,OTH,other,0,0,0,0,number of customers,cents per kilowatt-hour,million dollars,million kilowatt hours
2025,NEW,New England,RES,residential,6833629,28.91,14286.19756,49414.20535,number of customers,cents per kilowatt-hour,million dollars,million kilowatt hours
2025,NEW,New England,TRA,transportation,6,13.21,65.62414,496.94161,number of customers,cents per kilowatt-hour,million dollars,million kilowatt hours
2025,NH,New Hampshire,ALL,all sectors,779023,21.59,2397.88666,11104.4225,number of customers,cents per kilowatt-hour,million dollars,million kilowatt hours
2025,NH,New Hampshire,COM,commercial,113053,20.16,836.32348,4148.84999,number of customers,cents per kilowatt-hour,million dollars,million kilowatt hours
2025,NH,New Hampshire,IND,industrial,3077,16.88,322.26253,1909.27734,number of customers,cents per kilowatt-hour,million dollars,million kilowatt hours
2025,NH,New Hampshire,OTH,other,0,0,0,0,number of customers,cents per kilowatt-hour,million dollars,million kilowatt hours
2025,NH,New Hampshire,RES,residential,662893,24.56,1239.30065,5046.29516,number of customers,cents per kilowatt-hour,million dollars,million kilowatt hours
2025,NH,New Hampshire,TRA,transportation,0,0,0,0,number of customers,cents per kilowatt-hour,million dollars,million kilowatt hours
2025,NJ,New Jersey,ALL,all sectors,4369471,18.84,13768.78554,73064.16255,number of customers,cents per kilowatt-hour,million dollars,million kilowatt hours
2025,NJ,New Jersey,COM,commercial,541478,16.63,6073.71267,36512.41229,number of customers,cents per kilowatt-hour,million dollars,million kilowatt hours
2025,NJ,New Jersey,IND,industrial,11042,13.9,846.01684,6088.16419,number of customers,cents per kilowatt-hour,million dollars,million kilowatt hours
2025,NJ,New Jersey,OTH,other,0,0,0,0,number of customers,cents per kilowatt-hour,million dollars,million kilowatt hours
2025,NJ,New Jersey,RES,residential,3816944,22.63,6800.45073,30055.68329,number of customers,cents per kilowatt-hour,million dollars,million kilowatt hours
2025,NJ,New Jersey,TRA,transportation,7,11.92,48.60531,407.90279,number of customers,cents per kilowatt-hour,million dollars,million kilowatt hours
2025,NM,New Mexico,ALL,all sectors,1082284,9.56,3019.91336,31577.50302,number of customers,cents per kilowatt-hour,million dollars,million kilowatt hours
2025,NM,New Mexico,COM,commercial,147353,11.23,1039.79336,9256.52948,number of customers,cents per kilowatt-hour,million dollars,million kilowatt hours
2025,NM,New Mexico,IND,industrial,9085,5.9,890.60225,15094.3611,number of customers,cents per kilowatt-hour,million dollars,million kilowatt hours
2025,NM,New Mexico,OTH,other,0,0,0,0,number of customers,cents per kilowatt-hour,million dollars,million kilowatt hours
2025,NM,New Mexico,RES,residential,925846,15.08,1089.51774,7226.61244,number of customers,cents per kilowatt-hour,million dollars,million kilowatt hours
2025,NM,New Mexico,TRA,transportation,0,0,0,0,number of customers,cents per kilowatt-hour,million dollars,million kilowatt hours
2025,NV,Nevada,ALL,all sectors,1531138,10.31,4106.63491,39845.77485,number of customers,cents per kilowatt-hour,million dollars,million kilowatt hours
2025,NV,Nevada,COM,commercial,179380,9.36,1324.51892,14151.38119,number of customers,cents per kilowatt-hour,million dollars,million kilowatt hours
2025,NV,Nevada,IND,industrial,4572,8.08,952.01397,11777.91285,number of customers,cents per kilowatt-hour,million dollars,million kilowatt hours
2025,NV,Nevada,OTH,other,0,0,0,0,number of customers,cents per kilowatt-hour,million dollars,million kilowatt hours
2025,NV,Nevada,RES,residential,1347185,13.15,1829.4211,13909.07434,number of customers,cents per kilowatt-hour,million dollars,million kilowatt hours
2025,NV,Nevada,TRA,transportation,1,9.19,.68092,7.40646,number of customers,cents per kilowatt-hour,million dollars,million kilowatt hours
2025,NY,New York,ALL,all sectors,8679977,21.62,31025.24617,143490.3239,number of customers,cents per kilowatt-hour,million dollars,million kilowatt hours
2025,NY,New York,COM,commercial,1182286,21.07,15146.47126,71884.7728,number of customers,cents per kilowatt-hour,million dollars,million kilowatt hours
2025,NY,New York,IND,industrial,17566,9.55,1553.32475,16269.70101,number of customers,cents per kilowatt-hour,million dollars,million kilowatt hours
2025,NY,New York,OTH,other,0,0,0,0,number of customers,cents per kilowatt-hour,million dollars,million kilowatt hours
2025,NY,New York,RES,residential,7480119,26.39,13831.17782,52406.1866,number of customers,cents per kilowatt-hour,million dollars,million kilowatt hours
2025,NY,New York,TRA,transportation,6,16.87,494.27235,2929.66349,number of customers,cents per kilowatt-hour,million dollars,million kilowatt hours
2025,OH,Ohio,ALL,all sectors,5760722,12.43,20133.72836,161933.97969,number of customers,cents per kilowatt-hour,million dollars,million kilowatt hours
2025,OH,Ohio,COM,commercial,625123,11.6,6702.44659,57755.76255,number of customers,cents per kilowatt-hour,million dollars,million kilowatt hours
2025,OH,Ohio,IND,industrial,17339,8.52,4271.54195,50147.29425,number of customers,cents per kilowatt-hour,million dollars,million kilowatt hours
2025,OH,Ohio,OTH,other,0,0,0,0,number of customers,cents per kilowatt-hour,million dollars,million kilowatt hours
2025,OH,Ohio,RES,residential,5118258,16.96,9156.44659,53997.10231,number of customers,cents per kilowatt-hour,million dollars,million kilowatt hours
2025,OH,Ohio,TRA,transportation,2,9.74,3.29324,33.82057,number of customers,cents per kilowatt-hour,million dollars,million kilowatt hours
2025,OK,Oklahoma,ALL,all sectors,2244507,9.5,7134.23933,75114.57665,number of customers,cents per kilowatt-hour,million dollars,million kilowatt hours
2025,OK,Oklahoma,COM,commercial,312095,9.08,2511.88695,27676.98053,number of customers,cents per kilowatt-hour,million dollars,million kilowatt hours
2025,OK,Oklahoma,IND,industrial,19342,6.15,1412.10487,22962.94615,number of customers,cents per kilowatt-hour,million dollars,million kilowatt hours
2025,OK,Oklahoma,OTH,other,0,0,0,0,number of customers,cents per kilowatt-hour,million dollars,million kilowatt hours
2025,OK,Oklahoma,RES,residential,1913070,13.12,3210.2475,24474.64997,number of customers,cents per kilowatt-hour,million dollars,million kilowatt hours
2025,OK,Oklahoma,TRA,transportation,0,0,0,0,number of customers,cents per kilowatt-hour,million dollars,million kilowatt hours
2025,OR,Oregon,ALL,all sectors,2178854,11.51,7083.95129,61566.82497,number of customers,cents per kilowatt-hour,million dollars,million kilowatt hours
2025,OR,Oregon,COM,commercial,250384,10.56,2695.20315,25523.94589,number of customers,cents per kilowatt-hour,million dollars,million kilowatt hours
2025,OR,Oregon,IND,industrial,26710,8.28,1343.13611,16224.37843,number of customers,cents per kilowatt-hour,million dollars,million kilowatt hours
2025,OR,Oregon,OTH,other,0,0,0,0,number of customers,cents per kilowatt-hour,million dollars,million kilowatt hours
2025,OR,Oregon,RES,residential,1901758,15.37,3042.49506,19795.78469,number of customers,cents per kilowatt-hour,million dollars,million kilowatt hours
2025,OR,Oregon,TRA,transportation,2,13.72,3.11697,22.71596,number of customers,cents per kilowatt-hour,million dollars,million kilowatt hours
2025,PA,Pennsylvania,ALL,all sectors,6278852,14.11,20220.99727,143317.14544,number of customers,cents per kilowatt-hour,million dollars,million kilowatt hours
2025,PA,Pennsylvania,COM,commercial,743561,12.44,4995.11053,40160.28787,number of customers,cents per kilowatt-hour,million dollars,million kilowatt hours
2025,PA,Pennsylvania,IND,industrial,10976,9.36,4354.15679,46534.95799,number of customers,cents per kilowatt-hour,million dollars,million kilowatt hours
2025,PA,Pennsylvania,OTH,other,0,0,0,0,number of customers,cents per kilowatt-hour,million dollars,million kilowatt hours
2025,PA,Pennsylvania,RES,residential,5524310,19.3,10821.61281,56084.19863,number of customers,cents per kilowatt-hour,million dollars,million kilowatt hours
2025,PA,Pennsylvania,TRA,transportation,5,9.32,50.11715,537.70094,number of customers,cents per kilowatt-hour,million dollars,million kilowatt hours
2025,PACC,Pacific Contiguous,ALL,all sectors,22747130,21.22,82889.53099,390568.28791,number of customers,cents per kilowatt-hour,million dollars,million kilowatt hours
2025,PACC,Pacific Contiguous,COM,commercial,2482115,21.02,36302.80127,172690.77194,number of customers,cents per kilowatt-hour,million dollars,million kilowatt hours
2025,PACC,Pacific Contiguous,IND,industrial,204820,15.25,11634.77377,76315.07041,number of customers,cents per kilowatt-hour,million dollars,million kilowatt hours
2025,PACC,Pacific Contiguous,OTH,other,0,0,0,0,number of customers,cents per kilowatt-hour,million dollars,million kilowatt hours
2025,PACC,Pacific Contiguous,RES,residential,20060175,24.74,34816.01565,140733.56988,number of customers,cents per kilowatt-hour,million dollars,million kilowatt hours
2025,PACC,Pacific Contiguous,TRA,transportation,20,16.4,135.94029,828.87568,number of customers,cents per kilowatt-hour,million dollars,million kilowatt hours
2025,PACN,Pacific Noncontiguous,ALL,all sectors,875504,30.64,4674.34363,15255.37506,number of customers,cents per kilowatt-hour,million dollars,million kilowatt hours
2025,PACN,Pacific Noncontiguous,COM,commercial,118063,29.55,1616.3152,5469.05048,number of customers,cents per kilowatt-hour,million dollars,million kilowatt hours
2025,PACN,Pacific Noncontiguous,IND,industrial,2094,28.22,1407.27168,4987.60468,number of customers,cents per kilowatt-hour,million dollars,million kilowatt hours
2025,PACN,Pacific Noncontiguous,OTH,other,0,0,0,0,number of customers,cents per kilowatt-hour,million dollars,million kilowatt hours
2025,PACN,Pacific Noncontiguous,RES,residential,755347,34.4,1650.75675,4798.7199,number of customers,cents per kilowatt-hour,million dollars,million kilowatt hours
2025,PACN,Pacific Noncontiguous,TRA,transportation,0,0,0,0,number of customers,cents per kilowatt-hour,million dollars,million kilowatt hours
2025,RI,Rhode Island,ALL,all sectors,533397,25.86,1914.30159,7403.63762,number of customers,cents per kilowatt-hour,million dollars,million kilowatt hours
2025,RI,Rhode Island,COM,commercial,64367,23.46,848.72465,3617.0428,number of customers,cents per kilowatt-hour,million dollars,million kilowatt hours
2025,RI,Rhode Island,IND,industrial,1717,21.74,136.52804,627.96915,number of customers,cents per kilowatt-hour,million dollars,million kilowatt hours
2025,RI,Rhode Island,OTH,other,0,0,0,0,number of customers,cents per kilowatt-hour,million dollars,million kilowatt hours
2025,RI,Rhode Island,RES,residential,467312,29.46,923.32337,3134.05508,number of customers,cents per kilowatt-hour,million dollars,million kilowatt hours
2025,RI,Rhode Island,TRA,transportation,1,23.3,5.72552,24.5706,number of customers,cents per kilowatt-hour,million dollars,million kilowatt hours
2025,SAT,South Atlantic,ALL,all sectors,35456008,12.59,112990.4433,897338.34161,number of customers,cents per kilowatt-hour,million dollars,million kilowatt hours
2025,SAT,South Atlantic,COM,commercial,4091142,11.28,41225.42477,365430.20458,number of customers,cents per kilowatt-hour,million dollars,million kilowatt hours
2025,SAT,South Atlantic,IND,industrial,84437,8.17,11006.3822,134787.95289,number of customers,cents per kilowatt-hour,million dollars,million kilowatt hours
2025,SAT,South Atlantic,OTH,other,0,0,0,0,number of customers,cents per kilowatt-hour,million dollars,million kilowatt hours
2025,SAT,South Atlantic,RES,residential,31280416,15.31,60620.71941,395836.39756,number of customers,cents per kilowatt-hour,million dollars,million kilowatt hours
2025,SAT,South Atlantic,TRA,transportation,13,10.74,137.91693,1283.78658,number of customers,cents per kilowatt-hour,million dollars,million kilowatt hours
2025,SC,South Carolina,ALL,all sectors,3062356,11.45,9800.2695,85619.48826,number of customers,cents per kilowatt-hour,million dollars,million kilowatt hours
2025,SC,South Carolina,COM,commercial,417648,11.05,2981.8169,26992.59852,number of customers,cents per kilowatt-hour,million dollars,million kilowatt hours
2025,SC,South Carolina,IND,industrial,3480,7.11,1767.42078,24871.78646,number of customers,cents per kilowatt-hour,million dollars,million kilowatt hours
2025,SC,South Carolina,OTH,other,0,0,0,0,number of customers,cents per kilowatt-hour,million dollars,million kilowatt hours
2025,SC,South Carolina,RES,residential,2641228,14.96,5051.03182,33755.10329,number of customers,cents per kilowatt-hour,million dollars,million kilowatt hours
2025,SC,South Carolina,TRA,transportation,0,0,0,0,number of customers,cents per kilowatt-hour,million dollars,million kilowatt hours
2025,SD,South Dakota,ALL,all sectors,531337,11.35,1567.39244,13812.50448,number of customers,cents per kilowatt-hour,million dollars,million kilowatt hours
2025,SD,South Dakota,COM,commercial,80348,10.89,576.38889,5292.28664,number of customers,cents per kilowatt-hour,million dollars,million kilowatt hours
2025,SD,South Dakota,IND,industrial,4376,8.68,275.09956,3170.93946,number of customers,cents per kilowatt-hour,million dollars,million kilowatt hours
2025,SD,South Dakota,OTH,other,0,0,0,0,number of customers,cents per kilowatt-hour,million dollars,million kilowatt hours
2025,SD,South Dakota,RES,residential,446613,13.38,715.90399,5349.27838,number of customers,cents per kilowatt-hour,million dollars,million kilowatt hours
2025,SD,South Dakota,TRA,transportation,0,0,0,0,number of customers,cents per kilowatt-hour,million dollars,million kilowatt hours
2025,TN,Tennessee,ALL,all sectors,3681075,11.57,12332.45139,106551.83746,number of customers,cents per kilowatt-hour,million dollars,million kilowatt hours
2025,TN,Tennessee,COM,commercial,550469,12.87,4697.30126,36505.72969,number of customers,cents per kilowatt-hour,million dollars,million kilowatt hours
2025,TN,Tennessee,IND,industrial,998,6.74,1670.94544,24785.61944,number of customers,cents per kilowatt-hour,million dollars,million kilowatt hours
2025,TN,Tennessee,OTH,other,0,0,0,0,number of customers,cents per kilowatt-hour,million dollars,million kilowatt hours
2025,TN,Tennessee,RES,residential,3129608,13.18,5964.20469,45260.48833,number of customers,cents per kilowatt-hour,million dollars,million kilowatt hours
2025,TN,Tennessee,TRA,transportation,0,0,0,0,number of customers,cents per kilowatt-hour,million dollars,million kilowatt hours
2025,TX,Texas,ALL,all sectors,14856512,10.18,52913.3402,519699.53363,number of customers,cents per kilowatt-hour,million dollars,million kilowatt hours
2025,TX,Texas,COM,commercial,1552498,8.64,15022.99349,173806.84429,number of customers,cents per kilowatt-hour,million dollars,million kilowatt hours
2025,TX,Texas,IND,industrial,417699,6.55,11463.20104,175019.13344,number of customers,cents per kilowatt-hour,million dollars,million kilowatt hours
2025,TX,Texas,OTH,other,0,0,0,0,number of customers,cents per kilowatt-hour,million dollars,million kilowatt hours
2025,TX,Texas,RES,residential,12886312,15.47,26426.70899,170862.10268,number of customers,cents per kilowatt-hour,million dollars,million kilowatt hours
2025,TX,Texas,TRA,transportation,3,3.81,.43668,11.45322,number of customers,cents per kilowatt-hour,million dollars,million kilowatt hours
2025,US,U.S. Total,ALL,all sectors,166210621,13.63,553284.83436,4058007.15659,number of customers,cents per kilowatt-hour,million dollars,million kilowatt hours
2025,US,U.S. Total,COM,commercial,19719132,13.41,200316.21062,1493486.09361,number of customers,cents per kilowatt-hour,million dollars,million kilowatt hours
2025,US,U.S. Total,IND,industrial,1152674,8.62,89878.15655,1042216.91519,number of customers,cents per kilowatt-hour,million dollars,million kilowatt hours
2025,US,U.S. Total,OTH,other,0,0,0,0,number of customers,cents per kilowatt-hour,million dollars,million kilowatt hours
2025,US,U.S. Total,RES,residential,145338734,17.3,262079.35817,1514993.23035,number of customers,cents per kilowatt-hour,million dollars,million kilowatt hours
2025,US,U.S. Total,TRA,transportation,81,13.83,1011.10902,7310.91745,number of customers,cents per kilowatt-hour,million dollars,million kilowatt hours
2025,UT,Utah,ALL,all sectors,1429883,10.67,3741.43338,35074.20381,number of customers,cents per kilowatt-hour,million dollars,million kilowatt hours
2025,UT,Utah,COM,commercial,145897,10.04,1476.97644,14712.64763,number of customers,cents per kilowatt-hour,million dollars,million kilowatt hours
2025,UT,Utah,IND,industrial,10763,8.43,721.17134,8551.66345,number of customers,cents per kilowatt-hour,million dollars,million kilowatt hours
2025,UT,Utah,OTH,other,0,0,0,0,number of customers,cents per kilowatt-hour,million dollars,million kilowatt hours
2025,UT,Utah,RES,residential,1273222,13.07,1536.70637,11757.84204,number of customers,cents per kilowatt-hour,million dollars,million kilowatt hours
2025,UT,Utah,TRA,transportation,1,12.64,6.57923,52.05069,number of customers,cents per kilowatt-hour,million dollars,million kilowatt hours
2025,VA,Virginia,ALL,all sectors,4161970,11.41,16511.65774,144674.13361,number of customers,cents per kilowatt-hour,million dollars,million kilowatt hours
2025,VA,Virginia,COM,commercial,450442,9.55,7989.60211,83623.85706,number of customers,cents per kilowatt-hour,million dollars,million kilowatt hours
2025,VA,Virginia,IND,industrial,4018,9.45,1279.90874,13537.82908,number of customers,cents per kilowatt-hour,million dollars,million kilowatt hours
2025,VA,Virginia,OTH,other,0,0,0,0,number of customers,cents per kilowatt-hour,million dollars,million kilowatt hours
2025,VA,Virginia,RES,residential,3707509,15.28,7214.43021,47216.8248,number of customers,cents per kilowatt-hour,million dollars,million kilowatt hours
2025,VA,Virginia,TRA,transportation,1,9.38,27.71668,295.62267,number of customers,cents per kilowatt-hour,million dollars,million kilowatt hours
2025,VT,Vermont,ALL,all sectors,379101,19.39,1061.38938,5472.55542,number of customers,cents per kilowatt-hour,million dollars,million kilowatt hours
2025,VT,Vermont,COM,commercial,64088,19.92,394.20986,1978.82562,number of customers,cents per kilowatt-hour,million dollars,million kilowatt hours
2025,VT,Vermont,IND,industrial,222,12.39,157.20685,1268.83018,number of customers,cents per kilowatt-hour,million dollars,million kilowatt hours
2025,VT,Vermont,OTH,other,0,0,0,0,number of customers,cents per kilowatt-hour,million dollars,million kilowatt hours
2025,VT,Vermont,RES,residential,314791,22.92,509.97266,2224.89961,number of customers,cents per kilowatt-hour,million dollars,million kilowatt hours
2025,VT,Vermont,TRA,transportation,0,0,0,0,number of customers,cents per kilowatt-hour,million dollars,million kilowatt hours
2025,WA,Washington,ALL,all sectors,3861898,11.06,10068.70281,91043.98405,number of customers,cents per kilowatt-hour,million dollars,million kilowatt hours
2025,WA,Washington,COM,commercial,407844,10.95,3685.71335,33649.60186,number of customers,cents per kilowatt-hour,million dollars,million kilowatt hours
2025,WA,Washington,IND,industrial,25723,6.88,1259.21094,18303.61509,number of customers,cents per kilowatt-hour,million dollars,million kilowatt hours
2025,WA,Washington,OTH,other,0,0,0,0,number of customers,cents per kilowatt-hour,million dollars,million kilowatt hours
2025,WA,Washington,RES,residential,3428326,13.11,5111.37595,38989.6794,number of customers,cents per kilowatt-hour,million dollars,million kilowatt hours
2025,WA,Washington,TRA,transportation,5,12.27,12.40258,101.08771,number of customers,cents per kilowatt-hour,million dollars,million kilowatt hours
2025,WI,Wisconsin,ALL,all sectors,3273764,13.35,9365.45754,70179.50226,number of customers,cents per kilowatt-hour,million dollars,million kilowatt hours
2025,WI,Wisconsin,COM,commercial,374322,13.06,3112.6378,23830.74336,number of customers,cents per kilowatt-hour,million dollars,million kilowatt hours
2025,WI,Wisconsin,IND,industrial,5760,8.92,2089.25456,23419.57198,number of customers,cents per kilowatt-hour,million dollars,million kilowatt hours
2025,WI,Wisconsin,OTH,other,0,0,0,0,number of customers,cents per kilowatt-hour,million dollars,million kilowatt hours
2025,WI,Wisconsin,RES,residential,2893680,18.16,4163.32946,22927.86821,number of customers,cents per kilowatt-hour,million dollars,million kilowatt hours
2025,WI,Wisconsin,TRA,transportation,2,17.88,.23573,1.31871,number of customers,cents per kilowatt-hour,million dollars,million kilowatt hours
2025,WNC,West North Central,ALL,all sectors,11817346,10.91,35790.2412,328165.49874,number of customers,cents per kilowatt-hour,million dollars,million kilowatt hours
2025,WNC,West North Central,COM,commercial,1550351,10.56,12097.66317,114517.21066,number of customers,cents per kilowatt-hour,million dollars,million kilowatt hours
2025,WNC,West North Central,IND,industrial,132586,8.02,8264.92533,103088.07683,number of customers,cents per kilowatt-hour,million dollars,million kilowatt hours
2025,WNC,West North Central,OTH,other,0,0,0,0,number of customers,cents per kilowatt-hour,million dollars,million kilowatt hours
2025,WNC,West North Central,RES,residential,10134406,13.95,15422.80602,110518.89287,number of customers,cents per kilowatt-hour,million dollars,million kilowatt hours
2025,WNC,West North Central,TRA,transportation,3,11.73,4.84668,41.31837,number of customers,cents per kilowatt-hour,million dollars,million kilowatt hours
2025,WSC,West South Central,ALL,all sectors,21338151,10,74577.28625,745852.48297,number of customers,cents per kilowatt-hour,million dollars,million kilowatt hours
2025,WSC,West South Central,COM,commercial,2378573,9.06,21494.44211,237293.82657,number of customers,cents per kilowatt-hour,million dollars,million kilowatt hours
2025,WSC,West South Central,IND,industrial,490765,6.48,16974.95771,262136.99202,number of customers,cents per kilowatt-hour,million dollars,million kilowatt hours
2025,WSC,West South Central,OTH,other,0,0,0,0,number of customers,cents per kilowatt-hour,million dollars,million kilowatt hours
2025,WSC,West South Central,RES,residential,18468807,14.65,36106.36857,246400.56835,number of customers,cents per kilowatt-hour,million dollars,million kilowatt hours
2025,WSC,West South Central,TRA,transportation,6,7.2,1.51786,21.09603,number of customers,cents per kilowatt-hour,million dollars,million kilowatt hours
2025,WV,West Virginia,ALL,all sectors,1032789,11.4,3838.30121,33683.12373,number of customers,cents per kilowatt-hour,million dollars,million kilowatt hours
2025,WV,West Virginia,COM,commercial,152983,11.75,941.8113,8017.58841,number of customers,cents per kilowatt-hour,million dollars,million kilowatt hours
2025,WV,West Virginia,IND,industrial,10750,8.11,1176.21422,14502.37527,number of customers,cents per kilowatt-hour,million dollars,million kilowatt hours
2025,WV,West Virginia,OTH,other,0,0,0,0,number of customers,cents per kilowatt-hour,million dollars,million kilowatt hours
2025,WV,West Virginia,RES,residential,869056,15.41,1720.27569,11163.16005,number of customers,cents per kilowatt-hour,million dollars,million kilowatt hours
2025,WV,West Virginia,TRA,transportation,0,0,0,0,number of customers,cents per kilowatt-hour,million dollars,million kilowatt hours
2025,WY,Wyoming,ALL,all sectors,363468,9.75,1691.00087,17336.45385,number of customers,cents per kilowatt-hour,million dollars,million kilowatt hours
2025,WY,Wyoming,COM,commercial,60088,9.54,542.23651,5682.62011,number of customers,cents per kilowatt-hour,million dollars,million kilowatt hours
2025,WY,Wyoming,IND,industrial,12025,8.66,753.33969,8698.97697,number of customers,cents per kilowatt-hour,million dollars,million kilowatt hours
2025,WY,Wyoming,OTH,other,0,0,0,0,number of customers,cents per kilowatt-hour,million dollars,million kilowatt hours
2025,WY,Wyoming,RES,residential,291355,13.38,395.42467,2954.85677,number of customers,cents per kilowatt-hour,million dollars,million kilowatt hours
2025,WY,Wyoming,TRA,transportation,0,0,0,0,number of customers,cents per kilowatt-hour,million dollars,million kilowatt hours
2024,AK,Alaska,ALL,all sectors,356597,22.17,1340.53299,6046.50298,number of customers,cents per kilowatt-hour,million dollars,million kilowatt hours
2024,AK,Alaska,COM,commercial,57009,21.57,561.56579,2603.67399,number of customers,cents per kilowatt-hour,million dollars,million kilowatt hours
2024,AK,Alaska,IND,industrial,1191,19.31,264.99921,1372.23499,number of customers,cents per kilowatt-hour,million dollars,million kilowatt hours
2024,AK,Alaska,OTH,other,0,0,0,0,number of customers,cents per kilowatt-hour,million dollars,million kilowatt hours
2024,AK,Alaska,RES,residential,298397,24.82,513.968,2070.59399,number of customers,cents per kilowatt-hour,million dollars,million kilowatt hours
2024,AK,Alaska,TRA,transportation,0,0,0,0,number of customers,cents per kilowatt-hour,million dollars,million kilowatt hours
2024,AL,Alabama,ALL,all sectors,2795343,11.9,10415.17361,87522.93201,number of customers,cents per kilowatt-hour,million dollars,million kilowatt hours
2024,AL,Alabama,COM,commercial,389925,13.64,3118.22021,22861.62001,number of customers,cents per kilowatt-hour,million dollars,million kilowatt hours
2024,AL,Alabama,IND,industrial,7246,7.25,2303.89509,31762.241,number of customers,cents per kilowatt-hour,million dollars,million kilowatt hours
2024,AL,Alabama,OTH,other,0,0,0,0,number of customers,cents per kilowatt-hour,million dollars,million kilowatt hours
2024,AL,Alabama,RES,residential,2398172,15.18,4993.05831,32899.07101,number of customers,cents per kilowatt-hour,million dollars,million kilowatt hours
2024,AL,Alabama,TRA,transportation,0,0,0,0,number of customers,cents per kilowatt-hour,million dollars,million kilowatt hours
2024,AR,Arkansas,ALL,all sectors,1720753,9.59,4786.2647,49895.81201,number of customers,cents per kilowatt-hour,million dollars,million kilowatt hours
2024,AR,Arkansas,COM,commercial,207035,10.24,1206.77949,11789.053,number of customers,cents per kilowatt-hour,million dollars,million kilowatt hours
2024,AR,Arkansas,IND,industrial,36772,6.61,1290.759,19525.858,number of customers,cents per kilowatt-hour,million dollars,million kilowatt hours
2024,AR,Arkansas,OTH,other,0,0,0,0,number of customers,cents per kilowatt-hour,million dollars,million kilowatt hours
2024,AR,Arkansas,RES,residential,1476944,12.32,2288.6914,18580.63801,number of customers,cents per kilowatt-hour,million dollars,million kilowatt hours
2024,AR,Arkansas,TRA,transportation,2,13.23,.0348,.263,number of customers,cents per kilowatt-hour,million dollars,million kilowatt hours
2024,AZ,Arizona,ALL,all sectors,3490713,12.74,11573.41962,90843.28799,number of customers,cents per kilowatt-hour,million dollars,million kilowatt hours
2024,AZ,Arizona,COM,commercial,348423,12.23,4415.07451,36100.15601,number of customers,cents per kilowatt-hour,million dollars,million kilowatt hours
2024,AZ,Arizona,IND,industrial,7555,7.9,1129.6811,14297.87999,number of customers,cents per kilowatt-hour,million dollars,million kilowatt hours
2024,AZ,Arizona,OTH,other,0,0,0,0,number of customers,cents per kilowatt-hour,million dollars,million kilowatt hours
2024,AZ,Arizona,RES,residential,3134733,14.91,6027.53391,40434.93099,number of customers,cents per kilowatt-hour,million dollars,million kilowatt hours
2024,AZ,Arizona,TRA,transportation,2,10.95,1.1301,10.321,number of customers,cents per kilowatt-hour,million dollars,million kilowatt hours
2024,CA,California,ALL,all sectors,16140825,27.04,66441.52852,245717.14497,number of customers,cents per kilowatt-hour,million dollars,million kilowatt hours
2024,CA,California,COM,commercial,1777305,25.54,29399.92476,115125.59498,number of customers,cents per kilowatt-hour,million dollars,million kilowatt hours
2024,CA,California,IND,industrial,146327,21.53,9477.80818,44025.91199,number of customers,cents per kilowatt-hour,million dollars,million kilowatt hours
2024,CA,California,OTH,other,0,0,0,0,number of customers,cents per kilowatt-hour,million dollars,million kilowatt hours
2024,CA,California,RES,residential,14217180,31.97,27443.69736,85850.538,number of customers,cents per kilowatt-hour,million dollars,million kilowatt hours
2024,CA,California,TRA,transportation,13,16.79,120.09821,715.1,number of customers,cents per kilowatt-hour,million dollars,million kilowatt hours
2024,CO,Colorado,ALL,all sectors,2978176,12.07,6858.7536,56842.90401,number of customers,cents per kilowatt-hour,million dollars,million kilowatt hours
2024,CO,Colorado,COM,commercial,405693,11.71,2479.64119,21171.639,number of customers,cents per kilowatt-hour,million dollars,million kilowatt hours
2024,CO,Colorado,IND,industrial,14750,8.62,1283.98432,14891.88701,number of customers,cents per kilowatt-hour,million dollars,million kilowatt hours
2024,CO,Colorado,OTH,other,0,0,0,0,number of customers,cents per kilowatt-hour,million dollars,million kilowatt hours
2024,CO,Colorado,RES,residential,2557732,14.92,3086.84849,20693.69,number of customers,cents per kilowatt-hour,million dollars,million kilowatt hours
2024,CO,Colorado,TRA,transportation,1,9.66,8.2796,85.688,number of customers,cents per kilowatt-hour,million dollars,million kilowatt hours
2024,CT,Connecticut,ALL,all sectors,1713431,24.37,6665.39508,27351.35502,number of customers,cents per kilowatt-hour,million dollars,million kilowatt hours
2024,CT,Connecticut,COM,commercial,156818,21.21,2473.62823,11662.707,number of customers,cents per kilowatt-hour,million dollars,million kilowatt hours
2024,CT,Connecticut,IND,industrial,3864,17.12,437.59514,2555.605,number of customers,cents per kilowatt-hour,million dollars,million kilowatt hours
2024,CT,Connecticut,OTH,other,0,0,0,0,number of customers,cents per kilowatt-hour,million dollars,million kilowatt hours
2024,CT,Connecticut,RES,residential,1552746,28.75,3720.21004,12941.90301,number of customers,cents per kilowatt-hour,million dollars,million kilowatt hours
2024,CT,Connecticut,TRA,transportation,3,17.77,33.96167,191.14,number of customers,cents per kilowatt-hour,million dollars,million kilowatt hours
2024,DC,District of Columbia,ALL,all sectors,346305,16.88,1711.6249,10142.91499,number of customers,cents per kilowatt-hour,million dollars,million kilowatt hours
2024,DC,District of Columbia,COM,commercial,27521,17.07,1227.6702,7193.294,number of customers,cents per kilowatt-hour,million dollars,million kilowatt hours
2024,DC,District of Columbia,IND,industrial,1,10.8,20.25488,187.468,number of customers,cents per kilowatt-hour,million dollars,million kilowatt hours
2024,DC,District of Columbia,OTH,other,0,0,0,0,number of customers,cents per kilowatt-hour,million dollars,million kilowatt hours
2024,DC,District of Columbia,RES,residential,318780,17.71,433.14031,2445.805,number of customers,cents per kilowatt-hour,million dollars,million kilowatt hours
2024,DC,District of Columbia,TRA,transportation,3,9.66,30.55951,316.348,number of customers,cents per kilowatt-hour,million dollars,million kilowatt hours
2024,DE,Delaware,ALL,all sectors,535330,13.56,1542.36723,11373.916,number of customers,cents per kilowatt-hour,million dollars,million kilowatt hours
2024,DE,Delaware,COM,commercial,60653,12.2,522.35214,4282.22,number of customers,cents per kilowatt-hour,million dollars,million kilowatt hours
2024,DE,Delaware,IND,industrial,1169,8.49,162.76087,1917.182,number of customers,cents per kilowatt-hour,million dollars,million kilowatt hours
2024,DE,Delaware,OTH,other,0,0,0,0,number of customers,cents per kilowatt-hour,million dollars,million kilowatt hours
2024,DE,Delaware,RES,residential,473508,16.57,857.25421,5174.514,number of customers,cents per kilowatt-hour,million dollars,million kilowatt hours
2024,DE,Delaware,TRA,transportation,0,0,0,0,number of customers,cents per kilowatt-hour,million dollars,million kilowatt hours
2024,ENC,East North Central,ALL,all sectors,23580589,12.22,67611.54936,553436.32764,number of customers,cents per kilowatt-hour,million dollars,million kilowatt hours
2024,ENC,East North Central,COM,commercial,2574768,12.13,21860.41909,180204.828,number of customers,cents per kilowatt-hour,million dollars,million kilowatt hours
2024,ENC,East North Central,IND,industrial,54769,8.08,15124.2076,187137.94466,number of customers,cents per kilowatt-hour,million dollars,million kilowatt hours
2024,ENC,East North Central,OTH,other,0,0,0,0,number of customers,cents per kilowatt-hour,million dollars,million kilowatt hours
2024,ENC,East North Central,RES,residential,20951042,16.48,30587.0811,185595.20698,number of customers,cents per kilowatt-hour,million dollars,million kilowatt hours
2024,ENC,East North Central,TRA,transportation,10,7.99,39.84157,498.348,number of customers,cents per kilowatt-hour,million dollars,million kilowatt hours
2024,ESC,East South Central,ALL,all sectors,10514613,10.99,34447.08941,313575.85002,number of customers,cents per kilowatt-hour,million dollars,million kilowatt hours
2024,ESC,East South Central,COM,commercial,1507151,12.36,11538.0364,93344.24302,number of customers,cents per kilowatt-hour,million dollars,million kilowatt hours
2024,ESC,East South Central,IND,industrial,25513,6.72,6645.1399,98826.12302,number of customers,cents per kilowatt-hour,million dollars,million kilowatt hours
2024,ESC,East South Central,OTH,other,0,0,0,0,number of customers,cents per kilowatt-hour,million dollars,million kilowatt hours
2024,ESC,East South Central,RES,residential,8981949,13.4,16263.91311,121405.48398,number of customers,cents per kilowatt-hour,million dollars,million kilowatt hours
2024,ESC,East South Central,TRA,transportation,0,0,0,0,number of customers,cents per kilowatt-hour,million dollars,million kilowatt hours
2024,FL,Florida,ALL,all sectors,11779012,12.53,31955.44699,255095.45803,number of customers,cents per kilowatt-hour,million dollars,million kilowatt hours
2024,FL,Florida,COM,commercial,1309027,10.99,10903.0729,99197.47202,number of customers,cents per kilowatt-hour,million dollars,million kilowatt hours
2024,FL,Florida,IND,industrial,26610,8.5,1483.6026,17457.348,number of customers,cents per kilowatt-hour,million dollars,million kilowatt hours
2024,FL,Florida,OTH,other,0,0,0,0,number of customers,cents per kilowatt-hour,million dollars,million kilowatt hours
2024,FL,Florida,RES,residential,10443373,14.14,19561.17359,138370.72002,number of customers,cents per kilowatt-hour,million dollars,million kilowatt hours
2024,FL,Florida,TRA,transportation,2,10.87,7.5979,69.918,number of customers,cents per kilowatt-hour,million dollars,million kilowatt hours
2024,GA,Georgia,ALL,all sectors,5459009,11.4,17098.66866,150003.96499,number of customers,cents per kilowatt-hour,million dollars,million kilowatt hours
2024,GA,Georgia,COM,commercial,619171,10.87,5994.96726,55172.68301,number of customers,cents per kilowatt-hour,million dollars,million kilowatt hours
2024,GA,Georgia,IND,industrial,24336,7.21,2352.08431,32616.66,number of customers,cents per kilowatt-hour,million dollars,million kilowatt hours
2024,GA,Georgia,OTH,other,0,0,0,0,number of customers,cents per kilowatt-hour,million dollars,million kilowatt hours
2024,GA,Georgia,RES,residential,4815501,14.08,8740.0257,62062.95299,number of customers,cents per kilowatt-hour,million dollars,million kilowatt hours
2024,GA,Georgia,TRA,transportation,1,7.64,11.5914,151.669,number of customers,cents per kilowatt-hour,million dollars,million kilowatt hours
2024,HI,Hawaii,ALL,all sectors,506988,38,3401.60211,8952.13401,number of customers,cents per kilowatt-hour,million dollars,million kilowatt hours
2024,HI,Hawaii,COM,commercial,59655,38.18,1080.6172,2830.166,number of customers,cents per kilowatt-hour,million dollars,million kilowatt hours
2024,HI,Hawaii,IND,industrial,821,34.13,1184.4074,3470.374,number of customers,cents per kilowatt-hour,million dollars,million kilowatt hours
2024,HI,Hawaii,OTH,other,0,0,0,0,number of customers,cents per kilowatt-hour,million dollars,million kilowatt hours
2024,HI,Hawaii,RES,residential,446512,42.86,1136.57751,2651.59401,number of customers,cents per kilowatt-hour,million dollars,million kilowatt hours
2024,HI,Hawaii,TRA,transportation,0,0,0,0,number of customers,cents per kilowatt-hour,million dollars,million kilowatt hours
2024,IA,Iowa,ALL,all sectors,1710011,9.34,5130.19413,54930.42198,number of customers,cents per kilowatt-hour,million dollars,million kilowatt hours
2024,IA,Iowa,COM,commercial,251716,10.22,1309.88714,12814.98901,number of customers,cents per kilowatt-hour,million dollars,million kilowatt hours
2024,IA,Iowa,IND,industrial,9477,6.8,1881.1324,27646.58298,number of customers,cents per kilowatt-hour,million dollars,million kilowatt hours
2024,IA,Iowa,OTH,other,0,0,0,0,number of customers,cents per kilowatt-hour,million dollars,million kilowatt hours
2024,IA,Iowa,RES,residential,1448818,13.4,1939.1746,14468.84999,number of customers,cents per kilowatt-hour,million dollars,million kilowatt hours
2024,IA,Iowa,TRA,transportation,0,0,0,0,number of customers,cents per kilowatt-hour,million dollars,million kilowatt hours
2024,ID,Idaho,ALL,all sectors,1021781,9.51,2507.73169,26369.555,number of customers,cents per kilowatt-hour,million dollars,million kilowatt hours
2024,ID,Idaho,COM,commercial,123982,9.17,638.52539,6963.67,number of customers,cents per kilowatt-hour,million dollars,million kilowatt hours
2024,ID,Idaho,IND,industrial,29658,7.69,736.5181,9573.61599,number of customers,cents per kilowatt-hour,million dollars,million kilowatt hours
2024,ID,Idaho,OTH,other,0,0,0,0,number of customers,cents per kilowatt-hour,million dollars,million kilowatt hours
2024,ID,Idaho,RES,residential,868141,11.52,1132.6882,9832.26901,number of customers,cents per kilowatt-hour,million dollars,million kilowatt hours
2024,ID,Idaho,TRA,transportation,0,0,0,0,number of customers,cents per kilowatt-hour,million dollars,million kilowatt hours
2024,IL,Illinois,ALL,all sectors,6036676,12.21,16264.58495,133226.90667,number of customers,cents per kilowatt-hour,million dollars,million kilowatt hours
2024,IL,Illinois,COM,commercial,638510,11.81,5344.92441,45240.21401,number of customers,cents per kilowatt-hour,million dollars,million kilowatt hours
2024,IL,Illinois,IND,industrial,5686,8.83,3767.81807,42693.93167,number of customers,cents per kilowatt-hour,million dollars,million kilowatt hours
2024,IL,Illinois,OTH,other,0,0,0,0,number of customers,cents per kilowatt-hour,million dollars,million kilowatt hours
2024,IL,Illinois,RES,residential,5392477,15.87,7117.52861,44850.71899,number of customers,cents per kilowatt-hour,million dollars,million kilowatt hours
2024,IL,Illinois,TRA,transportation,3,7.76,34.31386,442.042,number of customers,cents per kilowatt-hour,million dollars,million kilowatt hours
2024,IN,Indiana,ALL,all sectors,3450420,11.38,11287.3895,99219.60701,number of customers,cents per kilowatt-hour,million dollars,million kilowatt hours
2024,IN,Indiana,COM,commercial,374858,12.44,2944.0838,23663.90002,number of customers,cents per kilowatt-hour,million dollars,million kilowatt hours
2024,IN,Indiana,IND,industrial,19345,8.15,3461.2314,42489.18998,number of customers,cents per kilowatt-hour,million dollars,million kilowatt hours
2024,IN,Indiana,OTH,other,0,0,0,0,number of customers,cents per kilowatt-hour,million dollars,million kilowatt hours
2024,IN,Indiana,RES,residential,3056216,14.77,4879.87341,33048.641,number of customers,cents per kilowatt-hour,million dollars,million kilowatt hours
2024,IN,Indiana,TRA,transportation,1,12.31,2.2009,17.876,number of customers,cents per kilowatt-hour,million dollars,million kilowatt hours
2024,KS,Kansas,ALL,all sectors,1586227,11.21,4624.47956,41258.21004,number of customers,cents per kilowatt-hour,million dollars,million kilowatt hours
2024,KS,Kansas,COM,commercial,245169,11.19,1767.25367,15790.72004,number of customers,cents per kilowatt-hour,million dollars,million kilowatt hours
2024,KS,Kansas,IND,industrial,23963,7.73,898.9422,11627.50103,number of customers,cents per kilowatt-hour,million dollars,million kilowatt hours
2024,KS,Kansas,OTH,other,0,0,0,0,number of customers,cents per kilowatt-hour,million dollars,million kilowatt hours
2024,KS,Kansas,RES,residential,1317095,14.15,1958.28369,13839.98898,number of customers,cents per kilowatt-hour,million dollars,million kilowatt hours
2024,KS,Kansas,TRA,transportation,0,0,0,0,number of customers,cents per kilowatt-hour,million dollars,million kilowatt hours
2024,KY,Kentucky,ALL,all sectors,2409509,10.07,7490.33,74405.87098,number of customers,cents per kilowatt-hour,million dollars,million kilowatt hours
2024,KY,Kentucky,COM,commercial,327448,11.5,2335.16241,20314.41498,number of customers,cents per kilowatt-hour,million dollars,million kilowatt hours
2024,KY,Kentucky,IND,industrial,4846,6.5,1819.8599,28005.74701,number of customers,cents per kilowatt-hour,million dollars,million kilowatt hours
2024,KY,Kentucky,OTH,other,0,0,0,0,number of customers,cents per kilowatt-hour,million dollars,million kilowatt hours
2024,KY,Kentucky,RES,residential,2077215,12.79,3335.30769,26085.70899,number of customers,cents per kilowatt-hour,million dollars,million kilowatt hours
2024,KY,Kentucky,TRA,transportation,0,0,0,0,number of customers,cents per kilowatt-hour,million dollars,million kilowatt hours
2024,LA,Louisiana,ALL,all sectors,2467237,8.8,8393.525,95356.82898,number of customers,cents per kilowatt-hour,million dollars,million kilowatt hours
2024,LA,Louisiana,COM,commercial,301288,10.46,2473.1158,23651.89099,number of customers,cents per kilowatt-hour,million dollars,million kilowatt hours
2024,LA,Louisiana,IND,industrial,18203,5.61,2286.23989,40720.072,number of customers,cents per kilowatt-hour,million dollars,million kilowatt hours
2024,LA,Louisiana,OTH,other,0,0,0,0,number of customers,cents per kilowatt-hour,million dollars,million kilowatt hours
2024,LA,Louisiana,RES,residential,2147745,11.73,3633.0123,30974.83999,number of customers,cents per kilowatt-hour,million dollars,million kilowatt hours
2024,LA,Louisiana,TRA,transportation,1,11.54,1.157,10.026,number of customers,cents per kilowatt-hour,million dollars,million kilowatt hours
2024,MA,Massachusetts,ALL,all sectors,3372904,23.94,11829.65415,49418.57498,number of customers,cents per kilowatt-hour,million dollars,million kilowatt hours
2024,MA,Massachusetts,COM,commercial,438014,20.9,4908.12187,23489.38999,number of customers,cents per kilowatt-hour,million dollars,million kilowatt hours
2024,MA,Massachusetts,IND,industrial,10353,18.19,1026.91404,5645.295,number of customers,cents per kilowatt-hour,million dollars,million kilowatt hours
2024,MA,Massachusetts,OTH,other,0,0,0,0,number of customers,cents per kilowatt-hour,million dollars,million kilowatt hours
2024,MA,Massachusetts,RES,residential,2924535,29.35,5867.77856,19992.63499,number of customers,cents per kilowatt-hour,million dollars,million kilowatt hours
2024,MA,Massachusetts,TRA,transportation,2,9.22,26.83968,291.255,number of customers,cents per kilowatt-hour,million dollars,million kilowatt hours
2024,MAT,Middle Atlantic,ALL,all sectors,19175954,16.11,57381.4585,356175.43901,number of customers,cents per kilowatt-hour,million dollars,million kilowatt hours
2024,MAT,Middle Atlantic,COM,commercial,2444687,15.69,23020.3896,146688.01801,number of customers,cents per kilowatt-hour,million dollars,million kilowatt hours
2024,MAT,Middle Atlantic,IND,industrial,40817,8.52,6048.58203,70986.738,number of customers,cents per kilowatt-hour,million dollars,million kilowatt hours
2024,MAT,Middle Atlantic,OTH,other,0,0,0,0,number of customers,cents per kilowatt-hour,million dollars,million kilowatt hours
2024,MAT,Middle Atlantic,RES,residential,16690432,20.63,27809.60801,134822.893,number of customers,cents per kilowatt-hour,million dollars,million kilowatt hours
2024,MAT,Middle Atlantic,TRA,transportation,18,13.67,502.87887,3677.79,number of customers,cents per kilowatt-hour,million dollars,million kilowatt hours
2024,MD,Maryland,ALL,all sectors,2722513,15.04,8879.16926,59018.688,number of customers,cents per kilowatt-hour,million dollars,million kilowatt hours
2024,MD,Maryland,COM,commercial,261469,12.96,3600.55429,27773.337,number of customers,cents per kilowatt-hour,million dollars,million kilowatt hours
2024,MD,Maryland,IND,industrial,9286,10.01,350.49247,3502.025,number of customers,cents per kilowatt-hour,million dollars,million kilowatt hours
2024,MD,Maryland,OTH,other,0,0,0,0,number of customers,cents per kilowatt-hour,million dollars,million kilowatt hours
2024,MD,Maryland,RES,residential,2451753,17.86,4880.09857,27327.356,number of customers,cents per kilowatt-hour,million dollars,million kilowatt hours
2024,MD,Maryland,TRA,transportation,5,11.55,48.02393,415.97,number of customers,cents per kilowatt-hour,million dollars,million kilowatt hours
2024,ME,Maine,ALL,all sectors,855558,19.66,2230.03819,11341.591,number of customers,cents per kilowatt-hour,million dollars,million kilowatt hours
2024,ME,Maine,COM,commercial,111084,18.22,750.18926,4117.961,number of customers,cents per kilowatt-hour,million dollars,million kilowatt hours
2024,ME,Maine,IND,industrial,1925,12.46,289.43785,2322.138,number of customers,cents per kilowatt-hour,million dollars,million kilowatt hours
2024,ME,Maine,OTH,other,0,0,0,0,number of customers,cents per kilowatt-hour,million dollars,million kilowatt hours
2024,ME,Maine,RES,residential,742549,24.29,1190.41107,4901.492,number of customers,cents per kilowatt-hour,million dollars,million kilowatt hours
2024,ME,Maine,TRA,transportation,0,0,0,0,number of customers,cents per kilowatt-hour,million dollars,million kilowatt hours
2024,MI,Michigan,ALL,all sectors,5086705,14.16,14013.04722,98991.014,number of customers,cents per kilowatt-hour,million dollars,million kilowatt hours
2024,MI,Michigan,COM,commercial,564574,14.01,5209.95574,37190.84499,number of customers,cents per kilowatt-hour,million dollars,million kilowatt hours
2024,MI,Michigan,IND,industrial,5762,8.26,2336.23593,28289.76,number of customers,cents per kilowatt-hour,million dollars,million kilowatt hours
2024,MI,Michigan,OTH,other,0,0,0,0,number of customers,cents per kilowatt-hour,million dollars,million kilowatt hours
2024,MI,Michigan,RES,residential,4516367,19.3,6466.08365,33504.93201,number of customers,cents per kilowatt-hour,million dollars,million kilowatt hours
2024,MI,Michigan,TRA,transportation,2,14.09,.7719,5.477,number of customers,cents per kilowatt-hour,million dollars,million kilowatt hours
2024,MN,Minnesota,ALL,all sectors,2899051,12.35,7971.41478,64562.10798,number of customers,cents per kilowatt-hour,million dollars,million kilowatt hours
2024,MN,Minnesota,COM,commercial,308460,12.15,2729.3075,22468.437,number of customers,cents per kilowatt-hour,million dollars,million kilowatt hours
2024,MN,Minnesota,IND,industrial,9410,9.15,1831.20379,20015.581,number of customers,cents per kilowatt-hour,million dollars,million kilowatt hours
2024,MN,Minnesota,OTH,other,0,0,0,0,number of customers,cents per kilowatt-hour,million dollars,million kilowatt hours
2024,MN,Minnesota,RES,residential,2581180,15.45,3408.95499,22062.75797,number of customers,cents per kilowatt-hour,million dollars,million kilowatt hours
2024,MN,Minnesota,TRA,transportation,1,12.71,1.9485,15.332,number of customers,cents per kilowatt-hour,million dollars,million kilowatt hours
2024,MO,Missouri,ALL,all sectors,3347316,11.06,8604.6568,77776.034,number of customers,cents per kilowatt-hour,million dollars,million kilowatt hours
2024,MO,Missouri,COM,commercial,403957,10.26,3034.33879,29569.76901,number of customers,cents per kilowatt-hour,million dollars,million kilowatt hours
2024,MO,Missouri,IND,industrial,9443,7.87,1019.59772,12953.946,number of customers,cents per kilowatt-hour,million dollars,million kilowatt hours
2024,MO,Missouri,OTH,other,0,0,0,0,number of customers,cents per kilowatt-hour,million dollars,million kilowatt hours
2024,MO,Missouri,RES,residential,2933914,12.91,4548.19239,35226.89499,number of customers,cents per kilowatt-hour,million dollars,million kilowatt hours
2024,MO,Missouri,TRA,transportation,2,9.94,2.5279,25.424,number of customers,cents per kilowatt-hour,million dollars,million kilowatt hours
2024,MS,Mississippi,ALL,all sectors,1599687,10.93,5321.2769,48684.61201,number of customers,cents per kilowatt-hour,million dollars,million kilowatt hours
2024,MS,Mississippi,COM,commercial,246813,12.32,1746.1764,14172.16502,number of customers,cents per kilowatt-hour,million dollars,million kilowatt hours
2024,MS,Mississippi,IND,industrial,12415,6.81,1084.6532,15919.246,number of customers,cents per kilowatt-hour,million dollars,million kilowatt hours
2024,MS,Mississippi,OTH,other,0,0,0,0,number of customers,cents per kilowatt-hour,million dollars,million kilowatt hours
2024,MS,Mississippi,RES,residential,1340459,13.39,2490.4473,18593.20099,number of customers,cents per kilowatt-hour,million dollars,million kilowatt hours
2024,MS,Mississippi,TRA,transportation,0,0,0,0,number of customers,cents per kilowatt-hour,million dollars,million kilowatt hours
2024,MT,Montana,ALL,all sectors,692539,10.83,1685.87786,15567.01298,number of customers,cents per kilowatt-hour,million dollars,million kilowatt hours
2024,MT,Montana,COM,commercial,123483,11.87,597.47927,5034.278,number of customers,cents per kilowatt-hour,million dollars,million kilowatt hours
2024,MT,Montana,IND,industrial,11624,7.59,366.5893,4832.494,number of customers,cents per kilowatt-hour,million dollars,million kilowatt hours
2024,MT,Montana,OTH,other,0,0,0,0,number of customers,cents per kilowatt-hour,million dollars,million kilowatt hours
2024,MT,Montana,RES,residential,557432,12.66,721.80929,5700.24099,number of customers,cents per kilowatt-hour,million dollars,million kilowatt hours
2024,MT,Montana,TRA,transportation,0,0,0,0,number of customers,cents per kilowatt-hour,million dollars,million kilowatt hours
2024,MTN,Mountain,ALL,all sectors,12557923,11.23,35102.16412,312488.73698,number of customers,cents per kilowatt-hour,million dollars,million kilowatt hours
2024,MTN,Mountain,COM,commercial,1532262,11.03,12410.59668,112525.41402,number of customers,cents per kilowatt-hour,million dollars,million kilowatt hours
2024,MTN,Mountain,IND,industrial,100429,7.7,6654.18004,86373.06998,number of customers,cents per kilowatt-hour,million dollars,million kilowatt hours
2024,MTN,Mountain,OTH,other,0,0,0,0,number of customers,cents per kilowatt-hour,million dollars,million kilowatt hours
2024,MTN,Mountain,RES,residential,10925227,14.12,16020.7589,113433.54298,number of customers,cents per kilowatt-hour,million dollars,million kilowatt hours
2024,MTN,Mountain,TRA,transportation,5,10.61,16.6285,156.71,number of customers,cents per kilowatt-hour,million dollars,million kilowatt hours
2024,NC,North Carolina,ALL,all sectors,5827720,11.65,15947.71607,136904.52597,number of customers,cents per kilowatt-hour,million dollars,million kilowatt hours
2024,NC,North Carolina,COM,commercial,751027,10.56,5229.69909,49524.26898,number of customers,cents per kilowatt-hour,million dollars,million kilowatt hours
2024,NC,North Carolina,IND,industrial,8930,7.77,1990.13539,25622.927,number of customers,cents per kilowatt-hour,million dollars,million kilowatt hours
2024,NC,North Carolina,OTH,other,0,0,0,0,number of customers,cents per kilowatt-hour,million dollars,million kilowatt hours
2024,NC,North Carolina,RES,residential,5067762,14.13,8726.6081,61744.94199,number of customers,cents per kilowatt-hour,million dollars,million kilowatt hours
2024,NC,North Carolina,TRA,transportation,1,10.28,1.2735,12.388,number of customers,cents per kilowatt-hour,million dollars,million kilowatt hours
2024,ND,North Dakota,ALL,all sectors,485894,7.93,2359.83086,29769.698,number of customers,cents per kilowatt-hour,million dollars,million kilowatt hours
2024,ND,North Dakota,COM,commercial,77191,7.19,812.79699,11309.33401,number of customers,cents per kilowatt-hour,million dollars,million kilowatt hours
2024,ND,North Dakota,IND,industrial,10864,7.25,981.88778,13549.609,number of customers,cents per kilowatt-hour,million dollars,million kilowatt hours
2024,ND,North Dakota,OTH,other,0,0,0,0,number of customers,cents per kilowatt-hour,million dollars,million kilowatt hours
2024,ND,North Dakota,RES,residential,397839,11.51,565.14609,4910.75499,number of customers,cents per kilowatt-hour,million dollars,million kilowatt hours
2024,ND,North Dakota,TRA,transportation,0,0,0,0,number of customers,cents per kilowatt-hour,million dollars,million kilowatt hours
2024,NE,Nebraska,ALL,all sectors,1131588,9.07,3192.60623,35191.04503,number of customers,cents per kilowatt-hour,million dollars,million kilowatt hours
2024,NE,Nebraska,COM,commercial,161501,8.39,1081.45055,12885.12502,number of customers,cents per kilowatt-hour,million dollars,million kilowatt hours
2024,NE,Nebraska,IND,industrial,64672,7.66,912.99519,11914.90599,number of customers,cents per kilowatt-hour,million dollars,million kilowatt hours
2024,NE,Nebraska,OTH,other,0,0,0,0,number of customers,cents per kilowatt-hour,million dollars,million kilowatt hours
2024,NE,Nebraska,RES,residential,905415,11.53,1198.1605,10391.01402,number of customers,cents per kilowatt-hour,million dollars,million kilowatt hours
2024,NE,Nebraska,TRA,transportation,0,0,0,0,number of customers,cents per kilowatt-hour,million dollars,million kilowatt hours
2024,NEW,New England,ALL,all sectors,7620067,23.03,25769.46503,111898.67598,number of customers,cents per kilowatt-hour,million dollars,million kilowatt hours
2024,NEW,New England,COM,commercial,945130,20.55,10070.38662,48993.66798,number of customers,cents per kilowatt-hour,million dollars,million kilowatt hours
2024,NEW,New England,IND,industrial,21150,16.28,2340.7847,14375.739,number of customers,cents per kilowatt-hour,million dollars,million kilowatt hours
2024,NEW,New England,OTH,other,0,0,0,0,number of customers,cents per kilowatt-hour,million dollars,million kilowatt hours
2024,NEW,New England,RES,residential,6653781,27.68,13292.77368,48024.95999,number of customers,cents per kilowatt-hour,million dollars,million kilowatt hours
2024,NEW,New England,TRA,transportation,6,12.99,65.52004,504.309,number of customers,cents per kilowatt-hour,million dollars,million kilowatt hours
2024,NH,New Hampshire,ALL,all sectors,768001,20.6,2248.81854,10913.961,number of customers,cents per kilowatt-hour,million dollars,million kilowatt hours
2024,NH,New Hampshire,COM,commercial,112277,19.4,796.34855,4105.167,number of customers,cents per kilowatt-hour,million dollars,million kilowatt hours
2024,NH,New Hampshire,IND,industrial,3116,16.21,317.95176,1961.351,number of customers,cents per kilowatt-hour,million dollars,million kilowatt hours
2024,NH,New Hampshire,OTH,other,0,0,0,0,number of customers,cents per kilowatt-hour,million dollars,million kilowatt hours
2024,NH,New Hampshire,RES,residential,652608,23.4,1134.51823,4847.443,number of customers,cents per kilowatt-hour,million dollars,million kilowatt hours
2024,NH,New Hampshire,TRA,transportation,0,0,0,0,number of customers,cents per kilowatt-hour,million dollars,million kilowatt hours
2024,NJ,New Jersey,ALL,all sectors,4287117,16.29,11977.38038,73531.424,number of customers,cents per kilowatt-hour,million dollars,million kilowatt hours
2024,NJ,New Jersey,COM,commercial,540221,14.64,5431.27475,37086.50399,number of customers,cents per kilowatt-hour,million dollars,million kilowatt hours
2024,NJ,New Jersey,IND,industrial,11251,11.93,757.87756,6351.18,number of customers,cents per kilowatt-hour,million dollars,million kilowatt hours
2024,NJ,New Jersey,OTH,other,0,0,0,0,number of customers,cents per kilowatt-hour,million dollars,million kilowatt hours
2024,NJ,New Jersey,RES,residential,3735638,19.34,5743.70097,29692.96201,number of customers,cents per kilowatt-hour,million dollars,million kilowatt hours
2024,NJ,New Jersey,TRA,transportation,7,11.11,44.5271,400.778,number of customers,cents per kilowatt-hour,million dollars,million kilowatt hours
2024,NM,New Mexico,ALL,all sectors,1093458,9.18,2779.73589,30296.35401,number of customers,cents per kilowatt-hour,million dollars,million kilowatt hours
2024,NM,New Mexico,COM,commercial,148104,10.54,1011.13699,9592.789,number of customers,cents per kilowatt-hour,million dollars,million kilowatt hours
2024,NM,New Mexico,IND,industrial,9256,5.43,725.31621,13355.945,number of customers,cents per kilowatt-hour,million dollars,million kilowatt hours
2024,NM,New Mexico,OTH,other,0,0,0,0,number of customers,cents per kilowatt-hour,million dollars,million kilowatt hours
2024,NM,New Mexico,RES,residential,936098,14.2,1043.28269,7347.62001,number of customers,cents per kilowatt-hour,million dollars,million kilowatt hours
2024,NM,New Mexico,TRA,transportation,0,0,0,0,number of customers,cents per kilowatt-hour,million dollars,million kilowatt hours
2024,NV,Nevada,ALL,all sectors,1494282,11.47,4664.21942,40664.63901,number of customers,cents per kilowatt-hour,million dollars,million kilowatt hours
2024,NV,Nevada,COM,commercial,177740,10.19,1453.20739,14259.288,number of customers,cents per kilowatt-hour,million dollars,million kilowatt hours
2024,NV,Nevada,IND,industrial,4786,8.64,1016.11672,11766.22,number of customers,cents per kilowatt-hour,million dollars,million kilowatt hours
2024,NV,Nevada,OTH,other,0,0,0,0,number of customers,cents per kilowatt-hour,million dollars,million kilowatt hours
2024,NV,Nevada,RES,residential,1311755,15,2194.08131,14631.493,number of customers,cents per kilowatt-hour,million dollars,million kilowatt hours
2024,NV,Nevada,TRA,transportation,1,10.66,.814,7.638,number of customers,cents per kilowatt-hour,million dollars,million kilowatt hours
2024,NY,New York,ALL,all sectors,8600594,19.66,27620.55832,140497.50099,number of customers,cents per kilowatt-hour,million dollars,million kilowatt hours
2024,NY,New York,COM,commercial,1163769,18.77,13337.11152,71053.178,number of customers,cents per kilowatt-hour,million dollars,million kilowatt hours
2024,NY,New York,IND,industrial,16605,9.17,1450.05823,15804.738,number of customers,cents per kilowatt-hour,million dollars,million kilowatt hours
2024,NY,New York,OTH,other,0,0,0,0,number of customers,cents per kilowatt-hour,million dollars,million kilowatt hours
2024,NY,New York,RES,residential,7420214,24.43,12424.30455,50857.373,number of customers,cents per kilowatt-hour,million dollars,million kilowatt hours
2024,NY,New York,TRA,transportation,6,14.7,409.08403,2782.212,number of customers,cents per kilowatt-hour,million dollars,million kilowatt hours
2024,OH,Ohio,ALL,all sectors,5787740,11.29,17357.63574,153707.37597,number of customers,cents per kilowatt-hour,million dollars,million kilowatt hours
2024,OH,Ohio,COM,commercial,627393,10.66,5418.17283,50813.61,number of customers,cents per kilowatt-hour,million dollars,million kilowatt hours
2024,OH,Ohio,IND,industrial,18237,7.1,3596.9972,50687.76399,number of customers,cents per kilowatt-hour,million dollars,million kilowatt hours
2024,OH,Ohio,OTH,other,0,0,0,0,number of customers,cents per kilowatt-hour,million dollars,million kilowatt hours
2024,OH,Ohio,RES,residential,5142108,15.99,8340.1507,52174.35599,number of customers,cents per kilowatt-hour,million dollars,million kilowatt hours
2024,OH,Ohio,TRA,transportation,2,7.32,2.31501,31.646,number of customers,cents per kilowatt-hour,million dollars,million kilowatt hours
2024,OK,Oklahoma,ALL,all sectors,2197296,9.09,6549.83652,72083.77302,number of customers,cents per kilowatt-hour,million dollars,million kilowatt hours
2024,OK,Oklahoma,COM,commercial,298476,8.92,2267.61642,25412.39101,number of customers,cents per kilowatt-hour,million dollars,million kilowatt hours
2024,OK,Oklahoma,IND,industrial,20002,5.84,1305.14469,22343.10299,number of customers,cents per kilowatt-hour,million dollars,million kilowatt hours
2024,OK,Oklahoma,OTH,other,0,0,0,0,number of customers,cents per kilowatt-hour,million dollars,million kilowatt hours
2024,OK,Oklahoma,RES,residential,1878818,12.24,2977.07541,24328.27903,number of customers,cents per kilowatt-hour,million dollars,million kilowatt hours
2024,OK,Oklahoma,TRA,transportation,0,0,0,0,number of customers,cents per kilowatt-hour,million dollars,million kilowatt hours
2024,OR,Oregon,ALL,all sectors,2142042,11.11,6628.50434,59680.701,number of customers,cents per kilowatt-hour,million dollars,million kilowatt hours
2024,OR,Oregon,COM,commercial,247412,10.11,2494.1693,24662.444,number of customers,cents per kilowatt-hour,million dollars,million kilowatt hours
2024,OR,Oregon,IND,industrial,26616,8.05,1226.00134,15228.35,number of customers,cents per kilowatt-hour,million dollars,million kilowatt hours
2024,OR,Oregon,OTH,other,0,0,0,0,number of customers,cents per kilowatt-hour,million dollars,million kilowatt hours
2024,OR,Oregon,RES,residential,1868012,14.7,2905.5547,19767.74501,number of customers,cents per kilowatt-hour,million dollars,million kilowatt hours
2024,OR,Oregon,TRA,transportation,2,12.54,2.779,22.162,number of customers,cents per kilowatt-hour,million dollars,million kilowatt hours
2024,PA,Pennsylvania,ALL,all sectors,6288243,12.51,17783.5198,142146.51402,number of customers,cents per kilowatt-hour,million dollars,million kilowatt hours
2024,PA,Pennsylvania,COM,commercial,740697,11.03,4252.00334,38548.33602,number of customers,cents per kilowatt-hour,million dollars,million kilowatt hours
2024,PA,Pennsylvania,IND,industrial,12961,7.87,3840.64624,48830.82,number of customers,cents per kilowatt-hour,million dollars,million kilowatt hours
2024,PA,Pennsylvania,OTH,other,0,0,0,0,number of customers,cents per kilowatt-hour,million dollars,million kilowatt hours
2024,PA,Pennsylvania,RES,residential,5534580,17.77,9641.60249,54272.558,number of customers,cents per kilowatt-hour,million dollars,million kilowatt hours
2024,PA,Pennsylvania,TRA,transportation,5,9.96,49.26774,494.8,number of customers,cents per kilowatt-hour,million dollars,million kilowatt hours
2024,PACC,Pacific Contiguous,ALL,all sectors,22083548,20.79,82184.37155,395379.47498,number of customers,cents per kilowatt-hour,million dollars,million kilowatt hours
2024,PACC,Pacific Contiguous,COM,commercial,2430030,20.36,35201.44949,172889.78498,number of customers,cents per kilowatt-hour,million dollars,million kilowatt hours
2024,PACC,Pacific Contiguous,IND,industrial,199328,15.38,11903.96408,77413.58199,number of customers,cents per kilowatt-hour,million dollars,million kilowatt hours
2024,PACC,Pacific Contiguous,OTH,other,0,0,0,0,number of customers,cents per kilowatt-hour,million dollars,million kilowatt hours
2024,PACC,Pacific Contiguous,RES,residential,19454170,24.23,34945.15838,144245.049,number of customers,cents per kilowatt-hour,million dollars,million kilowatt hours
2024,PACC,Pacific Contiguous,TRA,transportation,20,16.1,133.79961,831.05901,number of customers,cents per kilowatt-hour,million dollars,million kilowatt hours
2024,PACN,Pacific Noncontiguous,ALL,all sectors,863585,31.62,4742.1351,14998.63698,number of customers,cents per kilowatt-hour,million dollars,million kilowatt hours
2024,PACN,Pacific Noncontiguous,COM,commercial,116664,30.22,1642.18299,5433.83999,number of customers,cents per kilowatt-hour,million dollars,million kilowatt hours
2024,PACN,Pacific Noncontiguous,IND,industrial,2012,29.93,1449.40661,4842.60899,number of customers,cents per kilowatt-hour,million dollars,million kilowatt hours
2024,PACN,Pacific Noncontiguous,OTH,other,0,0,0,0,number of customers,cents per kilowatt-hour,million dollars,million kilowatt hours
2024,PACN,Pacific Noncontiguous,RES,residential,744909,34.95,1650.54551,4722.188,number of customers,cents per kilowatt-hour,million dollars,million kilowatt hours
2024,PACN,Pacific Noncontiguous,TRA,transportation,0,0,0,0,number of customers,cents per kilowatt-hour,million dollars,million kilowatt hours
2024,RI,Rhode Island,ALL,all sectors,521662,24.15,1790.49686,7414.247,number of customers,cents per kilowatt-hour,million dollars,million kilowatt hours
2024,RI,Rhode Island,COM,commercial,62629,21.09,773.3397,3666.32,number of customers,cents per kilowatt-hour,million dollars,million kilowatt hours
2024,RI,Rhode Island,IND,industrial,1649,19.7,121.0708,614.681,number of customers,cents per kilowatt-hour,million dollars,million kilowatt hours
2024,RI,Rhode Island,OTH,other,0,0,0,0,number of customers,cents per kilowatt-hour,million dollars,million kilowatt hours
2024,RI,Rhode Island,RES,residential,457383,28.65,891.36767,3111.332,number of customers,cents per kilowatt-hour,million dollars,million kilowatt hours
2024,RI,Rhode Island,TRA,transportation,1,21.53,4.71869,21.914,number of customers,cents per kilowatt-hour,million dollars,million kilowatt hours
2024,SAT,South Atlantic,ALL,all sectors,34802267,11.92,104581.65558,877536.23802,number of customers,cents per kilowatt-hour,million dollars,million kilowatt hours
2024,SAT,South Atlantic,COM,commercial,4040023,10.69,38031.89457,355825.24601,number of customers,cents per kilowatt-hour,million dollars,million kilowatt hours
2024,SAT,South Atlantic,IND,industrial,88735,7.76,10460.7537,134840.51001,number of customers,cents per kilowatt-hour,million dollars,million kilowatt hours
2024,SAT,South Atlantic,OTH,other,0,0,0,0,number of customers,cents per kilowatt-hour,million dollars,million kilowatt hours
2024,SAT,South Atlantic,RES,residential,30673496,14.51,55963.51777,385618.434,number of customers,cents per kilowatt-hour,million dollars,million kilowatt hours
2024,SAT,South Atlantic,TRA,transportation,13,10.02,125.48954,1252.048,number of customers,cents per kilowatt-hour,million dollars,million kilowatt hours
2024,SC,South Carolina,ALL,all sectors,2998873,10.9,9148.18909,83961.42802,number of customers,cents per kilowatt-hour,million dollars,million kilowatt hours
2024,SC,South Carolina,COM,commercial,413387,10.64,2797.76839,26306.224,number of customers,cents per kilowatt-hour,million dollars,million kilowatt hours
2024,SC,South Carolina,IND,industrial,3604,6.84,1718.3002,25110.38801,number of customers,cents per kilowatt-hour,million dollars,million kilowatt hours
2024,SC,South Carolina,OTH,other,0,0,0,0,number of customers,cents per kilowatt-hour,million dollars,million kilowatt hours
2024,SC,South Carolina,RES,residential,2581882,14.23,4632.1205,32544.816,number of customers,cents per kilowatt-hour,million dollars,million kilowatt hours
2024,SC,South Carolina,TRA,transportation,0,0,0,0,number of customers,cents per kilowatt-hour,million dollars,million kilowatt hours
2024,SD,South Dakota,ALL,all sectors,516156,10.87,1481.97912,13637.20398,number of customers,cents per kilowatt-hour,million dollars,million kilowatt hours
2024,SD,South Dakota,COM,commercial,78291,10.55,539.25841,5111.478,number of customers,cents per kilowatt-hour,million dollars,million kilowatt hours
2024,SD,South Dakota,IND,industrial,4317,8.28,277.7816,3355.659,number of customers,cents per kilowatt-hour,million dollars,million kilowatt hours
2024,SD,South Dakota,OTH,other,0,0,0,0,number of customers,cents per kilowatt-hour,million dollars,million kilowatt hours
2024,SD,South Dakota,RES,residential,433548,12.86,664.93911,5170.06698,number of customers,cents per kilowatt-hour,million dollars,million kilowatt hours
2024,SD,South Dakota,TRA,transportation,0,0,0,0,number of customers,cents per kilowatt-hour,million dollars,million kilowatt hours
2024,TN,Tennessee,ALL,all sectors,3710074,10.9,11220.30891,102962.43502,number of customers,cents per kilowatt-hour,million dollars,million kilowatt hours
2024,TN,Tennessee,COM,commercial,542965,12.05,4338.4774,35996.04301,number of customers,cents per kilowatt-hour,million dollars,million kilowatt hours
2024,TN,Tennessee,IND,industrial,1006,6.21,1436.7317,23138.88901,number of customers,cents per kilowatt-hour,million dollars,million kilowatt hours
2024,TN,Tennessee,OTH,other,0,0,0,0,number of customers,cents per kilowatt-hour,million dollars,million kilowatt hours
2024,TN,Tennessee,RES,residential,3166103,12.42,5445.09981,43827.50299,number of customers,cents per kilowatt-hour,million dollars,million kilowatt hours
2024,TN,Tennessee,TRA,transportation,0,0,0,0,number of customers,cents per kilowatt-hour,million dollars,million kilowatt hours
2024,TX,Texas,ALL,all sectors,14481051,9.79,49481.09658,505431.31701,number of customers,cents per kilowatt-hour,million dollars,million kilowatt hours
2024,TX,Texas,COM,commercial,1557087,8.55,14046.06559,164232.987,number of customers,cents per kilowatt-hour,million dollars,million kilowatt hours
2024,TX,Texas,IND,industrial,376098,6.12,10782.1075,176135.05601,number of customers,cents per kilowatt-hour,million dollars,million kilowatt hours
2024,TX,Texas,OTH,other,0,0,0,0,number of customers,cents per kilowatt-hour,million dollars,million kilowatt hours
2024,TX,Texas,RES,residential,12547863,14.94,24652.42179,165051.743,number of customers,cents per kilowatt-hour,million dollars,million kilowatt hours
2024,TX,Texas,TRA,transportation,3,4.35,.5017,11.531,number of customers,cents per kilowatt-hour,million dollars,million kilowatt hours
2024,US,U.S. Total,ALL,all sectors,163741126,12.94,514395.77291,3975381.83162,number of customers,cents per kilowatt-hour,million dollars,million kilowatt hours
2024,US,U.S. Total,COM,commercial,19480886,12.75,185043.22577,1450941.21609,number of customers,cents per kilowatt-hour,million dollars,million kilowatt hours
2024,US,U.S. Total,IND,industrial,1115974,8.13,84094.81039,1034584.18964,number of customers,cents per kilowatt-hour,million dollars,million kilowatt hours
2024,US,U.S. Total,OTH,other,0,0,0,0,number of customers,cents per kilowatt-hour,million dollars,million kilowatt hours
2024,US,U.S. Total,RES,residential,143144185,16.48,244367.40871,1482873.58588,number of customers,cents per kilowatt-hour,million dollars,million kilowatt hours
2024,US,U.S. Total,TRA,transportation,81,12.75,890.32803,6982.84001,number of customers,cents per kilowatt-hour,million dollars,million kilowatt hours
2024,UT,Utah,ALL,all sectors,1429521,9.97,3459.24013,34688.08298,number of customers,cents per kilowatt-hour,million dollars,million kilowatt hours
2024,UT,Utah,COM,commercial,145854,9.39,1326.48351,14128.942,number of customers,cents per kilowatt-hour,million dollars,million kilowatt hours
2024,UT,Utah,IND,industrial,10805,7.86,681.8911,8680.82999,number of customers,cents per kilowatt-hour,million dollars,million kilowatt hours
2024,UT,Utah,OTH,other,0,0,0,0,number of customers,cents per kilowatt-hour,million dollars,million kilowatt hours
2024,UT,Utah,RES,residential,1272861,12.22,1444.46072,11825.248,number of customers,cents per kilowatt-hour,million dollars,million kilowatt hours
2024,UT,Utah,TRA,transportation,1,12.07,6.4048,53.063,number of customers,cents per kilowatt-hour,million dollars,million kilowatt hours
2024,VA,Virginia,ALL,all sectors,4104032,10.62,14654.56678,138044.772,number of customers,cents per kilowatt-hour,million dollars,million kilowatt hours
2024,VA,Virginia,COM,commercial,445756,8.72,6865.1136,78710.66201,number of customers,cents per kilowatt-hour,million dollars,million kilowatt hours
2024,VA,Virginia,IND,industrial,3794,8.99,1238.97728,13775.53,number of customers,cents per kilowatt-hour,million dollars,million kilowatt hours
2024,VA,Virginia,OTH,other,0,0,0,0,number of customers,cents per kilowatt-hour,million dollars,million kilowatt hours
2024,VA,Virginia,RES,residential,3654481,14.41,6524.03259,45272.825,number of customers,cents per kilowatt-hour,million dollars,million kilowatt hours
2024,VA,Virginia,TRA,transportation,1,9.25,26.4433,285.755,number of customers,cents per kilowatt-hour,million dollars,million kilowatt hours
2024,VT,Vermont,ALL,all sectors,388511,18.41,1005.06222,5458.947,number of customers,cents per kilowatt-hour,million dollars,million kilowatt hours
2024,VT,Vermont,COM,commercial,64308,18.89,368.759,1952.12299,number of customers,cents per kilowatt-hour,million dollars,million kilowatt hours
2024,VT,Vermont,IND,industrial,243,11.58,147.8151,1276.669,number of customers,cents per kilowatt-hour,million dollars,million kilowatt hours
2024,VT,Vermont,OTH,other,0,0,0,0,number of customers,cents per kilowatt-hour,million dollars,million kilowatt hours
2024,VT,Vermont,RES,residential,323960,21.9,488.48811,2230.15501,number of customers,cents per kilowatt-hour,million dollars,million kilowatt hours
2024,VT,Vermont,TRA,transportation,0,0,0,0,number of customers,cents per kilowatt-hour,million dollars,million kilowatt hours
2024,WA,Washington,ALL,all sectors,3800681,10.13,9114.3387,89981.629,number of customers,cents per kilowatt-hour,million dollars,million kilowatt hours
2024,WA,Washington,COM,commercial,405313,9.99,3307.35543,33101.74601,number of customers,cents per kilowatt-hour,million dollars,million kilowatt hours
2024,WA,Washington,IND,industrial,26385,6.61,1200.15456,18159.32,number of customers,cents per kilowatt-hour,million dollars,million kilowatt hours
2024,WA,Washington,OTH,other,0,0,0,0,number of customers,cents per kilowatt-hour,million dollars,million kilowatt hours
2024,WA,Washington,RES,residential,3368978,11.9,4595.90631,38626.766,number of customers,cents per kilowatt-hour,million dollars,million kilowatt hours
2024,WA,Washington,TRA,transportation,5,11.64,10.9224,93.797,number of customers,cents per kilowatt-hour,million dollars,million kilowatt hours
2024,WI,Wisconsin,ALL,all sectors,3219048,12.72,8688.89195,68291.42398,number of customers,cents per kilowatt-hour,million dollars,million kilowatt hours
2024,WI,Wisconsin,COM,commercial,369433,12.63,2943.28231,23296.25898,number of customers,cents per kilowatt-hour,million dollars,million kilowatt hours
2024,WI,Wisconsin,IND,industrial,5739,8.54,1961.925,22977.29901,number of customers,cents per kilowatt-hour,million dollars,million kilowatt hours
2024,WI,Wisconsin,OTH,other,0,0,0,0,number of customers,cents per kilowatt-hour,million dollars,million kilowatt hours
2024,WI,Wisconsin,RES,residential,2843874,17.18,3783.44473,22016.55899,number of customers,cents per kilowatt-hour,million dollars,million kilowatt hours
2024,WI,Wisconsin,TRA,transportation,2,18.36,.2399,1.307,number of customers,cents per kilowatt-hour,million dollars,million kilowatt hours
2024,WNC,West North Central,ALL,all sectors,11676243,10.52,33365.16148,317124.721,number of customers,cents per kilowatt-hour,million dollars,million kilowatt hours
2024,WNC,West North Central,COM,commercial,1526285,10.25,11274.29303,109949.85209,number of customers,cents per kilowatt-hour,million dollars,million kilowatt hours
2024,WNC,West North Central,IND,industrial,132146,7.72,7803.54068,101063.785,number of customers,cents per kilowatt-hour,million dollars,million kilowatt hours
2024,WNC,West North Central,OTH,other,0,0,0,0,number of customers,cents per kilowatt-hour,million dollars,million kilowatt hours
2024,WNC,West North Central,RES,residential,10017809,13.47,14282.85137,106070.32792,number of customers,cents per kilowatt-hour,million dollars,million kilowatt hours
2024,WNC,West North Central,TRA,transportation,3,10.98,4.4764,40.756,number of customers,cents per kilowatt-hour,million dollars,million kilowatt hours
2024,WSC,West South Central,ALL,all sectors,20866337,9.58,69210.72279,722767.73103,number of customers,cents per kilowatt-hour,million dollars,million kilowatt hours
2024,WSC,West South Central,COM,commercial,2363886,8.88,19993.57731,225086.322,number of customers,cents per kilowatt-hour,million dollars,million kilowatt hours
2024,WSC,West South Central,IND,industrial,451075,6.05,15664.25107,258724.089,number of customers,cents per kilowatt-hour,million dollars,million kilowatt hours
2024,WSC,West South Central,OTH,other,0,0,0,0,number of customers,cents per kilowatt-hour,million dollars,million kilowatt hours
2024,WSC,West South Central,RES,residential,18051370,14.04,33551.20091,238935.50003,number of customers,cents per kilowatt-hour,million dollars,million kilowatt hours
2024,WSC,West South Central,TRA,transportation,6,7.76,1.6935,21.82,number of customers,cents per kilowatt-hour,million dollars,million kilowatt hours
2024,WV,West Virginia,ALL,all sectors,1029473,11.05,3643.9066,32990.57,number of customers,cents per kilowatt-hour,million dollars,million kilowatt hours
2024,WV,West Virginia,COM,commercial,152012,11.62,890.6967,7665.085,number of customers,cents per kilowatt-hour,million dollars,million kilowatt hours
2024,WV,West Virginia,IND,industrial,11005,7.81,1144.1457,14650.982,number of customers,cents per kilowatt-hour,million dollars,million kilowatt hours
2024,WV,West Virginia,OTH,other,0,0,0,0,number of customers,cents per kilowatt-hour,million dollars,million kilowatt hours
2024,WV,West Virginia,RES,residential,866456,15.07,1609.0642,10674.503,number of customers,cents per kilowatt-hour,million dollars,million kilowatt hours
2024,WV,West Virginia,TRA,transportation,0,0,0,0,number of customers,cents per kilowatt-hour,million dollars,million kilowatt hours
2024,WY,Wyoming,ALL,all sectors,357453,9.14,1573.18593,17216.90101,number of customers,cents per kilowatt-hour,million dollars,million kilowatt hours
2024,WY,Wyoming,COM,commercial,58983,9.27,489.04844,5274.65201,number of customers,cents per kilowatt-hour,million dollars,million kilowatt hours
2024,WY,Wyoming,IND,industrial,11995,7.96,714.0832,8974.19801,number of customers,cents per kilowatt-hour,million dollars,million kilowatt hours
2024,WY,Wyoming,OTH,other,0,0,0,0,number of customers,cents per kilowatt-hour,million dollars,million kilowatt hours
2024,WY,Wyoming,RES,residential,286475,12.47,370.05429,2968.051,number of customers,cents per kilowatt-hour,million dollars,million kilowatt hours
2024,WY,Wyoming,TRA,transportation,0,0,0,0,number of customers,cents per kilowatt-hour,million dollars,million kilowatt hours
2023,AK,Alaska,ALL,all sectors,354149,21.41,1289.60582,6024.59801,number of customers,cents per kilowatt-hour,million dollars,million kilowatt hours
2023,AK,Alaska,COM,commercial,56796,20.87,543.14751,2602.872,number of customers,cents per kilowatt-hour,million dollars,million kilowatt hours
2023,AK,Alaska,IND,industrial,1161,18.7,256.3859,1371.059,number of customers,cents per kilowatt-hour,million dollars,million kilowatt hours
2023,AK,Alaska,OTH,other,0,0,0,0,number of customers,cents per kilowatt-hour,million dollars,million kilowatt hours
2023,AK,Alaska,RES,residential,296192,23.9,490.07241,2050.667,number of customers,cents per kilowatt-hour,million dollars,million kilowatt hours
2023,AK,Alaska,TRA,transportation,0,0,0,0,number of customers,cents per kilowatt-hour,million dollars,million kilowatt hours
2023,AL,Alabama,ALL,all sectors,2744635,11.47,9738.60378,84880.35899,number of customers,cents per kilowatt-hour,million dollars,million kilowatt hours
2023,AL,Alabama,COM,commercial,384122,13.16,2923.959,22213.49399,number of customers,cents per kilowatt-hour,million dollars,million kilowatt hours
2023,AL,Alabama,IND,industrial,7239,7.1,2220.82059,31257.213,number of customers,cents per kilowatt-hour,million dollars,million kilowatt hours
2023,AL,Alabama,OTH,other,0,0,0,0,number of customers,cents per kilowatt-hour,million dollars,million kilowatt hours
2023,AL,Alabama,RES,residential,2353274,14.63,4593.82419,31409.652,number of customers,cents per kilowatt-hour,million dollars,million kilowatt hours
2023,AL,Alabama,TRA,transportation,0,0,0,0,number of customers,cents per kilowatt-hour,million dollars,million kilowatt hours
2023,AR,Arkansas,ALL,all sectors,1701942,9.73,4735.9661,48649.29999,number of customers,cents per kilowatt-hour,million dollars,million kilowatt hours
2023,AR,Arkansas,COM,commercial,205526,10.34,1208.91881,11694.05699,number of customers,cents per kilowatt-hour,million dollars,million kilowatt hours
2023,AR,Arkansas,IND,industrial,36612,6.87,1275.85069,18581.004,number of customers,cents per kilowatt-hour,million dollars,million kilowatt hours
2023,AR,Arkansas,OTH,other,0,0,0,0,number of customers,cents per kilowatt-hour,million dollars,million kilowatt hours
2023,AR,Arkansas,RES,residential,1459802,12.25,2251.1566,18373.97099,number of customers,cents per kilowatt-hour,million dollars,million kilowatt hours
2023,AR,Arkansas,TRA,transportation,2,14.93,.04,.268,number of customers,cents per kilowatt-hour,million dollars,million kilowatt hours
2023,AZ,Arizona,ALL,all sectors,3420227,12.19,10470.9802,85918.79798,number of customers,cents per kilowatt-hour,million dollars,million kilowatt hours
2023,AZ,Arizona,COM,commercial,344059,11.79,3844.78511,32619.67999,number of customers,cents per kilowatt-hour,million dollars,million kilowatt hours
2023,AZ,Arizona,IND,industrial,7614,8.11,1159.12791,14296.687,number of customers,cents per kilowatt-hour,million dollars,million kilowatt hours
2023,AZ,Arizona,OTH,other,0,0,0,0,number of customers,cents per kilowatt-hour,million dollars,million kilowatt hours
2023,AZ,Arizona,RES,residential,3068552,14.02,5466.05928,38992.365,number of customers,cents per kilowatt-hour,million dollars,million kilowatt hours
2023,AZ,Arizona,TRA,transportation,2,10.01,1.0079,10.066,number of customers,cents per kilowatt-hour,million dollars,million kilowatt hours
2023,CA,California,ALL,all sectors,15978899,24.87,59555.42429,239480.45202,number of customers,cents per kilowatt-hour,million dollars,million kilowatt hours
2023,CA,California,COM,commercial,1766915,23.91,27006.8471,112935.56601,number of customers,cents per kilowatt-hour,million dollars,million kilowatt hours
2023,CA,California,IND,industrial,148000,18.64,8014.38398,42998.55699,number of customers,cents per kilowatt-hour,million dollars,million kilowatt hours
2023,CA,California,OTH,other,0,0,0,0,number of customers,cents per kilowatt-hour,million dollars,million kilowatt hours
2023,CA,California,RES,residential,14063972,29.51,24439.80646,82820.89801,number of customers,cents per kilowatt-hour,million dollars,million kilowatt hours
2023,CA,California,TRA,transportation,12,13.01,94.38676,725.43101,number of customers,cents per kilowatt-hour,million dollars,million kilowatt hours
2023,CO,Colorado,ALL,all sectors,2930160,11.76,6536.52991,55565.81899,number of customers,cents per kilowatt-hour,million dollars,million kilowatt hours
2023,CO,Colorado,COM,commercial,397348,11.64,2409.25181,20697.72801,number of customers,cents per kilowatt-hour,million dollars,million kilowatt hours
2023,CO,Colorado,IND,industrial,15358,8.5,1256.10011,14778.848,number of customers,cents per kilowatt-hour,million dollars,million kilowatt hours
2023,CO,Colorado,OTH,other,0,0,0,0,number of customers,cents per kilowatt-hour,million dollars,million kilowatt hours
2023,CO,Colorado,RES,residential,2517452,14.3,2859.28449,19999.33299,number of customers,cents per kilowatt-hour,million dollars,million kilowatt hours
2023,CO,Colorado,TRA,transportation,2,13.23,11.8935,89.91,number of customers,cents per kilowatt-hour,million dollars,million kilowatt hours
2023,CT,Connecticut,ALL,all sectors,1702144,24.24,6468.04657,26685.176,number of customers,cents per kilowatt-hour,million dollars,million kilowatt hours
2023,CT,Connecticut,COM,commercial,156310,19.99,2273.48896,11373.59101,number of customers,cents per kilowatt-hour,million dollars,million kilowatt hours
2023,CT,Connecticut,IND,industrial,3936,15.69,404.76362,2579.387,number of customers,cents per kilowatt-hour,million dollars,million kilowatt hours
2023,CT,Connecticut,OTH,other,0,0,0,0,number of customers,cents per kilowatt-hour,million dollars,million kilowatt hours
2023,CT,Connecticut,RES,residential,1541895,29.88,3751.24951,12553.29899,number of customers,cents per kilowatt-hour,million dollars,million kilowatt hours
2023,CT,Connecticut,TRA,transportation,3,21.55,38.54448,178.899,number of customers,cents per kilowatt-hour,million dollars,million kilowatt hours
2023,DC,District of Columbia,ALL,all sectors,340373,16.5,1630.13666,9879.714,number of customers,cents per kilowatt-hour,million dollars,million kilowatt hours
2023,DC,District of Columbia,COM,commercial,27387,16.94,1191.00499,7030.204,number of customers,cents per kilowatt-hour,million dollars,million kilowatt hours
2023,DC,District of Columbia,IND,industrial,1,10.85,19.15354,176.489,number of customers,cents per kilowatt-hour,million dollars,million kilowatt hours
2023,DC,District of Columbia,OTH,other,0,0,0,0,number of customers,cents per kilowatt-hour,million dollars,million kilowatt hours
2023,DC,District of Columbia,RES,residential,312982,16.45,390.03535,2371.637,number of customers,cents per kilowatt-hour,million dollars,million kilowatt hours
2023,DC,District of Columbia,TRA,transportation,3,9.94,29.94279,301.384,number of customers,cents per kilowatt-hour,million dollars,million kilowatt hours
2023,DE,Delaware,ALL,all sectors,529073,12.85,1423.53228,11081.67099,number of customers,cents per kilowatt-hour,million dollars,million kilowatt hours
2023,DE,Delaware,COM,commercial,59839,11.83,490.68112,4148.502,number of customers,cents per kilowatt-hour,million dollars,million kilowatt hours
2023,DE,Delaware,IND,industrial,876,7.85,157.0183,2001.322,number of customers,cents per kilowatt-hour,million dollars,million kilowatt hours
2023,DE,Delaware,OTH,other,0,0,0,0,number of customers,cents per kilowatt-hour,million dollars,million kilowatt hours
2023,DE,Delaware,RES,residential,468358,15.73,775.83286,4931.847,number of customers,cents per kilowatt-hour,million dollars,million kilowatt hours
2023,DE,Delaware,TRA,transportation,0,0,0,0,number of customers,cents per kilowatt-hour,million dollars,million kilowatt hours
2023,ENC,East North Central,ALL,all sectors,23436549,11.98,64630.4977,539367.1441,number of customers,cents per kilowatt-hour,million dollars,million kilowatt hours
2023,ENC,East North Central,COM,commercial,2547590,11.94,20855.34869,174691.17103,number of customers,cents per kilowatt-hour,million dollars,million kilowatt hours
2023,ENC,East North Central,IND,industrial,55099,7.94,14670.20346,184688.27905,number of customers,cents per kilowatt-hour,million dollars,million kilowatt hours
2023,ENC,East North Central,OTH,other,0,0,0,0,number of customers,cents per kilowatt-hour,million dollars,million kilowatt hours
2023,ENC,East North Central,RES,residential,20833849,16.19,29072.1803,179525.106,number of customers,cents per kilowatt-hour,million dollars,million kilowatt hours
2023,ENC,East North Central,TRA,transportation,11,7.08,32.76525,462.588,number of customers,cents per kilowatt-hour,million dollars,million kilowatt hours
2023,ESC,East South Central,ALL,all sectors,10362427,10.78,32724.65985,303571.14701,number of customers,cents per kilowatt-hour,million dollars,million kilowatt hours
2023,ESC,East South Central,COM,commercial,1484981,12.13,11019.93319,90842.105,number of customers,cents per kilowatt-hour,million dollars,million kilowatt hours
2023,ESC,East South Central,IND,industrial,24411,6.72,6510.5914,96871.92502,number of customers,cents per kilowatt-hour,million dollars,million kilowatt hours
2023,ESC,East South Central,OTH,other,0,0,0,0,number of customers,cents per kilowatt-hour,million dollars,million kilowatt hours
2023,ESC,East South Central,RES,residential,8853035,13.11,15194.13526,115857.11699,number of customers,cents per kilowatt-hour,million dollars,million kilowatt hours
2023,ESC,East South Central,TRA,transportation,0,0,0,0,number of customers,cents per kilowatt-hour,million dollars,million kilowatt hours
2023,FL,Florida,ALL,all sectors,11541551,13.53,33953.3699,250940.214,number of customers,cents per kilowatt-hour,million dollars,million kilowatt hours
2023,FL,Florida,COM,commercial,1292988,11.95,11620.54329,97255.44301,number of customers,cents per kilowatt-hour,million dollars,million kilowatt hours
2023,FL,Florida,IND,industrial,26085,9.39,1672.80951,17808.644,number of customers,cents per kilowatt-hour,million dollars,million kilowatt hours
2023,FL,Florida,OTH,other,0,0,0,0,number of customers,cents per kilowatt-hour,million dollars,million kilowatt hours
2023,FL,Florida,RES,residential,10222476,15.21,20651.9634,135805.02199,number of customers,cents per kilowatt-hour,million dollars,million kilowatt hours
2023,FL,Florida,TRA,transportation,2,11.33,8.0537,71.105,number of customers,cents per kilowatt-hour,million dollars,million kilowatt hours
2023,GA,Georgia,ALL,all sectors,5338141,11.06,15710.90519,142028.83101,number of customers,cents per kilowatt-hour,million dollars,million kilowatt hours
2023,GA,Georgia,COM,commercial,609978,10.7,5497.9638,51404.67102,number of customers,cents per kilowatt-hour,million dollars,million kilowatt hours
2023,GA,Georgia,IND,industrial,24366,6.88,2205.71028,32067.53699,number of customers,cents per kilowatt-hour,million dollars,million kilowatt hours
2023,GA,Georgia,OTH,other,0,0,0,0,number of customers,cents per kilowatt-hour,million dollars,million kilowatt hours
2023,GA,Georgia,RES,residential,4703796,13.69,7996.71891,58412.499,number of customers,cents per kilowatt-hour,million dollars,million kilowatt hours
2023,GA,Georgia,TRA,transportation,1,7.29,10.5122,144.124,number of customers,cents per kilowatt-hour,million dollars,million kilowatt hours
2023,HI,Hawaii,ALL,all sectors,507133,38.6,3445.84162,8927.25201,number of customers,cents per kilowatt-hour,million dollars,million kilowatt hours
2023,HI,Hawaii,COM,commercial,60117,39.03,1092.34931,2798.995,number of customers,cents per kilowatt-hour,million dollars,million kilowatt hours
2023,HI,Hawaii,IND,industrial,813,35.28,1211.7912,3435.096,number of customers,cents per kilowatt-hour,million dollars,million kilowatt hours
2023,HI,Hawaii,OTH,other,0,0,0,0,number of customers,cents per kilowatt-hour,million dollars,million kilowatt hours
2023,HI,Hawaii,RES,residential,446203,42.39,1141.70112,2693.161,number of customers,cents per kilowatt-hour,million dollars,million kilowatt hours
2023,HI,Hawaii,TRA,transportation,0,0,0,0,number of customers,cents per kilowatt-hour,million dollars,million kilowatt hours
2023,IA,Iowa,ALL,all sectors,1696020,9.42,5122.39013,54400.25902,number of customers,cents per kilowatt-hour,million dollars,million kilowatt hours
2023,IA,Iowa,COM,commercial,250532,10.33,1301.60325,12600.92401,number of customers,cents per kilowatt-hour,million dollars,million kilowatt hours
2023,IA,Iowa,IND,industrial,9451,6.91,1880.37799,27217.49002,number of customers,cents per kilowatt-hour,million dollars,million kilowatt hours
2023,IA,Iowa,OTH,other,0,0,0,0,number of customers,cents per kilowatt-hour,million dollars,million kilowatt hours
2023,IA,Iowa,RES,residential,1436037,13.31,1940.40889,14581.84499,number of customers,cents per kilowatt-hour,million dollars,million kilowatt hours
2023,IA,Iowa,TRA,transportation,0,0,0,0,number of customers,cents per kilowatt-hour,million dollars,million kilowatt hours
2023,ID,Idaho,ALL,all sectors,996893,9.08,2331.28817,25673.977,number of customers,cents per kilowatt-hour,million dollars,million kilowatt hours
2023,ID,Idaho,COM,commercial,121675,8.78,600.65739,6842.096,number of customers,cents per kilowatt-hour,million dollars,million kilowatt hours
2023,ID,Idaho,IND,industrial,29322,7.17,648.09398,9038.616,number of customers,cents per kilowatt-hour,million dollars,million kilowatt hours
2023,ID,Idaho,OTH,other,0,0,0,0,number of customers,cents per kilowatt-hour,million dollars,million kilowatt hours
2023,ID,Idaho,RES,residential,845896,11.05,1082.5368,9793.265,number of customers,cents per kilowatt-hour,million dollars,million kilowatt hours
2023,ID,Idaho,TRA,transportation,0,0,0,0,number of customers,cents per kilowatt-hour,million dollars,million kilowatt hours
2023,IL,Illinois,ALL,all sectors,6026375,11.75,15341.81237,130578.21703,number of customers,cents per kilowatt-hour,million dollars,million kilowatt hours
2023,IL,Illinois,COM,commercial,626171,11.24,5124.27177,45576.29001,number of customers,cents per kilowatt-hour,million dollars,million kilowatt hours
2023,IL,Illinois,IND,industrial,5541,8.2,3384.83035,41267.424,number of customers,cents per kilowatt-hour,million dollars,million kilowatt hours
2023,IL,Illinois,OTH,other,0,0,0,0,number of customers,cents per kilowatt-hour,million dollars,million kilowatt hours
2023,IL,Illinois,RES,residential,5394659,15.71,6804.07174,43319.74702,number of customers,cents per kilowatt-hour,million dollars,million kilowatt hours
2023,IL,Illinois,TRA,transportation,4,6.9,28.63851,414.756,number of customers,cents per kilowatt-hour,million dollars,million kilowatt hours
2023,IN,Indiana,ALL,all sectors,3409561,11.49,11030.74696,95995.35001,number of customers,cents per kilowatt-hour,million dollars,million kilowatt hours
2023,IN,Indiana,COM,commercial,371773,12.55,2889.443,23016.436,number of customers,cents per kilowatt-hour,million dollars,million kilowatt hours
2023,IN,Indiana,IND,industrial,19291,8.24,3398.55292,41228.69401,number of customers,cents per kilowatt-hour,million dollars,million kilowatt hours
2023,IN,Indiana,OTH,other,0,0,0,0,number of customers,cents per kilowatt-hour,million dollars,million kilowatt hours
2023,IN,Indiana,RES,residential,3018496,14.94,4741.35354,31739.24301,number of customers,cents per kilowatt-hour,million dollars,million kilowatt hours
2023,IN,Indiana,TRA,transportation,1,12.73,1.3975,10.977,number of customers,cents per kilowatt-hour,million dollars,million kilowatt hours
2023,KS,Kansas,ALL,all sectors,1576427,10.8,4434.58097,41052.008,number of customers,cents per kilowatt-hour,million dollars,million kilowatt hours
2023,KS,Kansas,COM,commercial,245544,10.85,1706.89553,15727.254,number of customers,cents per kilowatt-hour,million dollars,million kilowatt hours
2023,KS,Kansas,IND,industrial,24106,7.64,878.74131,11509.32001,number of customers,cents per kilowatt-hour,million dollars,million kilowatt hours
2023,KS,Kansas,OTH,other,0,0,0,0,number of customers,cents per kilowatt-hour,million dollars,million kilowatt hours
2023,KS,Kansas,RES,residential,1306777,13.38,1848.94413,13815.43398,number of customers,cents per kilowatt-hour,million dollars,million kilowatt hours
2023,KS,Kansas,TRA,transportation,0,0,0,0,number of customers,cents per kilowatt-hour,million dollars,million kilowatt hours
2023,KY,Kentucky,ALL,all sectors,2386024,9.96,7095.89886,71223.02101,number of customers,cents per kilowatt-hour,million dollars,million kilowatt hours
2023,KY,Kentucky,COM,commercial,323183,11.38,2196.14258,19303.242,number of customers,cents per kilowatt-hour,million dollars,million kilowatt hours
2023,KY,Kentucky,IND,industrial,5136,6.55,1793.46719,27367.07101,number of customers,cents per kilowatt-hour,million dollars,million kilowatt hours
2023,KY,Kentucky,OTH,other,0,0,0,0,number of customers,cents per kilowatt-hour,million dollars,million kilowatt hours
2023,KY,Kentucky,RES,residential,2057705,12.65,3106.28909,24552.708,number of customers,cents per kilowatt-hour,million dollars,million kilowatt hours
2023,KY,Kentucky,TRA,transportation,0,0,0,0,number of customers,cents per kilowatt-hour,million dollars,million kilowatt hours
2023,LA,Louisiana,ALL,all sectors,2456630,8.91,8493.55638,95374.45701,number of customers,cents per kilowatt-hour,million dollars,million kilowatt hours
2023,LA,Louisiana,COM,commercial,300640,10.45,2481.4043,23743.18101,number of customers,cents per kilowatt-hour,million dollars,million kilowatt hours
2023,LA,Louisiana,IND,industrial,18790,5.88,2344.55809,39874.25101,number of customers,cents per kilowatt-hour,million dollars,million kilowatt hours
2023,LA,Louisiana,OTH,other,0,0,0,0,number of customers,cents per kilowatt-hour,million dollars,million kilowatt hours
2023,LA,Louisiana,RES,residential,2137199,11.55,3666.44349,31746.56999,number of customers,cents per kilowatt-hour,million dollars,million kilowatt hours
2023,LA,Louisiana,TRA,transportation,1,11,1.1505,10.455,number of customers,cents per kilowatt-hour,million dollars,million kilowatt hours
2023,MA,Massachusetts,ALL,all sectors,3340706,23.21,11606.54965,50011.96399,number of customers,cents per kilowatt-hour,million dollars,million kilowatt hours
2023,MA,Massachusetts,COM,commercial,443991,19.62,4763.4807,24275.567,number of customers,cents per kilowatt-hour,million dollars,million kilowatt hours
2023,MA,Massachusetts,IND,industrial,10510,17.88,1089.21894,6091.22601,number of customers,cents per kilowatt-hour,million dollars,million kilowatt hours
2023,MA,Massachusetts,OTH,other,0,0,0,0,number of customers,cents per kilowatt-hour,million dollars,million kilowatt hours
2023,MA,Massachusetts,RES,residential,2886203,29.61,5733.88415,19365.82499,number of customers,cents per kilowatt-hour,million dollars,million kilowatt hours
2023,MA,Massachusetts,TRA,transportation,2,7.15,19.96586,279.346,number of customers,cents per kilowatt-hour,million dollars,million kilowatt hours
2023,MAT,Middle Atlantic,ALL,all sectors,19092885,15.4,53773.56507,349229.86802,number of customers,cents per kilowatt-hour,million dollars,million kilowatt hours
2023,MAT,Middle Atlantic,COM,commercial,2455311,15.32,21951.41073,143307.205,number of customers,cents per kilowatt-hour,million dollars,million kilowatt hours
2023,MAT,Middle Atlantic,IND,industrial,33989,7.91,5655.68859,71544.192,number of customers,cents per kilowatt-hour,million dollars,million kilowatt hours
2023,MAT,Middle Atlantic,OTH,other,0,0,0,0,number of customers,cents per kilowatt-hour,million dollars,million kilowatt hours
2023,MAT,Middle Atlantic,RES,residential,16603564,19.6,25650.41844,130855.77203,number of customers,cents per kilowatt-hour,million dollars,million kilowatt hours
2023,MAT,Middle Atlantic,TRA,transportation,21,14.65,516.04733,3522.699,number of customers,cents per kilowatt-hour,million dollars,million kilowatt hours
2023,MD,Maryland,ALL,all sectors,2702476,14.34,8179.06836,57033.08501,number of customers,cents per kilowatt-hour,million dollars,million kilowatt hours
2023,MD,Maryland,COM,commercial,260822,12.77,3456.45992,27061.701,number of customers,cents per kilowatt-hour,million dollars,million kilowatt hours
2023,MD,Maryland,IND,industrial,9226,9.94,343.63642,3455.59701,number of customers,cents per kilowatt-hour,million dollars,million kilowatt hours
2023,MD,Maryland,OTH,other,0,0,0,0,number of customers,cents per kilowatt-hour,million dollars,million kilowatt hours
2023,MD,Maryland,RES,residential,2432423,16.6,4333.163,26107.722,number of customers,cents per kilowatt-hour,million dollars,million kilowatt hours
2023,MD,Maryland,TRA,transportation,5,11.23,45.80902,408.065,number of customers,cents per kilowatt-hour,million dollars,million kilowatt hours
2023,ME,Maine,ALL,all sectors,842754,20.84,2362.32639,11336.02999,number of customers,cents per kilowatt-hour,million dollars,million kilowatt hours
2023,ME,Maine,COM,commercial,108745,17.88,718.36535,4017.144,number of customers,cents per kilowatt-hour,million dollars,million kilowatt hours
2023,ME,Maine,IND,industrial,2040,12.3,295.18339,2400.20799,number of customers,cents per kilowatt-hour,million dollars,million kilowatt hours
2023,ME,Maine,OTH,other,0,0,0,0,number of customers,cents per kilowatt-hour,million dollars,million kilowatt hours
2023,ME,Maine,RES,residential,731969,27.42,1348.77765,4918.678,number of customers,cents per kilowatt-hour,million dollars,million kilowatt hours
2023,ME,Maine,TRA,transportation,0,0,0,0,number of customers,cents per kilowatt-hour,million dollars,million kilowatt hours
2023,MI,Michigan,ALL,all sectors,5061443,13.68,13351.33201,97588.69001,number of customers,cents per kilowatt-hour,million dollars,million kilowatt hours
2023,MI,Michigan,COM,commercial,559552,13.4,4894.74973,36534.33401,number of customers,cents per kilowatt-hour,million dollars,million kilowatt hours
2023,MI,Michigan,IND,industrial,5589,8.16,2325.53632,28515.18702,number of customers,cents per kilowatt-hour,million dollars,million kilowatt hours
2023,MI,Michigan,OTH,other,0,0,0,0,number of customers,cents per kilowatt-hour,million dollars,million kilowatt hours
2023,MI,Michigan,RES,residential,4496300,18.84,6130.30066,32533.71699,number of customers,cents per kilowatt-hour,million dollars,million kilowatt hours
2023,MI,Michigan,TRA,transportation,2,13.67,.7453,5.452,number of customers,cents per kilowatt-hour,million dollars,million kilowatt hours
2023,MN,Minnesota,ALL,all sectors,2869211,12.21,8087.5669,66215.80005,number of customers,cents per kilowatt-hour,million dollars,million kilowatt hours
2023,MN,Minnesota,COM,commercial,308285,12.39,2800.84338,22613.85603,number of customers,cents per kilowatt-hour,million dollars,million kilowatt hours
2023,MN,Minnesota,IND,industrial,9351,9.2,1892.55601,20560.64001,number of customers,cents per kilowatt-hour,million dollars,million kilowatt hours
2023,MN,Minnesota,OTH,other,0,0,0,0,number of customers,cents per kilowatt-hour,million dollars,million kilowatt hours
2023,MN,Minnesota,RES,residential,2551574,14.73,3391.94052,23023.27501,number of customers,cents per kilowatt-hour,million dollars,million kilowatt hours
2023,MN,Minnesota,TRA,transportation,1,12.35,2.227,18.029,number of customers,cents per kilowatt-hour,million dollars,million kilowatt hours
2023,MO,Missouri,ALL,all sectors,3315356,10.87,8370.20237,76975.79901,number of customers,cents per kilowatt-hour,million dollars,million kilowatt hours
2023,MO,Missouri,COM,commercial,399085,10.14,2958.24919,29174.38201,number of customers,cents per kilowatt-hour,million dollars,million kilowatt hours
2023,MO,Missouri,IND,industrial,9831,7.9,1011.7961,12813.199,number of customers,cents per kilowatt-hour,million dollars,million kilowatt hours
2023,MO,Missouri,OTH,other,0,0,0,0,number of customers,cents per kilowatt-hour,million dollars,million kilowatt hours
2023,MO,Missouri,RES,residential,2906438,12.58,4397.84699,34964.573,number of customers,cents per kilowatt-hour,million dollars,million kilowatt hours
2023,MO,Missouri,TRA,transportation,2,9.77,2.3101,23.645,number of customers,cents per kilowatt-hour,million dollars,million kilowatt hours
2023,MS,Mississippi,ALL,all sectors,1592333,10.95,5301.6192,48421.76201,number of customers,cents per kilowatt-hour,million dollars,million kilowatt hours
2023,MS,Mississippi,COM,commercial,246032,12.37,1760.22519,14230.94401,number of customers,cents per kilowatt-hour,million dollars,million kilowatt hours
2023,MS,Mississippi,IND,industrial,11023,6.96,1088.73501,15646.62801,number of customers,cents per kilowatt-hour,million dollars,million kilowatt hours
2023,MS,Mississippi,OTH,other,0,0,0,0,number of customers,cents per kilowatt-hour,million dollars,million kilowatt hours
2023,MS,Mississippi,RES,residential,1335278,13.23,2452.659,18544.19,number of customers,cents per kilowatt-hour,million dollars,million kilowatt hours
2023,MS,Mississippi,TRA,transportation,0,0,0,0,number of customers,cents per kilowatt-hour,million dollars,million kilowatt hours
2023,MT,Montana,ALL,all sectors,677502,10.97,1700.2173,15504.69901,number of customers,cents per kilowatt-hour,million dollars,million kilowatt hours
2023,MT,Montana,COM,commercial,116235,12.11,612.98155,5063.035,number of customers,cents per kilowatt-hour,million dollars,million kilowatt hours
2023,MT,Montana,IND,industrial,12019,7.8,365.55497,4686.142,number of customers,cents per kilowatt-hour,million dollars,million kilowatt hours
2023,MT,Montana,OTH,other,0,0,0,0,number of customers,cents per kilowatt-hour,million dollars,million kilowatt hours
2023,MT,Montana,RES,residential,549248,12.54,721.68079,5755.52201,number of customers,cents per kilowatt-hour,million dollars,million kilowatt hours
2023,MT,Montana,TRA,transportation,0,0,0,0,number of customers,cents per kilowatt-hour,million dollars,million kilowatt hours
2023,MTN,Mountain,ALL,all sectors,12328725,11.07,33152.31508,299393.79003,number of customers,cents per kilowatt-hour,million dollars,million kilowatt hours
2023,MTN,Mountain,COM,commercial,1502127,10.94,11524.63149,105322.67602,number of customers,cents per kilowatt-hour,million dollars,million kilowatt hours
2023,MTN,Mountain,IND,industrial,100935,7.84,6603.77691,84247.891,number of customers,cents per kilowatt-hour,million dollars,million kilowatt hours
2023,MTN,Mountain,OTH,other,0,0,0,0,number of customers,cents per kilowatt-hour,million dollars,million kilowatt hours
2023,MTN,Mountain,RES,residential,10725657,13.68,15003.41168,109661.70902,number of customers,cents per kilowatt-hour,million dollars,million kilowatt hours
2023,MTN,Mountain,TRA,transportation,6,12.69,20.495,161.514,number of customers,cents per kilowatt-hour,million dollars,million kilowatt hours
2023,NC,North Carolina,ALL,all sectors,5706488,10.61,14124.68208,133091.10797,number of customers,cents per kilowatt-hour,million dollars,million kilowatt hours
2023,NC,North Carolina,COM,commercial,746025,9.67,4662.15741,48196.90599,number of customers,cents per kilowatt-hour,million dollars,million kilowatt hours
2023,NC,North Carolina,IND,industrial,9082,7.15,1868.33719,26143.974,number of customers,cents per kilowatt-hour,million dollars,million kilowatt hours
2023,NC,North Carolina,OTH,other,0,0,0,0,number of customers,cents per kilowatt-hour,million dollars,million kilowatt hours
2023,NC,North Carolina,RES,residential,4951380,12.93,7593.06098,58737.51997,number of customers,cents per kilowatt-hour,million dollars,million kilowatt hours
2023,NC,North Carolina,TRA,transportation,1,8.86,1.1265,12.708,number of customers,cents per kilowatt-hour,million dollars,million kilowatt hours
2023,ND,North Dakota,ALL,all sectors,482330,8.03,2263.48729,28202.179,number of customers,cents per kilowatt-hour,million dollars,million kilowatt hours
2023,ND,North Dakota,COM,commercial,76700,7.38,800.5568,10854.668,number of customers,cents per kilowatt-hour,million dollars,million kilowatt hours
2023,ND,North Dakota,IND,industrial,10628,7.37,905.0732,12280.355,number of customers,cents per kilowatt-hour,million dollars,million kilowatt hours
2023,ND,North Dakota,OTH,other,0,0,0,0,number of customers,cents per kilowatt-hour,million dollars,million kilowatt hours
2023,ND,North Dakota,RES,residential,395002,11.01,557.85729,5067.156,number of customers,cents per kilowatt-hour,million dollars,million kilowatt hours
2023,ND,North Dakota,TRA,transportation,0,0,0,0,number of customers,cents per kilowatt-hour,million dollars,million kilowatt hours
2023,NE,Nebraska,ALL,all sectors,1117487,9.14,3069.59203,33571.19901,number of customers,cents per kilowatt-hour,million dollars,million kilowatt hours
2023,NE,Nebraska,COM,commercial,160540,8.76,986.10078,11260.55401,number of customers,cents per kilowatt-hour,million dollars,million kilowatt hours
2023,NE,Nebraska,IND,industrial,63824,7.63,888.25409,11640.09502,number of customers,cents per kilowatt-hour,million dollars,million kilowatt hours
2023,NE,Nebraska,OTH,other,0,0,0,0,number of customers,cents per kilowatt-hour,million dollars,million kilowatt hours
2023,NE,Nebraska,RES,residential,893123,11.2,1195.23716,10670.54998,number of customers,cents per kilowatt-hour,million dollars,million kilowatt hours
2023,NE,Nebraska,TRA,transportation,0,0,0,0,number of customers,cents per kilowatt-hour,million dollars,million kilowatt hours
2023,NEW,New England,ALL,all sectors,7544279,22.81,25396.37082,111329.29397,number of customers,cents per kilowatt-hour,million dollars,million kilowatt hours
2023,NEW,New England,COM,commercial,943130,19.42,9569.90383,49271.09002,number of customers,cents per kilowatt-hour,million dollars,million kilowatt hours
2023,NEW,New England,IND,industrial,21474,15.81,2356.79976,14909.489,number of customers,cents per kilowatt-hour,million dollars,million kilowatt hours
2023,NEW,New England,OTH,other,0,0,0,0,number of customers,cents per kilowatt-hour,million dollars,million kilowatt hours
2023,NEW,New England,RES,residential,6579669,28.73,13406.62493,46664.25596,number of customers,cents per kilowatt-hour,million dollars,million kilowatt hours
2023,NEW,New England,TRA,transportation,6,13.01,63.0423,484.459,number of customers,cents per kilowatt-hour,million dollars,million kilowatt hours
2023,NH,New Hampshire,ALL,all sectors,761434,22.96,2440.52235,10631.31298,number of customers,cents per kilowatt-hour,million dollars,million kilowatt hours
2023,NH,New Hampshire,COM,commercial,111302,20.4,826.51728,4050.619,number of customers,cents per kilowatt-hour,million dollars,million kilowatt hours
2023,NH,New Hampshire,IND,industrial,3125,15.76,303.53903,1925.716,number of customers,cents per kilowatt-hour,million dollars,million kilowatt hours
2023,NH,New Hampshire,OTH,other,0,0,0,0,number of customers,cents per kilowatt-hour,million dollars,million kilowatt hours
2023,NH,New Hampshire,RES,residential,647007,28.15,1310.46604,4654.97799,number of customers,cents per kilowatt-hour,million dollars,million kilowatt hours
2023,NH,New Hampshire,TRA,transportation,0,0,0,0,number of customers,cents per kilowatt-hour,million dollars,million kilowatt hours
2023,NJ,New Jersey,ALL,all sectors,4253644,15.27,10855.65293,71096.93901,number of customers,cents per kilowatt-hour,million dollars,million kilowatt hours
2023,NJ,New Jersey,COM,commercial,539427,14,5052.05903,36082.758,number of customers,cents per kilowatt-hour,million dollars,million kilowatt hours
2023,NJ,New Jersey,IND,industrial,11246,11.68,727.18075,6223.834,number of customers,cents per kilowatt-hour,million dollars,million kilowatt hours
2023,NJ,New Jersey,OTH,other,0,0,0,0,number of customers,cents per kilowatt-hour,million dollars,million kilowatt hours
2023,NJ,New Jersey,RES,residential,3702963,17.7,5030.51382,28414.87101,number of customers,cents per kilowatt-hour,million dollars,million kilowatt hours
2023,NJ,New Jersey,TRA,transportation,8,12.22,45.89934,375.476,number of customers,cents per kilowatt-hour,million dollars,million kilowatt hours
2023,NM,New Mexico,ALL,all sectors,1085187,9.47,2685.30731,28347.49003,number of customers,cents per kilowatt-hour,million dollars,million kilowatt hours
2023,NM,New Mexico,COM,commercial,147632,10.68,998.7321,9349.407,number of customers,cents per kilowatt-hour,million dollars,million kilowatt hours
2023,NM,New Mexico,IND,industrial,9339,5.75,670.7898,11661.80601,number of customers,cents per kilowatt-hour,million dollars,million kilowatt hours
2023,NM,New Mexico,OTH,other,0,0,0,0,number of customers,cents per kilowatt-hour,million dollars,million kilowatt hours
2023,NM,New Mexico,RES,residential,928216,13.85,1015.7854,7336.27702,number of customers,cents per kilowatt-hour,million dollars,million kilowatt hours
2023,NM,New Mexico,TRA,transportation,0,0,0,0,number of customers,cents per kilowatt-hour,million dollars,million kilowatt hours
2023,NV,Nevada,ALL,all sectors,1467325,13.09,5006.06899,38249.35501,number of customers,cents per kilowatt-hour,million dollars,million kilowatt hours
2023,NV,Nevada,COM,commercial,174042,11.91,1472.65444,12366.84601,number of customers,cents per kilowatt-hour,million dollars,million kilowatt hours
2023,NV,Nevada,IND,industrial,4784,10.36,1280.85615,12366.508,number of customers,cents per kilowatt-hour,million dollars,million kilowatt hours
2023,NV,Nevada,OTH,other,0,0,0,0,number of customers,cents per kilowatt-hour,million dollars,million kilowatt hours
2023,NV,Nevada,RES,residential,1288498,16.67,2251.64251,13508.82,number of customers,cents per kilowatt-hour,million dollars,million kilowatt hours
2023,NV,Nevada,TRA,transportation,1,12.75,.9159,7.181,number of customers,cents per kilowatt-hour,million dollars,million kilowatt hours
2023,NY,New York,ALL,all sectors,8572471,18.28,25482.03481,139421.93598,number of customers,cents per kilowatt-hour,million dollars,million kilowatt hours
2023,NY,New York,COM,commercial,1180841,18.01,12866.33006,71422.18399,number of customers,cents per kilowatt-hour,million dollars,million kilowatt hours
2023,NY,New York,IND,industrial,7178,6.87,1042.21053,15173.53399,number of customers,cents per kilowatt-hour,million dollars,million kilowatt hours
2023,NY,New York,OTH,other,0,0,0,0,number of customers,cents per kilowatt-hour,million dollars,million kilowatt hours
2023,NY,New York,RES,residential,7384444,22.24,11147.68235,50113.25801,number of customers,cents per kilowatt-hour,million dollars,million kilowatt hours
2023,NY,New York,TRA,transportation,8,15.7,425.81188,2712.96,number of customers,cents per kilowatt-hour,million dollars,million kilowatt hours
2023,OH,Ohio,ALL,all sectors,5754829,11.04,16187.37309,146640.98305,number of customers,cents per kilowatt-hour,million dollars,million kilowatt hours
2023,OH,Ohio,COM,commercial,624926,10.75,4984.35283,46351.29101,number of customers,cents per kilowatt-hour,million dollars,million kilowatt hours
2023,OH,Ohio,IND,industrial,19087,7.03,3554.41074,50545.89003,number of customers,cents per kilowatt-hour,million dollars,million kilowatt hours
2023,OH,Ohio,OTH,other,0,0,0,0,number of customers,cents per kilowatt-hour,million dollars,million kilowatt hours
2023,OH,Ohio,RES,residential,5110814,15.38,7646.82157,49713.53801,number of customers,cents per kilowatt-hour,million dollars,million kilowatt hours
2023,OH,Ohio,TRA,transportation,2,5.91,1.78794,30.264,number of customers,cents per kilowatt-hour,million dollars,million kilowatt hours
2023,OK,Oklahoma,ALL,all sectors,2181921,9.3,6415.3255,68978.84001,number of customers,cents per kilowatt-hour,million dollars,million kilowatt hours
2023,OK,Oklahoma,COM,commercial,304896,9.34,2158.26839,23117.48701,number of customers,cents per kilowatt-hour,million dollars,million kilowatt hours
2023,OK,Oklahoma,IND,industrial,19874,6.26,1379.91949,22043.847,number of customers,cents per kilowatt-hour,million dollars,million kilowatt hours
2023,OK,Oklahoma,OTH,other,0,0,0,0,number of customers,cents per kilowatt-hour,million dollars,million kilowatt hours
2023,OK,Oklahoma,RES,residential,1857151,12.08,2877.13762,23817.506,number of customers,cents per kilowatt-hour,million dollars,million kilowatt hours
2023,OK,Oklahoma,TRA,transportation,0,0,0,0,number of customers,cents per kilowatt-hour,million dollars,million kilowatt hours
2023,OR,Oregon,ALL,all sectors,2114640,10.32,5981.53808,57984.962,number of customers,cents per kilowatt-hour,million dollars,million kilowatt hours
2023,OR,Oregon,COM,commercial,244410,9.92,2290.63636,23084.137,number of customers,cents per kilowatt-hour,million dollars,million kilowatt hours
2023,OR,Oregon,IND,industrial,26545,7.52,1085.22123,14433.651,number of customers,cents per kilowatt-hour,million dollars,million kilowatt hours
2023,OR,Oregon,OTH,other,0,0,0,0,number of customers,cents per kilowatt-hour,million dollars,million kilowatt hours
2023,OR,Oregon,RES,residential,1843683,12.73,2603.09789,20444.54399,number of customers,cents per kilowatt-hour,million dollars,million kilowatt hours
2023,OR,Oregon,TRA,transportation,2,11.41,2.5826,22.63,number of customers,cents per kilowatt-hour,million dollars,million kilowatt hours
2023,PA,Pennsylvania,ALL,all sectors,6266770,12.57,17435.87733,138710.99303,number of customers,cents per kilowatt-hour,million dollars,million kilowatt hours
2023,PA,Pennsylvania,COM,commercial,735043,11.26,4033.02164,35802.26301,number of customers,cents per kilowatt-hour,million dollars,million kilowatt hours
2023,PA,Pennsylvania,IND,industrial,15565,7.75,3886.29731,50146.82401,number of customers,cents per kilowatt-hour,million dollars,million kilowatt hours
2023,PA,Pennsylvania,OTH,other,0,0,0,0,number of customers,cents per kilowatt-hour,million dollars,million kilowatt hours
2023,PA,Pennsylvania,RES,residential,5516157,18.1,9472.22227,52327.64301,number of customers,cents per kilowatt-hour,million dollars,million kilowatt hours
2023,PA,Pennsylvania,TRA,transportation,5,10.21,44.33611,434.263,number of customers,cents per kilowatt-hour,million dollars,million kilowatt hours
2023,PACC,Pacific Contiguous,ALL,all sectors,21841349,19.15,74113.86968,387018.044,number of customers,cents per kilowatt-hour,million dollars,million kilowatt hours
2023,PACC,Pacific Contiguous,COM,commercial,2412748,19.42,32309.59855,166389.345,number of customers,cents per kilowatt-hour,million dollars,million kilowatt hours
2023,PACC,Pacific Contiguous,IND,industrial,201091,13.38,10378.93542,77588.67699,number of customers,cents per kilowatt-hour,million dollars,million kilowatt hours
2023,PACC,Pacific Contiguous,OTH,other,0,0,0,0,number of customers,cents per kilowatt-hour,million dollars,million kilowatt hours
2023,PACC,Pacific Contiguous,RES,residential,19227491,22.02,31319.58326,142205.584,number of customers,cents per kilowatt-hour,million dollars,million kilowatt hours
2023,PACC,Pacific Contiguous,TRA,transportation,19,12.67,105.75245,834.43801,number of customers,cents per kilowatt-hour,million dollars,million kilowatt hours
2023,PACN,Pacific Noncontiguous,ALL,all sectors,861282,31.67,4735.44744,14951.85001,number of customers,cents per kilowatt-hour,million dollars,million kilowatt hours
2023,PACN,Pacific Noncontiguous,COM,commercial,116913,30.28,1635.49681,5401.86701,number of customers,cents per kilowatt-hour,million dollars,million kilowatt hours
2023,PACN,Pacific Noncontiguous,IND,industrial,1974,30.55,1468.1771,4806.15501,number of customers,cents per kilowatt-hour,million dollars,million kilowatt hours
2023,PACN,Pacific Noncontiguous,OTH,other,0,0,0,0,number of customers,cents per kilowatt-hour,million dollars,million kilowatt hours
2023,PACN,Pacific Noncontiguous,RES,residential,742395,34.4,1631.77353,4743.828,number of customers,cents per kilowatt-hour,million dollars,million kilowatt hours
2023,PACN,Pacific Noncontiguous,TRA,transportation,0,0,0,0,number of customers,cents per kilowatt-hour,million dollars,million kilowatt hours
2023,RI,Rhode Island,ALL,all sectors,512094,21.62,1578.51275,7300.78799,number of customers,cents per kilowatt-hour,million dollars,million kilowatt hours
2023,RI,Rhode Island,COM,commercial,60297,17.68,645.44602,3650.57399,number of customers,cents per kilowatt-hour,million dollars,million kilowatt hours
2023,RI,Rhode Island,IND,industrial,1606,18.98,119.38257,628.838,number of customers,cents per kilowatt-hour,million dollars,million kilowatt hours
2023,RI,Rhode Island,OTH,other,0,0,0,0,number of customers,cents per kilowatt-hour,million dollars,million kilowatt hours
2023,RI,Rhode Island,RES,residential,450190,27.02,809.1522,2995.162,number of customers,cents per kilowatt-hour,million dollars,million kilowatt hours
2023,RI,Rhode Island,TRA,transportation,1,17.29,4.53196,26.214,number of customers,cents per kilowatt-hour,million dollars,million kilowatt hours
2023,SAT,South Atlantic,ALL,all sectors,34178618,11.88,100963.4023,849645.99999,number of customers,cents per kilowatt-hour,million dollars,million kilowatt hours
2023,SAT,South Atlantic,COM,commercial,4000173,10.82,36932.77899,341272.25801,number of customers,cents per kilowatt-hour,million dollars,million kilowatt hours
2023,SAT,South Atlantic,IND,industrial,88038,7.58,10358.0171,136602.50801,number of customers,cents per kilowatt-hour,million dollars,million kilowatt hours
2023,SAT,South Atlantic,OTH,other,0,0,0,0,number of customers,cents per kilowatt-hour,million dollars,million kilowatt hours
2023,SAT,South Atlantic,RES,residential,30090394,14.45,53552.2041,370594.23797,number of customers,cents per kilowatt-hour,million dollars,million kilowatt hours
2023,SAT,South Atlantic,TRA,transportation,13,10.23,120.40211,1176.996,number of customers,cents per kilowatt-hour,million dollars,million kilowatt hours
2023,SC,South Carolina,ALL,all sectors,2932708,10.5,8523.18071,81202.18501,number of customers,cents per kilowatt-hour,million dollars,million kilowatt hours
2023,SC,South Carolina,COM,commercial,410802,10.39,2618.03592,25193.823,number of customers,cents per kilowatt-hour,million dollars,million kilowatt hours
2023,SC,South Carolina,IND,industrial,3634,6.68,1677.08978,25110.033,number of customers,cents per kilowatt-hour,million dollars,million kilowatt hours
2023,SC,South Carolina,OTH,other,0,0,0,0,number of customers,cents per kilowatt-hour,million dollars,million kilowatt hours
2023,SC,South Carolina,RES,residential,2518272,13.68,4228.055,30898.32901,number of customers,cents per kilowatt-hour,million dollars,million kilowatt hours
2023,SC,South Carolina,TRA,transportation,0,0,0,0,number of customers,cents per kilowatt-hour,million dollars,million kilowatt hours
2023,SD,South Dakota,ALL,all sectors,507833,10.49,1416.28852,13505.999,number of customers,cents per kilowatt-hour,million dollars,million kilowatt hours
2023,SD,South Dakota,COM,commercial,77048,10.16,511.21262,5032.84099,number of customers,cents per kilowatt-hour,million dollars,million kilowatt hours
2023,SD,South Dakota,IND,industrial,4237,8.01,258.5523,3227.33901,number of customers,cents per kilowatt-hour,million dollars,million kilowatt hours
2023,SD,South Dakota,OTH,other,0,0,0,0,number of customers,cents per kilowatt-hour,million dollars,million kilowatt hours
2023,SD,South Dakota,RES,residential,426548,12.32,646.5236,5245.819,number of customers,cents per kilowatt-hour,million dollars,million kilowatt hours
2023,SD,South Dakota,TRA,transportation,0,0,0,0,number of customers,cents per kilowatt-hour,million dollars,million kilowatt hours
2023,TN,Tennessee,ALL,all sectors,3639435,10.69,10588.53801,99046.005,number of customers,cents per kilowatt-hour,million dollars,million kilowatt hours
2023,TN,Tennessee,COM,commercial,531644,11.8,4139.60641,35094.425,number of customers,cents per kilowatt-hour,million dollars,million kilowatt hours
2023,TN,Tennessee,IND,industrial,1013,6.23,1407.56861,22601.013,number of customers,cents per kilowatt-hour,million dollars,million kilowatt hours
2023,TN,Tennessee,OTH,other,0,0,0,0,number of customers,cents per kilowatt-hour,million dollars,million kilowatt hours
2023,TN,Tennessee,RES,residential,3106778,12.19,5041.36299,41350.56699,number of customers,cents per kilowatt-hour,million dollars,million kilowatt hours
2023,TN,Tennessee,TRA,transportation,0,0,0,0,number of customers,cents per kilowatt-hour,million dollars,million kilowatt hours
2023,TX,Texas,ALL,all sectors,14191104,10.04,49471.09981,492820.38499,number of customers,cents per kilowatt-hour,million dollars,million kilowatt hours
2023,TX,Texas,COM,commercial,1589559,8.82,14629.03153,165791.83401,number of customers,cents per kilowatt-hour,million dollars,million kilowatt hours
2023,TX,Texas,IND,industrial,344534,6.6,10440.9178,158248.97799,number of customers,cents per kilowatt-hour,million dollars,million kilowatt hours
2023,TX,Texas,OTH,other,0,0,0,0,number of customers,cents per kilowatt-hour,million dollars,million kilowatt hours
2023,TX,Texas,RES,residential,12257008,14.46,24388.83819,168610.87498,number of customers,cents per kilowatt-hour,million dollars,million kilowatt hours
2023,TX,Texas,TRA,transportation,3,7.3,12.3123,168.698,number of customers,cents per kilowatt-hour,million dollars,million kilowatt hours
2023,US,U.S. Total,ALL,all sectors,161742375,12.68,491370.18394,3874253.3622,number of customers,cents per kilowatt-hour,million dollars,million kilowatt hours
2023,US,U.S. Total,COM,commercial,19381328,12.59,177342.18683,1408108.75515,number of customers,cents per kilowatt-hour,million dollars,million kilowatt hours
2023,US,U.S. Total,IND,industrial,1078249,8.04,81158.78681,1009255.63415,number of customers,cents per kilowatt-hour,million dollars,million kilowatt hours
2023,US,U.S. Total,OTH,other,0,0,0,0,number of customers,cents per kilowatt-hour,million dollars,million kilowatt hours
2023,US,U.S. Total,RES,residential,141282713,16,231992.66597,1450025.18389,number of customers,cents per kilowatt-hour,million dollars,million kilowatt hours
2023,US,U.S. Total,TRA,transportation,85,12.77,876.54433,6863.78901,number of customers,cents per kilowatt-hour,million dollars,million kilowatt hours
2023,UT,Utah,ALL,all sectors,1397331,9.03,3012.47599,33343.53701,number of customers,cents per kilowatt-hour,million dollars,million kilowatt hours
2023,UT,Utah,COM,commercial,142545,8.51,1134.66229,13337.953,number of customers,cents per kilowatt-hour,million dollars,million kilowatt hours
2023,UT,Utah,IND,industrial,10719,6.99,602.61029,8622.963,number of customers,cents per kilowatt-hour,million dollars,million kilowatt hours
2023,UT,Utah,OTH,other,0,0,0,0,number of customers,cents per kilowatt-hour,million dollars,million kilowatt hours
2023,UT,Utah,RES,residential,1244066,11.2,1268.52572,11328.26401,number of customers,cents per kilowatt-hour,million dollars,million kilowatt hours
2023,UT,Utah,TRA,transportation,1,12.28,6.6777,54.357,number of customers,cents per kilowatt-hour,million dollars,million kilowatt hours
2023,VA,Virginia,ALL,all sectors,4061081,10.68,14127.91913,132318.50501,number of customers,cents per kilowatt-hour,million dollars,million kilowatt hours
2023,VA,Virginia,COM,commercial,441468,8.95,6604.43674,73807.03499,number of customers,cents per kilowatt-hour,million dollars,million kilowatt hours
2023,VA,Virginia,IND,industrial,3673,8.92,1353.01359,15176.02202,number of customers,cents per kilowatt-hour,million dollars,million kilowatt hours
2023,VA,Virginia,OTH,other,0,0,0,0,number of customers,cents per kilowatt-hour,million dollars,million kilowatt hours
2023,VA,Virginia,RES,residential,3615939,14.26,6145.51091,43095.83801,number of customers,cents per kilowatt-hour,million dollars,million kilowatt hours
2023,VA,Virginia,TRA,transportation,1,10.42,24.9579,239.61,number of customers,cents per kilowatt-hour,million dollars,million kilowatt hours
2023,VT,Vermont,ALL,all sectors,385147,17.53,940.41311,5364.02301,number of customers,cents per kilowatt-hour,million dollars,million kilowatt hours
2023,VT,Vermont,COM,commercial,62485,18,342.60551,1903.59501,number of customers,cents per kilowatt-hour,million dollars,million kilowatt hours
2023,VT,Vermont,IND,industrial,257,11.27,144.7122,1284.11401,number of customers,cents per kilowatt-hour,million dollars,million kilowatt hours
2023,VT,Vermont,OTH,other,0,0,0,0,number of customers,cents per kilowatt-hour,million dollars,million kilowatt hours
2023,VT,Vermont,RES,residential,322405,20.82,453.0954,2176.314,number of customers,cents per kilowatt-hour,million dollars,million kilowatt hours
2023,VT,Vermont,TRA,transportation,0,0,0,0,number of customers,cents per kilowatt-hour,million dollars,million kilowatt hours
2023,WA,Washington,ALL,all sectors,3747810,9.58,8576.90731,89552.62999,number of customers,cents per kilowatt-hour,million dollars,million kilowatt hours
2023,WA,Washington,COM,commercial,401423,9.92,3012.11509,30369.64199,number of customers,cents per kilowatt-hour,million dollars,million kilowatt hours
2023,WA,Washington,IND,industrial,26546,6.35,1279.33021,20156.469,number of customers,cents per kilowatt-hour,million dollars,million kilowatt hours
2023,WA,Washington,OTH,other,0,0,0,0,number of customers,cents per kilowatt-hour,million dollars,million kilowatt hours
2023,WA,Washington,RES,residential,3319836,10.98,4276.67891,38940.142,number of customers,cents per kilowatt-hour,million dollars,million kilowatt hours
2023,WA,Washington,TRA,transportation,5,10.17,8.7831,86.377,number of customers,cents per kilowatt-hour,million dollars,million kilowatt hours
2023,WI,Wisconsin,ALL,all sectors,3184341,12.72,8719.23328,68563.90399,number of customers,cents per kilowatt-hour,million dollars,million kilowatt hours
2023,WI,Wisconsin,COM,commercial,365168,12.76,2962.53136,23212.82,number of customers,cents per kilowatt-hour,million dollars,million kilowatt hours
2023,WI,Wisconsin,IND,industrial,5591,8.68,2006.87312,23131.084,number of customers,cents per kilowatt-hour,million dollars,million kilowatt hours
2023,WI,Wisconsin,OTH,other,0,0,0,0,number of customers,cents per kilowatt-hour,million dollars,million kilowatt hours
2023,WI,Wisconsin,RES,residential,2813580,16.88,3749.6328,22218.86098,number of customers,cents per kilowatt-hour,million dollars,million kilowatt hours
2023,WI,Wisconsin,TRA,transportation,2,17.21,.196,1.139,number of customers,cents per kilowatt-hour,million dollars,million kilowatt hours
2023,WNC,West North Central,ALL,all sectors,11564664,10.44,32764.10821,313923.24308,number of customers,cents per kilowatt-hour,million dollars,million kilowatt hours
2023,WNC,West North Central,COM,commercial,1517734,10.32,11065.46155,107264.47905,number of customers,cents per kilowatt-hour,million dollars,million kilowatt hours
2023,WNC,West North Central,IND,industrial,131428,7.77,7715.351,99248.43807,number of customers,cents per kilowatt-hour,million dollars,million kilowatt hours
2023,WNC,West North Central,OTH,other,0,0,0,0,number of customers,cents per kilowatt-hour,million dollars,million kilowatt hours
2023,WNC,West North Central,RES,residential,9915499,13.02,13978.75857,107368.65195,number of customers,cents per kilowatt-hour,million dollars,million kilowatt hours
2023,WNC,West North Central,TRA,transportation,3,10.89,4.5371,41.674,number of customers,cents per kilowatt-hour,million dollars,million kilowatt hours
2023,WSC,West South Central,ALL,all sectors,20531597,9.79,69115.9478,705822.98199,number of customers,cents per kilowatt-hour,million dollars,million kilowatt hours
2023,WSC,West South Central,COM,commercial,2400621,9.13,20477.62303,224346.55902,number of customers,cents per kilowatt-hour,million dollars,million kilowatt hours
2023,WSC,West South Central,IND,industrial,419810,6.47,15441.24608,238748.08,number of customers,cents per kilowatt-hour,million dollars,million kilowatt hours
2023,WSC,West South Central,OTH,other,0,0,0,0,number of customers,cents per kilowatt-hour,million dollars,million kilowatt hours
2023,WSC,West South Central,RES,residential,17711160,13.68,33183.5759,242548.92196,number of customers,cents per kilowatt-hour,million dollars,million kilowatt hours
2023,WSC,West South Central,TRA,transportation,6,7.53,13.5028,179.42101,number of customers,cents per kilowatt-hour,million dollars,million kilowatt hours
2023,WV,West Virginia,ALL,all sectors,1026727,10.26,3290.608,32070.68699,number of customers,cents per kilowatt-hour,million dollars,million kilowatt hours
2023,WV,West Virginia,COM,commercial,150864,11.03,791.4958,7173.973,number of customers,cents per kilowatt-hour,million dollars,million kilowatt hours
2023,WV,West Virginia,IND,industrial,11095,7.24,1061.2485,14662.89,number of customers,cents per kilowatt-hour,million dollars,million kilowatt hours
2023,WV,West Virginia,OTH,other,0,0,0,0,number of customers,cents per kilowatt-hour,million dollars,million kilowatt hours
2023,WV,West Virginia,RES,residential,864768,14.05,1437.8637,10233.82399,number of customers,cents per kilowatt-hour,million dollars,million kilowatt hours
2023,WV,West Virginia,TRA,transportation,0,0,0,0,number of customers,cents per kilowatt-hour,million dollars,million kilowatt hours
2023,WY,Wyoming,ALL,all sectors,354100,8.39,1409.44721,16790.115,number of customers,cents per kilowatt-hour,million dollars,million kilowatt hours
2023,WY,Wyoming,COM,commercial,58591,8.94,450.9068,5045.93101,number of customers,cents per kilowatt-hour,million dollars,million kilowatt hours
2023,WY,Wyoming,IND,industrial,11780,7.06,620.64371,8796.321,number of customers,cents per kilowatt-hour,million dollars,million kilowatt hours
2023,WY,Wyoming,OTH,other,0,0,0,0,number of customers,cents per kilowatt-hour,million dollars,million kilowatt hours
2023,WY,Wyoming,RES,residential,283729,11.46,337.8967,2947.863,number of customers,cents per kilowatt-hour,million dollars,million kilowatt hours
2023,WY,Wyoming,TRA,transportation,0,0,0,0,number of customers,cents per kilowatt-hour,million dollars,million kilowatt hours
2022,AK,Alaska,ALL,all sectors,351891,20.73,1243.99548,6002.08,number of customers,cents per kilowatt-hour,million dollars,million kilowatt hours
2022,AK,Alaska,COM,commercial,56372,20.06,516.67817,2575.918,number of customers,cents per kilowatt-hour,million dollars,million kilowatt hours
2022,AK,Alaska,IND,industrial,1149,18.43,253.566,1375.69,number of customers,cents per kilowatt-hour,million dollars,million kilowatt hours
2022,AK,Alaska,OTH,other,0,0,0,0,number of customers,cents per kilowatt-hour,million dollars,million kilowatt hours
2022,AK,Alaska,RES,residential,294370,23.1,473.75132,2050.472,number of customers,cents per kilowatt-hour,million dollars,million kilowatt hours
2022,AK,Alaska,TRA,transportation,0,0,0,0,number of customers,cents per kilowatt-hour,million dollars,million kilowatt hours
2022,AL,Alabama,ALL,all sectors,2717051,11.59,10084.54164,87027.54499,number of customers,cents per kilowatt-hour,million dollars,million kilowatt hours
2022,AL,Alabama,COM,commercial,380269,13.16,2946.4008,22391.06799,number of customers,cents per kilowatt-hour,million dollars,million kilowatt hours
2022,AL,Alabama,IND,industrial,7223,7.72,2447.35262,31712.90401,number of customers,cents per kilowatt-hour,million dollars,million kilowatt hours
2022,AL,Alabama,OTH,other,0,0,0,0,number of customers,cents per kilowatt-hour,million dollars,million kilowatt hours
2022,AL,Alabama,RES,residential,2329559,14.25,4690.78822,32923.57299,number of customers,cents per kilowatt-hour,million dollars,million kilowatt hours
2022,AL,Alabama,TRA,transportation,0,0,0,0,number of customers,cents per kilowatt-hour,million dollars,million kilowatt hours
2022,AR,Arkansas,ALL,all sectors,1684632,9.91,4855.03322,48997.66299,number of customers,cents per kilowatt-hour,million dollars,million kilowatt hours
2022,AR,Arkansas,COM,commercial,203432,10.26,1208.9737,11786.52499,number of customers,cents per kilowatt-hour,million dollars,million kilowatt hours
2022,AR,Arkansas,IND,industrial,35670,7.38,1325.49821,17960.25799,number of customers,cents per kilowatt-hour,million dollars,million kilowatt hours
2022,AR,Arkansas,OTH,other,0,0,0,0,number of customers,cents per kilowatt-hour,million dollars,million kilowatt hours
2022,AR,Arkansas,RES,residential,1445528,12.05,2320.52741,19250.66101,number of customers,cents per kilowatt-hour,million dollars,million kilowatt hours
2022,AR,Arkansas,TRA,transportation,2,15.48,.0339,.219,number of customers,cents per kilowatt-hour,million dollars,million kilowatt hours
2022,AZ,Arizona,ALL,all sectors,3361238,11.31,9524.92778,84196.51702,number of customers,cents per kilowatt-hour,million dollars,million kilowatt hours
2022,AZ,Arizona,COM,commercial,340035,10.8,3403.64871,31507.06999,number of customers,cents per kilowatt-hour,million dollars,million kilowatt hours
2022,AZ,Arizona,IND,industrial,7808,7.86,1125.54009,14311.61002,number of customers,cents per kilowatt-hour,million dollars,million kilowatt hours
2022,AZ,Arizona,OTH,other,0,0,0,0,number of customers,cents per kilowatt-hour,million dollars,million kilowatt hours
2022,AZ,Arizona,RES,residential,3013393,13.02,4994.75748,38367.633,number of customers,cents per kilowatt-hour,million dollars,million kilowatt hours
2022,AZ,Arizona,TRA,transportation,2,9.62,.9815,10.204,number of customers,cents per kilowatt-hour,million dollars,million kilowatt hours
2022,CA,California,ALL,all sectors,15857833,22.33,56243.928,251869.136,number of customers,cents per kilowatt-hour,million dollars,million kilowatt hours
2022,CA,California,COM,commercial,1767719,21.81,24896.33808,114141.384,number of customers,cents per kilowatt-hour,million dollars,million kilowatt hours
2022,CA,California,IND,industrial,147928,17.09,8116.62834,47500.42301,number of customers,cents per kilowatt-hour,million dollars,million kilowatt hours
2022,CA,California,OTH,other,0,0,0,0,number of customers,cents per kilowatt-hour,million dollars,million kilowatt hours
2022,CA,California,RES,residential,13942174,25.84,23136.71764,89542.20798,number of customers,cents per kilowatt-hour,million dollars,million kilowatt hours
2022,CA,California,TRA,transportation,12,13.76,94.24394,685.121,number of customers,cents per kilowatt-hour,million dollars,million kilowatt hours
2022,CO,Colorado,ALL,all sectors,2886495,11.75,6667.38931,56763.04099,number of customers,cents per kilowatt-hour,million dollars,million kilowatt hours
2022,CO,Colorado,COM,commercial,390861,11.58,2439.65571,21059.41898,number of customers,cents per kilowatt-hour,million dollars,million kilowatt hours
2022,CO,Colorado,IND,industrial,15078,8.63,1296.20739,15018.32,number of customers,cents per kilowatt-hour,million dollars,million kilowatt hours
2022,CO,Colorado,OTH,other,0,0,0,0,number of customers,cents per kilowatt-hour,million dollars,million kilowatt hours
2022,CO,Colorado,RES,residential,2480555,14.19,2922.46941,20593.94201,number of customers,cents per kilowatt-hour,million dollars,million kilowatt hours
2022,CO,Colorado,TRA,transportation,1,9.91,9.0568,91.36,number of customers,cents per kilowatt-hour,million dollars,million kilowatt hours
2022,CT,Connecticut,ALL,all sectors,1695980,21.08,5852.19499,27767.146,number of customers,cents per kilowatt-hour,million dollars,million kilowatt hours
2022,CT,Connecticut,COM,commercial,155784,18.54,2155.96913,11625.823,number of customers,cents per kilowatt-hour,million dollars,million kilowatt hours
2022,CT,Connecticut,IND,industrial,3976,15.07,418.99426,2780.106,number of customers,cents per kilowatt-hour,million dollars,million kilowatt hours
2022,CT,Connecticut,OTH,other,0,0,0,0,number of customers,cents per kilowatt-hour,million dollars,million kilowatt hours
2022,CT,Connecticut,RES,residential,1536217,24.61,3246.41752,13190.687,number of customers,cents per kilowatt-hour,million dollars,million kilowatt hours
2022,CT,Connecticut,TRA,transportation,3,18.07,30.81407,170.53,number of customers,cents per kilowatt-hour,million dollars,million kilowatt hours
2022,DC,District of Columbia,ALL,all sectors,333604,14.94,1529.68504,10241.534,number of customers,cents per kilowatt-hour,million dollars,million kilowatt hours
2022,DC,District of Columbia,COM,commercial,27136,15.6,1137.04069,7290.077,number of customers,cents per kilowatt-hour,million dollars,million kilowatt hours
2022,DC,District of Columbia,IND,industrial,1,7.74,14.06141,181.716,number of customers,cents per kilowatt-hour,million dollars,million kilowatt hours
2022,DC,District of Columbia,OTH,other,0,0,0,0,number of customers,cents per kilowatt-hour,million dollars,million kilowatt hours
2022,DC,District of Columbia,RES,residential,306464,14.18,357.26447,2519.079,number of customers,cents per kilowatt-hour,million dollars,million kilowatt hours
2022,DC,District of Columbia,TRA,transportation,3,8.5,21.31848,250.662,number of customers,cents per kilowatt-hour,million dollars,million kilowatt hours
2022,DE,Delaware,ALL,all sectors,521514,11.83,1364.9825,11539.27099,number of customers,cents per kilowatt-hour,million dollars,million kilowatt hours
2022,DE,Delaware,COM,commercial,59162,10.98,472.12694,4298.80599,number of customers,cents per kilowatt-hour,million dollars,million kilowatt hours
2022,DE,Delaware,IND,industrial,868,8.79,178.55342,2030.396,number of customers,cents per kilowatt-hour,million dollars,million kilowatt hours
2022,DE,Delaware,OTH,other,0,0,0,0,number of customers,cents per kilowatt-hour,million dollars,million kilowatt hours
2022,DE,Delaware,RES,residential,461484,13.71,714.30214,5210.069,number of customers,cents per kilowatt-hour,million dollars,million kilowatt hours
2022,DE,Delaware,TRA,transportation,0,0,0,0,number of customers,cents per kilowatt-hour,million dollars,million kilowatt hours
2022,ENC,East North Central,ALL,all sectors,23320446,11.77,65433.20059,555930.861,number of customers,cents per kilowatt-hour,million dollars,million kilowatt hours
2022,ENC,East North Central,COM,commercial,2556100,11.61,20574.79309,177245.43696,number of customers,cents per kilowatt-hour,million dollars,million kilowatt hours
2022,ENC,East North Central,IND,industrial,55261,8.24,15360.24782,186405.913,number of customers,cents per kilowatt-hour,million dollars,million kilowatt hours
2022,ENC,East North Central,OTH,other,0,0,0,0,number of customers,cents per kilowatt-hour,million dollars,million kilowatt hours
2022,ENC,East North Central,RES,residential,20709073,15.36,29460.12357,191772.80804,number of customers,cents per kilowatt-hour,million dollars,million kilowatt hours
2022,ENC,East North Central,TRA,transportation,12,7.51,38.03611,506.703,number of customers,cents per kilowatt-hour,million dollars,million kilowatt hours
2022,ESC,East South Central,ALL,all sectors,10259290,10.91,34205.03761,313457.87099,number of customers,cents per kilowatt-hour,million dollars,million kilowatt hours
2022,ESC,East South Central,COM,commercial,1472328,12.21,11213.8255,91874.15799,number of customers,cents per kilowatt-hour,million dollars,million kilowatt hours
2022,ESC,East South Central,IND,industrial,24576,7.2,7146.20261,99298.09002,number of customers,cents per kilowatt-hour,million dollars,million kilowatt hours
2022,ESC,East South Central,OTH,other,0,0,0,0,number of customers,cents per kilowatt-hour,million dollars,million kilowatt hours
2022,ESC,East South Central,RES,residential,8762386,12.96,15845.0095,122285.62299,number of customers,cents per kilowatt-hour,million dollars,million kilowatt hours
2022,ESC,East South Central,TRA,transportation,0,0,0,0,number of customers,cents per kilowatt-hour,million dollars,million kilowatt hours
2022,FL,Florida,ALL,all sectors,11372598,12.51,31129.14852,248820.80301,number of customers,cents per kilowatt-hour,million dollars,million kilowatt hours
2022,FL,Florida,COM,commercial,1282170,11.19,10842.31981,96864.074,number of customers,cents per kilowatt-hour,million dollars,million kilowatt hours
2022,FL,Florida,IND,industrial,23673,9.16,1614.81059,17635.655,number of customers,cents per kilowatt-hour,million dollars,million kilowatt hours
2022,FL,Florida,OTH,other,0,0,0,0,number of customers,cents per kilowatt-hour,million dollars,million kilowatt hours
2022,FL,Florida,RES,residential,10066753,13.9,18664.36352,134245.97501,number of customers,cents per kilowatt-hour,million dollars,million kilowatt hours
2022,FL,Florida,TRA,transportation,2,10.19,7.6546,75.099,number of customers,cents per kilowatt-hour,million dollars,million kilowatt hours
2022,GA,Georgia,ALL,all sectors,5280612,12,17406.35798,145035.20397,number of customers,cents per kilowatt-hour,million dollars,million kilowatt hours
2022,GA,Georgia,COM,commercial,607578,12.1,5995.22388,49540.77399,number of customers,cents per kilowatt-hour,million dollars,million kilowatt hours
2022,GA,Georgia,IND,industrial,24135,8.65,2959.8502,34210.49798,number of customers,cents per kilowatt-hour,million dollars,million kilowatt hours
2022,GA,Georgia,OTH,other,0,0,0,0,number of customers,cents per kilowatt-hour,million dollars,million kilowatt hours
2022,GA,Georgia,RES,residential,4648898,13.8,8437.8837,61140.241,number of customers,cents per kilowatt-hour,million dollars,million kilowatt hours
2022,GA,Georgia,TRA,transportation,1,9.33,13.4002,143.691,number of customers,cents per kilowatt-hour,million dollars,million kilowatt hours
2022,HI,Hawaii,ALL,all sectors,505812,39.72,3590.3493,9039.11501,number of customers,cents per kilowatt-hour,million dollars,million kilowatt hours
2022,HI,Hawaii,COM,commercial,60136,40.18,1140.2127,2837.85,number of customers,cents per kilowatt-hour,million dollars,million kilowatt hours
2022,HI,Hawaii,IND,industrial,822,36.71,1267.5776,3452.786,number of customers,cents per kilowatt-hour,million dollars,million kilowatt hours
2022,HI,Hawaii,OTH,other,0,0,0,0,number of customers,cents per kilowatt-hour,million dollars,million kilowatt hours
2022,HI,Hawaii,RES,residential,444854,43.03,1182.55901,2748.47901,number of customers,cents per kilowatt-hour,million dollars,million kilowatt hours
2022,HI,Hawaii,TRA,transportation,0,0,0,0,number of customers,cents per kilowatt-hour,million dollars,million kilowatt hours
2022,IA,Iowa,ALL,all sectors,1680950,9.57,5187.40752,54203.95499,number of customers,cents per kilowatt-hour,million dollars,million kilowatt hours
2022,IA,Iowa,COM,commercial,245328,10.55,1315.54707,12470.07199,number of customers,cents per kilowatt-hour,million dollars,million kilowatt hours
2022,IA,Iowa,IND,industrial,9458,7.06,1874.71476,26541.02399,number of customers,cents per kilowatt-hour,million dollars,million kilowatt hours
2022,IA,Iowa,OTH,other,0,0,0,0,number of customers,cents per kilowatt-hour,million dollars,million kilowatt hours
2022,IA,Iowa,RES,residential,1426164,13.15,1997.14569,15192.859,number of customers,cents per kilowatt-hour,million dollars,million kilowatt hours
2022,IA,Iowa,TRA,transportation,0,0,0,0,number of customers,cents per kilowatt-hour,million dollars,million kilowatt hours
2022,ID,Idaho,ALL,all sectors,975172,8.51,2229.65828,26201.131,number of customers,cents per kilowatt-hour,million dollars,million kilowatt hours
2022,ID,Idaho,COM,commercial,119688,8.27,565.30358,6836.725,number of customers,cents per kilowatt-hour,million dollars,million kilowatt hours
2022,ID,Idaho,IND,industrial,29155,6.71,630.77129,9400.753,number of customers,cents per kilowatt-hour,million dollars,million kilowatt hours
2022,ID,Idaho,OTH,other,0,0,0,0,number of customers,cents per kilowatt-hour,million dollars,million kilowatt hours
2022,ID,Idaho,RES,residential,826329,10.37,1033.5834,9963.65301,number of customers,cents per kilowatt-hour,million dollars,million kilowatt hours
2022,ID,Idaho,TRA,transportation,0,0,0,0,number of customers,cents per kilowatt-hour,million dollars,million kilowatt hours
2022,IL,Illinois,ALL,all sectors,6018235,11.94,16223.47716,135871.58,number of customers,cents per kilowatt-hour,million dollars,million kilowatt hours
2022,IL,Illinois,COM,commercial,636011,11.32,5332.07726,47119.806,number of customers,cents per kilowatt-hour,million dollars,million kilowatt hours
2022,IL,Illinois,IND,industrial,5486,8.57,3584.54791,41817.849,number of customers,cents per kilowatt-hour,million dollars,million kilowatt hours
2022,IL,Illinois,OTH,other,0,0,0,0,number of customers,cents per kilowatt-hour,million dollars,million kilowatt hours
2022,IL,Illinois,RES,residential,5376734,15.65,7274.06924,46479.195,number of customers,cents per kilowatt-hour,million dollars,million kilowatt hours
2022,IL,Illinois,TRA,transportation,4,7.21,32.78275,454.73,number of customers,cents per kilowatt-hour,million dollars,million kilowatt hours
2022,IN,Indiana,ALL,all sectors,3377688,11.66,11665.97782,100044.36496,number of customers,cents per kilowatt-hour,million dollars,million kilowatt hours
2022,IN,Indiana,COM,commercial,370420,12.86,3020.29411,23493.75897,number of customers,cents per kilowatt-hour,million dollars,million kilowatt hours
2022,IN,Indiana,IND,industrial,19116,8.65,3673.8944,42479.59,number of customers,cents per kilowatt-hour,million dollars,million kilowatt hours
2022,IN,Indiana,OTH,other,0,0,0,0,number of customers,cents per kilowatt-hour,million dollars,million kilowatt hours
2022,IN,Indiana,RES,residential,2988151,14.59,4970.15831,34058.49798,number of customers,cents per kilowatt-hour,million dollars,million kilowatt hours
2022,IN,Indiana,TRA,transportation,1,13.03,1.631,12.518,number of customers,cents per kilowatt-hour,million dollars,million kilowatt hours
2022,KS,Kansas,ALL,all sectors,1567086,11.47,4811.66479,41961.06503,number of customers,cents per kilowatt-hour,million dollars,million kilowatt hours
2022,KS,Kansas,COM,commercial,245577,11.51,1816.66907,15781.38399,number of customers,cents per kilowatt-hour,million dollars,million kilowatt hours
2022,KS,Kansas,IND,industrial,24109,8.3,974.21831,11736.15902,number of customers,cents per kilowatt-hour,million dollars,million kilowatt hours
2022,KS,Kansas,OTH,other,0,0,0,0,number of customers,cents per kilowatt-hour,million dollars,million kilowatt hours
2022,KS,Kansas,RES,residential,1297400,13.99,2020.77741,14443.52202,number of customers,cents per kilowatt-hour,million dollars,million kilowatt hours
2022,KS,Kansas,TRA,transportation,0,0,0,0,number of customers,cents per kilowatt-hour,million dollars,million kilowatt hours
2022,KY,Kentucky,ALL,all sectors,2369187,10.51,7919.66778,75338.74199,number of customers,cents per kilowatt-hour,million dollars,million kilowatt hours
2022,KY,Kentucky,COM,commercial,318516,11.78,2317.8411,19674.006,number of customers,cents per kilowatt-hour,million dollars,million kilowatt hours
2022,KY,Kentucky,IND,industrial,5419,7.41,2135.73039,28824.55,number of customers,cents per kilowatt-hour,million dollars,million kilowatt hours
2022,KY,Kentucky,OTH,other,0,0,0,0,number of customers,cents per kilowatt-hour,million dollars,million kilowatt hours
2022,KY,Kentucky,RES,residential,2045252,12.91,3466.09629,26840.18599,number of customers,cents per kilowatt-hour,million dollars,million kilowatt hours
2022,KY,Kentucky,TRA,transportation,0,0,0,0,number of customers,cents per kilowatt-hour,million dollars,million kilowatt hours
2022,LA,Louisiana,ALL,all sectors,2447545,10.41,9904.9001,95138.99799,number of customers,cents per kilowatt-hour,million dollars,million kilowatt hours
2022,LA,Louisiana,COM,commercial,299424,11.93,2809.13569,23540.241,number of customers,cents per kilowatt-hour,million dollars,million kilowatt hours
2022,LA,Louisiana,IND,industrial,19695,7.54,3027.4393,40143.868,number of customers,cents per kilowatt-hour,million dollars,million kilowatt hours
2022,LA,Louisiana,OTH,other,0,0,0,0,number of customers,cents per kilowatt-hour,million dollars,million kilowatt hours
2022,LA,Louisiana,RES,residential,2128425,12.93,4067.05801,31444.70799,number of customers,cents per kilowatt-hour,million dollars,million kilowatt hours
2022,LA,Louisiana,TRA,transportation,1,12.45,1.2671,10.181,number of customers,cents per kilowatt-hour,million dollars,million kilowatt hours
2022,MA,Massachusetts,ALL,all sectors,3334630,21.27,10843.13192,50983.44001,number of customers,cents per kilowatt-hour,million dollars,million kilowatt hours
2022,MA,Massachusetts,COM,commercial,435521,18.67,4562.46317,24443.65901,number of customers,cents per kilowatt-hour,million dollars,million kilowatt hours
2022,MA,Massachusetts,IND,industrial,10524,17.06,1063.20091,6233.832,number of customers,cents per kilowatt-hour,million dollars,million kilowatt hours
2022,MA,Massachusetts,OTH,other,0,0,0,0,number of customers,cents per kilowatt-hour,million dollars,million kilowatt hours
2022,MA,Massachusetts,RES,residential,2888583,25.97,5196.28814,20006.891,number of customers,cents per kilowatt-hour,million dollars,million kilowatt hours
2022,MA,Massachusetts,TRA,transportation,2,7.08,21.17971,299.058,number of customers,cents per kilowatt-hour,million dollars,million kilowatt hours
2022,MAT,Middle Atlantic,ALL,all sectors,18990507,15.02,54475.93428,362697.84413,number of customers,cents per kilowatt-hour,million dollars,million kilowatt hours
2022,MAT,Middle Atlantic,COM,commercial,2430244,15.17,22266.26918,146798.67299,number of customers,cents per kilowatt-hour,million dollars,million kilowatt hours
2022,MAT,Middle Atlantic,IND,industrial,34111,8.42,6218.29187,73814.39199,number of customers,cents per kilowatt-hour,million dollars,million kilowatt hours
2022,MAT,Middle Atlantic,OTH,other,0,0,0,0,number of customers,cents per kilowatt-hour,million dollars,million kilowatt hours
2022,MAT,Middle Atlantic,RES,residential,16526130,18.43,25557.70951,138702.82314,number of customers,cents per kilowatt-hour,million dollars,million kilowatt hours
2022,MAT,Middle Atlantic,TRA,transportation,22,12.82,433.66372,3381.956,number of customers,cents per kilowatt-hour,million dollars,million kilowatt hours
2022,MD,Maryland,ALL,all sectors,2685615,13.32,7950.26293,59682.71902,number of customers,cents per kilowatt-hour,million dollars,million kilowatt hours
2022,MD,Maryland,COM,commercial,260799,12.65,3494.86218,27623.35801,number of customers,cents per kilowatt-hour,million dollars,million kilowatt hours
2022,MD,Maryland,IND,industrial,9156,10.01,360.41862,3601.623,number of customers,cents per kilowatt-hour,million dollars,million kilowatt hours
2022,MD,Maryland,OTH,other,0,0,0,0,number of customers,cents per kilowatt-hour,million dollars,million kilowatt hours
2022,MD,Maryland,RES,residential,2415655,14.46,4057.91248,28065.37901,number of customers,cents per kilowatt-hour,million dollars,million kilowatt hours
2022,MD,Maryland,TRA,transportation,5,9.45,37.06964,392.359,number of customers,cents per kilowatt-hour,million dollars,million kilowatt hours
2022,ME,Maine,ALL,all sectors,836419,17.44,2071.56609,11875.708,number of customers,cents per kilowatt-hour,million dollars,million kilowatt hours
2022,ME,Maine,COM,commercial,106211,15.4,636.08072,4129.399,number of customers,cents per kilowatt-hour,million dollars,million kilowatt hours
2022,ME,Maine,IND,industrial,2155,11.03,292.94556,2655.435,number of customers,cents per kilowatt-hour,million dollars,million kilowatt hours
2022,ME,Maine,OTH,other,0,0,0,0,number of customers,cents per kilowatt-hour,million dollars,million kilowatt hours
2022,ME,Maine,RES,residential,728053,22.44,1142.53981,5090.87401,number of customers,cents per kilowatt-hour,million dollars,million kilowatt hours
2022,ME,Maine,TRA,transportation,0,0,0,0,number of customers,cents per kilowatt-hour,million dollars,million kilowatt hours
2022,MI,Michigan,ALL,all sectors,5035495,13.2,13286.35509,100639.26202,number of customers,cents per kilowatt-hour,million dollars,million kilowatt hours
2022,MI,Michigan,COM,commercial,554487,12.55,4657.58468,37114.401,number of customers,cents per kilowatt-hour,million dollars,million kilowatt hours
2022,MI,Michigan,IND,industrial,5689,8.33,2372.26562,28485.57001,number of customers,cents per kilowatt-hour,million dollars,million kilowatt hours
2022,MI,Michigan,OTH,other,0,0,0,0,number of customers,cents per kilowatt-hour,million dollars,million kilowatt hours
2022,MI,Michigan,RES,residential,4475317,17.86,6255.97109,35034.97101,number of customers,cents per kilowatt-hour,million dollars,million kilowatt hours
2022,MI,Michigan,TRA,transportation,2,12.35,.5337,4.32,number of customers,cents per kilowatt-hour,million dollars,million kilowatt hours
2022,MN,Minnesota,ALL,all sectors,2840595,12.04,8022.983,66635.43002,number of customers,cents per kilowatt-hour,million dollars,million kilowatt hours
2022,MN,Minnesota,COM,commercial,308250,12.3,2773.15806,22548.588,number of customers,cents per kilowatt-hour,million dollars,million kilowatt hours
2022,MN,Minnesota,IND,industrial,9234,9.25,1911.00321,20648.58801,number of customers,cents per kilowatt-hour,million dollars,million kilowatt hours
2022,MN,Minnesota,OTH,other,0,0,0,0,number of customers,cents per kilowatt-hour,million dollars,million kilowatt hours
2022,MN,Minnesota,RES,residential,2523110,14.25,3336.37153,23418.31302,number of customers,cents per kilowatt-hour,million dollars,million kilowatt hours
2022,MN,Minnesota,TRA,transportation,1,12.29,2.4502,19.941,number of customers,cents per kilowatt-hour,million dollars,million kilowatt hours
2022,MO,Missouri,ALL,all sectors,3290950,10.26,8237.25035,80306.26002,number of customers,cents per kilowatt-hour,million dollars,million kilowatt hours
2022,MO,Missouri,COM,commercial,398806,9.55,2845.81512,29790.51998,number of customers,cents per kilowatt-hour,million dollars,million kilowatt hours
2022,MO,Missouri,IND,industrial,9883,7.67,1015.28491,13245.66201,number of customers,cents per kilowatt-hour,million dollars,million kilowatt hours
2022,MO,Missouri,OTH,other,0,0,0,0,number of customers,cents per kilowatt-hour,million dollars,million kilowatt hours
2022,MO,Missouri,RES,residential,2882259,11.74,4373.89843,37244.97003,number of customers,cents per kilowatt-hour,million dollars,million kilowatt hours
2022,MO,Missouri,TRA,transportation,2,8.97,2.2519,25.108,number of customers,cents per kilowatt-hour,million dollars,million kilowatt hours
2022,MS,Mississippi,ALL,all sectors,1585347,10.36,5076.49581,48979.533,number of customers,cents per kilowatt-hour,million dollars,million kilowatt hours
2022,MS,Mississippi,COM,commercial,245252,11.76,1656.4411,14089.632,number of customers,cents per kilowatt-hour,million dollars,million kilowatt hours
2022,MS,Mississippi,IND,industrial,10911,6.71,1071.4245,15972.02401,number of customers,cents per kilowatt-hour,million dollars,million kilowatt hours
2022,MS,Mississippi,OTH,other,0,0,0,0,number of customers,cents per kilowatt-hour,million dollars,million kilowatt hours
2022,MS,Mississippi,RES,residential,1329184,12.41,2348.63021,18917.877,number of customers,cents per kilowatt-hour,million dollars,million kilowatt hours
2022,MS,Mississippi,TRA,transportation,0,0,0,0,number of customers,cents per kilowatt-hour,million dollars,million kilowatt hours
2022,MT,Montana,ALL,all sectors,667307,9.97,1553.46976,15583.78301,number of customers,cents per kilowatt-hour,million dollars,million kilowatt hours
2022,MT,Montana,COM,commercial,114645,10.68,535.93613,5019.65899,number of customers,cents per kilowatt-hour,million dollars,million kilowatt hours
2022,MT,Montana,IND,industrial,11917,7.49,349.56584,4669.62501,number of customers,cents per kilowatt-hour,million dollars,million kilowatt hours
2022,MT,Montana,OTH,other,0,0,0,0,number of customers,cents per kilowatt-hour,million dollars,million kilowatt hours
2022,MT,Montana,RES,residential,540745,11.33,667.96779,5894.49901,number of customers,cents per kilowatt-hour,million dollars,million kilowatt hours
2022,MT,Montana,TRA,transportation,0,0,0,0,number of customers,cents per kilowatt-hour,million dollars,million kilowatt hours
2022,MTN,Mountain,ALL,all sectors,12126860,10.46,31295.74177,299085.58699,number of customers,cents per kilowatt-hour,million dollars,million kilowatt hours
2022,MTN,Mountain,COM,commercial,1486495,10.38,10635.47109,102415.89995,number of customers,cents per kilowatt-hour,million dollars,million kilowatt hours
2022,MTN,Mountain,IND,industrial,98732,7.56,6481.54248,85753.10601,number of customers,cents per kilowatt-hour,million dollars,million kilowatt hours
2022,MTN,Mountain,OTH,other,0,0,0,0,number of customers,cents per kilowatt-hour,million dollars,million kilowatt hours
2022,MTN,Mountain,RES,residential,10541628,12.79,14162.29761,110761.83702,number of customers,cents per kilowatt-hour,million dollars,million kilowatt hours
2022,MTN,Mountain,TRA,transportation,5,10.62,16.4306,154.744,number of customers,cents per kilowatt-hour,million dollars,million kilowatt hours
2022,NC,North Carolina,ALL,all sectors,5604341,9.6,13363.38758,139206.76104,number of customers,cents per kilowatt-hour,million dollars,million kilowatt hours
2022,NC,North Carolina,COM,commercial,739530,8.75,4307.7223,49228.797,number of customers,cents per kilowatt-hour,million dollars,million kilowatt hours
2022,NC,North Carolina,IND,industrial,9152,6.54,1801.07799,27519.33001,number of customers,cents per kilowatt-hour,million dollars,million kilowatt hours
2022,NC,North Carolina,OTH,other,0,0,0,0,number of customers,cents per kilowatt-hour,million dollars,million kilowatt hours
2022,NC,North Carolina,RES,residential,4855658,11.62,7253.47009,62443.95303,number of customers,cents per kilowatt-hour,million dollars,million kilowatt hours
2022,NC,North Carolina,TRA,transportation,1,7.61,1.1172,14.681,number of customers,cents per kilowatt-hour,million dollars,million kilowatt hours
2022,ND,North Dakota,ALL,all sectors,478412,8.42,2139.3104,25392.877,number of customers,cents per kilowatt-hour,million dollars,million kilowatt hours
2022,ND,North Dakota,COM,commercial,76800,8.45,709.48722,8392.425,number of customers,cents per kilowatt-hour,million dollars,million kilowatt hours
2022,ND,North Dakota,IND,industrial,9142,7.28,854.28259,11728.548,number of customers,cents per kilowatt-hour,million dollars,million kilowatt hours
2022,ND,North Dakota,OTH,other,0,0,0,0,number of customers,cents per kilowatt-hour,million dollars,million kilowatt hours
2022,ND,North Dakota,RES,residential,392470,10.92,575.5406,5271.904,number of customers,cents per kilowatt-hour,million dollars,million kilowatt hours
2022,ND,North Dakota,TRA,transportation,0,0,0,0,number of customers,cents per kilowatt-hour,million dollars,million kilowatt hours
2022,NE,Nebraska,ALL,all sectors,1099867,8.83,2989.15213,33844.10502,number of customers,cents per kilowatt-hour,million dollars,million kilowatt hours
2022,NE,Nebraska,COM,commercial,158569,8.82,848.4204,9618.75501,number of customers,cents per kilowatt-hour,million dollars,million kilowatt hours
2022,NE,Nebraska,IND,industrial,63679,7.21,955.19933,13241.701,number of customers,cents per kilowatt-hour,million dollars,million kilowatt hours
2022,NE,Nebraska,OTH,other,0,0,0,0,number of customers,cents per kilowatt-hour,million dollars,million kilowatt hours
2022,NE,Nebraska,RES,residential,877619,10.79,1185.5324,10983.64901,number of customers,cents per kilowatt-hour,million dollars,million kilowatt hours
2022,NE,Nebraska,TRA,transportation,0,0,0,0,number of customers,cents per kilowatt-hour,million dollars,million kilowatt hours
2022,NEW,New England,ALL,all sectors,7516612,20.47,23437.79953,114491.17902,number of customers,cents per kilowatt-hour,million dollars,million kilowatt hours
2022,NEW,New England,COM,commercial,930147,18.13,9057.13556,49945.514,number of customers,cents per kilowatt-hour,million dollars,million kilowatt hours
2022,NEW,New England,IND,industrial,21703,15.02,2344.04146,15601.328,number of customers,cents per kilowatt-hour,million dollars,million kilowatt hours
2022,NEW,New England,OTH,other,0,0,0,0,number of customers,cents per kilowatt-hour,million dollars,million kilowatt hours
2022,NEW,New England,RES,residential,6564756,24.73,11980.60419,48451.78002,number of customers,cents per kilowatt-hour,million dollars,million kilowatt hours
2022,NEW,New England,TRA,transportation,6,11.37,56.01831,492.557,number of customers,cents per kilowatt-hour,million dollars,million kilowatt hours
2022,NH,New Hampshire,ALL,all sectors,756952,21.07,2279.09119,10818.13,number of customers,cents per kilowatt-hour,million dollars,million kilowatt hours
2022,NH,New Hampshire,COM,commercial,110915,18.69,763.43389,4084.62499,number of customers,cents per kilowatt-hour,million dollars,million kilowatt hours
2022,NH,New Hampshire,IND,industrial,3167,15.15,291.57262,1925.183,number of customers,cents per kilowatt-hour,million dollars,million kilowatt hours
2022,NH,New Hampshire,OTH,other,0,0,0,0,number of customers,cents per kilowatt-hour,million dollars,million kilowatt hours
2022,NH,New Hampshire,RES,residential,642870,25.46,1224.08468,4808.32201,number of customers,cents per kilowatt-hour,million dollars,million kilowatt hours
2022,NH,New Hampshire,TRA,transportation,0,0,0,0,number of customers,cents per kilowatt-hour,million dollars,million kilowatt hours
2022,NJ,New Jersey,ALL,all sectors,4219841,14.8,11020.87811,74442.735,number of customers,cents per kilowatt-hour,million dollars,million kilowatt hours
2022,NJ,New Jersey,COM,commercial,532838,13.75,5138.26916,37374.037,number of customers,cents per kilowatt-hour,million dollars,million kilowatt hours
2022,NJ,New Jersey,IND,industrial,11427,12.12,818.45395,6753.84399,number of customers,cents per kilowatt-hour,million dollars,million kilowatt hours
2022,NJ,New Jersey,OTH,other,0,0,0,0,number of customers,cents per kilowatt-hour,million dollars,million kilowatt hours
2022,NJ,New Jersey,RES,residential,3675569,16.74,5031.55668,30062.192,number of customers,cents per kilowatt-hour,million dollars,million kilowatt hours
2022,NJ,New Jersey,TRA,transportation,7,12.9,32.59832,252.662,number of customers,cents per kilowatt-hour,million dollars,million kilowatt hours
2022,NM,New Mexico,ALL,all sectors,1077529,10.02,2721.63962,27156.17798,number of customers,cents per kilowatt-hour,million dollars,million kilowatt hours
2022,NM,New Mexico,COM,commercial,147142,11.07,1006.03681,9084.02199,number of customers,cents per kilowatt-hour,million dollars,million kilowatt hours
2022,NM,New Mexico,IND,industrial,9278,6.56,707.4213,10789.51999,number of customers,cents per kilowatt-hour,million dollars,million kilowatt hours
2022,NM,New Mexico,OTH,other,0,0,0,0,number of customers,cents per kilowatt-hour,million dollars,million kilowatt hours
2022,NM,New Mexico,RES,residential,921109,13.84,1008.18151,7282.636,number of customers,cents per kilowatt-hour,million dollars,million kilowatt hours
2022,NM,New Mexico,TRA,transportation,0,0,0,0,number of customers,cents per kilowatt-hour,million dollars,million kilowatt hours
2022,NV,Nevada,ALL,all sectors,1447299,10.94,4301.69359,39320.007,number of customers,cents per kilowatt-hour,million dollars,million kilowatt hours
2022,NV,Nevada,COM,commercial,173757,10.14,1260.72261,12427.663,number of customers,cents per kilowatt-hour,million dollars,million kilowatt hours
2022,NV,Nevada,IND,industrial,3386,8.5,1068.73047,12578.639,number of customers,cents per kilowatt-hour,million dollars,million kilowatt hours
2022,NV,Nevada,OTH,other,0,0,0,0,number of customers,cents per kilowatt-hour,million dollars,million kilowatt hours
2022,NV,Nevada,RES,residential,1270155,13.78,1971.54191,14306.529,number of customers,cents per kilowatt-hour,million dollars,million kilowatt hours
2022,NV,Nevada,TRA,transportation,1,9.74,.6986,7.176,number of customers,cents per kilowatt-hour,million dollars,million kilowatt hours
2022,NY,New York,ALL,all sectors,8520551,18.33,26245.82238,143210.51698,number of customers,cents per kilowatt-hour,million dollars,million kilowatt hours
2022,NY,New York,COM,commercial,1166974,18.19,13132.99129,72205.589,number of customers,cents per kilowatt-hour,million dollars,million kilowatt hours
2022,NY,New York,IND,industrial,7333,7.55,1221.47162,16177.769,number of customers,cents per kilowatt-hour,million dollars,million kilowatt hours
2022,NY,New York,OTH,other,0,0,0,0,number of customers,cents per kilowatt-hour,million dollars,million kilowatt hours
2022,NY,New York,RES,residential,7346236,22.08,11531.65181,52227.41299,number of customers,cents per kilowatt-hour,million dollars,million kilowatt hours
2022,NY,New York,TRA,transportation,8,13.84,359.70766,2599.746,number of customers,cents per kilowatt-hour,million dollars,million kilowatt hours
2022,OH,Ohio,ALL,all sectors,5733465,10.64,15906.22916,149499.78299,number of customers,cents per kilowatt-hour,million dollars,million kilowatt hours
2022,OH,Ohio,COM,commercial,631665,10.39,4789.69613,46090.80299,number of customers,cents per kilowatt-hour,million dollars,million kilowatt hours
2022,OH,Ohio,IND,industrial,19383,7.45,3729.57151,50062.73,number of customers,cents per kilowatt-hour,million dollars,million kilowatt hours
2022,OH,Ohio,OTH,other,0,0,0,0,number of customers,cents per kilowatt-hour,million dollars,million kilowatt hours
2022,OH,Ohio,RES,residential,5082414,13.85,7384.05506,53312.216,number of customers,cents per kilowatt-hour,million dollars,million kilowatt hours
2022,OH,Ohio,TRA,transportation,3,8.54,2.90646,34.034,number of customers,cents per kilowatt-hour,million dollars,million kilowatt hours
2022,OK,Oklahoma,ALL,all sectors,2159508,10.05,6983.51326,69486.94202,number of customers,cents per kilowatt-hour,million dollars,million kilowatt hours
2022,OK,Oklahoma,COM,commercial,300361,10.34,2296.3871,22211.52599,number of customers,cents per kilowatt-hour,million dollars,million kilowatt hours
2022,OK,Oklahoma,IND,industrial,20064,6.96,1516.98498,21796.272,number of customers,cents per kilowatt-hour,million dollars,million kilowatt hours
2022,OK,Oklahoma,OTH,other,0,0,0,0,number of customers,cents per kilowatt-hour,million dollars,million kilowatt hours
2022,OK,Oklahoma,RES,residential,1839083,12.44,3170.14118,25479.14402,number of customers,cents per kilowatt-hour,million dollars,million kilowatt hours
2022,OK,Oklahoma,TRA,transportation,0,0,0,0,number of customers,cents per kilowatt-hour,million dollars,million kilowatt hours
2022,OR,Oregon,ALL,all sectors,2097465,9.26,5216.78996,56326.89599,number of customers,cents per kilowatt-hour,million dollars,million kilowatt hours
2022,OR,Oregon,COM,commercial,244617,9.35,1557.98795,16654.57599,number of customers,cents per kilowatt-hour,million dollars,million kilowatt hours
2022,OR,Oregon,IND,industrial,26560,6.81,1288.90386,18923.72201,number of customers,cents per kilowatt-hour,million dollars,million kilowatt hours
2022,OR,Oregon,OTH,other,0,0,0,0,number of customers,cents per kilowatt-hour,million dollars,million kilowatt hours
2022,OR,Oregon,RES,residential,1826286,11.42,2367.52605,20725.899,number of customers,cents per kilowatt-hour,million dollars,million kilowatt hours
2022,OR,Oregon,TRA,transportation,2,10.45,2.3721,22.699,number of customers,cents per kilowatt-hour,million dollars,million kilowatt hours
2022,PA,Pennsylvania,ALL,all sectors,6250115,11.86,17209.23379,145044.59215,number of customers,cents per kilowatt-hour,million dollars,million kilowatt hours
2022,PA,Pennsylvania,COM,commercial,730432,10.73,3995.00873,37219.04699,number of customers,cents per kilowatt-hour,million dollars,million kilowatt hours
2022,PA,Pennsylvania,IND,industrial,15351,8.21,4178.3663,50882.77901,number of customers,cents per kilowatt-hour,million dollars,million kilowatt hours
2022,PA,Pennsylvania,OTH,other,0,0,0,0,number of customers,cents per kilowatt-hour,million dollars,million kilowatt hours
2022,PA,Pennsylvania,RES,residential,5504325,15.94,8994.50101,56413.21816,number of customers,cents per kilowatt-hour,million dollars,million kilowatt hours
2022,PA,Pennsylvania,TRA,transportation,7,7.81,41.35774,529.548,number of customers,cents per kilowatt-hour,million dollars,million kilowatt hours
2022,PACC,Pacific Contiguous,ALL,all sectors,21653440,17.46,69688.0028,399093.35197,number of customers,cents per kilowatt-hour,million dollars,million kilowatt hours
2022,PACC,Pacific Contiguous,COM,commercial,2410589,18.24,29281.51935,160576.40798,number of customers,cents per kilowatt-hour,million dollars,million kilowatt hours
2022,PACC,Pacific Contiguous,IND,industrial,200867,12.22,10714.94227,87651.23502,number of customers,cents per kilowatt-hour,million dollars,million kilowatt hours
2022,PACC,Pacific Contiguous,OTH,other,0,0,0,0,number of customers,cents per kilowatt-hour,million dollars,million kilowatt hours
2022,PACC,Pacific Contiguous,RES,residential,19041965,19.72,29583.47783,150043.95597,number of customers,cents per kilowatt-hour,million dollars,million kilowatt hours
2022,PACC,Pacific Contiguous,TRA,transportation,19,13.15,108.06334,821.75301,number of customers,cents per kilowatt-hour,million dollars,million kilowatt hours
2022,PACN,Pacific Noncontiguous,ALL,all sectors,857703,32.14,4834.34478,15041.19501,number of customers,cents per kilowatt-hour,million dollars,million kilowatt hours
2022,PACN,Pacific Noncontiguous,COM,commercial,116508,30.61,1656.89087,5413.768,number of customers,cents per kilowatt-hour,million dollars,million kilowatt hours
2022,PACN,Pacific Noncontiguous,IND,industrial,1971,31.5,1521.14359,4828.476,number of customers,cents per kilowatt-hour,million dollars,million kilowatt hours
2022,PACN,Pacific Noncontiguous,OTH,other,0,0,0,0,number of customers,cents per kilowatt-hour,million dollars,million kilowatt hours
2022,PACN,Pacific Noncontiguous,RES,residential,739224,34.51,1656.31032,4798.95101,number of customers,cents per kilowatt-hour,million dollars,million kilowatt hours
2022,PACN,Pacific Noncontiguous,TRA,transportation,0,0,0,0,number of customers,cents per kilowatt-hour,million dollars,million kilowatt hours
2022,RI,Rhode Island,ALL,all sectors,509946,19.3,1462.18454,7576.284,number of customers,cents per kilowatt-hour,million dollars,million kilowatt hours
2022,RI,Rhode Island,COM,commercial,60133,16.23,607.91454,3745.633,number of customers,cents per kilowatt-hour,million dollars,million kilowatt hours
2022,RI,Rhode Island,IND,industrial,1628,17.96,114.83252,639.343,number of customers,cents per kilowatt-hour,million dollars,million kilowatt hours
2022,RI,Rhode Island,OTH,other,0,0,0,0,number of customers,cents per kilowatt-hour,million dollars,million kilowatt hours
2022,RI,Rhode Island,RES,residential,448184,23.21,735.41296,3168.339,number of customers,cents per kilowatt-hour,million dollars,million kilowatt hours
2022,RI,Rhode Island,TRA,transportation,1,17.52,4.02453,22.969,number of customers,cents per kilowatt-hour,million dollars,million kilowatt hours
2022,SAT,South Atlantic,ALL,all sectors,33727411,11.48,99057.14604,862535.62906,number of customers,cents per kilowatt-hour,million dollars,million kilowatt hours
2022,SAT,South Atlantic,COM,commercial,3967438,10.83,36247.62167,334807.62802,number of customers,cents per kilowatt-hour,million dollars,million kilowatt hours
2022,SAT,South Atlantic,IND,industrial,85507,7.79,11136.15592,142955.41901,number of customers,cents per kilowatt-hour,million dollars,million kilowatt hours
2022,SAT,South Atlantic,OTH,other,0,0,0,0,number of customers,cents per kilowatt-hour,million dollars,million kilowatt hours
2022,SAT,South Atlantic,RES,residential,29674453,13.44,51578.72143,383766.28804,number of customers,cents per kilowatt-hour,million dollars,million kilowatt hours
2022,SAT,South Atlantic,TRA,transportation,13,9.41,94.64702,1006.294,number of customers,cents per kilowatt-hour,million dollars,million kilowatt hours
2022,SC,South Carolina,ALL,all sectors,2879866,10.74,8884.76342,82758.43201,number of customers,cents per kilowatt-hour,million dollars,million kilowatt hours
2022,SC,South Carolina,COM,commercial,403966,10.86,2619.55191,24130.625,number of customers,cents per kilowatt-hour,million dollars,million kilowatt hours
2022,SC,South Carolina,IND,industrial,3635,7.13,1878.2285,26340.73201,number of customers,cents per kilowatt-hour,million dollars,million kilowatt hours
2022,SC,South Carolina,OTH,other,0,0,0,0,number of customers,cents per kilowatt-hour,million dollars,million kilowatt hours
2022,SC,South Carolina,RES,residential,2472265,13.59,4386.98301,32287.075,number of customers,cents per kilowatt-hour,million dollars,million kilowatt hours
2022,SC,South Carolina,TRA,transportation,0,0,0,0,number of customers,cents per kilowatt-hour,million dollars,million kilowatt hours
2022,SD,South Dakota,ALL,all sectors,499716,10.44,1405.47349,13467.06401,number of customers,cents per kilowatt-hour,million dollars,million kilowatt hours
2022,SD,South Dakota,COM,commercial,76157,10.21,503.83407,4936.093,number of customers,cents per kilowatt-hour,million dollars,million kilowatt hours
2022,SD,South Dakota,IND,industrial,4201,8.04,257.91932,3208.06501,number of customers,cents per kilowatt-hour,million dollars,million kilowatt hours
2022,SD,South Dakota,OTH,other,0,0,0,0,number of customers,cents per kilowatt-hour,million dollars,million kilowatt hours
2022,SD,South Dakota,RES,residential,419358,12.09,643.72011,5322.906,number of customers,cents per kilowatt-hour,million dollars,million kilowatt hours
2022,SD,South Dakota,TRA,transportation,0,0,0,0,number of customers,cents per kilowatt-hour,million dollars,million kilowatt hours
2022,TN,Tennessee,ALL,all sectors,3587705,10.89,11124.33238,102112.05101,number of customers,cents per kilowatt-hour,million dollars,million kilowatt hours
2022,TN,Tennessee,COM,commercial,528291,12.02,4293.1425,35719.45201,number of customers,cents per kilowatt-hour,million dollars,million kilowatt hours
2022,TN,Tennessee,IND,industrial,1023,6.55,1491.6951,22788.612,number of customers,cents per kilowatt-hour,million dollars,million kilowatt hours
2022,TN,Tennessee,OTH,other,0,0,0,0,number of customers,cents per kilowatt-hour,million dollars,million kilowatt hours
2022,TN,Tennessee,RES,residential,3058391,12.25,5339.49478,43603.987,number of customers,cents per kilowatt-hour,million dollars,million kilowatt hours
2022,TN,Tennessee,TRA,transportation,0,0,0,0,number of customers,cents per kilowatt-hour,million dollars,million kilowatt hours
2022,TX,Texas,ALL,all sectors,13960246,10.16,48285.04188,475401.19206,number of customers,cents per kilowatt-hour,million dollars,million kilowatt hours
2022,TX,Texas,COM,commercial,1574976,9.05,14538.6363,160719.19804,number of customers,cents per kilowatt-hour,million dollars,million kilowatt hours
2022,TX,Texas,IND,industrial,322120,7.13,10259.4661,143905.882,number of customers,cents per kilowatt-hour,million dollars,million kilowatt hours
2022,TX,Texas,OTH,other,0,0,0,0,number of customers,cents per kilowatt-hour,million dollars,million kilowatt hours
2022,TX,Texas,RES,residential,12063147,13.76,23474.68088,170596.46002,number of customers,cents per kilowatt-hour,million dollars,million kilowatt hours
2022,TX,Texas,TRA,transportation,3,6.82,12.2586,179.652,number of customers,cents per kilowatt-hour,million dollars,million kilowatt hours
2022,US,U.S. Total,ALL,all sectors,160161776,12.36,485248.93753,3927169.06933,number of customers,cents per kilowatt-hour,million dollars,million kilowatt hours
2022,US,U.S. Total,COM,commercial,19257529,12.41,172599.59011,1390872.81287,number of customers,cents per kilowatt-hour,million dollars,million kilowatt hours
2022,US,U.S. Total,IND,industrial,1049983,8.32,84894.57904,1020463.98609,number of customers,cents per kilowatt-hour,million dollars,million kilowatt hours
2022,US,U.S. Total,OTH,other,0,0,0,0,number of customers,cents per kilowatt-hour,million dollars,million kilowatt hours
2022,US,U.S. Total,RES,residential,139854178,15.04,226989.6476,1509233.16236,number of customers,cents per kilowatt-hour,million dollars,million kilowatt hours
2022,US,U.S. Total,TRA,transportation,86,11.59,765.12079,6599.108,number of customers,cents per kilowatt-hour,million dollars,million kilowatt hours
2022,UT,Utah,ALL,all sectors,1360219,8.8,2937.7829,33365.50101,number of customers,cents per kilowatt-hour,million dollars,million kilowatt hours
2022,UT,Utah,COM,commercial,141960,8.39,1079.3932,12870.55201,number of customers,cents per kilowatt-hour,million dollars,million kilowatt hours
2022,UT,Utah,IND,industrial,10380,6.84,622.5354,9104.68001,number of customers,cents per kilowatt-hour,million dollars,million kilowatt hours
2022,UT,Utah,OTH,other,0,0,0,0,number of customers,cents per kilowatt-hour,million dollars,million kilowatt hours
2022,UT,Utah,RES,residential,1207878,10.84,1230.1606,11344.26499,number of customers,cents per kilowatt-hour,million dollars,million kilowatt hours
2022,UT,Utah,TRA,transportation,1,12.38,5.6937,46.004,number of customers,cents per kilowatt-hour,million dollars,million kilowatt hours
2022,VA,Virginia,ALL,all sectors,4024426,10.75,14215.04566,132264.61703,number of customers,cents per kilowatt-hour,million dollars,million kilowatt hours
2022,VA,Virginia,COM,commercial,437391,9.66,6620.62927,68556.08201,number of customers,cents per kilowatt-hour,million dollars,million kilowatt hours
2022,VA,Virginia,IND,industrial,3663,7.99,1347.18567,16861.18602,number of customers,cents per kilowatt-hour,million dollars,million kilowatt hours
2022,VA,Virginia,OTH,other,0,0,0,0,number of customers,cents per kilowatt-hour,million dollars,million kilowatt hours
2022,VA,Virginia,RES,residential,3583371,13.34,6233.14382,46717.547,number of customers,cents per kilowatt-hour,million dollars,million kilowatt hours
2022,VA,Virginia,TRA,transportation,1,10.85,14.0869,129.802,number of customers,cents per kilowatt-hour,million dollars,million kilowatt hours
2022,VT,Vermont,ALL,all sectors,382685,16.99,929.6308,5470.47101,number of customers,cents per kilowatt-hour,million dollars,million kilowatt hours
2022,VT,Vermont,COM,commercial,61583,17.29,331.2741,1916.375,number of customers,cents per kilowatt-hour,million dollars,million kilowatt hours
2022,VT,Vermont,IND,industrial,253,11.88,162.4956,1367.42901,number of customers,cents per kilowatt-hour,million dollars,million kilowatt hours
2022,VT,Vermont,OTH,other,0,0,0,0,number of customers,cents per kilowatt-hour,million dollars,million kilowatt hours
2022,VT,Vermont,RES,residential,320849,19.93,435.86109,2186.66701,number of customers,cents per kilowatt-hour,million dollars,million kilowatt hours
2022,VT,Vermont,TRA,transportation,0,0,0,0,number of customers,cents per kilowatt-hour,million dollars,million kilowatt hours
2022,WA,Washington,ALL,all sectors,3698142,9.05,8227.28483,90897.31998,number of customers,cents per kilowatt-hour,million dollars,million kilowatt hours
2022,WA,Washington,COM,commercial,398253,9.49,2827.19333,29780.44799,number of customers,cents per kilowatt-hour,million dollars,million kilowatt hours
2022,WA,Washington,IND,industrial,26379,6.17,1309.41007,21227.09,number of customers,cents per kilowatt-hour,million dollars,million kilowatt hours
2022,WA,Washington,OTH,other,0,0,0,0,number of customers,cents per kilowatt-hour,million dollars,million kilowatt hours
2022,WA,Washington,RES,residential,3273505,10.26,4079.23414,39775.84899,number of customers,cents per kilowatt-hour,million dollars,million kilowatt hours
2022,WA,Washington,TRA,transportation,5,10.05,11.4473,113.933,number of customers,cents per kilowatt-hour,million dollars,million kilowatt hours
2022,WI,Wisconsin,ALL,all sectors,3155563,11.95,8351.16136,69875.87103,number of customers,cents per kilowatt-hour,million dollars,million kilowatt hours
2022,WI,Wisconsin,COM,commercial,363517,11.85,2775.14092,23426.66799,number of customers,cents per kilowatt-hour,million dollars,million kilowatt hours
2022,WI,Wisconsin,IND,industrial,5587,8.49,1999.96839,23560.17399,number of customers,cents per kilowatt-hour,million dollars,million kilowatt hours
2022,WI,Wisconsin,OTH,other,0,0,0,0,number of customers,cents per kilowatt-hour,million dollars,million kilowatt hours
2022,WI,Wisconsin,RES,residential,2786457,15.62,3575.86986,22887.92805,number of customers,cents per kilowatt-hour,million dollars,million kilowatt hours
2022,WI,Wisconsin,TRA,transportation,2,16.55,.1822,1.101,number of customers,cents per kilowatt-hour,million dollars,million kilowatt hours
2022,WNC,West North Central,ALL,all sectors,11457576,10.38,32793.24169,315810.7561,number of customers,cents per kilowatt-hour,million dollars,million kilowatt hours
2022,WNC,West North Central,COM,commercial,1509487,10.44,10812.93101,103537.83697,number of customers,cents per kilowatt-hour,million dollars,million kilowatt hours
2022,WNC,West North Central,IND,industrial,129706,7.82,7842.62242,100349.74705,number of customers,cents per kilowatt-hour,million dollars,million kilowatt hours
2022,WNC,West North Central,OTH,other,0,0,0,0,number of customers,cents per kilowatt-hour,million dollars,million kilowatt hours
2022,WNC,West North Central,RES,residential,9818380,12.63,14132.98617,111878.12309,number of customers,cents per kilowatt-hour,million dollars,million kilowatt hours
2022,WNC,West North Central,TRA,transportation,3,10.44,4.7021,45.049,number of customers,cents per kilowatt-hour,million dollars,million kilowatt hours
2022,WSC,West South Central,ALL,all sectors,20251931,10.16,70028.48846,689024.79506,number of customers,cents per kilowatt-hour,million dollars,million kilowatt hours
2022,WSC,West South Central,COM,commercial,2378193,9.55,20853.13279,218257.49003,number of customers,cents per kilowatt-hour,million dollars,million kilowatt hours
2022,WSC,West South Central,IND,industrial,397549,7.21,16129.38859,223806.28,number of customers,cents per kilowatt-hour,million dollars,million kilowatt hours
2022,WSC,West South Central,OTH,other,0,0,0,0,number of customers,cents per kilowatt-hour,million dollars,million kilowatt hours
2022,WSC,West South Central,RES,residential,17476183,13.39,33032.40748,246770.97304,number of customers,cents per kilowatt-hour,million dollars,million kilowatt hours
2022,WSC,West South Central,TRA,transportation,6,7.13,13.5596,190.052,number of customers,cents per kilowatt-hour,million dollars,million kilowatt hours
2022,WV,West Virginia,ALL,all sectors,1024835,9.74,3213.51241,32986.288,number of customers,cents per kilowatt-hour,million dollars,million kilowatt hours
2022,WV,West Virginia,COM,commercial,149706,10.42,758.14471,7275.035,number of customers,cents per kilowatt-hour,million dollars,million kilowatt hours
2022,WV,West Virginia,IND,industrial,11224,6.74,981.96951,14574.283,number of customers,cents per kilowatt-hour,million dollars,million kilowatt hours
2022,WV,West Virginia,OTH,other,0,0,0,0,number of customers,cents per kilowatt-hour,million dollars,million kilowatt hours
2022,WV,West Virginia,RES,residential,863905,13.23,1473.3982,11136.97,number of customers,cents per kilowatt-hour,million dollars,million kilowatt hours
2022,WV,West Virginia,TRA,transportation,0,0,0,0,number of customers,cents per kilowatt-hour,million dollars,million kilowatt hours
2022,WY,Wyoming,ALL,all sectors,351601,8.24,1359.18054,16499.42898,number of customers,cents per kilowatt-hour,million dollars,million kilowatt hours
2022,WY,Wyoming,COM,commercial,58407,9.55,344.77433,3610.78998,number of customers,cents per kilowatt-hour,million dollars,million kilowatt hours
2022,WY,Wyoming,IND,industrial,11730,6.89,680.7707,9879.95899,number of customers,cents per kilowatt-hour,million dollars,million kilowatt hours
2022,WY,Wyoming,OTH,other,0,0,0,0,number of customers,cents per kilowatt-hour,million dollars,million kilowatt hours
2022,WY,Wyoming,RES,residential,281464,11.09,333.63551,3008.68001,number of customers,cents per kilowatt-hour,million dollars,million kilowatt hours
2022,WY,Wyoming,TRA,transportation,0,0,0,0,number of customers,cents per kilowatt-hour,million dollars,million kilowatt hours
2021,AK,Alaska,ALL,all sectors,349591,20.02,1195.13192,5969.339,number of customers,cents per kilowatt-hour,million dollars,million kilowatt hours
2021,AK,Alaska,COM,commercial,56005,19.61,501.6584,2558.649,number of customers,cents per kilowatt-hour,million dollars,million kilowatt hours
2021,AK,Alaska,IND,industrial,1135,16.85,223.58792,1326.779,number of customers,cents per kilowatt-hour,million dollars,million kilowatt hours
2021,AK,Alaska,OTH,other,0,0,0,0,number of customers,cents per kilowatt-hour,million dollars,million kilowatt hours
2021,AK,Alaska,RES,residential,292451,22.55,469.88559,2083.91101,number of customers,cents per kilowatt-hour,million dollars,million kilowatt hours
2021,AK,Alaska,TRA,transportation,0,0,0,0,number of customers,cents per kilowatt-hour,million dollars,million kilowatt hours
2021,AL,Alabama,ALL,all sectors,2691639,10.18,8713.44151,85585.166,number of customers,cents per kilowatt-hour,million dollars,million kilowatt hours
2021,AL,Alabama,COM,commercial,376180,11.84,2586.9678,21844.283,number of customers,cents per kilowatt-hour,million dollars,million kilowatt hours
2021,AL,Alabama,IND,industrial,7233,6.33,2034.10536,32155.73,number of customers,cents per kilowatt-hour,million dollars,million kilowatt hours
2021,AL,Alabama,OTH,other,0,0,0,0,number of customers,cents per kilowatt-hour,million dollars,million kilowatt hours
2021,AL,Alabama,RES,residential,2308226,12.96,4092.36836,31585.153,number of customers,cents per kilowatt-hour,million dollars,million kilowatt hours
2021,AL,Alabama,TRA,transportation,0,0,0,0,number of customers,cents per kilowatt-hour,million dollars,million kilowatt hours
2021,AR,Arkansas,ALL,all sectors,1674284,9.1,4429.96535,48663.14201,number of customers,cents per kilowatt-hour,million dollars,million kilowatt hours
2021,AR,Arkansas,COM,commercial,201408,9.56,1101.41151,11516.908,number of customers,cents per kilowatt-hour,million dollars,million kilowatt hours
2021,AR,Arkansas,IND,industrial,36628,6.57,1196.80277,18228.01401,number of customers,cents per kilowatt-hour,million dollars,million kilowatt hours
2021,AR,Arkansas,OTH,other,0,0,0,0,number of customers,cents per kilowatt-hour,million dollars,million kilowatt hours
2021,AR,Arkansas,RES,residential,1436246,11.27,2131.72328,18918.015,number of customers,cents per kilowatt-hour,million dollars,million kilowatt hours
2021,AR,Arkansas,TRA,transportation,2,13.56,.0278,.205,number of customers,cents per kilowatt-hour,million dollars,million kilowatt hours
2021,AZ,Arizona,ALL,all sectors,3296750,10.73,8711.85042,81219.99,number of customers,cents per kilowatt-hour,million dollars,million kilowatt hours
2021,AZ,Arizona,COM,commercial,335377,10.33,3098.75371,29990.064,number of customers,cents per kilowatt-hour,million dollars,million kilowatt hours
2021,AZ,Arizona,IND,industrial,7548,6.79,956.2127,14089.07201,number of customers,cents per kilowatt-hour,million dollars,million kilowatt hours
2021,AZ,Arizona,OTH,other,0,0,0,0,number of customers,cents per kilowatt-hour,million dollars,million kilowatt hours
2021,AZ,Arizona,RES,residential,2953823,12.54,4655.90261,37130.339,number of customers,cents per kilowatt-hour,million dollars,million kilowatt hours
2021,AZ,Arizona,TRA,transportation,2,9.33,.9814,10.515,number of customers,cents per kilowatt-hour,million dollars,million kilowatt hours
2021,CA,California,ALL,all sectors,15784318,19.65,48589.09906,247249.865,number of customers,cents per kilowatt-hour,million dollars,million kilowatt hours
2021,CA,California,COM,commercial,1750923,19.18,20861.06913,108761.59401,number of customers,cents per kilowatt-hour,million dollars,million kilowatt hours
2021,CA,California,IND,industrial,149389,14.82,7050.42273,47583.32899,number of customers,cents per kilowatt-hour,million dollars,million kilowatt hours
2021,CA,California,OTH,other,0,0,0,0,number of customers,cents per kilowatt-hour,million dollars,million kilowatt hours
2021,CA,California,RES,residential,13883994,22.82,20604.39183,90284.143,number of customers,cents per kilowatt-hour,million dollars,million kilowatt hours
2021,CA,California,TRA,transportation,12,11.79,73.21537,620.799,number of customers,cents per kilowatt-hour,million dollars,million kilowatt hours
2021,CO,Colorado,ALL,all sectors,2846998,10.9,6141.92897,56351.209,number of customers,cents per kilowatt-hour,million dollars,million kilowatt hours
2021,CO,Colorado,COM,commercial,388601,10.84,2232.28807,20584.46999,number of customers,cents per kilowatt-hour,million dollars,million kilowatt hours
2021,CO,Colorado,IND,industrial,15287,8.01,1205.16081,15053.158,number of customers,cents per kilowatt-hour,million dollars,million kilowatt hours
2021,CO,Colorado,OTH,other,0,0,0,0,number of customers,cents per kilowatt-hour,million dollars,million kilowatt hours
2021,CO,Colorado,RES,residential,2443109,13.07,2696.11809,20625.00501,number of customers,cents per kilowatt-hour,million dollars,million kilowatt hours
2021,CO,Colorado,TRA,transportation,1,9.44,8.362,88.576,number of customers,cents per kilowatt-hour,million dollars,million kilowatt hours
2021,CT,Connecticut,ALL,all sectors,1690094,18.32,5082.42663,27737.606,number of customers,cents per kilowatt-hour,million dollars,million kilowatt hours
2021,CT,Connecticut,COM,commercial,155791,16.46,1926.20461,11701.168,number of customers,cents per kilowatt-hour,million dollars,million kilowatt hours
2021,CT,Connecticut,IND,industrial,4049,9.63,269.6758,2799.194,number of customers,cents per kilowatt-hour,million dollars,million kilowatt hours
2021,CT,Connecticut,OTH,other,0,0,0,0,number of customers,cents per kilowatt-hour,million dollars,million kilowatt hours
2021,CT,Connecticut,RES,residential,1530251,21.91,2868.40978,13092.128,number of customers,cents per kilowatt-hour,million dollars,million kilowatt hours
2021,CT,Connecticut,TRA,transportation,3,12.5,18.13645,145.116,number of customers,cents per kilowatt-hour,million dollars,million kilowatt hours
2021,DC,District of Columbia,ALL,all sectors,325124,12.81,1291.65254,10083.372,number of customers,cents per kilowatt-hour,million dollars,million kilowatt hours
2021,DC,District of Columbia,COM,commercial,26783,13,915.41461,7043.709,number of customers,cents per kilowatt-hour,million dollars,million kilowatt hours
2021,DC,District of Columbia,IND,industrial,1,7.87,18.83945,239.501,number of customers,cents per kilowatt-hour,million dollars,million kilowatt hours
2021,DC,District of Columbia,OTH,other,0,0,0,0,number of customers,cents per kilowatt-hour,million dollars,million kilowatt hours
2021,DC,District of Columbia,RES,residential,298337,13.09,330.85139,2528.049,number of customers,cents per kilowatt-hour,million dollars,million kilowatt hours
2021,DC,District of Columbia,TRA,transportation,3,9.76,26.54708,272.113,number of customers,cents per kilowatt-hour,million dollars,million kilowatt hours
2021,DE,Delaware,ALL,all sectors,512975,10.5,1205.61252,11479.65499,number of customers,cents per kilowatt-hour,million dollars,million kilowatt hours
2021,DE,Delaware,COM,commercial,58353,9.48,397.95974,4196.263,number of customers,cents per kilowatt-hour,million dollars,million kilowatt hours
2021,DE,Delaware,IND,industrial,864,7.6,160.52722,2113.012,number of customers,cents per kilowatt-hour,million dollars,million kilowatt hours
2021,DE,Delaware,OTH,other,0,0,0,0,number of customers,cents per kilowatt-hour,million dollars,million kilowatt hours
2021,DE,Delaware,RES,residential,453758,12.52,647.12556,5170.38,number of customers,cents per kilowatt-hour,million dollars,million kilowatt hours
2021,DE,Delaware,TRA,transportation,0,0,0,0,number of customers,cents per kilowatt-hour,million dollars,million kilowatt hours
2021,ENC,East North Central,ALL,all sectors,23177783,10.69,59065.50265,552386.63994,number of customers,cents per kilowatt-hour,million dollars,million kilowatt hours
2021,ENC,East North Central,COM,commercial,2549871,10.66,18653.57933,174951.47199,number of customers,cents per kilowatt-hour,million dollars,million kilowatt hours
2021,ENC,East North Central,IND,industrial,55449,7.22,13334.19524,184733.51897,number of customers,cents per kilowatt-hour,million dollars,million kilowatt hours
2021,ENC,East North Central,OTH,other,0,0,0,0,number of customers,cents per kilowatt-hour,million dollars,million kilowatt hours
2021,ENC,East North Central,RES,residential,20572452,14.07,27043.49253,192188.37798,number of customers,cents per kilowatt-hour,million dollars,million kilowatt hours
2021,ENC,East North Central,TRA,transportation,11,6.67,34.23556,513.271,number of customers,cents per kilowatt-hour,million dollars,million kilowatt hours
2021,ESC,East South Central,ALL,all sectors,10157780,9.69,29812.45064,307738.653,number of customers,cents per kilowatt-hour,million dollars,million kilowatt hours
2021,ESC,East South Central,COM,commercial,1454293,11.07,9863.91631,89069.77901,number of customers,cents per kilowatt-hour,million dollars,million kilowatt hours
2021,ESC,East South Central,IND,industrial,24468,5.97,5927.97355,99238.972,number of customers,cents per kilowatt-hour,million dollars,million kilowatt hours
2021,ESC,East South Central,OTH,other,0,0,0,0,number of customers,cents per kilowatt-hour,million dollars,million kilowatt hours
2021,ESC,East South Central,RES,residential,8679019,11.74,14020.56078,119429.90199,number of customers,cents per kilowatt-hour,million dollars,million kilowatt hours
2021,ESC,East South Central,TRA,transportation,0,0,0,0,number of customers,cents per kilowatt-hour,million dollars,million kilowatt hours
2021,FL,Florida,ALL,all sectors,11213090,10.67,25764.32633,241562.08201,number of customers,cents per kilowatt-hour,million dollars,million kilowatt hours
2021,FL,Florida,COM,commercial,1272939,9.51,8931.6514,93965.07,number of customers,cents per kilowatt-hour,million dollars,million kilowatt hours
2021,FL,Florida,IND,industrial,23036,7.65,1308.51576,17112.564,number of customers,cents per kilowatt-hour,million dollars,million kilowatt hours
2021,FL,Florida,OTH,other,0,0,0,0,number of customers,cents per kilowatt-hour,million dollars,million kilowatt hours
2021,FL,Florida,RES,residential,9917113,11.9,15518.17377,130412.464,number of customers,cents per kilowatt-hour,million dollars,million kilowatt hours
2021,FL,Florida,TRA,transportation,2,8.31,5.9854,71.984,number of customers,cents per kilowatt-hour,million dollars,million kilowatt hours
2021,GA,Georgia,ALL,all sectors,5184829,10.43,14333.22596,137363.95204,number of customers,cents per kilowatt-hour,million dollars,million kilowatt hours
2021,GA,Georgia,COM,commercial,599964,10.61,4858.53841,45777.026,number of customers,cents per kilowatt-hour,million dollars,million kilowatt hours
2021,GA,Georgia,IND,industrial,24211,6.49,2125.60494,32758.98602,number of customers,cents per kilowatt-hour,million dollars,million kilowatt hours
2021,GA,Georgia,OTH,other,0,0,0,0,number of customers,cents per kilowatt-hour,million dollars,million kilowatt hours
2021,GA,Georgia,RES,residential,4560653,12.51,7339.63351,58684.96201,number of customers,cents per kilowatt-hour,million dollars,million kilowatt hours
2021,GA,Georgia,TRA,transportation,1,6.61,9.4491,142.978,number of customers,cents per kilowatt-hour,million dollars,million kilowatt hours
2021,HI,Hawaii,ALL,all sectors,504287,30.31,2708.22089,8936.482,number of customers,cents per kilowatt-hour,million dollars,million kilowatt hours
2021,HI,Hawaii,COM,commercial,59935,30.88,859.80369,2784.538,number of customers,cents per kilowatt-hour,million dollars,million kilowatt hours
2021,HI,Hawaii,IND,industrial,817,27.12,902.2076,3326.862,number of customers,cents per kilowatt-hour,million dollars,million kilowatt hours
2021,HI,Hawaii,OTH,other,0,0,0,0,number of customers,cents per kilowatt-hour,million dollars,million kilowatt hours
2021,HI,Hawaii,RES,residential,443535,33.49,946.2096,2825.08201,number of customers,cents per kilowatt-hour,million dollars,million kilowatt hours
2021,HI,Hawaii,TRA,transportation,0,0,0,0,number of customers,cents per kilowatt-hour,million dollars,million kilowatt hours
2021,IA,Iowa,ALL,all sectors,1673471,9.13,4830.64361,52893.26902,number of customers,cents per kilowatt-hour,million dollars,million kilowatt hours
2021,IA,Iowa,COM,commercial,246568,10.17,1234.38481,12135.097,number of customers,cents per kilowatt-hour,million dollars,million kilowatt hours
2021,IA,Iowa,IND,industrial,9479,6.63,1731.61369,26106.41701,number of customers,cents per kilowatt-hour,million dollars,million kilowatt hours
2021,IA,Iowa,OTH,other,0,0,0,0,number of customers,cents per kilowatt-hour,million dollars,million kilowatt hours
2021,IA,Iowa,RES,residential,1417424,12.73,1864.64511,14651.755,number of customers,cents per kilowatt-hour,million dollars,million kilowatt hours
2021,IA,Iowa,TRA,transportation,0,0,0,0,number of customers,cents per kilowatt-hour,million dollars,million kilowatt hours
2021,ID,Idaho,ALL,all sectors,952718,8.17,2065.2181,25285.616,number of customers,cents per kilowatt-hour,million dollars,million kilowatt hours
2021,ID,Idaho,COM,commercial,117323,7.89,520.8699,6600.296,number of customers,cents per kilowatt-hour,million dollars,million kilowatt hours
2021,ID,Idaho,IND,industrial,28974,6.39,599.7094,9384.477,number of customers,cents per kilowatt-hour,million dollars,million kilowatt hours
2021,ID,Idaho,OTH,other,0,0,0,0,number of customers,cents per kilowatt-hour,million dollars,million kilowatt hours
2021,ID,Idaho,RES,residential,806421,10.16,944.6388,9300.843,number of customers,cents per kilowatt-hour,million dollars,million kilowatt hours
2021,ID,Idaho,TRA,transportation,0,0,0,0,number of customers,cents per kilowatt-hour,million dollars,million kilowatt hours
2021,IL,Illinois,ALL,all sectors,6000195,10.14,13754.30546,135688.833,number of customers,cents per kilowatt-hour,million dollars,million kilowatt hours
2021,IL,Illinois,COM,commercial,633019,9.65,4529.42798,46923.21,number of customers,cents per kilowatt-hour,million dollars,million kilowatt hours
2021,IL,Illinois,IND,industrial,5456,7.3,3027.9189,41498.024,number of customers,cents per kilowatt-hour,million dollars,million kilowatt hours
2021,IL,Illinois,OTH,other,0,0,0,0,number of customers,cents per kilowatt-hour,million dollars,million kilowatt hours
2021,IL,Illinois,RES,residential,5361717,13.18,6167.78035,46813.06799,number of customers,cents per kilowatt-hour,million dollars,million kilowatt hours
2021,IL,Illinois,TRA,transportation,3,6.42,29.17823,454.531,number of customers,cents per kilowatt-hour,million dollars,million kilowatt hours
2021,IN,Indiana,ALL,all sectors,3332419,10.36,10332.0451,99740.04599,number of customers,cents per kilowatt-hour,million dollars,million kilowatt hours
2021,IN,Indiana,COM,commercial,364549,11.58,2653.82668,22920.92901,number of customers,cents per kilowatt-hour,million dollars,million kilowatt hours
2021,IN,Indiana,IND,industrial,19066,7.39,3199.9515,43329.49098,number of customers,cents per kilowatt-hour,million dollars,million kilowatt hours
2021,IN,Indiana,OTH,other,0,0,0,0,number of customers,cents per kilowatt-hour,million dollars,million kilowatt hours
2021,IN,Indiana,RES,residential,2948803,13.37,4476.49172,33471.97,number of customers,cents per kilowatt-hour,million dollars,million kilowatt hours
2021,IN,Indiana,TRA,transportation,1,10.05,1.7752,17.656,number of customers,cents per kilowatt-hour,million dollars,million kilowatt hours
2021,KS,Kansas,ALL,all sectors,1558354,10.47,4241.40338,40491.78604,number of customers,cents per kilowatt-hour,million dollars,million kilowatt hours
2021,KS,Kansas,COM,commercial,245045,10.52,1615.09806,15356.45102,number of customers,cents per kilowatt-hour,million dollars,million kilowatt hours
2021,KS,Kansas,IND,industrial,23965,7.38,838.79862,11365.92501,number of customers,cents per kilowatt-hour,million dollars,million kilowatt hours
2021,KS,Kansas,OTH,other,0,0,0,0,number of customers,cents per kilowatt-hour,million dollars,million kilowatt hours
2021,KS,Kansas,RES,residential,1289344,12.98,1787.5067,13769.41001,number of customers,cents per kilowatt-hour,million dollars,million kilowatt hours
2021,KS,Kansas,TRA,transportation,0,0,0,0,number of customers,cents per kilowatt-hour,million dollars,million kilowatt hours
2021,KY,Kentucky,ALL,all sectors,2354805,9.12,6797.69987,74516.98602,number of customers,cents per kilowatt-hour,million dollars,million kilowatt hours
2021,KY,Kentucky,COM,commercial,316806,10.75,2008.5353,18685.936,number of customers,cents per kilowatt-hour,million dollars,million kilowatt hours
2021,KY,Kentucky,IND,industrial,5424,5.95,1748.37251,29396.67902,number of customers,cents per kilowatt-hour,million dollars,million kilowatt hours
2021,KY,Kentucky,OTH,other,0,0,0,0,number of customers,cents per kilowatt-hour,million dollars,million kilowatt hours
2021,KY,Kentucky,RES,residential,2032575,11.5,3040.79206,26434.371,number of customers,cents per kilowatt-hour,million dollars,million kilowatt hours
2021,KY,Kentucky,TRA,transportation,0,0,0,0,number of customers,cents per kilowatt-hour,million dollars,million kilowatt hours
2021,LA,Louisiana,ALL,all sectors,2443808,8.82,8007.77268,90819.34601,number of customers,cents per kilowatt-hour,million dollars,million kilowatt hours
2021,LA,Louisiana,COM,commercial,297724,10.23,2297.8827,22459.648,number of customers,cents per kilowatt-hour,million dollars,million kilowatt hours
2021,LA,Louisiana,IND,industrial,19928,6.21,2357.22059,37941.99,number of customers,cents per kilowatt-hour,million dollars,million kilowatt hours
2021,LA,Louisiana,OTH,other,0,0,0,0,number of customers,cents per kilowatt-hour,million dollars,million kilowatt hours
2021,LA,Louisiana,RES,residential,2126155,11.02,3351.64809,30408.22401,number of customers,cents per kilowatt-hour,million dollars,million kilowatt hours
2021,LA,Louisiana,TRA,transportation,1,10.77,1.0213,9.484,number of customers,cents per kilowatt-hour,million dollars,million kilowatt hours
2021,MA,Massachusetts,ALL,all sectors,3284123,19.06,9679.99629,50798.38799,number of customers,cents per kilowatt-hour,million dollars,million kilowatt hours
2021,MA,Massachusetts,COM,commercial,432903,16.99,4048.41246,23832.46498,number of customers,cents per kilowatt-hour,million dollars,million kilowatt hours
2021,MA,Massachusetts,IND,industrial,10907,15.18,963.1906,6345.83401,number of customers,cents per kilowatt-hour,million dollars,million kilowatt hours
2021,MA,Massachusetts,OTH,other,0,0,0,0,number of customers,cents per kilowatt-hour,million dollars,million kilowatt hours
2021,MA,Massachusetts,RES,residential,2840311,22.89,4647.88519,20305.269,number of customers,cents per kilowatt-hour,million dollars,million kilowatt hours
2021,MA,Massachusetts,TRA,transportation,2,6.51,20.50805,314.82,number of customers,cents per kilowatt-hour,million dollars,million kilowatt hours
2021,MAT,Middle Atlantic,ALL,all sectors,18833089,13.22,47306.62066,357834.39814,number of customers,cents per kilowatt-hour,million dollars,million kilowatt hours
2021,MAT,Middle Atlantic,COM,commercial,2416755,13.37,19118.87219,143045.84118,number of customers,cents per kilowatt-hour,million dollars,million kilowatt hours
2021,MAT,Middle Atlantic,IND,industrial,33822,6.87,5045.30591,73484.34099,number of customers,cents per kilowatt-hour,million dollars,million kilowatt hours
2021,MAT,Middle Atlantic,OTH,other,0,0,0,0,number of customers,cents per kilowatt-hour,million dollars,million kilowatt hours
2021,MAT,Middle Atlantic,RES,residential,16382493,16.48,22780.44854,138192.42897,number of customers,cents per kilowatt-hour,million dollars,million kilowatt hours
2021,MAT,Middle Atlantic,TRA,transportation,19,11.63,361.99402,3111.787,number of customers,cents per kilowatt-hour,million dollars,million kilowatt hours
2021,MD,Maryland,ALL,all sectors,2662897,11.48,6809.66628,59303.974,number of customers,cents per kilowatt-hour,million dollars,million kilowatt hours
2021,MD,Maryland,COM,commercial,257947,10.26,2814.08109,27437.04999,number of customers,cents per kilowatt-hour,million dollars,million kilowatt hours
2021,MD,Maryland,IND,industrial,8991,8.46,294.4091,3480.39201,number of customers,cents per kilowatt-hour,million dollars,million kilowatt hours
2021,MD,Maryland,OTH,other,0,0,0,0,number of customers,cents per kilowatt-hour,million dollars,million kilowatt hours
2021,MD,Maryland,RES,residential,2395954,13.12,3669.20433,27964.54501,number of customers,cents per kilowatt-hour,million dollars,million kilowatt hours
2021,MD,Maryland,TRA,transportation,5,7.58,31.97176,421.987,number of customers,cents per kilowatt-hour,million dollars,million kilowatt hours
2021,ME,Maine,ALL,all sectors,822840,13.96,1616.67503,11584.674,number of customers,cents per kilowatt-hour,million dollars,million kilowatt hours
2021,ME,Maine,COM,commercial,98304,12.9,509.42777,3948.896,number of customers,cents per kilowatt-hour,million dollars,million kilowatt hours
2021,ME,Maine,IND,industrial,2498,9.55,245.67094,2573.512,number of customers,cents per kilowatt-hour,million dollars,million kilowatt hours
2021,ME,Maine,OTH,other,0,0,0,0,number of customers,cents per kilowatt-hour,million dollars,million kilowatt hours
2021,ME,Maine,RES,residential,722038,17.02,861.57633,5062.266,number of customers,cents per kilowatt-hour,million dollars,million kilowatt hours
2021,ME,Maine,TRA,transportation,0,0,0,0,number of customers,cents per kilowatt-hour,million dollars,million kilowatt hours
2021,MI,Michigan,ALL,all sectors,5014447,12.93,12910.01516,99813.28097,number of customers,cents per kilowatt-hour,million dollars,million kilowatt hours
2021,MI,Michigan,COM,commercial,550701,12.31,4537.1081,36860.868,number of customers,cents per kilowatt-hour,million dollars,million kilowatt hours
2021,MI,Michigan,IND,industrial,5706,7.69,2082.72658,27081.08199,number of customers,cents per kilowatt-hour,million dollars,million kilowatt hours
2021,MI,Michigan,OTH,other,0,0,0,0,number of customers,cents per kilowatt-hour,million dollars,million kilowatt hours
2021,MI,Michigan,RES,residential,4458038,17.54,6289.78298,35868.09999,number of customers,cents per kilowatt-hour,million dollars,million kilowatt hours
2021,MI,Michigan,TRA,transportation,2,12.3,.3975,3.231,number of customers,cents per kilowatt-hour,million dollars,million kilowatt hours
2021,MN,Minnesota,ALL,all sectors,2812142,11.08,7379.00705,66589.16797,number of customers,cents per kilowatt-hour,million dollars,million kilowatt hours
2021,MN,Minnesota,COM,commercial,306605,11.22,2478.39626,22093.18901,number of customers,cents per kilowatt-hour,million dollars,million kilowatt hours
2021,MN,Minnesota,IND,industrial,9130,8.29,1759.97143,21227.19599,number of customers,cents per kilowatt-hour,million dollars,million kilowatt hours
2021,MN,Minnesota,OTH,other,0,0,0,0,number of customers,cents per kilowatt-hour,million dollars,million kilowatt hours
2021,MN,Minnesota,RES,residential,2496406,13.5,3138.27927,23246.05498,number of customers,cents per kilowatt-hour,million dollars,million kilowatt hours
2021,MN,Minnesota,TRA,transportation,1,10.38,2.3601,22.728,number of customers,cents per kilowatt-hour,million dollars,million kilowatt hours
2021,MO,Missouri,ALL,all sectors,3267070,9.85,7660.79931,77763.04101,number of customers,cents per kilowatt-hour,million dollars,million kilowatt hours
2021,MO,Missouri,COM,commercial,395150,9.17,2657.62358,28987.41202,number of customers,cents per kilowatt-hour,million dollars,million kilowatt hours
2021,MO,Missouri,IND,industrial,9985,7.11,929.93229,13086.58798,number of customers,cents per kilowatt-hour,million dollars,million kilowatt hours
2021,MO,Missouri,OTH,other,0,0,0,0,number of customers,cents per kilowatt-hour,million dollars,million kilowatt hours
2021,MO,Missouri,RES,residential,2861933,11.41,4071.54454,35668.40901,number of customers,cents per kilowatt-hour,million dollars,million kilowatt hours
2021,MO,Missouri,TRA,transportation,2,8.23,1.6989,20.632,number of customers,cents per kilowatt-hour,million dollars,million kilowatt hours
2021,MS,Mississippi,ALL,all sectors,1573880,9.5,4563.05613,48015.36399,number of customers,cents per kilowatt-hour,million dollars,million kilowatt hours
2021,MS,Mississippi,COM,commercial,241509,10.81,1478.5687,13676.163,number of customers,cents per kilowatt-hour,million dollars,million kilowatt hours
2021,MS,Mississippi,IND,industrial,10795,5.95,938.69287,15769.265,number of customers,cents per kilowatt-hour,million dollars,million kilowatt hours
2021,MS,Mississippi,OTH,other,0,0,0,0,number of customers,cents per kilowatt-hour,million dollars,million kilowatt hours
2021,MS,Mississippi,RES,residential,1321576,11.56,2145.79456,18569.936,number of customers,cents per kilowatt-hour,million dollars,million kilowatt hours
2021,MS,Mississippi,TRA,transportation,0,0,0,0,number of customers,cents per kilowatt-hour,million dollars,million kilowatt hours
2021,MT,Montana,ALL,all sectors,655845,9.5,1421.43187,14961.561,number of customers,cents per kilowatt-hour,million dollars,million kilowatt hours
2021,MT,Montana,COM,commercial,112777,10.54,517.06482,4906.13199,number of customers,cents per kilowatt-hour,million dollars,million kilowatt hours
2021,MT,Montana,IND,industrial,11670,6.24,280.44385,4495.98299,number of customers,cents per kilowatt-hour,million dollars,million kilowatt hours
2021,MT,Montana,OTH,other,0,0,0,0,number of customers,cents per kilowatt-hour,million dollars,million kilowatt hours
2021,MT,Montana,RES,residential,531398,11.22,623.92321,5559.44601,number of customers,cents per kilowatt-hour,million dollars,million kilowatt hours
2021,MT,Montana,TRA,transportation,0,0,0,0,number of customers,cents per kilowatt-hour,million dollars,million kilowatt hours
2021,MTN,Mountain,ALL,all sectors,11921305,9.7,28206.61612,290706.5,number of customers,cents per kilowatt-hour,million dollars,million kilowatt hours
2021,MTN,Mountain,COM,commercial,1469263,9.71,9584.35176,98680.40997,number of customers,cents per kilowatt-hour,million dollars,million kilowatt hours
2021,MTN,Mountain,IND,industrial,97851,6.68,5610.64936,83947.446,number of customers,cents per kilowatt-hour,million dollars,million kilowatt hours
2021,MTN,Mountain,OTH,other,0,0,0,0,number of customers,cents per kilowatt-hour,million dollars,million kilowatt hours
2021,MTN,Mountain,RES,residential,10354186,12.04,12996.3701,107925.26104,number of customers,cents per kilowatt-hour,million dollars,million kilowatt hours
2021,MTN,Mountain,TRA,transportation,5,9.94,15.2449,153.383,number of customers,cents per kilowatt-hour,million dollars,million kilowatt hours
2021,NC,North Carolina,ALL,all sectors,5515686,9.29,12612.20301,135693.07701,number of customers,cents per kilowatt-hour,million dollars,million kilowatt hours
2021,NC,North Carolina,COM,commercial,731526,8.5,4053.56681,47714.832,number of customers,cents per kilowatt-hour,million dollars,million kilowatt hours
2021,NC,North Carolina,IND,industrial,9567,6.14,1660.48217,27049.36702,number of customers,cents per kilowatt-hour,million dollars,million kilowatt hours
2021,NC,North Carolina,OTH,other,0,0,0,0,number of customers,cents per kilowatt-hour,million dollars,million kilowatt hours
2021,NC,North Carolina,RES,residential,4774592,11.32,6897.04034,60914.68399,number of customers,cents per kilowatt-hour,million dollars,million kilowatt hours
2021,NC,North Carolina,TRA,transportation,1,7.85,1.1137,14.194,number of customers,cents per kilowatt-hour,million dollars,million kilowatt hours
2021,ND,North Dakota,ALL,all sectors,477494,8.65,1977.34632,22863.10699,number of customers,cents per kilowatt-hour,million dollars,million kilowatt hours
2021,ND,North Dakota,COM,commercial,77174,9.17,624.29542,6808.31599,number of customers,cents per kilowatt-hour,million dollars,million kilowatt hours
2021,ND,North Dakota,IND,industrial,8980,7.37,822.74009,11166.39,number of customers,cents per kilowatt-hour,million dollars,million kilowatt hours
2021,ND,North Dakota,OTH,other,0,0,0,0,number of customers,cents per kilowatt-hour,million dollars,million kilowatt hours
2021,ND,North Dakota,RES,residential,391340,10.85,530.31081,4888.401,number of customers,cents per kilowatt-hour,million dollars,million kilowatt hours
2021,ND,North Dakota,TRA,transportation,0,0,0,0,number of customers,cents per kilowatt-hour,million dollars,million kilowatt hours
2021,NE,Nebraska,ALL,all sectors,1090244,8.84,2857.93725,32341.17002,number of customers,cents per kilowatt-hour,million dollars,million kilowatt hours
2021,NE,Nebraska,COM,commercial,157335,8.81,815.53017,9260.421,number of customers,cents per kilowatt-hour,million dollars,million kilowatt hours
2021,NE,Nebraska,IND,industrial,63253,7.26,914.41063,12588.38001,number of customers,cents per kilowatt-hour,million dollars,million kilowatt hours
2021,NE,Nebraska,OTH,other,0,0,0,0,number of customers,cents per kilowatt-hour,million dollars,million kilowatt hours
2021,NE,Nebraska,RES,residential,869656,10.75,1127.99645,10492.369,number of customers,cents per kilowatt-hour,million dollars,million kilowatt hours
2021,NE,Nebraska,TRA,transportation,0,0,0,0,number of customers,cents per kilowatt-hour,million dollars,million kilowatt hours
2021,NEW,New England,ALL,all sectors,7436664,18.03,20515.80979,113798.63599,number of customers,cents per kilowatt-hour,million dollars,million kilowatt hours
2021,NEW,New England,COM,commercial,917495,16.34,8015.12554,49060.84997,number of customers,cents per kilowatt-hour,million dollars,million kilowatt hours
2021,NEW,New England,IND,industrial,22532,12.8,2004.21568,15662.08001,number of customers,cents per kilowatt-hour,million dollars,million kilowatt hours
2021,NEW,New England,OTH,other,0,0,0,0,number of customers,cents per kilowatt-hour,million dollars,million kilowatt hours
2021,NEW,New England,RES,residential,6496631,21.51,10454.23489,48597.59602,number of customers,cents per kilowatt-hour,million dollars,million kilowatt hours
2021,NEW,New England,TRA,transportation,6,8.83,42.23368,478.11,number of customers,cents per kilowatt-hour,million dollars,million kilowatt hours
2021,NH,New Hampshire,ALL,all sectors,751450,17.37,1887.9577,10867.26799,number of customers,cents per kilowatt-hour,million dollars,million kilowatt hours
2021,NH,New Hampshire,COM,commercial,110003,16.13,662.37578,4106.69199,number of customers,cents per kilowatt-hour,million dollars,million kilowatt hours
2021,NH,New Hampshire,IND,industrial,3180,13.81,266.33233,1928.665,number of customers,cents per kilowatt-hour,million dollars,million kilowatt hours
2021,NH,New Hampshire,OTH,other,0,0,0,0,number of customers,cents per kilowatt-hour,million dollars,million kilowatt hours
2021,NH,New Hampshire,RES,residential,638267,19.85,959.2496,4831.911,number of customers,cents per kilowatt-hour,million dollars,million kilowatt hours
2021,NH,New Hampshire,TRA,transportation,0,0,0,0,number of customers,cents per kilowatt-hour,million dollars,million kilowatt hours
2021,NJ,New Jersey,ALL,all sectors,4189601,14.01,10235.02747,73070.46599,number of customers,cents per kilowatt-hour,million dollars,million kilowatt hours
2021,NJ,New Jersey,COM,commercial,529178,12.69,4585.34216,36137.241,number of customers,cents per kilowatt-hour,million dollars,million kilowatt hours
2021,NJ,New Jersey,IND,industrial,11503,10.7,705.55271,6593.424,number of customers,cents per kilowatt-hour,million dollars,million kilowatt hours
2021,NJ,New Jersey,OTH,other,0,0,0,0,number of customers,cents per kilowatt-hour,million dollars,million kilowatt hours
2021,NJ,New Jersey,RES,residential,3648914,16.35,4921.08008,30090.371,number of customers,cents per kilowatt-hour,million dollars,million kilowatt hours
2021,NJ,New Jersey,TRA,transportation,6,9.24,23.05253,249.43,number of customers,cents per kilowatt-hour,million dollars,million kilowatt hours
2021,NM,New Mexico,ALL,all sectors,1070078,9.79,2487.26429,25393.74299,number of customers,cents per kilowatt-hour,million dollars,million kilowatt hours
2021,NM,New Mexico,COM,commercial,146312,10.8,935.01069,8655.82599,number of customers,cents per kilowatt-hour,million dollars,million kilowatt hours
2021,NM,New Mexico,IND,industrial,9271,6.16,594.1679,9649.559,number of customers,cents per kilowatt-hour,million dollars,million kilowatt hours
2021,NM,New Mexico,OTH,other,0,0,0,0,number of customers,cents per kilowatt-hour,million dollars,million kilowatt hours
2021,NM,New Mexico,RES,residential,914495,13.52,958.08569,7088.358,number of customers,cents per kilowatt-hour,million dollars,million kilowatt hours
2021,NM,New Mexico,TRA,transportation,0,0,0,0,number of customers,cents per kilowatt-hour,million dollars,million kilowatt hours
2021,NV,Nevada,ALL,all sectors,1424382,8.58,3350.81613,39032.042,number of customers,cents per kilowatt-hour,million dollars,million kilowatt hours
2021,NV,Nevada,COM,commercial,171686,7.77,954.73175,12293.815,number of customers,cents per kilowatt-hour,million dollars,million kilowatt hours
2021,NV,Nevada,IND,industrial,3303,6.02,743.87889,12359.54301,number of customers,cents per kilowatt-hour,million dollars,million kilowatt hours
2021,NV,Nevada,OTH,other,0,0,0,0,number of customers,cents per kilowatt-hour,million dollars,million kilowatt hours
2021,NV,Nevada,RES,residential,1249392,11.49,1651.79419,14373.357,number of customers,cents per kilowatt-hour,million dollars,million kilowatt hours
2021,NV,Nevada,TRA,transportation,1,7.72,.4113,5.327,number of customers,cents per kilowatt-hour,million dollars,million kilowatt hours
2021,NY,New York,ALL,all sectors,8425385,16.11,22782.82043,141423.77816,number of customers,cents per kilowatt-hour,million dollars,million kilowatt hours
2021,NY,New York,COM,commercial,1161852,16.07,11238.34702,69920.48818,number of customers,cents per kilowatt-hour,million dollars,million kilowatt hours
2021,NY,New York,IND,industrial,7313,6.34,1071.63549,16891.15199,number of customers,cents per kilowatt-hour,million dollars,million kilowatt hours
2021,NY,New York,OTH,other,0,0,0,0,number of customers,cents per kilowatt-hour,million dollars,million kilowatt hours
2021,NY,New York,RES,residential,7256212,19.48,10161.75545,52156.88199,number of customers,cents per kilowatt-hour,million dollars,million kilowatt hours
2021,NY,New York,TRA,transportation,8,12.67,311.08248,2455.256,number of customers,cents per kilowatt-hour,million dollars,million kilowatt hours
2021,OH,Ohio,ALL,all sectors,5701476,9.76,14423.86015,147717.86495,number of customers,cents per kilowatt-hour,million dollars,million kilowatt hours
2021,OH,Ohio,COM,commercial,640013,9.75,4385.3971,44980.45198,number of customers,cents per kilowatt-hour,million dollars,million kilowatt hours
2021,OH,Ohio,IND,industrial,19556,6.55,3246.51856,49529.406,number of customers,cents per kilowatt-hour,million dollars,million kilowatt hours
2021,OH,Ohio,OTH,other,0,0,0,0,number of customers,cents per kilowatt-hour,million dollars,million kilowatt hours
2021,OH,Ohio,RES,residential,5041904,12.77,6789.21697,53171.19298,number of customers,cents per kilowatt-hour,million dollars,million kilowatt hours
2021,OH,Ohio,TRA,transportation,3,7.41,2.72752,36.814,number of customers,cents per kilowatt-hour,million dollars,million kilowatt hours
2021,OK,Oklahoma,ALL,all sectors,2135843,8.52,5495.4122,64525.137,number of customers,cents per kilowatt-hour,million dollars,million kilowatt hours
2021,OK,Oklahoma,COM,commercial,296856,8.7,1739.51718,19999.31201,number of customers,cents per kilowatt-hour,million dollars,million kilowatt hours
2021,OK,Oklahoma,IND,industrial,20174,5.5,1143.47085,20779.95798,number of customers,cents per kilowatt-hour,million dollars,million kilowatt hours
2021,OK,Oklahoma,OTH,other,0,0,0,0,number of customers,cents per kilowatt-hour,million dollars,million kilowatt hours
2021,OK,Oklahoma,RES,residential,1818813,11,2612.42417,23745.86701,number of customers,cents per kilowatt-hour,million dollars,million kilowatt hours
2021,OK,Oklahoma,TRA,transportation,0,0,0,0,number of customers,cents per kilowatt-hour,million dollars,million kilowatt hours
2021,OR,Oregon,ALL,all sectors,2074370,8.95,4847.37428,54135.20501,number of customers,cents per kilowatt-hour,million dollars,million kilowatt hours
2021,OR,Oregon,COM,commercial,242237,9.1,1503.11707,16508.755,number of customers,cents per kilowatt-hour,million dollars,million kilowatt hours
2021,OR,Oregon,IND,industrial,26447,5.97,1034.70163,17318.50801,number of customers,cents per kilowatt-hour,million dollars,million kilowatt hours
2021,OR,Oregon,OTH,other,0,0,0,0,number of customers,cents per kilowatt-hour,million dollars,million kilowatt hours
2021,OR,Oregon,RES,residential,1805684,11.37,2307.36249,20285.346,number of customers,cents per kilowatt-hour,million dollars,million kilowatt hours
2021,OR,Oregon,TRA,transportation,2,9.71,2.1931,22.596,number of customers,cents per kilowatt-hour,million dollars,million kilowatt hours
2021,PA,Pennsylvania,ALL,all sectors,6218103,9.97,14288.77276,143340.15399,number of customers,cents per kilowatt-hour,million dollars,million kilowatt hours
2021,PA,Pennsylvania,COM,commercial,725725,8.91,3295.18301,36988.11201,number of customers,cents per kilowatt-hour,million dollars,million kilowatt hours
2021,PA,Pennsylvania,IND,industrial,15006,6.54,3268.11772,49999.765,number of customers,cents per kilowatt-hour,million dollars,million kilowatt hours
2021,PA,Pennsylvania,OTH,other,0,0,0,0,number of customers,cents per kilowatt-hour,million dollars,million kilowatt hours
2021,PA,Pennsylvania,RES,residential,5477367,13.76,7697.61302,55945.17598,number of customers,cents per kilowatt-hour,million dollars,million kilowatt hours
2021,PA,Pennsylvania,TRA,transportation,5,6.84,27.85901,407.101,number of customers,cents per kilowatt-hour,million dollars,million kilowatt hours
2021,PACC,Pacific Contiguous,ALL,all sectors,21499772,15.7,61154.2851,389583.73801,number of customers,cents per kilowatt-hour,million dollars,million kilowatt hours
2021,PACC,Pacific Contiguous,COM,commercial,2387183,16.23,24982.69872,153907.73001,number of customers,cents per kilowatt-hour,million dollars,million kilowatt hours
2021,PACC,Pacific Contiguous,IND,industrial,202079,10.81,9330.4293,86338.31701,number of customers,cents per kilowatt-hour,million dollars,million kilowatt hours
2021,PACC,Pacific Contiguous,OTH,other,0,0,0,0,number of customers,cents per kilowatt-hour,million dollars,million kilowatt hours
2021,PACC,Pacific Contiguous,RES,residential,18910491,18.01,26755.50071,148590.722,number of customers,cents per kilowatt-hour,million dollars,million kilowatt hours
2021,PACC,Pacific Contiguous,TRA,transportation,19,11.47,85.65637,746.969,number of customers,cents per kilowatt-hour,million dollars,million kilowatt hours
2021,PACN,Pacific Noncontiguous,ALL,all sectors,853878,26.19,3903.35281,14905.821,number of customers,cents per kilowatt-hour,million dollars,million kilowatt hours
2021,PACN,Pacific Noncontiguous,COM,commercial,115940,25.48,1361.4621,5343.18699,number of customers,cents per kilowatt-hour,million dollars,million kilowatt hours
2021,PACN,Pacific Noncontiguous,IND,industrial,1952,24.19,1125.79552,4653.641,number of customers,cents per kilowatt-hour,million dollars,million kilowatt hours
2021,PACN,Pacific Noncontiguous,OTH,other,0,0,0,0,number of customers,cents per kilowatt-hour,million dollars,million kilowatt hours
2021,PACN,Pacific Noncontiguous,RES,residential,735986,28.85,1416.0952,4908.99301,number of customers,cents per kilowatt-hour,million dollars,million kilowatt hours
2021,PACN,Pacific Noncontiguous,TRA,transportation,0,0,0,0,number of customers,cents per kilowatt-hour,million dollars,million kilowatt hours
2021,RI,Rhode Island,ALL,all sectors,508062,18.44,1364.26863,7398.00399,number of customers,cents per kilowatt-hour,million dollars,million kilowatt hours
2021,RI,Rhode Island,COM,commercial,60091,15.51,558.93341,3604.518,number of customers,cents per kilowatt-hour,million dollars,million kilowatt hours
2021,RI,Rhode Island,IND,industrial,1650,16.06,103.36601,643.779,number of customers,cents per kilowatt-hour,million dollars,million kilowatt hours
2021,RI,Rhode Island,OTH,other,0,0,0,0,number of customers,cents per kilowatt-hour,million dollars,million kilowatt hours
2021,RI,Rhode Island,RES,residential,446320,22.3,698.38003,3131.533,number of customers,cents per kilowatt-hour,million dollars,million kilowatt hours
2021,RI,Rhode Island,TRA,transportation,1,19.75,3.58919,18.174,number of customers,cents per kilowatt-hour,million dollars,million kilowatt hours
2021,SAT,South Atlantic,ALL,all sectors,33267665,10.12,84320.93027,833301.43204,number of customers,cents per kilowatt-hour,million dollars,million kilowatt hours
2021,SAT,South Atlantic,COM,commercial,3940011,9.41,29479.79225,313128.555,number of customers,cents per kilowatt-hour,million dollars,million kilowatt hours
2021,SAT,South Atlantic,IND,industrial,85352,6.51,9388.97253,144329.01704,number of customers,cents per kilowatt-hour,million dollars,million kilowatt hours
2021,SAT,South Atlantic,OTH,other,0,0,0,0,number of customers,cents per kilowatt-hour,million dollars,million kilowatt hours
2021,SAT,South Atlantic,RES,residential,29242289,12.1,45362.27576,374745.996,number of customers,cents per kilowatt-hour,million dollars,million kilowatt hours
2021,SAT,South Atlantic,TRA,transportation,13,8.19,89.88973,1097.864,number of customers,cents per kilowatt-hour,million dollars,million kilowatt hours
2021,SC,South Carolina,ALL,all sectors,2832360,9.96,7947.38694,79792.13601,number of customers,cents per kilowatt-hour,million dollars,million kilowatt hours
2021,SC,South Carolina,COM,commercial,402005,10.67,2253.77919,21114.32301,number of customers,cents per kilowatt-hour,million dollars,million kilowatt hours
2021,SC,South Carolina,IND,industrial,3652,6.07,1656.15357,27292.017,number of customers,cents per kilowatt-hour,million dollars,million kilowatt hours
2021,SC,South Carolina,OTH,other,0,0,0,0,number of customers,cents per kilowatt-hour,million dollars,million kilowatt hours
2021,SC,South Carolina,RES,residential,2426703,12.86,4037.45418,31385.79599,number of customers,cents per kilowatt-hour,million dollars,million kilowatt hours
2021,SC,South Carolina,TRA,transportation,0,0,0,0,number of customers,cents per kilowatt-hour,million dollars,million kilowatt hours
2021,SD,South Dakota,ALL,all sectors,491795,10.43,1360.06253,13041.39102,number of customers,cents per kilowatt-hour,million dollars,million kilowatt hours
2021,SD,South Dakota,COM,commercial,74987,10.15,486.3689,4791.689,number of customers,cents per kilowatt-hour,million dollars,million kilowatt hours
2021,SD,South Dakota,IND,industrial,4151,8.02,257.17629,3205.73801,number of customers,cents per kilowatt-hour,million dollars,million kilowatt hours
2021,SD,South Dakota,OTH,other,0,0,0,0,number of customers,cents per kilowatt-hour,million dollars,million kilowatt hours
2021,SD,South Dakota,RES,residential,412657,12.22,616.51734,5043.96402,number of customers,cents per kilowatt-hour,million dollars,million kilowatt hours
2021,SD,South Dakota,TRA,transportation,0,0,0,0,number of customers,cents per kilowatt-hour,million dollars,million kilowatt hours
2021,TN,Tennessee,ALL,all sectors,3537456,9.78,9738.25313,99621.13698,number of customers,cents per kilowatt-hour,million dollars,million kilowatt hours
2021,TN,Tennessee,COM,commercial,519798,10.87,3789.84451,34863.39701,number of customers,cents per kilowatt-hour,million dollars,million kilowatt hours
2021,TN,Tennessee,IND,industrial,1016,5.51,1206.80282,21917.29799,number of customers,cents per kilowatt-hour,million dollars,million kilowatt hours
2021,TN,Tennessee,OTH,other,0,0,0,0,number of customers,cents per kilowatt-hour,million dollars,million kilowatt hours
2021,TN,Tennessee,RES,residential,3016642,11.07,4741.60581,42840.44199,number of customers,cents per kilowatt-hour,million dollars,million kilowatt hours
2021,TN,Tennessee,TRA,transportation,0,0,0,0,number of customers,cents per kilowatt-hour,million dollars,million kilowatt hours
2021,TX,Texas,ALL,all sectors,13660929,9.14,39797.33266,435627.87798,number of customers,cents per kilowatt-hour,million dollars,million kilowatt hours
2021,TX,Texas,COM,commercial,1552641,8.72,12897.91659,147843.23098,number of customers,cents per kilowatt-hour,million dollars,million kilowatt hours
2021,TX,Texas,IND,industrial,293034,6.12,8115.25123,132529.561,number of customers,cents per kilowatt-hour,million dollars,million kilowatt hours
2021,TX,Texas,OTH,other,0,0,0,0,number of customers,cents per kilowatt-hour,million dollars,million kilowatt hours
2021,TX,Texas,RES,residential,11815251,12.11,18772.29964,155075.13599,number of customers,cents per kilowatt-hour,million dollars,million kilowatt hours
2021,TX,Texas,TRA,transportation,3,6.59,11.8652,179.95,number of customers,cents per kilowatt-hour,million dollars,million kilowatt hours
2021,US,U.S. Total,ALL,all sectors,158433370,11.1,422323.2504,3805874.25317,number of customers,cents per kilowatt-hour,million dollars,million kilowatt hours
2021,US,U.S. Total,COM,commercial,19102304,11.22,149008.22336,1328439.49815,number of customers,cents per kilowatt-hour,million dollars,million kilowatt hours
2021,US,U.S. Total,IND,industrial,1022212,7.18,71834.92557,1000613.49,number of customers,cents per kilowatt-hour,million dollars,million kilowatt hours
2021,US,U.S. Total,OTH,other,0,0,0,0,number of customers,cents per kilowatt-hour,million dollars,million kilowatt hours
2021,US,U.S. Total,RES,residential,138308772,13.66,200833.8739,1470486.88203,number of customers,cents per kilowatt-hour,million dollars,million kilowatt hours
2021,US,U.S. Total,TRA,transportation,82,10.2,646.22757,6334.38299,number of customers,cents per kilowatt-hour,million dollars,million kilowatt hours
2021,UT,Utah,ALL,all sectors,1326298,8.34,2726.41791,32677.62701,number of customers,cents per kilowatt-hour,million dollars,million kilowatt hours
2021,UT,Utah,COM,commercial,139168,8.13,992.41841,12206.51,number of customers,cents per kilowatt-hour,million dollars,million kilowatt hours
2021,UT,Utah,IND,industrial,10180,6.19,586.30378,9471.73699,number of customers,cents per kilowatt-hour,million dollars,million kilowatt hours
2021,UT,Utah,OTH,other,0,0,0,0,number of customers,cents per kilowatt-hour,million dollars,million kilowatt hours
2021,UT,Utah,RES,residential,1176949,10.43,1142.20552,10950.41501,number of customers,cents per kilowatt-hour,million dollars,million kilowatt hours
2021,UT,Utah,TRA,transportation,1,11.21,5.4902,48.965,number of customers,cents per kilowatt-hour,million dollars,million kilowatt hours
2021,VA,Virginia,ALL,all sectors,3997483,9.14,11449.57352,125245.19598,number of customers,cents per kilowatt-hour,million dollars,million kilowatt hours
2021,VA,Virginia,COM,commercial,442263,7.79,4575.24152,58723.97799,number of customers,cents per kilowatt-hour,million dollars,million kilowatt hours
2021,VA,Virginia,IND,industrial,3687,6.49,1279.92392,19712.19899,number of customers,cents per kilowatt-hour,million dollars,million kilowatt hours
2021,VA,Virginia,OTH,other,0,0,0,0,number of customers,cents per kilowatt-hour,million dollars,million kilowatt hours
2021,VA,Virginia,RES,residential,3551532,11.96,5579.58538,46634.411,number of customers,cents per kilowatt-hour,million dollars,million kilowatt hours
2021,VA,Virginia,TRA,transportation,1,8.49,14.8227,174.608,number of customers,cents per kilowatt-hour,million dollars,million kilowatt hours
2021,VT,Vermont,ALL,all sectors,380095,16.34,884.48551,5412.69602,number of customers,cents per kilowatt-hour,million dollars,million kilowatt hours
2021,VT,Vermont,COM,commercial,60403,16.59,309.77151,1867.111,number of customers,cents per kilowatt-hour,million dollars,million kilowatt hours
2021,VT,Vermont,IND,industrial,248,11.38,155.98001,1371.096,number of customers,cents per kilowatt-hour,million dollars,million kilowatt hours
2021,VT,Vermont,OTH,other,0,0,0,0,number of customers,cents per kilowatt-hour,million dollars,million kilowatt hours
2021,VT,Vermont,RES,residential,319444,19.26,418.73399,2174.48902,number of customers,cents per kilowatt-hour,million dollars,million kilowatt hours
2021,VT,Vermont,TRA,transportation,0,0,0,0,number of customers,cents per kilowatt-hour,million dollars,million kilowatt hours
2021,WA,Washington,ALL,all sectors,3641084,8.75,7717.81177,88198.668,number of customers,cents per kilowatt-hour,million dollars,million kilowatt hours
2021,WA,Washington,COM,commercial,394023,9.14,2618.51253,28637.381,number of customers,cents per kilowatt-hour,million dollars,million kilowatt hours
2021,WA,Washington,IND,industrial,26243,5.81,1245.30494,21436.48001,number of customers,cents per kilowatt-hour,million dollars,million kilowatt hours
2021,WA,Washington,OTH,other,0,0,0,0,number of customers,cents per kilowatt-hour,million dollars,million kilowatt hours
2021,WA,Washington,RES,residential,3220813,10.11,3843.7464,38021.233,number of customers,cents per kilowatt-hour,million dollars,million kilowatt hours
2021,WA,Washington,TRA,transportation,5,9.89,10.2479,103.574,number of customers,cents per kilowatt-hour,million dollars,million kilowatt hours
2021,WI,Wisconsin,ALL,all sectors,3129246,11.01,7645.27678,69426.61502,number of customers,cents per kilowatt-hour,million dollars,million kilowatt hours
2021,WI,Wisconsin,COM,commercial,361589,10.95,2547.81947,23266.01301,number of customers,cents per kilowatt-hour,million dollars,million kilowatt hours
2021,WI,Wisconsin,IND,industrial,5665,7.63,1777.0797,23295.516,number of customers,cents per kilowatt-hour,million dollars,million kilowatt hours
2021,WI,Wisconsin,OTH,other,0,0,0,0,number of customers,cents per kilowatt-hour,million dollars,million kilowatt hours
2021,WI,Wisconsin,RES,residential,2761990,14.52,3320.22051,22864.04701,number of customers,cents per kilowatt-hour,million dollars,million kilowatt hours
2021,WI,Wisconsin,TRA,transportation,2,15.12,.1571,1.039,number of customers,cents per kilowatt-hour,million dollars,million kilowatt hours
2021,WNC,West North Central,ALL,all sectors,11370570,9.9,30307.19946,305982.93206,number of customers,cents per kilowatt-hour,million dollars,million kilowatt hours
2021,WNC,West North Central,COM,commercial,1502864,9.97,9911.6972,99432.57504,number of customers,cents per kilowatt-hour,million dollars,million kilowatt hours
2021,WNC,West North Central,IND,industrial,128943,7.35,7254.64305,98746.63399,number of customers,cents per kilowatt-hour,million dollars,million kilowatt hours
2021,WNC,West North Central,OTH,other,0,0,0,0,number of customers,cents per kilowatt-hour,million dollars,million kilowatt hours
2021,WNC,West North Central,RES,residential,9738760,12.19,13136.80021,107760.36303,number of customers,cents per kilowatt-hour,million dollars,million kilowatt hours
2021,WNC,West North Central,TRA,transportation,3,9.36,4.059,43.36,number of customers,cents per kilowatt-hour,million dollars,million kilowatt hours
2021,WSC,West South Central,ALL,all sectors,19914864,9.03,57730.48289,639635.50299,number of customers,cents per kilowatt-hour,million dollars,million kilowatt hours
2021,WSC,West South Central,COM,commercial,2348629,8.94,18036.72797,201819.09899,number of customers,cents per kilowatt-hour,million dollars,million kilowatt hours
2021,WSC,West South Central,IND,industrial,369764,6.12,12812.74544,209479.52299,number of customers,cents per kilowatt-hour,million dollars,million kilowatt hours
2021,WSC,West South Central,OTH,other,0,0,0,0,number of customers,cents per kilowatt-hour,million dollars,million kilowatt hours
2021,WSC,West South Central,RES,residential,17196465,11.78,26868.09518,228147.242,number of customers,cents per kilowatt-hour,million dollars,million kilowatt hours
2021,WSC,West South Central,TRA,transportation,6,6.81,12.9143,189.639,number of customers,cents per kilowatt-hour,million dollars,million kilowatt hours
2021,WV,West Virginia,ALL,all sectors,1023221,8.87,2907.28319,32777.98802,number of customers,cents per kilowatt-hour,million dollars,million kilowatt hours
2021,WV,West Virginia,COM,commercial,148231,9.5,679.55949,7156.30401,number of customers,cents per kilowatt-hour,million dollars,million kilowatt hours
2021,WV,West Virginia,IND,industrial,11343,6.07,884.5164,14570.97901,number of customers,cents per kilowatt-hour,million dollars,million kilowatt hours
2021,WV,West Virginia,OTH,other,0,0,0,0,number of customers,cents per kilowatt-hour,million dollars,million kilowatt hours
2021,WV,West Virginia,RES,residential,863647,12.15,1343.20729,11050.705,number of customers,cents per kilowatt-hour,million dollars,million kilowatt hours
2021,WV,West Virginia,TRA,transportation,0,0,0,0,number of customers,cents per kilowatt-hour,million dollars,million kilowatt hours
2021,WY,Wyoming,ALL,all sectors,348236,8.25,1301.68844,15784.712,number of customers,cents per kilowatt-hour,million dollars,million kilowatt hours
2021,WY,Wyoming,COM,commercial,58019,9.68,333.21442,3443.297,number of customers,cents per kilowatt-hour,million dollars,million kilowatt hours
2021,WY,Wyoming,IND,industrial,11618,6.83,644.77202,9443.917,number of customers,cents per kilowatt-hour,million dollars,million kilowatt hours
2021,WY,Wyoming,OTH,other,0,0,0,0,number of customers,cents per kilowatt-hour,million dollars,million kilowatt hours
2021,WY,Wyoming,RES,residential,278599,11.17,323.70201,2897.498,number of customers,cents per kilowatt-hour,million dollars,million kilowatt hours
2021,WY,Wyoming,TRA,transportation,0,0,0,0,number of customers,cents per kilowatt-hour,million dollars,million kilowatt hours
2020,AK,Alaska,ALL,all sectors,378330,19.82,1172.83483,5917.57699,number of customers,cents per kilowatt-hour,million dollars,million kilowatt hours
2020,AK,Alaska,COM,commercial,61993,19.58,494.10288,2524.11599,number of customers,cents per kilowatt-hour,million dollars,million kilowatt hours
2020,AK,Alaska,IND,industrial,1129,15.88,207.20551,1304.41499,number of customers,cents per kilowatt-hour,million dollars,million kilowatt hours
2020,AK,Alaska,OTH,other,0,0,0,0,number of customers,cents per kilowatt-hour,million dollars,million kilowatt hours
2020,AK,Alaska,RES,residential,315208,22.57,471.52644,2089.04601,number of customers,cents per kilowatt-hour,million dollars,million kilowatt hours
2020,AK,Alaska,TRA,transportation,0,0,0,0,number of customers,cents per kilowatt-hour,million dollars,million kilowatt hours
2020,AL,Alabama,ALL,all sectors,2659869,9.84,8206.78599,83395.60502,number of customers,cents per kilowatt-hour,million dollars,million kilowatt hours
2020,AL,Alabama,COM,commercial,371888,11.55,2460.39471,21307.77501,number of customers,cents per kilowatt-hour,million dollars,million kilowatt hours
2020,AL,Alabama,IND,industrial,7240,5.87,1806.5243,30756.789,number of customers,cents per kilowatt-hour,million dollars,million kilowatt hours
2020,AL,Alabama,OTH,other,0,0,0,0,number of customers,cents per kilowatt-hour,million dollars,million kilowatt hours
2020,AL,Alabama,RES,residential,2280741,12.57,3939.86698,31331.04101,number of customers,cents per kilowatt-hour,million dollars,million kilowatt hours
2020,AL,Alabama,TRA,transportation,0,0,0,0,number of customers,cents per kilowatt-hour,million dollars,million kilowatt hours
2020,AR,Arkansas,ALL,all sectors,1647339,8.32,3815.60369,45851.00301,number of customers,cents per kilowatt-hour,million dollars,million kilowatt hours
2020,AR,Arkansas,COM,commercial,197869,8.61,956.72029,11110.41599,number of customers,cents per kilowatt-hour,million dollars,million kilowatt hours
2020,AR,Arkansas,IND,industrial,35978,5.89,987.4351,16760.18201,number of customers,cents per kilowatt-hour,million dollars,million kilowatt hours
2020,AR,Arkansas,OTH,other,0,0,0,0,number of customers,cents per kilowatt-hour,million dollars,million kilowatt hours
2020,AR,Arkansas,RES,residential,1413490,10.41,1871.42181,17980.20601,number of customers,cents per kilowatt-hour,million dollars,million kilowatt hours
2020,AR,Arkansas,TRA,transportation,2,13.32,.0265,.199,number of customers,cents per kilowatt-hour,million dollars,million kilowatt hours
2020,AZ,Arizona,ALL,all sectors,3235165,10.44,8553.10329,81960.07401,number of customers,cents per kilowatt-hour,million dollars,million kilowatt hours
2020,AZ,Arizona,COM,commercial,331229,10.11,2944.34801,29128.178,number of customers,cents per kilowatt-hour,million dollars,million kilowatt hours
2020,AZ,Arizona,IND,industrial,7595,6.07,856.64419,14113.139,number of customers,cents per kilowatt-hour,million dollars,million kilowatt hours
2020,AZ,Arizona,OTH,other,0,0,0,0,number of customers,cents per kilowatt-hour,million dollars,million kilowatt hours
2020,AZ,Arizona,RES,residential,2896339,12.27,4751.04679,38707.41601,number of customers,cents per kilowatt-hour,million dollars,million kilowatt hours
2020,AZ,Arizona,TRA,transportation,2,9.38,1.0643,11.341,number of customers,cents per kilowatt-hour,million dollars,million kilowatt hours
2020,CA,California,ALL,all sectors,15708395,18,45028.61209,250174.67203,number of customers,cents per kilowatt-hour,million dollars,million kilowatt hours
2020,CA,California,COM,commercial,1725533,17.53,18757.40107,107006.347,number of customers,cents per kilowatt-hour,million dollars,million kilowatt hours
2020,CA,California,IND,industrial,148130,14.27,6797.21511,47630.88201,number of customers,cents per kilowatt-hour,million dollars,million kilowatt hours
2020,CA,California,OTH,other,0,0,0,0,number of customers,cents per kilowatt-hour,million dollars,million kilowatt hours
2020,CA,California,RES,residential,13834719,20.45,19413.31415,94934.56301,number of customers,cents per kilowatt-hour,million dollars,million kilowatt hours
2020,CA,California,TRA,transportation,13,10.07,60.68176,602.88,number of customers,cents per kilowatt-hour,million dollars,million kilowatt hours
2020,CO,Colorado,ALL,all sectors,2800085,10.27,5756.86766,56050.26399,number of customers,cents per kilowatt-hour,million dollars,million kilowatt hours
2020,CO,Colorado,COM,commercial,384518,10.29,2062.50786,20042.21799,number of customers,cents per kilowatt-hour,million dollars,million kilowatt hours
2020,CO,Colorado,IND,industrial,15209,7.48,1154.8965,15431.465,number of customers,cents per kilowatt-hour,million dollars,million kilowatt hours
2020,CO,Colorado,OTH,other,0,0,0,0,number of customers,cents per kilowatt-hour,million dollars,million kilowatt hours
2020,CO,Colorado,RES,residential,2400357,12.36,2531.3369,20482.50199,number of customers,cents per kilowatt-hour,million dollars,million kilowatt hours
2020,CO,Colorado,TRA,transportation,1,8.64,8.1264,94.079,number of customers,cents per kilowatt-hour,million dollars,million kilowatt hours
2020,CT,Connecticut,ALL,all sectors,1680139,19.13,5187.71996,27113.673,number of customers,cents per kilowatt-hour,million dollars,million kilowatt hours
2020,CT,Connecticut,COM,commercial,154894,16.58,1848.33621,11145.89599,number of customers,cents per kilowatt-hour,million dollars,million kilowatt hours
2020,CT,Connecticut,IND,industrial,4130,13.07,373.83617,2860.291,number of customers,cents per kilowatt-hour,million dollars,million kilowatt hours
2020,CT,Connecticut,OTH,other,0,0,0,0,number of customers,cents per kilowatt-hour,million dollars,million kilowatt hours
2020,CT,Connecticut,RES,residential,1521112,22.71,2948.78013,12981.839,number of customers,cents per kilowatt-hour,million dollars,million kilowatt hours
2020,CT,Connecticut,TRA,transportation,3,13.34,16.76745,125.647,number of customers,cents per kilowatt-hour,million dollars,million kilowatt hours
2020,DC,District of Columbia,ALL,all sectors,317142,11.9,1164.38631,9785.775,number of customers,cents per kilowatt-hour,million dollars,million kilowatt hours
2020,DC,District of Columbia,COM,commercial,26672,11.85,807.75879,6814.56,number of customers,cents per kilowatt-hour,million dollars,million kilowatt hours
2020,DC,District of Columbia,IND,industrial,1,7.99,14.88117,186.344,number of customers,cents per kilowatt-hour,million dollars,million kilowatt hours
2020,DC,District of Columbia,OTH,other,0,0,0,0,number of customers,cents per kilowatt-hour,million dollars,million kilowatt hours
2020,DC,District of Columbia,RES,residential,290466,12.63,309.84059,2452.589,number of customers,cents per kilowatt-hour,million dollars,million kilowatt hours
2020,DC,District of Columbia,TRA,transportation,3,9.6,31.90575,332.282,number of customers,cents per kilowatt-hour,million dollars,million kilowatt hours
2020,DE,Delaware,ALL,all sectors,503918,10.24,1139.69103,11129.05101,number of customers,cents per kilowatt-hour,million dollars,million kilowatt hours
2020,DE,Delaware,COM,commercial,56764,9.18,374.87629,4082.497,number of customers,cents per kilowatt-hour,million dollars,million kilowatt hours
2020,DE,Delaware,IND,industrial,878,6.7,137.78375,2055.42,number of customers,cents per kilowatt-hour,million dollars,million kilowatt hours
2020,DE,Delaware,OTH,other,0,0,0,0,number of customers,cents per kilowatt-hour,million dollars,million kilowatt hours
2020,DE,Delaware,RES,residential,446276,12.56,627.03099,4991.134,number of customers,cents per kilowatt-hour,million dollars,million kilowatt hours
2020,DE,Delaware,TRA,transportation,0,0,0,0,number of customers,cents per kilowatt-hour,million dollars,million kilowatt hours
2020,ENC,East North Central,ALL,all sectors,23032039,10.28,55155.51437,536700.48688,number of customers,cents per kilowatt-hour,million dollars,million kilowatt hours
2020,ENC,East North Central,COM,commercial,2535283,10.27,17311.1857,168614.29208,number of customers,cents per kilowatt-hour,million dollars,million kilowatt hours
2020,ENC,East North Central,IND,industrial,55891,6.78,12010.64187,177266.94902,number of customers,cents per kilowatt-hour,million dollars,million kilowatt hours
2020,ENC,East North Central,OTH,other,0,0,0,0,number of customers,cents per kilowatt-hour,million dollars,million kilowatt hours
2020,ENC,East North Central,RES,residential,20440854,13.56,25799.38903,190311.30879,number of customers,cents per kilowatt-hour,million dollars,million kilowatt hours
2020,ENC,East North Central,TRA,transportation,11,6.75,34.29777,507.937,number of customers,cents per kilowatt-hour,million dollars,million kilowatt hours
2020,ESC,East South Central,ALL,all sectors,9980723,9.32,27657.07977,296681.93199,number of customers,cents per kilowatt-hour,million dollars,million kilowatt hours
2020,ESC,East South Central,COM,commercial,1422861,10.73,9232.191,86034.46401,number of customers,cents per kilowatt-hour,million dollars,million kilowatt hours
2020,ESC,East South Central,IND,industrial,24580,5.55,5235.80758,94301.58699,number of customers,cents per kilowatt-hour,million dollars,million kilowatt hours
2020,ESC,East South Central,OTH,other,0,0,0,0,number of customers,cents per kilowatt-hour,million dollars,million kilowatt hours
2020,ESC,East South Central,RES,residential,8533282,11.34,13189.0812,116345.88099,number of customers,cents per kilowatt-hour,million dollars,million kilowatt hours
2020,ESC,East South Central,TRA,transportation,0,0,0,0,number of customers,cents per kilowatt-hour,million dollars,million kilowatt hours
2020,FL,Florida,ALL,all sectors,11010395,10.06,24394.219,242440.17099,number of customers,cents per kilowatt-hour,million dollars,million kilowatt hours
2020,FL,Florida,COM,commercial,1256569,8.85,8181.31491,92493.736,number of customers,cents per kilowatt-hour,million dollars,million kilowatt hours
2020,FL,Florida,IND,industrial,22587,7.15,1185.72899,16572.954,number of customers,cents per kilowatt-hour,million dollars,million kilowatt hours
2020,FL,Florida,OTH,other,0,0,0,0,number of customers,cents per kilowatt-hour,million dollars,million kilowatt hours
2020,FL,Florida,RES,residential,9731237,11.27,15021.4357,133298.86899,number of customers,cents per kilowatt-hour,million dollars,million kilowatt hours
2020,FL,Florida,TRA,transportation,2,7.69,5.7394,74.612,number of customers,cents per kilowatt-hour,million dollars,million kilowatt hours
2020,GA,Georgia,ALL,all sectors,5103474,9.93,13247.08901,133470.14198,number of customers,cents per kilowatt-hour,million dollars,million kilowatt hours
2020,GA,Georgia,COM,commercial,592220,10.08,4466.25673,44301.529,number of customers,cents per kilowatt-hour,million dollars,million kilowatt hours
2020,GA,Georgia,IND,industrial,23822,5.77,1777.389,30807.72398,number of customers,cents per kilowatt-hour,million dollars,million kilowatt hours
2020,GA,Georgia,OTH,other,0,0,0,0,number of customers,cents per kilowatt-hour,million dollars,million kilowatt hours
2020,GA,Georgia,RES,residential,4487431,12.02,6995.85918,58220.28,number of customers,cents per kilowatt-hour,million dollars,million kilowatt hours
2020,GA,Georgia,TRA,transportation,1,5.39,7.5841,140.609,number of customers,cents per kilowatt-hour,million dollars,million kilowatt hours
2020,HI,Hawaii,ALL,all sectors,502552,27.55,2423.2378,8796.76099,number of customers,cents per kilowatt-hour,million dollars,million kilowatt hours
2020,HI,Hawaii,COM,commercial,59734,28.41,762.5265,2684.301,number of customers,cents per kilowatt-hour,million dollars,million kilowatt hours
2020,HI,Hawaii,IND,industrial,816,24.45,797.94,3263.346,number of customers,cents per kilowatt-hour,million dollars,million kilowatt hours
2020,HI,Hawaii,OTH,other,0,0,0,0,number of customers,cents per kilowatt-hour,million dollars,million kilowatt hours
2020,HI,Hawaii,RES,residential,442002,30.28,862.7713,2849.114,number of customers,cents per kilowatt-hour,million dollars,million kilowatt hours
2020,HI,Hawaii,TRA,transportation,0,0,0,0,number of customers,cents per kilowatt-hour,million dollars,million kilowatt hours
2020,IA,Iowa,ALL,all sectors,1656655,8.97,4543.13339,50639.86205,number of customers,cents per kilowatt-hour,million dollars,million kilowatt hours
2020,IA,Iowa,COM,commercial,243762,9.96,1155.68807,11605.73805,number of customers,cents per kilowatt-hour,million dollars,million kilowatt hours
2020,IA,Iowa,IND,industrial,9507,6.43,1572.41782,24466.64101,number of customers,cents per kilowatt-hour,million dollars,million kilowatt hours
2020,IA,Iowa,OTH,other,0,0,0,0,number of customers,cents per kilowatt-hour,million dollars,million kilowatt hours
2020,IA,Iowa,RES,residential,1403386,12.46,1815.0275,14567.48298,number of customers,cents per kilowatt-hour,million dollars,million kilowatt hours
2020,IA,Iowa,TRA,transportation,0,0,0,0,number of customers,cents per kilowatt-hour,million dollars,million kilowatt hours
2020,ID,Idaho,ALL,all sectors,926025,7.99,1953.36628,24461.35199,number of customers,cents per kilowatt-hour,million dollars,million kilowatt hours
2020,ID,Idaho,COM,commercial,114707,7.75,488.95549,6309.927,number of customers,cents per kilowatt-hour,million dollars,million kilowatt hours
2020,ID,Idaho,IND,industrial,28759,6.23,571.938,9180.674,number of customers,cents per kilowatt-hour,million dollars,million kilowatt hours
2020,ID,Idaho,OTH,other,0,0,0,0,number of customers,cents per kilowatt-hour,million dollars,million kilowatt hours
2020,ID,Idaho,RES,residential,782559,9.95,892.47279,8970.75099,number of customers,cents per kilowatt-hour,million dollars,million kilowatt hours
2020,ID,Idaho,TRA,transportation,0,0,0,0,number of customers,cents per kilowatt-hour,million dollars,million kilowatt hours
2020,IL,Illinois,ALL,all sectors,5974042,9.75,12915.09559,132469.277,number of customers,cents per kilowatt-hour,million dollars,million kilowatt hours
2020,IL,Illinois,COM,commercial,628868,9.15,4160.56688,45486.57701,number of customers,cents per kilowatt-hour,million dollars,million kilowatt hours
2020,IL,Illinois,IND,industrial,5561,6.7,2703.05566,40362.20399,number of customers,cents per kilowatt-hour,million dollars,million kilowatt hours
2020,IL,Illinois,OTH,other,0,0,0,0,number of customers,cents per kilowatt-hour,million dollars,million kilowatt hours
2020,IL,Illinois,RES,residential,5339610,13.04,6021.96565,46170.538,number of customers,cents per kilowatt-hour,million dollars,million kilowatt hours
2020,IL,Illinois,TRA,transportation,3,6.56,29.5074,449.958,number of customers,cents per kilowatt-hour,million dollars,million kilowatt hours
2020,IN,Indiana,ALL,all sectors,3303115,9.92,9633.66075,97155.74401,number of customers,cents per kilowatt-hour,million dollars,million kilowatt hours
2020,IN,Indiana,COM,commercial,363465,11.21,2465.0666,21996.47801,number of customers,cents per kilowatt-hour,million dollars,million kilowatt hours
2020,IN,Indiana,IND,industrial,19383,6.98,2949.71799,42262.90999,number of customers,cents per kilowatt-hour,million dollars,million kilowatt hours
2020,IN,Indiana,OTH,other,0,0,0,0,number of customers,cents per kilowatt-hour,million dollars,million kilowatt hours
2020,IN,Indiana,RES,residential,2920266,12.83,4217.03746,32878.35501,number of customers,cents per kilowatt-hour,million dollars,million kilowatt hours
2020,IN,Indiana,TRA,transportation,1,10.21,1.8387,18.001,number of customers,cents per kilowatt-hour,million dollars,million kilowatt hours
2020,KS,Kansas,ALL,all sectors,1542941,10.38,4097.67312,39483.94599,number of customers,cents per kilowatt-hour,million dollars,million kilowatt hours
2020,KS,Kansas,COM,commercial,236430,10.4,1544.29922,14843.31899,number of customers,cents per kilowatt-hour,million dollars,million kilowatt hours
2020,KS,Kansas,IND,industrial,23979,7.3,806.29832,11048.183,number of customers,cents per kilowatt-hour,million dollars,million kilowatt hours
2020,KS,Kansas,OTH,other,0,0,0,0,number of customers,cents per kilowatt-hour,million dollars,million kilowatt hours
2020,KS,Kansas,RES,residential,1282532,12.85,1747.07559,13592.444,number of customers,cents per kilowatt-hour,million dollars,million kilowatt hours
2020,KS,Kansas,TRA,transportation,0,0,0,0,number of customers,cents per kilowatt-hour,million dollars,million kilowatt hours
2020,KY,Kentucky,ALL,all sectors,2331906,8.58,6162.95652,71800.39901,number of customers,cents per kilowatt-hour,million dollars,million kilowatt hours
2020,KY,Kentucky,COM,commercial,312014,10.34,1867.4058,18061.357,number of customers,cents per kilowatt-hour,million dollars,million kilowatt hours
2020,KY,Kentucky,IND,industrial,5982,5.31,1477.126,27803.946,number of customers,cents per kilowatt-hour,million dollars,million kilowatt hours
2020,KY,Kentucky,OTH,other,0,0,0,0,number of customers,cents per kilowatt-hour,million dollars,million kilowatt hours
2020,KY,Kentucky,RES,residential,2013910,10.87,2818.42472,25935.09601,number of customers,cents per kilowatt-hour,million dollars,million kilowatt hours
2020,KY,Kentucky,TRA,transportation,0,0,0,0,number of customers,cents per kilowatt-hour,million dollars,million kilowatt hours
2020,LA,Louisiana,ALL,all sectors,2428427,7.51,6696.981,89126.68501,number of customers,cents per kilowatt-hour,million dollars,million kilowatt hours
2020,LA,Louisiana,COM,commercial,296222,8.85,1982.59901,22398.708,number of customers,cents per kilowatt-hour,million dollars,million kilowatt hours
2020,LA,Louisiana,IND,industrial,19276,4.88,1770.44529,36276.417,number of customers,cents per kilowatt-hour,million dollars,million kilowatt hours
2020,LA,Louisiana,OTH,other,0,0,0,0,number of customers,cents per kilowatt-hour,million dollars,million kilowatt hours
2020,LA,Louisiana,RES,residential,2112928,9.67,2942.9887,30440.74601,number of customers,cents per kilowatt-hour,million dollars,million kilowatt hours
2020,LA,Louisiana,TRA,transportation,1,8.77,.948,10.814,number of customers,cents per kilowatt-hour,million dollars,million kilowatt hours
2020,MA,Massachusetts,ALL,all sectors,3239876,18.19,9098.3942,50009.34104,number of customers,cents per kilowatt-hour,million dollars,million kilowatt hours
2020,MA,Massachusetts,COM,commercial,411448,16.03,3706.92964,23120.50002,number of customers,cents per kilowatt-hour,million dollars,million kilowatt hours
2020,MA,Massachusetts,IND,industrial,10877,14.51,902.3456,6220.37602,number of customers,cents per kilowatt-hour,million dollars,million kilowatt hours
2020,MA,Massachusetts,OTH,other,0,0,0,0,number of customers,cents per kilowatt-hour,million dollars,million kilowatt hours
2020,MA,Massachusetts,RES,residential,2817549,21.97,4468.96046,20345.178,number of customers,cents per kilowatt-hour,million dollars,million kilowatt hours
2020,MA,Massachusetts,TRA,transportation,2,6.24,20.15849,323.287,number of customers,cents per kilowatt-hour,million dollars,million kilowatt hours
2020,MAT,Middle Atlantic,ALL,all sectors,18731494,12.56,44237.7358,352125.68998,number of customers,cents per kilowatt-hour,million dollars,million kilowatt hours
2020,MAT,Middle Atlantic,COM,commercial,2390991,12.47,17411.98973,139685.44001,number of customers,cents per kilowatt-hour,million dollars,million kilowatt hours
2020,MAT,Middle Atlantic,IND,industrial,34626,6.38,4589.34559,71953.13698,number of customers,cents per kilowatt-hour,million dollars,million kilowatt hours
2020,MAT,Middle Atlantic,OTH,other,0,0,0,0,number of customers,cents per kilowatt-hour,million dollars,million kilowatt hours
2020,MAT,Middle Atlantic,RES,residential,16305858,15.93,21865.55021,137241.09398,number of customers,cents per kilowatt-hour,million dollars,million kilowatt hours
2020,MAT,Middle Atlantic,TRA,transportation,19,11.42,370.85028,3246.019,number of customers,cents per kilowatt-hour,million dollars,million kilowatt hours
2020,MD,Maryland,ALL,all sectors,2642692,11.15,6425.62479,57629.04001,number of customers,cents per kilowatt-hour,million dollars,million kilowatt hours
2020,MD,Maryland,COM,commercial,256738,9.72,2572.15095,26451.86401,number of customers,cents per kilowatt-hour,million dollars,million kilowatt hours
2020,MD,Maryland,IND,industrial,8966,7.81,264.1109,3381.895,number of customers,cents per kilowatt-hour,million dollars,million kilowatt hours
2020,MD,Maryland,OTH,other,0,0,0,0,number of customers,cents per kilowatt-hour,million dollars,million kilowatt hours
2020,MD,Maryland,RES,residential,2376983,13.01,3551.2806,27306.375,number of customers,cents per kilowatt-hour,million dollars,million kilowatt hours
2020,MD,Maryland,TRA,transportation,5,7.79,38.08233,488.906,number of customers,cents per kilowatt-hour,million dollars,million kilowatt hours
2020,ME,Maine,ALL,all sectors,817815,13.54,1536.84876,11346.74,number of customers,cents per kilowatt-hour,million dollars,million kilowatt hours
2020,ME,Maine,COM,commercial,97575,12.56,479.4137,3815.653,number of customers,cents per kilowatt-hour,million dollars,million kilowatt hours
2020,ME,Maine,IND,industrial,2681,8.86,232.77003,2625.824,number of customers,cents per kilowatt-hour,million dollars,million kilowatt hours
2020,ME,Maine,OTH,other,0,0,0,0,number of customers,cents per kilowatt-hour,million dollars,million kilowatt hours
2020,ME,Maine,RES,residential,717559,16.81,824.66503,4905.263,number of customers,cents per kilowatt-hour,million dollars,million kilowatt hours
2020,ME,Maine,TRA,transportation,0,0,0,0,number of customers,cents per kilowatt-hour,million dollars,million kilowatt hours
2020,MI,Michigan,ALL,all sectors,4975292,12.21,11846.54163,97011.9058,number of customers,cents per kilowatt-hour,million dollars,million kilowatt hours
2020,MI,Michigan,COM,commercial,546115,11.71,4156.47766,35490.797,number of customers,cents per kilowatt-hour,million dollars,million kilowatt hours
2020,MI,Michigan,IND,industrial,5580,7.24,1858.13386,25654.08102,number of customers,cents per kilowatt-hour,million dollars,million kilowatt hours
2020,MI,Michigan,OTH,other,0,0,0,0,number of customers,cents per kilowatt-hour,million dollars,million kilowatt hours
2020,MI,Michigan,RES,residential,4423595,16.26,5831.46141,35862.91179,number of customers,cents per kilowatt-hour,million dollars,million kilowatt hours
2020,MI,Michigan,TRA,transportation,2,11.39,.4687,4.116,number of customers,cents per kilowatt-hour,million dollars,million kilowatt hours
2020,MN,Minnesota,ALL,all sectors,2777498,10.57,6768.4058,64054.60602,number of customers,cents per kilowatt-hour,million dollars,million kilowatt hours
2020,MN,Minnesota,COM,commercial,303702,10.43,2244.65851,21526.67699,number of customers,cents per kilowatt-hour,million dollars,million kilowatt hours
2020,MN,Minnesota,IND,industrial,9042,7.67,1501.59191,19571.84701,number of customers,cents per kilowatt-hour,million dollars,million kilowatt hours
2020,MN,Minnesota,OTH,other,0,0,0,0,number of customers,cents per kilowatt-hour,million dollars,million kilowatt hours
2020,MN,Minnesota,RES,residential,2464753,13.17,3020.23598,22935.67203,number of customers,cents per kilowatt-hour,million dollars,million kilowatt hours
2020,MN,Minnesota,TRA,transportation,1,9.4,1.9194,20.41,number of customers,cents per kilowatt-hour,million dollars,million kilowatt hours
2020,MO,Missouri,ALL,all sectors,3231900,9.64,7296.70814,75725.71197,number of customers,cents per kilowatt-hour,million dollars,million kilowatt hours
2020,MO,Missouri,COM,commercial,387872,8.93,2495.14112,27931.04698,number of customers,cents per kilowatt-hour,million dollars,million kilowatt hours
2020,MO,Missouri,IND,industrial,10108,6.84,877.40199,12823.832,number of customers,cents per kilowatt-hour,million dollars,million kilowatt hours
2020,MO,Missouri,OTH,other,0,0,0,0,number of customers,cents per kilowatt-hour,million dollars,million kilowatt hours
2020,MO,Missouri,RES,residential,2833918,11.22,3922.56163,34950.36999,number of customers,cents per kilowatt-hour,million dollars,million kilowatt hours
2020,MO,Missouri,TRA,transportation,2,7.84,1.6034,20.463,number of customers,cents per kilowatt-hour,million dollars,million kilowatt hours
2020,MS,Mississippi,ALL,all sectors,1555862,9.13,4241.68558,46482.03998,number of customers,cents per kilowatt-hour,million dollars,million kilowatt hours
2020,MS,Mississippi,COM,commercial,237370,10.38,1368.9485,13185.14299,number of customers,cents per kilowatt-hour,million dollars,million kilowatt hours
2020,MS,Mississippi,IND,industrial,10343,5.63,862.20208,15302.064,number of customers,cents per kilowatt-hour,million dollars,million kilowatt hours
2020,MS,Mississippi,OTH,other,0,0,0,0,number of customers,cents per kilowatt-hour,million dollars,million kilowatt hours
2020,MS,Mississippi,RES,residential,1308149,11.17,2010.535,17994.83299,number of customers,cents per kilowatt-hour,million dollars,million kilowatt hours
2020,MS,Mississippi,TRA,transportation,0,0,0,0,number of customers,cents per kilowatt-hour,million dollars,million kilowatt hours
2020,MT,Montana,ALL,all sectors,644773,9.13,1332.24975,14584.179,number of customers,cents per kilowatt-hour,million dollars,million kilowatt hours
2020,MT,Montana,COM,commercial,110977,10.51,494.42076,4702.35299,number of customers,cents per kilowatt-hour,million dollars,million kilowatt hours
2020,MT,Montana,IND,industrial,11414,5.18,232.98529,4501.861,number of customers,cents per kilowatt-hour,million dollars,million kilowatt hours
2020,MT,Montana,OTH,other,0,0,0,0,number of customers,cents per kilowatt-hour,million dollars,million kilowatt hours
2020,MT,Montana,RES,residential,522382,11.24,604.84371,5379.96501,number of customers,cents per kilowatt-hour,million dollars,million kilowatt hours
2020,MT,Montana,TRA,transportation,0,0,0,0,number of customers,cents per kilowatt-hour,million dollars,million kilowatt hours
2020,MTN,Mountain,ALL,all sectors,11701026,9.4,26983.01687,287061.098,number of customers,cents per kilowatt-hour,million dollars,million kilowatt hours
2020,MTN,Mountain,COM,commercial,1449704,9.46,9009.57863,95288.35599,number of customers,cents per kilowatt-hour,million dollars,million kilowatt hours
2020,MTN,Mountain,IND,industrial,98064,6.25,5191.89444,83043.508,number of customers,cents per kilowatt-hour,million dollars,million kilowatt hours
2020,MTN,Mountain,OTH,other,0,0,0,0,number of customers,cents per kilowatt-hour,million dollars,million kilowatt hours
2020,MTN,Mountain,RES,residential,10153253,11.76,12766.7403,108570.641,number of customers,cents per kilowatt-hour,million dollars,million kilowatt hours
2020,MTN,Mountain,TRA,transportation,5,9.33,14.8035,158.59301,number of customers,cents per kilowatt-hour,million dollars,million kilowatt hours
2020,NC,North Carolina,ALL,all sectors,5415139,9.43,12293.45969,130390.97999,number of customers,cents per kilowatt-hour,million dollars,million kilowatt hours
2020,NC,North Carolina,COM,commercial,710220,8.69,3989.1495,45905.051,number of customers,cents per kilowatt-hour,million dollars,million kilowatt hours
2020,NC,North Carolina,IND,industrial,9822,6.31,1630.15507,25828.23299,number of customers,cents per kilowatt-hour,million dollars,million kilowatt hours
2020,NC,North Carolina,OTH,other,0,0,0,0,number of customers,cents per kilowatt-hour,million dollars,million kilowatt hours
2020,NC,North Carolina,RES,residential,4695096,11.38,6672.91881,58641.572,number of customers,cents per kilowatt-hour,million dollars,million kilowatt hours
2020,NC,North Carolina,TRA,transportation,1,7.67,1.2363,16.124,number of customers,cents per kilowatt-hour,million dollars,million kilowatt hours
2020,ND,North Dakota,ALL,all sectors,473273,8.53,1861.42952,21819.45199,number of customers,cents per kilowatt-hour,million dollars,million kilowatt hours
2020,ND,North Dakota,COM,commercial,76834,9.02,598.96562,6641.70001,number of customers,cents per kilowatt-hour,million dollars,million kilowatt hours
2020,ND,North Dakota,IND,industrial,8933,7.26,735.7906,10131.201,number of customers,cents per kilowatt-hour,million dollars,million kilowatt hours
2020,ND,North Dakota,OTH,other,0,0,0,0,number of customers,cents per kilowatt-hour,million dollars,million kilowatt hours
2020,ND,North Dakota,RES,residential,387506,10.44,526.67331,5046.55099,number of customers,cents per kilowatt-hour,million dollars,million kilowatt hours
2020,ND,North Dakota,TRA,transportation,0,0,0,0,number of customers,cents per kilowatt-hour,million dollars,million kilowatt hours
2020,NE,Nebraska,ALL,all sectors,1082840,8.97,2796.9988,31171.53602,number of customers,cents per kilowatt-hour,million dollars,million kilowatt hours
2020,NE,Nebraska,COM,commercial,155282,8.89,807.9876,9090.23901,number of customers,cents per kilowatt-hour,million dollars,million kilowatt hours
2020,NE,Nebraska,IND,industrial,62716,7.38,853.74,11566.35302,number of customers,cents per kilowatt-hour,million dollars,million kilowatt hours
2020,NE,Nebraska,OTH,other,0,0,0,0,number of customers,cents per kilowatt-hour,million dollars,million kilowatt hours
2020,NE,Nebraska,RES,residential,864842,10.8,1135.27121,10514.944,number of customers,cents per kilowatt-hour,million dollars,million kilowatt hours
2020,NE,Nebraska,TRA,transportation,0,0,0,0,number of customers,cents per kilowatt-hour,million dollars,million kilowatt hours
2020,NEW,New England,ALL,all sectors,7363389,17.73,19835.13681,111846.28204,number of customers,cents per kilowatt-hour,million dollars,million kilowatt hours
2020,NEW,New England,COM,commercial,892596,15.84,7517.8034,47468.75803,number of customers,cents per kilowatt-hour,million dollars,million kilowatt hours
2020,NEW,New England,IND,industrial,22812,12.89,2007.91441,15583.34802,number of customers,cents per kilowatt-hour,million dollars,million kilowatt hours
2020,NEW,New England,OTH,other,0,0,0,0,number of customers,cents per kilowatt-hour,million dollars,million kilowatt hours
2020,NEW,New England,RES,residential,6447975,21.25,10268.58799,48327.676,number of customers,cents per kilowatt-hour,million dollars,million kilowatt hours
2020,NEW,New England,TRA,transportation,6,8.75,40.831,466.5,number of customers,cents per kilowatt-hour,million dollars,million kilowatt hours
2020,NH,New Hampshire,ALL,all sectors,745482,16.63,1778.66044,10693.52901,number of customers,cents per kilowatt-hour,million dollars,million kilowatt hours
2020,NH,New Hampshire,COM,commercial,109068,15.41,621.04153,4029.709,number of customers,cents per kilowatt-hour,million dollars,million kilowatt hours
2020,NH,New Hampshire,IND,industrial,3180,13.11,245.65159,1873.446,number of customers,cents per kilowatt-hour,million dollars,million kilowatt hours
2020,NH,New Hampshire,OTH,other,0,0,0,0,number of customers,cents per kilowatt-hour,million dollars,million kilowatt hours
2020,NH,New Hampshire,RES,residential,633234,19.04,911.96732,4790.374,number of customers,cents per kilowatt-hour,million dollars,million kilowatt hours
2020,NH,New Hampshire,TRA,transportation,0,0,0,0,number of customers,cents per kilowatt-hour,million dollars,million kilowatt hours
2020,NJ,New Jersey,ALL,all sectors,4156947,13.63,9816.34699,71998.22099,number of customers,cents per kilowatt-hour,million dollars,million kilowatt hours
2020,NJ,New Jersey,COM,commercial,526725,12.35,4360.71641,35315.617,number of customers,cents per kilowatt-hour,million dollars,million kilowatt hours
2020,NJ,New Jersey,IND,industrial,11629,10.01,674.04107,6735.377,number of customers,cents per kilowatt-hour,million dollars,million kilowatt hours
2020,NJ,New Jersey,OTH,other,0,0,0,0,number of customers,cents per kilowatt-hour,million dollars,million kilowatt hours
2020,NJ,New Jersey,RES,residential,3618587,16.03,4756.75349,29676.857,number of customers,cents per kilowatt-hour,million dollars,million kilowatt hours
2020,NJ,New Jersey,TRA,transportation,6,9.19,24.83603,270.37,number of customers,cents per kilowatt-hour,million dollars,million kilowatt hours
2020,NM,New Mexico,ALL,all sectors,1060780,9.33,2312.89049,24777.15501,number of customers,cents per kilowatt-hour,million dollars,million kilowatt hours
2020,NM,New Mexico,COM,commercial,145459,10.28,863.82409,8406.88401,number of customers,cents per kilowatt-hour,million dollars,million kilowatt hours
2020,NM,New Mexico,IND,industrial,9436,5.58,507.04359,9088.192,number of customers,cents per kilowatt-hour,million dollars,million kilowatt hours
2020,NM,New Mexico,OTH,other,0,0,0,0,number of customers,cents per kilowatt-hour,million dollars,million kilowatt hours
2020,NM,New Mexico,RES,residential,905885,12.94,942.02281,7282.07899,number of customers,cents per kilowatt-hour,million dollars,million kilowatt hours
2020,NM,New Mexico,TRA,transportation,0,0,0,0,number of customers,cents per kilowatt-hour,million dollars,million kilowatt hours
2020,NV,Nevada,ALL,all sectors,1399626,8.33,3186.54005,38233.89901,number of customers,cents per kilowatt-hour,million dollars,million kilowatt hours
2020,NV,Nevada,COM,commercial,169743,7.45,892.50247,11983.74,number of customers,cents per kilowatt-hour,million dollars,million kilowatt hours
2020,NV,Nevada,IND,industrial,3316,5.61,669.29249,11924.592,number of customers,cents per kilowatt-hour,million dollars,million kilowatt hours
2020,NV,Nevada,OTH,other,0,0,0,0,number of customers,cents per kilowatt-hour,million dollars,million kilowatt hours
2020,NV,Nevada,RES,residential,1226566,11.34,1624.3951,14321.60701,number of customers,cents per kilowatt-hour,million dollars,million kilowatt hours
2020,NV,Nevada,TRA,transportation,1,8.84,.35,3.96,number of customers,cents per kilowatt-hour,million dollars,million kilowatt hours
2020,NY,New York,ALL,all sectors,8390052,14.87,20872.14809,140406.63199,number of customers,cents per kilowatt-hour,million dollars,million kilowatt hours
2020,NY,New York,COM,commercial,1143347,14.56,10044.87577,68988.81701,number of customers,cents per kilowatt-hour,million dollars,million kilowatt hours
2020,NY,New York,IND,industrial,7535,5.54,920.958,16610.45699,number of customers,cents per kilowatt-hour,million dollars,million kilowatt hours
2020,NY,New York,OTH,other,0,0,0,0,number of customers,cents per kilowatt-hour,million dollars,million kilowatt hours
2020,NY,New York,RES,residential,7239162,18.36,9596.80544,52257.14399,number of customers,cents per kilowatt-hour,million dollars,million kilowatt hours
2020,NY,New York,TRA,transportation,8,12.14,309.50888,2550.214,number of customers,cents per kilowatt-hour,million dollars,million kilowatt hours
2020,OH,Ohio,ALL,all sectors,5671227,9.44,13459.72929,142615.19902,number of customers,cents per kilowatt-hour,million dollars,million kilowatt hours
2020,OH,Ohio,COM,commercial,636519,9.53,4116.14223,43204.16504,number of customers,cents per kilowatt-hour,million dollars,million kilowatt hours
2020,OH,Ohio,IND,industrial,19746,6.16,2884.07828,46823.365,number of customers,cents per kilowatt-hour,million dollars,million kilowatt hours
2020,OH,Ohio,OTH,other,0,0,0,0,number of customers,cents per kilowatt-hour,million dollars,million kilowatt hours
2020,OH,Ohio,RES,residential,5014959,12.29,6457.16681,52552.76998,number of customers,cents per kilowatt-hour,million dollars,million kilowatt hours
2020,OH,Ohio,TRA,transportation,3,6.71,2.34197,34.899,number of customers,cents per kilowatt-hour,million dollars,million kilowatt hours
2020,OK,Oklahoma,ALL,all sectors,2106289,7.63,4752.12432,62299.30498,number of customers,cents per kilowatt-hour,million dollars,million kilowatt hours
2020,OK,Oklahoma,COM,commercial,290192,7.82,1463.05252,18698.988,number of customers,cents per kilowatt-hour,million dollars,million kilowatt hours
2020,OK,Oklahoma,IND,industrial,20468,4.61,938.9503,20367.84399,number of customers,cents per kilowatt-hour,million dollars,million kilowatt hours
2020,OK,Oklahoma,OTH,other,0,0,0,0,number of customers,cents per kilowatt-hour,million dollars,million kilowatt hours
2020,OK,Oklahoma,RES,residential,1795629,10.12,2350.1215,23232.47299,number of customers,cents per kilowatt-hour,million dollars,million kilowatt hours
2020,OK,Oklahoma,TRA,transportation,0,0,0,0,number of customers,cents per kilowatt-hour,million dollars,million kilowatt hours
2020,OR,Oregon,ALL,all sectors,2051131,8.82,4501.78333,51019.31301,number of customers,cents per kilowatt-hour,million dollars,million kilowatt hours
2020,OR,Oregon,COM,commercial,239645,9,1417.93296,15748.914,number of customers,cents per kilowatt-hour,million dollars,million kilowatt hours
2020,OR,Oregon,IND,industrial,26353,5.7,889.56107,15616.78201,number of customers,cents per kilowatt-hour,million dollars,million kilowatt hours
2020,OR,Oregon,OTH,other,0,0,0,0,number of customers,cents per kilowatt-hour,million dollars,million kilowatt hours
2020,OR,Oregon,RES,residential,1785131,11.17,2191.8668,19628.011,number of customers,cents per kilowatt-hour,million dollars,million kilowatt hours
2020,OR,Oregon,TRA,transportation,2,9.46,2.42251,25.606,number of customers,cents per kilowatt-hour,million dollars,million kilowatt hours
2020,PA,Pennsylvania,ALL,all sectors,6184495,9.7,13549.24072,139720.83699,number of customers,cents per kilowatt-hour,million dollars,million kilowatt hours
2020,PA,Pennsylvania,COM,commercial,720919,8.5,3006.39756,35381.00599,number of customers,cents per kilowatt-hour,million dollars,million kilowatt hours
2020,PA,Pennsylvania,IND,industrial,15462,6.16,2994.34652,48607.303,number of customers,cents per kilowatt-hour,million dollars,million kilowatt hours
2020,PA,Pennsylvania,OTH,other,0,0,0,0,number of customers,cents per kilowatt-hour,million dollars,million kilowatt hours
2020,PA,Pennsylvania,RES,residential,5448109,13.58,7511.99127,55307.093,number of customers,cents per kilowatt-hour,million dollars,million kilowatt hours
2020,PA,Pennsylvania,TRA,transportation,5,8.58,36.50537,425.435,number of customers,cents per kilowatt-hour,million dollars,million kilowatt hours
2020,PACC,Pacific Contiguous,ALL,all sectors,21344312,14.63,56756.09843,387900.12903,number of customers,cents per kilowatt-hour,million dollars,million kilowatt hours
2020,PACC,Pacific Contiguous,COM,commercial,2354980,15.07,22611.7856,150062.673,number of customers,cents per kilowatt-hour,million dollars,million kilowatt hours
2020,PACC,Pacific Contiguous,IND,industrial,201224,10.3,8827.01691,85689.85003,number of customers,cents per kilowatt-hour,million dollars,million kilowatt hours
2020,PACC,Pacific Contiguous,OTH,other,0,0,0,0,number of customers,cents per kilowatt-hour,million dollars,million kilowatt hours
2020,PACC,Pacific Contiguous,RES,residential,18788088,16.67,25244.48415,151421.37201,number of customers,cents per kilowatt-hour,million dollars,million kilowatt hours
2020,PACC,Pacific Contiguous,TRA,transportation,20,10.03,72.81176,726.234,number of customers,cents per kilowatt-hour,million dollars,million kilowatt hours
2020,PACN,Pacific Noncontiguous,ALL,all sectors,880882,24.44,3596.07263,14714.33798,number of customers,cents per kilowatt-hour,million dollars,million kilowatt hours
2020,PACN,Pacific Noncontiguous,COM,commercial,121727,24.13,1256.62938,5208.41699,number of customers,cents per kilowatt-hour,million dollars,million kilowatt hours
2020,PACN,Pacific Noncontiguous,IND,industrial,1945,22.01,1005.14551,4567.76099,number of customers,cents per kilowatt-hour,million dollars,million kilowatt hours
2020,PACN,Pacific Noncontiguous,OTH,other,0,0,0,0,number of customers,cents per kilowatt-hour,million dollars,million kilowatt hours
2020,PACN,Pacific Noncontiguous,RES,residential,757210,27.02,1334.29774,4938.16001,number of customers,cents per kilowatt-hour,million dollars,million kilowatt hours
2020,PACN,Pacific Noncontiguous,TRA,transportation,0,0,0,0,number of customers,cents per kilowatt-hour,million dollars,million kilowatt hours
2020,RI,Rhode Island,ALL,all sectors,503323,18.54,1362.92634,7351.541,number of customers,cents per kilowatt-hour,million dollars,million kilowatt hours
2020,RI,Rhode Island,COM,commercial,60057,15.94,566.1684,3551.262,number of customers,cents per kilowatt-hour,million dollars,million kilowatt hours
2020,RI,Rhode Island,IND,industrial,1692,15.76,100.01333,634.692,number of customers,cents per kilowatt-hour,million dollars,million kilowatt hours
2020,RI,Rhode Island,OTH,other,0,0,0,0,number of customers,cents per kilowatt-hour,million dollars,million kilowatt hours
2020,RI,Rhode Island,RES,residential,441573,22.01,692.83954,3148.021,number of customers,cents per kilowatt-hour,million dollars,million kilowatt hours
2020,RI,Rhode Island,TRA,transportation,1,22.23,3.90506,17.566,number of customers,cents per kilowatt-hour,million dollars,million kilowatt hours
2020,SAT,South Atlantic,ALL,all sectors,32737289,9.84,79806.95739,810913.30596,number of customers,cents per kilowatt-hour,million dollars,million kilowatt hours
2020,SAT,South Atlantic,COM,commercial,3878717,9.05,27287.79528,301366.299,number of customers,cents per kilowatt-hour,million dollars,million kilowatt hours
2020,SAT,South Atlantic,IND,industrial,84927,6.25,8474.00363,135626.83297,number of customers,cents per kilowatt-hour,million dollars,million kilowatt hours
2020,SAT,South Atlantic,OTH,other,0,0,0,0,number of customers,cents per kilowatt-hour,million dollars,million kilowatt hours
2020,SAT,South Atlantic,RES,residential,28773632,11.79,43946.17938,372703.18099,number of customers,cents per kilowatt-hour,million dollars,million kilowatt hours
2020,SAT,South Atlantic,TRA,transportation,13,8.13,98.9791,1216.993,number of customers,cents per kilowatt-hour,million dollars,million kilowatt hours
2020,SC,South Carolina,ALL,all sectors,2776022,9.9,7596.71973,76737.17599,number of customers,cents per kilowatt-hour,million dollars,million kilowatt hours
2020,SC,South Carolina,COM,commercial,395288,10.35,2156.56672,20834.372,number of customers,cents per kilowatt-hour,million dollars,million kilowatt hours
2020,SC,South Carolina,IND,industrial,3714,5.98,1499.264,25076.787,number of customers,cents per kilowatt-hour,million dollars,million kilowatt hours
2020,SC,South Carolina,OTH,other,0,0,0,0,number of customers,cents per kilowatt-hour,million dollars,million kilowatt hours
2020,SC,South Carolina,RES,residential,2377020,12.78,3940.88901,30826.01699,number of customers,cents per kilowatt-hour,million dollars,million kilowatt hours
2020,SC,South Carolina,TRA,transportation,0,0,0,0,number of customers,cents per kilowatt-hour,million dollars,million kilowatt hours
2020,SD,South Dakota,ALL,all sectors,485877,10.06,1276.99403,12695.84499,number of customers,cents per kilowatt-hour,million dollars,million kilowatt hours
2020,SD,South Dakota,COM,commercial,74236,9.65,453.27551,4696.47501,number of customers,cents per kilowatt-hour,million dollars,million kilowatt hours
2020,SD,South Dakota,IND,industrial,4109,7.79,228.2094,2929.34599,number of customers,cents per kilowatt-hour,million dollars,million kilowatt hours
2020,SD,South Dakota,OTH,other,0,0,0,0,number of customers,cents per kilowatt-hour,million dollars,million kilowatt hours
2020,SD,South Dakota,RES,residential,407532,11.75,595.50912,5070.024,number of customers,cents per kilowatt-hour,million dollars,million kilowatt hours
2020,SD,South Dakota,TRA,transportation,0,0,0,0,number of customers,cents per kilowatt-hour,million dollars,million kilowatt hours
2020,TN,Tennessee,ALL,all sectors,3433086,9.52,9045.65168,95003.88798,number of customers,cents per kilowatt-hour,million dollars,million kilowatt hours
2020,TN,Tennessee,COM,commercial,501589,10.56,3535.44199,33480.189,number of customers,cents per kilowatt-hour,million dollars,million kilowatt hours
2020,TN,Tennessee,IND,industrial,1015,5.33,1089.9552,20438.788,number of customers,cents per kilowatt-hour,million dollars,million kilowatt hours
2020,TN,Tennessee,OTH,other,0,0,0,0,number of customers,cents per kilowatt-hour,million dollars,million kilowatt hours
2020,TN,Tennessee,RES,residential,2930482,10.76,4420.2545,41084.91099,number of customers,cents per kilowatt-hour,million dollars,million kilowatt hours
2020,TN,Tennessee,TRA,transportation,0,0,0,0,number of customers,cents per kilowatt-hour,million dollars,million kilowatt hours
2020,TX,Texas,ALL,all sectors,13319015,8.36,35705.75684,426863.26697,number of customers,cents per kilowatt-hour,million dollars,million kilowatt hours
2020,TX,Texas,COM,commercial,1539553,7.6,11030.92573,145167.57699,number of customers,cents per kilowatt-hour,million dollars,million kilowatt hours
2020,TX,Texas,IND,industrial,264126,5.07,6341.50551,125107.20898,number of customers,cents per kilowatt-hour,million dollars,million kilowatt hours
2020,TX,Texas,OTH,other,0,0,0,0,number of customers,cents per kilowatt-hour,million dollars,million kilowatt hours
2020,TX,Texas,RES,residential,11515333,11.71,18322.0112,156414.81901,number of customers,cents per kilowatt-hour,million dollars,million kilowatt hours
2020,TX,Texas,TRA,transportation,3,6.52,11.3144,173.662,number of customers,cents per kilowatt-hour,million dollars,million kilowatt hours
2020,US,U.S. Total,ALL,all sectors,156523208,10.59,393639.42071,3717674.48088,number of customers,cents per kilowatt-hour,million dollars,million kilowatt hours
2020,US,U.S. Total,COM,commercial,18848813,10.59,136372.27192,1287439.5831,number of customers,cents per kilowatt-hour,million dollars,million kilowatt hours
2020,US,U.S. Total,IND,industrial,992311,6.67,63955.55615,959082.028,number of customers,cents per kilowatt-hour,million dollars,million kilowatt hours
2020,US,U.S. Total,OTH,other,0,0,0,0,number of customers,cents per kilowatt-hour,million dollars,million kilowatt hours
2020,US,U.S. Total,RES,residential,136682001,13.15,192663.20753,1464605.04578,number of customers,cents per kilowatt-hour,million dollars,million kilowatt hours
2020,US,U.S. Total,TRA,transportation,83,9.9,648.38511,6547.824,number of customers,cents per kilowatt-hour,million dollars,million kilowatt hours
2020,UT,Utah,ALL,all sectors,1289251,8.27,2619.45164,31663.15699,number of customers,cents per kilowatt-hour,million dollars,million kilowatt hours
2020,UT,Utah,COM,commercial,135113,8.27,942.51596,11395.032,number of customers,cents per kilowatt-hour,million dollars,million kilowatt hours
2020,UT,Utah,IND,industrial,11001,5.9,570.99058,9672.119,number of customers,cents per kilowatt-hour,million dollars,million kilowatt hours
2020,UT,Utah,OTH,other,0,0,0,0,number of customers,cents per kilowatt-hour,million dollars,million kilowatt hours
2020,UT,Utah,RES,residential,1143136,10.44,1100.68229,10546.793,number of customers,cents per kilowatt-hour,million dollars,million kilowatt hours
2020,UT,Utah,TRA,transportation,1,10.69,5.2628,49.213,number of customers,cents per kilowatt-hour,million dollars,million kilowatt hours
2020,VA,Virginia,ALL,all sectors,3948015,9.16,10739.81343,117254.388,number of customers,cents per kilowatt-hour,million dollars,million kilowatt hours
2020,VA,Virginia,COM,commercial,437477,7.63,4085.68588,53526.846,number of customers,cents per kilowatt-hour,million dollars,million kilowatt hours
2020,VA,Virginia,IND,industrial,3693,6.28,1096.74805,17474.236,number of customers,cents per kilowatt-hour,million dollars,million kilowatt hours
2020,VA,Virginia,OTH,other,0,0,0,0,number of customers,cents per kilowatt-hour,million dollars,million kilowatt hours
2020,VA,Virginia,RES,residential,3506844,12.03,5542.94831,46088.846,number of customers,cents per kilowatt-hour,million dollars,million kilowatt hours
2020,VA,Virginia,TRA,transportation,1,8.77,14.4312,164.46,number of customers,cents per kilowatt-hour,million dollars,million kilowatt hours
2020,VT,Vermont,ALL,all sectors,376754,16.33,870.58711,5331.45801,number of customers,cents per kilowatt-hour,million dollars,million kilowatt hours
2020,VT,Vermont,COM,commercial,59554,16.39,295.91392,1805.738,number of customers,cents per kilowatt-hour,million dollars,million kilowatt hours
2020,VT,Vermont,IND,industrial,252,11.2,153.29769,1368.719,number of customers,cents per kilowatt-hour,million dollars,million kilowatt hours
2020,VT,Vermont,OTH,other,0,0,0,0,number of customers,cents per kilowatt-hour,million dollars,million kilowatt hours
2020,VT,Vermont,RES,residential,316948,19.54,421.3755,2157.001,number of customers,cents per kilowatt-hour,million dollars,million kilowatt hours
2020,VT,Vermont,TRA,transportation,0,0,0,0,number of customers,cents per kilowatt-hour,million dollars,million kilowatt hours
2020,WA,Washington,ALL,all sectors,3584786,8.33,7225.70301,86706.144,number of customers,cents per kilowatt-hour,million dollars,million kilowatt hours
2020,WA,Washington,COM,commercial,389802,8.92,2436.45158,27307.412,number of customers,cents per kilowatt-hour,million dollars,million kilowatt hours
2020,WA,Washington,IND,industrial,26741,5.08,1140.24073,22442.18601,number of customers,cents per kilowatt-hour,million dollars,million kilowatt hours
2020,WA,Washington,OTH,other,0,0,0,0,number of customers,cents per kilowatt-hour,million dollars,million kilowatt hours
2020,WA,Washington,RES,residential,3168238,9.87,3639.3032,36858.798,number of customers,cents per kilowatt-hour,million dollars,million kilowatt hours
2020,WA,Washington,TRA,transportation,5,9.93,9.7075,97.748,number of customers,cents per kilowatt-hour,million dollars,million kilowatt hours
2020,WI,Wisconsin,ALL,all sectors,3108363,10.82,7300.48712,67448.36105,number of customers,cents per kilowatt-hour,million dollars,million kilowatt hours
2020,WI,Wisconsin,COM,commercial,360316,10.75,2412.93234,22436.27501,number of customers,cents per kilowatt-hour,million dollars,million kilowatt hours
2020,WI,Wisconsin,IND,industrial,5621,7.29,1615.65608,22164.38901,number of customers,cents per kilowatt-hour,million dollars,million kilowatt hours
2020,WI,Wisconsin,OTH,other,0,0,0,0,number of customers,cents per kilowatt-hour,million dollars,million kilowatt hours
2020,WI,Wisconsin,RES,residential,2742424,14.32,3271.7577,22846.73402,number of customers,cents per kilowatt-hour,million dollars,million kilowatt hours
2020,WI,Wisconsin,TRA,transportation,2,14.64,.141,.963,number of customers,cents per kilowatt-hour,million dollars,million kilowatt hours
2020,WNC,West North Central,ALL,all sectors,11250984,9.69,28641.3428,295590.95903,number of customers,cents per kilowatt-hour,million dollars,million kilowatt hours
2020,WNC,West North Central,COM,commercial,1478118,9.65,9300.01564,96335.19504,number of customers,cents per kilowatt-hour,million dollars,million kilowatt hours
2020,WNC,West North Central,IND,industrial,128394,7.11,6575.45002,92537.40302,number of customers,cents per kilowatt-hour,million dollars,million kilowatt hours
2020,WNC,West North Central,OTH,other,0,0,0,0,number of customers,cents per kilowatt-hour,million dollars,million kilowatt hours
2020,WNC,West North Central,RES,residential,9644469,11.96,12762.35433,106677.48798,number of customers,cents per kilowatt-hour,million dollars,million kilowatt hours
2020,WNC,West North Central,TRA,transportation,3,8.62,3.5228,40.873,number of customers,cents per kilowatt-hour,million dollars,million kilowatt hours
2020,WSC,West South Central,ALL,all sectors,19501070,8.17,50970.46585,624140.25997,number of customers,cents per kilowatt-hour,million dollars,million kilowatt hours
2020,WSC,West South Central,COM,commercial,2323836,7.82,15433.29755,197375.68898,number of customers,cents per kilowatt-hour,million dollars,million kilowatt hours
2020,WSC,West South Central,IND,industrial,339848,5.06,10038.33619,198511.65197,number of customers,cents per kilowatt-hour,million dollars,million kilowatt hours
2020,WSC,West South Central,OTH,other,0,0,0,0,number of customers,cents per kilowatt-hour,million dollars,million kilowatt hours
2020,WSC,West South Central,RES,residential,16837380,11.17,25486.54321,228068.24402,number of customers,cents per kilowatt-hour,million dollars,million kilowatt hours
2020,WSC,West South Central,TRA,transportation,6,6.65,12.2889,184.675,number of customers,cents per kilowatt-hour,million dollars,million kilowatt hours
2020,WV,West Virginia,ALL,all sectors,1020492,8.75,2805.9544,32076.583,number of customers,cents per kilowatt-hour,million dollars,million kilowatt hours
2020,WV,West Virginia,COM,commercial,146769,9.4,654.03551,6955.844,number of customers,cents per kilowatt-hour,million dollars,million kilowatt hours
2020,WV,West Virginia,IND,industrial,11444,6.09,867.9427,14243.24,number of customers,cents per kilowatt-hour,million dollars,million kilowatt hours
2020,WV,West Virginia,OTH,other,0,0,0,0,number of customers,cents per kilowatt-hour,million dollars,million kilowatt hours
2020,WV,West Virginia,RES,residential,862279,11.8,1283.97619,10877.499,number of customers,cents per kilowatt-hour,million dollars,million kilowatt hours
2020,WV,West Virginia,TRA,transportation,0,0,0,0,number of customers,cents per kilowatt-hour,million dollars,million kilowatt hours
2020,WY,Wyoming,ALL,all sectors,345321,8.27,1268.54771,15331.018,number of customers,cents per kilowatt-hour,million dollars,million kilowatt hours
2020,WY,Wyoming,COM,commercial,57958,9.65,320.504,3320.02399,number of customers,cents per kilowatt-hour,million dollars,million kilowatt hours
2020,WY,Wyoming,IND,industrial,11334,6.88,628.10381,9131.466,number of customers,cents per kilowatt-hour,million dollars,million kilowatt hours
2020,WY,Wyoming,OTH,other,0,0,0,0,number of customers,cents per kilowatt-hour,million dollars,million kilowatt hours
2020,WY,Wyoming,RES,residential,276029,11.11,319.9399,2879.528,number of customers,cents per kilowatt-hour,million dollars,million kilowatt hours
2020,WY,Wyoming,TRA,transportation,0,0,0,0,number of customers,cents per kilowatt-hour,million dollars,million kilowatt hours
2019,AK,Alaska,ALL,all sectors,345496,20.22,1176.35642,5818.80503,number of customers,cents per kilowatt-hour,million dollars,million kilowatt hours
2019,AK,Alaska,COM,commercial,55080,19.8,522.38842,2638.84601,number of customers,cents per kilowatt-hour,million dollars,million kilowatt hours
2019,AK,Alaska,IND,industrial,1126,16.94,212.0811,1251.751,number of customers,cents per kilowatt-hour,million dollars,million kilowatt hours
2019,AK,Alaska,OTH,other,0,0,0,0,number of customers,cents per kilowatt-hour,million dollars,million kilowatt hours
2019,AK,Alaska,RES,residential,289290,22.92,441.8869,1928.20802,number of customers,cents per kilowatt-hour,million dollars,million kilowatt hours
2019,AK,Alaska,TRA,transportation,0,0,0,0,number of customers,cents per kilowatt-hour,million dollars,million kilowatt hours
2019,AL,Alabama,ALL,all sectors,2626468,9.83,8658.75609,88095.11201,number of customers,cents per kilowatt-hour,million dollars,million kilowatt hours
2019,AL,Alabama,COM,commercial,369798,11.52,2657.6258,23076.47,number of customers,cents per kilowatt-hour,million dollars,million kilowatt hours
2019,AL,Alabama,IND,industrial,7245,5.95,1939.94859,32602.996,number of customers,cents per kilowatt-hour,million dollars,million kilowatt hours
2019,AL,Alabama,OTH,other,0,0,0,0,number of customers,cents per kilowatt-hour,million dollars,million kilowatt hours
2019,AL,Alabama,RES,residential,2249425,12.53,4061.1817,32415.646,number of customers,cents per kilowatt-hour,million dollars,million kilowatt hours
2019,AL,Alabama,TRA,transportation,0,0,0,0,number of customers,cents per kilowatt-hour,million dollars,million kilowatt hours
2019,AR,Arkansas,ALL,all sectors,1630597,8.22,3952.2735,48093.03199,number of customers,cents per kilowatt-hour,million dollars,million kilowatt hours
2019,AR,Arkansas,COM,commercial,198861,8.78,1049.648,11948.689,number of customers,cents per kilowatt-hour,million dollars,million kilowatt hours
2019,AR,Arkansas,IND,industrial,34864,6.13,1067.7174,17411.611,number of customers,cents per kilowatt-hour,million dollars,million kilowatt hours
2019,AR,Arkansas,OTH,other,0,0,0,0,number of customers,cents per kilowatt-hour,million dollars,million kilowatt hours
2019,AR,Arkansas,RES,residential,1396870,9.8,1834.85931,18732.31599,number of customers,cents per kilowatt-hour,million dollars,million kilowatt hours
2019,AR,Arkansas,TRA,transportation,2,11.73,.0488,.416,number of customers,cents per kilowatt-hour,million dollars,million kilowatt hours
2019,AZ,Arizona,ALL,all sectors,3187275,10.52,8197.12041,77929.17002,number of customers,cents per kilowatt-hour,million dollars,million kilowatt hours
2019,AZ,Arizona,COM,commercial,326191,10.25,3013.7414,29415.272,number of customers,cents per kilowatt-hour,million dollars,million kilowatt hours
2019,AZ,Arizona,IND,industrial,7899,6.28,865.2408,13782.70401,number of customers,cents per kilowatt-hour,million dollars,million kilowatt hours
2019,AZ,Arizona,OTH,other,0,0,0,0,number of customers,cents per kilowatt-hour,million dollars,million kilowatt hours
2019,AZ,Arizona,RES,residential,2853183,12.43,4317.0591,34720.05001,number of customers,cents per kilowatt-hour,million dollars,million kilowatt hours
2019,AZ,Arizona,TRA,transportation,2,9.68,1.0791,11.144,number of customers,cents per kilowatt-hour,million dollars,million kilowatt hours
2019,CA,California,ALL,all sectors,15573399,16.89,42290.06433,250378.71,number of customers,cents per kilowatt-hour,million dollars,million kilowatt hours
2019,CA,California,COM,commercial,1718601,16.67,19052.16374,114279.37299,number of customers,cents per kilowatt-hour,million dollars,million kilowatt hours
2019,CA,California,IND,industrial,147660,13.4,6405.71844,47807.72901,number of customers,cents per kilowatt-hour,million dollars,million kilowatt hours
2019,CA,California,OTH,other,0,0,0,0,number of customers,cents per kilowatt-hour,million dollars,million kilowatt hours
2019,CA,California,RES,residential,13707126,19.15,16763.78032,87523.98701,number of customers,cents per kilowatt-hour,million dollars,million kilowatt hours
2019,CA,California,TRA,transportation,12,8.91,68.40184,767.621,number of customers,cents per kilowatt-hour,million dollars,million kilowatt hours
2019,CO,Colorado,ALL,all sectors,2765160,10.17,5750.4314,56520.82299,number of customers,cents per kilowatt-hour,million dollars,million kilowatt hours
2019,CO,Colorado,COM,commercial,380609,10.43,2202.66108,21111.259,number of customers,cents per kilowatt-hour,million dollars,million kilowatt hours
2019,CO,Colorado,IND,industrial,14386,7.4,1175.30011,15891.01999,number of customers,cents per kilowatt-hour,million dollars,million kilowatt hours
2019,CO,Colorado,OTH,other,0,0,0,0,number of customers,cents per kilowatt-hour,million dollars,million kilowatt hours
2019,CO,Colorado,RES,residential,2370164,12.18,2362.5654,19404.743,number of customers,cents per kilowatt-hour,million dollars,million kilowatt hours
2019,CO,Colorado,TRA,transportation,1,8.7,9.9048,113.801,number of customers,cents per kilowatt-hour,million dollars,million kilowatt hours
2019,CT,Connecticut,ALL,all sectors,1667152,18.66,5205.50917,27899.996,number of customers,cents per kilowatt-hour,million dollars,million kilowatt hours
2019,CT,Connecticut,COM,commercial,151979,16.75,2035.89906,12157.78799,number of customers,cents per kilowatt-hour,million dollars,million kilowatt hours
2019,CT,Connecticut,IND,industrial,4204,13.44,412.7035,3071.792,number of customers,cents per kilowatt-hour,million dollars,million kilowatt hours
2019,CT,Connecticut,OTH,other,0,0,0,0,number of customers,cents per kilowatt-hour,million dollars,million kilowatt hours
2019,CT,Connecticut,RES,residential,1510966,21.87,2732.69734,12493.55,number of customers,cents per kilowatt-hour,million dollars,million kilowatt hours
2019,CT,Connecticut,TRA,transportation,3,13.69,24.20926,176.866,number of customers,cents per kilowatt-hour,million dollars,million kilowatt hours
2019,DC,District of Columbia,ALL,all sectors,308752,12.27,1353.65492,11028.403,number of customers,cents per kilowatt-hour,million dollars,million kilowatt hours
2019,DC,District of Columbia,COM,commercial,26471,12.26,974.99537,7952.305,number of customers,cents per kilowatt-hour,million dollars,million kilowatt hours
2019,DC,District of Columbia,IND,industrial,1,8.22,14.77398,179.632,number of customers,cents per kilowatt-hour,million dollars,million kilowatt hours
2019,DC,District of Columbia,OTH,other,0,0,0,0,number of customers,cents per kilowatt-hour,million dollars,million kilowatt hours
2019,DC,District of Columbia,RES,residential,282277,12.98,330.68646,2546.92,number of customers,cents per kilowatt-hour,million dollars,million kilowatt hours
2019,DC,District of Columbia,TRA,transportation,3,9.5,33.1991,349.546,number of customers,cents per kilowatt-hour,million dollars,million kilowatt hours
2019,DE,Delaware,ALL,all sectors,495834,10.52,1206.86765,11469.42199,number of customers,cents per kilowatt-hour,million dollars,million kilowatt hours
2019,DE,Delaware,COM,commercial,55802,9.53,421.49852,4421.465,number of customers,cents per kilowatt-hour,million dollars,million kilowatt hours
2019,DE,Delaware,IND,industrial,865,7.7,157.38548,2043.826,number of customers,cents per kilowatt-hour,million dollars,million kilowatt hours
2019,DE,Delaware,OTH,other,0,0,0,0,number of customers,cents per kilowatt-hour,million dollars,million kilowatt hours
2019,DE,Delaware,RES,residential,439167,12.55,627.98365,5004.131,number of customers,cents per kilowatt-hour,million dollars,million kilowatt hours
2019,DE,Delaware,TRA,transportation,0,0,0,0,number of customers,cents per kilowatt-hour,million dollars,million kilowatt hours
2019,ENC,East North Central,ALL,all sectors,22858312,10.13,56642.09675,559352.43704,number of customers,cents per kilowatt-hour,million dollars,million kilowatt hours
2019,ENC,East North Central,COM,commercial,2515638,10.2,18377.83694,180212.261,number of customers,cents per kilowatt-hour,million dollars,million kilowatt hours
2019,ENC,East North Central,IND,industrial,55588,6.91,13289.82232,192317.56904,number of customers,cents per kilowatt-hour,million dollars,million kilowatt hours
2019,ENC,East North Central,OTH,other,0,0,0,0,number of customers,cents per kilowatt-hour,million dollars,million kilowatt hours
2019,ENC,East North Central,RES,residential,20287076,13.39,24929.43395,186186.67401,number of customers,cents per kilowatt-hour,million dollars,million kilowatt hours
2019,ENC,East North Central,TRA,transportation,10,7.08,45.00354,635.933,number of customers,cents per kilowatt-hour,million dollars,million kilowatt hours
2019,ESC,East South Central,ALL,all sectors,9888434,9.4,29363.66792,312220.62,number of customers,cents per kilowatt-hour,million dollars,million kilowatt hours
2019,ESC,East South Central,COM,commercial,1414750,10.74,9996.93331,93078.356,number of customers,cents per kilowatt-hour,million dollars,million kilowatt hours
2019,ESC,East South Central,IND,industrial,24787,5.76,5698.7605,98862.50097,number of customers,cents per kilowatt-hour,million dollars,million kilowatt hours
2019,ESC,East South Central,OTH,other,0,0,0,0,number of customers,cents per kilowatt-hour,million dollars,million kilowatt hours
2019,ESC,East South Central,RES,residential,8448897,11.36,13667.97411,120279.76303,number of customers,cents per kilowatt-hour,million dollars,million kilowatt hours
2019,ESC,East South Central,TRA,transportation,0,0,0,0,number of customers,cents per kilowatt-hour,million dollars,million kilowatt hours
2019,FL,Florida,ALL,all sectors,10830329,10.44,25103.43131,240347.95505,number of customers,cents per kilowatt-hour,million dollars,million kilowatt hours
2019,FL,Florida,COM,commercial,1240902,9.27,8950.25159,96566.53203,number of customers,cents per kilowatt-hour,million dollars,million kilowatt hours
2019,FL,Florida,IND,industrial,23579,7.65,1263.32591,16514.48201,number of customers,cents per kilowatt-hour,million dollars,million kilowatt hours
2019,FL,Florida,OTH,other,0,0,0,0,number of customers,cents per kilowatt-hour,million dollars,million kilowatt hours
2019,FL,Florida,RES,residential,9565846,11.7,14882.7508,127181.55101,number of customers,cents per kilowatt-hour,million dollars,million kilowatt hours
2019,FL,Florida,TRA,transportation,2,8.32,7.103,85.39,number of customers,cents per kilowatt-hour,million dollars,million kilowatt hours
2019,GA,Georgia,ALL,all sectors,5020634,9.86,13739.61231,139300.98999,number of customers,cents per kilowatt-hour,million dollars,million kilowatt hours
2019,GA,Georgia,COM,commercial,585573,10.02,4751.93131,47411.823,number of customers,cents per kilowatt-hour,million dollars,million kilowatt hours
2019,GA,Georgia,IND,industrial,23539,6.17,1998.9241,32393.384,number of customers,cents per kilowatt-hour,million dollars,million kilowatt hours
2019,GA,Georgia,OTH,other,0,0,0,0,number of customers,cents per kilowatt-hour,million dollars,million kilowatt hours
2019,GA,Georgia,RES,residential,4411521,11.76,6979.1494,59331.49099,number of customers,cents per kilowatt-hour,million dollars,million kilowatt hours
2019,GA,Georgia,TRA,transportation,1,5.85,9.6075,164.292,number of customers,cents per kilowatt-hour,million dollars,million kilowatt hours
2019,HI,Hawaii,ALL,all sectors,499053,28.72,2714.9422,9452.88701,number of customers,cents per kilowatt-hour,million dollars,million kilowatt hours
2019,HI,Hawaii,COM,commercial,59878,29.23,893.82371,3057.86601,number of customers,cents per kilowatt-hour,million dollars,million kilowatt hours
2019,HI,Hawaii,IND,industrial,823,25.76,936.27169,3635.247,number of customers,cents per kilowatt-hour,million dollars,million kilowatt hours
2019,HI,Hawaii,OTH,other,0,0,0,0,number of customers,cents per kilowatt-hour,million dollars,million kilowatt hours
2019,HI,Hawaii,RES,residential,438352,32.06,884.84679,2759.77401,number of customers,cents per kilowatt-hour,million dollars,million kilowatt hours
2019,HI,Hawaii,TRA,transportation,0,0,0,0,number of customers,cents per kilowatt-hour,million dollars,million kilowatt hours
2019,IA,Iowa,ALL,all sectors,1643278,9.08,4635.84919,51043.14802,number of customers,cents per kilowatt-hour,million dollars,million kilowatt hours
2019,IA,Iowa,COM,commercial,241734,9.99,1230.29577,12309.61002,number of customers,cents per kilowatt-hour,million dollars,million kilowatt hours
2019,IA,Iowa,IND,industrial,8565,6.6,1599.65412,24238.717,number of customers,cents per kilowatt-hour,million dollars,million kilowatt hours
2019,IA,Iowa,OTH,other,0,0,0,0,number of customers,cents per kilowatt-hour,million dollars,million kilowatt hours
2019,IA,Iowa,RES,residential,1392979,12.46,1805.89931,14494.82101,number of customers,cents per kilowatt-hour,million dollars,million kilowatt hours
2019,IA,Iowa,TRA,transportation,0,0,0,0,number of customers,cents per kilowatt-hour,million dollars,million kilowatt hours
2019,ID,Idaho,ALL,all sectors,904471,7.89,1891.96561,23985.275,number of customers,cents per kilowatt-hour,million dollars,million kilowatt hours
2019,ID,Idaho,COM,commercial,112137,7.67,493.8922,6440.943,number of customers,cents per kilowatt-hour,million dollars,million kilowatt hours
2019,ID,Idaho,IND,industrial,28493,6.08,538.02591,8847.48901,number of customers,cents per kilowatt-hour,million dollars,million kilowatt hours
2019,ID,Idaho,OTH,other,0,0,0,0,number of customers,cents per kilowatt-hour,million dollars,million kilowatt hours
2019,ID,Idaho,RES,residential,763841,9.89,860.0475,8696.843,number of customers,cents per kilowatt-hour,million dollars,million kilowatt hours
2019,ID,Idaho,TRA,transportation,0,0,0,0,number of customers,cents per kilowatt-hour,million dollars,million kilowatt hours
2019,IL,Illinois,ALL,all sectors,5943064,9.56,13228.02681,138319.48099,number of customers,cents per kilowatt-hour,million dollars,million kilowatt hours
2019,IL,Illinois,COM,commercial,622802,9.08,4475.92962,49278.746,number of customers,cents per kilowatt-hour,million dollars,million kilowatt hours
2019,IL,Illinois,IND,industrial,5737,6.52,2821.76952,43250.44499,number of customers,cents per kilowatt-hour,million dollars,million kilowatt hours
2019,IL,Illinois,OTH,other,0,0,0,0,number of customers,cents per kilowatt-hour,million dollars,million kilowatt hours
2019,IL,Illinois,RES,residential,5314522,13.03,5890.95774,45220.25799,number of customers,cents per kilowatt-hour,million dollars,million kilowatt hours
2019,IL,Illinois,TRA,transportation,3,6.91,39.36993,570.032,number of customers,cents per kilowatt-hour,million dollars,million kilowatt hours
2019,IN,Indiana,ALL,all sectors,3264628,9.91,10113.7646,102104.20303,number of customers,cents per kilowatt-hour,million dollars,million kilowatt hours
2019,IN,Indiana,COM,commercial,358791,11.03,2593.90197,23517.681,number of customers,cents per kilowatt-hour,million dollars,million kilowatt hours
2019,IN,Indiana,IND,industrial,18805,7.36,3334.72612,45316.68202,number of customers,cents per kilowatt-hour,million dollars,million kilowatt hours
2019,IN,Indiana,OTH,other,0,0,0,0,number of customers,cents per kilowatt-hour,million dollars,million kilowatt hours
2019,IN,Indiana,RES,residential,2887031,12.58,4182.91881,33249.23401,number of customers,cents per kilowatt-hour,million dollars,million kilowatt hours
2019,IN,Indiana,TRA,transportation,1,10.76,2.2177,20.606,number of customers,cents per kilowatt-hour,million dollars,million kilowatt hours
2019,KS,Kansas,ALL,all sectors,1534421,10.26,4223.724,41159.62798,number of customers,cents per kilowatt-hour,million dollars,million kilowatt hours
2019,KS,Kansas,COM,commercial,235236,10.29,1637.84819,15916.325,number of customers,cents per kilowatt-hour,million dollars,million kilowatt hours
2019,KS,Kansas,IND,industrial,24230,7.35,853.13389,11612.64199,number of customers,cents per kilowatt-hour,million dollars,million kilowatt hours
2019,KS,Kansas,OTH,other,0,0,0,0,number of customers,cents per kilowatt-hour,million dollars,million kilowatt hours
2019,KS,Kansas,RES,residential,1274955,12.71,1732.74192,13630.66099,number of customers,cents per kilowatt-hour,million dollars,million kilowatt hours
2019,KS,Kansas,TRA,transportation,0,0,0,0,number of customers,cents per kilowatt-hour,million dollars,million kilowatt hours
2019,KY,Kentucky,ALL,all sectors,2307114,8.61,6484.35602,75345.382,number of customers,cents per kilowatt-hour,million dollars,million kilowatt hours
2019,KY,Kentucky,COM,commercial,309830,10.15,1990.81982,19611.51,number of customers,cents per kilowatt-hour,million dollars,million kilowatt hours
2019,KY,Kentucky,IND,industrial,6147,5.57,1624.4054,29160.79599,number of customers,cents per kilowatt-hour,million dollars,million kilowatt hours
2019,KY,Kentucky,OTH,other,0,0,0,0,number of customers,cents per kilowatt-hour,million dollars,million kilowatt hours
2019,KY,Kentucky,RES,residential,1991137,10.8,2869.13081,26573.076,number of customers,cents per kilowatt-hour,million dollars,million kilowatt hours
2019,KY,Kentucky,TRA,transportation,0,0,0,0,number of customers,cents per kilowatt-hour,million dollars,million kilowatt hours
2019,LA,Louisiana,ALL,all sectors,2409993,7.71,7178.84949,93128.52501,number of customers,cents per kilowatt-hour,million dollars,million kilowatt hours
2019,LA,Louisiana,COM,commercial,295153,8.91,2163.5642,24284.298,number of customers,cents per kilowatt-hour,million dollars,million kilowatt hours
2019,LA,Louisiana,IND,industrial,19373,5.23,1979.1115,37846.317,number of customers,cents per kilowatt-hour,million dollars,million kilowatt hours
2019,LA,Louisiana,OTH,other,0,0,0,0,number of customers,cents per kilowatt-hour,million dollars,million kilowatt hours
2019,LA,Louisiana,RES,residential,2095466,9.8,3035.09459,30986.02401,number of customers,cents per kilowatt-hour,million dollars,million kilowatt hours
2019,LA,Louisiana,TRA,transportation,1,9.08,1.0792,11.886,number of customers,cents per kilowatt-hour,million dollars,million kilowatt hours
2019,MA,Massachusetts,ALL,all sectors,3224116,18.4,9445.49232,51336.59799,number of customers,cents per kilowatt-hour,million dollars,million kilowatt hours
2019,MA,Massachusetts,COM,commercial,410995,16.8,4255.44325,25336.834,number of customers,cents per kilowatt-hour,million dollars,million kilowatt hours
2019,MA,Massachusetts,IND,industrial,11020,14.76,935.80523,6341.699,number of customers,cents per kilowatt-hour,million dollars,million kilowatt hours
2019,MA,Massachusetts,OTH,other,0,0,0,0,number of customers,cents per kilowatt-hour,million dollars,million kilowatt hours
2019,MA,Massachusetts,RES,residential,2802099,21.92,4233.10552,19314.571,number of customers,cents per kilowatt-hour,million dollars,million kilowatt hours
2019,MA,Massachusetts,TRA,transportation,2,6.15,21.13832,343.494,number of customers,cents per kilowatt-hour,million dollars,million kilowatt hours
2019,MAT,Middle Atlantic,ALL,all sectors,18646196,12.35,45087.5733,365097.43195,number of customers,cents per kilowatt-hour,million dollars,million kilowatt hours
2019,MAT,Middle Atlantic,COM,commercial,2361895,12.21,18705.26733,153246.21397,number of customers,cents per kilowatt-hour,million dollars,million kilowatt hours
2019,MAT,Middle Atlantic,IND,industrial,33176,6.57,4925.42493,74961.24399,number of customers,cents per kilowatt-hour,million dollars,million kilowatt hours
2019,MAT,Middle Atlantic,OTH,other,0,0,0,0,number of customers,cents per kilowatt-hour,million dollars,million kilowatt hours
2019,MAT,Middle Atlantic,RES,residential,16251104,15.8,21039.0308,133149.74,number of customers,cents per kilowatt-hour,million dollars,million kilowatt hours
2019,MAT,Middle Atlantic,TRA,transportation,21,11.17,417.85024,3740.234,number of customers,cents per kilowatt-hour,million dollars,million kilowatt hours
2019,MD,Maryland,ALL,all sectors,2617640,11.24,6823.28198,60720.658,number of customers,cents per kilowatt-hour,million dollars,million kilowatt hours
2019,MD,Maryland,COM,commercial,256165,9.97,2879.56607,28893.33501,number of customers,cents per kilowatt-hour,million dollars,million kilowatt hours
2019,MD,Maryland,IND,industrial,8935,7.8,290.02233,3718.412,number of customers,cents per kilowatt-hour,million dollars,million kilowatt hours
2019,MD,Maryland,OTH,other,0,0,0,0,number of customers,cents per kilowatt-hour,million dollars,million kilowatt hours
2019,MD,Maryland,RES,residential,2352535,13.12,3611.32655,27533.69299,number of customers,cents per kilowatt-hour,million dollars,million kilowatt hours
2019,MD,Maryland,TRA,transportation,5,7.37,42.36703,575.218,number of customers,cents per kilowatt-hour,million dollars,million kilowatt hours
2019,ME,Maine,ALL,all sectors,813500,14.04,1646.96835,11732.04,number of customers,cents per kilowatt-hour,million dollars,million kilowatt hours
2019,ME,Maine,COM,commercial,99738,12.83,532.11851,4148.305,number of customers,cents per kilowatt-hour,million dollars,million kilowatt hours
2019,ME,Maine,IND,industrial,2893,9.22,257.28085,2789.92599,number of customers,cents per kilowatt-hour,million dollars,million kilowatt hours
2019,ME,Maine,OTH,other,0,0,0,0,number of customers,cents per kilowatt-hour,million dollars,million kilowatt hours
2019,ME,Maine,RES,residential,710869,17.89,857.569,4793.80901,number of customers,cents per kilowatt-hour,million dollars,million kilowatt hours
2019,ME,Maine,TRA,transportation,0,0,0,0,number of customers,cents per kilowatt-hour,million dollars,million kilowatt hours
2019,MI,Michigan,ALL,all sectors,4934723,11.56,11700.9105,101249.29298,number of customers,cents per kilowatt-hour,million dollars,million kilowatt hours
2019,MI,Michigan,COM,commercial,544690,11.39,4313.03932,37860.78299,number of customers,cents per kilowatt-hour,million dollars,million kilowatt hours
2019,MI,Michigan,IND,industrial,5726,7.07,2114.08174,29886.43199,number of customers,cents per kilowatt-hour,million dollars,million kilowatt hours
2019,MI,Michigan,OTH,other,0,0,0,0,number of customers,cents per kilowatt-hour,million dollars,million kilowatt hours
2019,MI,Michigan,RES,residential,4384305,15.74,5273.11884,33495.725,number of customers,cents per kilowatt-hour,million dollars,million kilowatt hours
2019,MI,Michigan,TRA,transportation,2,10.56,.6706,6.353,number of customers,cents per kilowatt-hour,million dollars,million kilowatt hours
2019,MN,Minnesota,ALL,all sectors,2755105,10.33,6915.05842,66965.594,number of customers,cents per kilowatt-hour,million dollars,million kilowatt hours
2019,MN,Minnesota,COM,commercial,299995,10.34,2369.10521,22904.299,number of customers,cents per kilowatt-hour,million dollars,million kilowatt hours
2019,MN,Minnesota,IND,industrial,8998,7.53,1636.94462,21748.034,number of customers,cents per kilowatt-hour,million dollars,million kilowatt hours
2019,MN,Minnesota,OTH,other,0,0,0,0,number of customers,cents per kilowatt-hour,million dollars,million kilowatt hours
2019,MN,Minnesota,RES,residential,2446111,13.04,2906.62539,22288.152,number of customers,cents per kilowatt-hour,million dollars,million kilowatt hours
2019,MN,Minnesota,TRA,transportation,1,9.49,2.3832,25.109,number of customers,cents per kilowatt-hour,million dollars,million kilowatt hours
2019,MO,Missouri,ALL,all sectors,3206748,9.68,7636.14126,78857.77499,number of customers,cents per kilowatt-hour,million dollars,million kilowatt hours
2019,MO,Missouri,COM,commercial,384787,9.07,2733.86548,30133.114,number of customers,cents per kilowatt-hour,million dollars,million kilowatt hours
2019,MO,Missouri,IND,industrial,10096,7.11,924.81939,13009.718,number of customers,cents per kilowatt-hour,million dollars,million kilowatt hours
2019,MO,Missouri,OTH,other,0,0,0,0,number of customers,cents per kilowatt-hour,million dollars,million kilowatt hours
2019,MO,Missouri,RES,residential,2811863,11.14,3975.60149,35691.42598,number of customers,cents per kilowatt-hour,million dollars,million kilowatt hours
2019,MO,Missouri,TRA,transportation,2,7.89,1.8549,23.517,number of customers,cents per kilowatt-hour,million dollars,million kilowatt hours
2019,MS,Mississippi,ALL,all sectors,1541423,9.28,4542.72131,48951.026,number of customers,cents per kilowatt-hour,million dollars,million kilowatt hours
2019,MS,Mississippi,COM,commercial,237625,10.52,1497.76319,14238.982,number of customers,cents per kilowatt-hour,million dollars,million kilowatt hours
2019,MS,Mississippi,IND,industrial,10379,5.85,936.15761,15994.18599,number of customers,cents per kilowatt-hour,million dollars,million kilowatt hours
2019,MS,Mississippi,OTH,other,0,0,0,0,number of customers,cents per kilowatt-hour,million dollars,million kilowatt hours
2019,MS,Mississippi,RES,residential,1293419,11.27,2108.80051,18717.85801,number of customers,cents per kilowatt-hour,million dollars,million kilowatt hours
2019,MS,Mississippi,TRA,transportation,0,0,0,0,number of customers,cents per kilowatt-hour,million dollars,million kilowatt hours
2019,MT,Montana,ALL,all sectors,636797,9.02,1382.49352,15321.27098,number of customers,cents per kilowatt-hour,million dollars,million kilowatt hours
2019,MT,Montana,COM,commercial,109459,10.41,515.87539,4956.07999,number of customers,cents per kilowatt-hour,million dollars,million kilowatt hours
2019,MT,Montana,IND,industrial,11286,5.45,275.67514,5057.08799,number of customers,cents per kilowatt-hour,million dollars,million kilowatt hours
2019,MT,Montana,OTH,other,0,0,0,0,number of customers,cents per kilowatt-hour,million dollars,million kilowatt hours
2019,MT,Montana,RES,residential,516052,11.13,590.943,5308.103,number of customers,cents per kilowatt-hour,million dollars,million kilowatt hours
2019,MT,Montana,TRA,transportation,0,0,0,0,number of customers,cents per kilowatt-hour,million dollars,million kilowatt hours
2019,MTN,Mountain,ALL,all sectors,11522166,9.39,26628.89193,283525.12003,number of customers,cents per kilowatt-hour,million dollars,million kilowatt hours
2019,MTN,Mountain,COM,commercial,1431391,9.56,9373.45245,98069.52701,number of customers,cents per kilowatt-hour,million dollars,million kilowatt hours
2019,MTN,Mountain,IND,industrial,96422,6.33,5371.82887,84813.03302,number of customers,cents per kilowatt-hour,million dollars,million kilowatt hours
2019,MTN,Mountain,OTH,other,0,0,0,0,number of customers,cents per kilowatt-hour,million dollars,million kilowatt hours
2019,MTN,Mountain,RES,residential,9994348,11.81,11866.44571,100457.84,number of customers,cents per kilowatt-hour,million dollars,million kilowatt hours
2019,MTN,Mountain,TRA,transportation,5,9.29,17.1649,184.72,number of customers,cents per kilowatt-hour,million dollars,million kilowatt hours
2019,NC,North Carolina,ALL,all sectors,5336315,9.45,12892.93428,136435.53101,number of customers,cents per kilowatt-hour,million dollars,million kilowatt hours
2019,NC,North Carolina,COM,commercial,705587,8.81,4330.8252,49173.03801,number of customers,cents per kilowatt-hour,million dollars,million kilowatt hours
2019,NC,North Carolina,IND,industrial,9871,6.3,1726.55919,27391.009,number of customers,cents per kilowatt-hour,million dollars,million kilowatt hours
2019,NC,North Carolina,OTH,other,0,0,0,0,number of customers,cents per kilowatt-hour,million dollars,million kilowatt hours
2019,NC,North Carolina,RES,residential,4620856,11.42,6834.01689,59852.793,number of customers,cents per kilowatt-hour,million dollars,million kilowatt hours
2019,NC,North Carolina,TRA,transportation,1,8.2,1.533,18.691,number of customers,cents per kilowatt-hour,million dollars,million kilowatt hours
2019,ND,North Dakota,ALL,all sectors,470196,8.85,1908.4898,21559.25501,number of customers,cents per kilowatt-hour,million dollars,million kilowatt hours
2019,ND,North Dakota,COM,commercial,76355,9.01,633.8433,7035.031,number of customers,cents per kilowatt-hour,million dollars,million kilowatt hours
2019,ND,North Dakota,IND,industrial,8803,7.94,746.6765,9398.79301,number of customers,cents per kilowatt-hour,million dollars,million kilowatt hours
2019,ND,North Dakota,OTH,other,0,0,0,0,number of customers,cents per kilowatt-hour,million dollars,million kilowatt hours
2019,ND,North Dakota,RES,residential,385038,10.3,527.97,5125.431,number of customers,cents per kilowatt-hour,million dollars,million kilowatt hours
2019,ND,North Dakota,TRA,transportation,0,0,0,0,number of customers,cents per kilowatt-hour,million dollars,million kilowatt hours
2019,NE,Nebraska,ALL,all sectors,1071637,9.08,2759.15388,30383.19001,number of customers,cents per kilowatt-hour,million dollars,million kilowatt hours
2019,NE,Nebraska,COM,commercial,153814,8.85,836.86959,9456.72501,number of customers,cents per kilowatt-hour,million dollars,million kilowatt hours
2019,NE,Nebraska,IND,industrial,62204,7.65,812.6298,10618.56002,number of customers,cents per kilowatt-hour,million dollars,million kilowatt hours
2019,NE,Nebraska,OTH,other,0,0,0,0,number of customers,cents per kilowatt-hour,million dollars,million kilowatt hours
2019,NE,Nebraska,RES,residential,855619,10.77,1109.65448,10307.90498,number of customers,cents per kilowatt-hour,million dollars,million kilowatt hours
2019,NE,Nebraska,TRA,transportation,0,0,0,0,number of customers,cents per kilowatt-hour,million dollars,million kilowatt hours
2019,NEW,New England,ALL,all sectors,7324854,17.76,20328.13908,114457.86999,number of customers,cents per kilowatt-hour,million dollars,million kilowatt hours
2019,NEW,New England,COM,commercial,889951,16.33,8411.86449,51502.727,number of customers,cents per kilowatt-hour,million dollars,million kilowatt hours
2019,NEW,New England,IND,industrial,23310,13.07,2121.97491,16234.46099,number of customers,cents per kilowatt-hour,million dollars,million kilowatt hours
2019,NEW,New England,OTH,other,0,0,0,0,number of customers,cents per kilowatt-hour,million dollars,million kilowatt hours
2019,NEW,New England,RES,residential,6411587,21.1,9743.95802,46173.317,number of customers,cents per kilowatt-hour,million dollars,million kilowatt hours
2019,NEW,New England,TRA,transportation,6,9.2,50.34166,547.365,number of customers,cents per kilowatt-hour,million dollars,million kilowatt hours
2019,NH,New Hampshire,ALL,all sectors,738697,17.15,1837.53699,10711.65701,number of customers,cents per kilowatt-hour,million dollars,million kilowatt hours
2019,NH,New Hampshire,COM,commercial,108247,15.93,682.11928,4280.85401,number of customers,cents per kilowatt-hour,million dollars,million kilowatt hours
2019,NH,New Hampshire,IND,industrial,3193,13.09,251.84375,1923.973,number of customers,cents per kilowatt-hour,million dollars,million kilowatt hours
2019,NH,New Hampshire,OTH,other,0,0,0,0,number of customers,cents per kilowatt-hour,million dollars,million kilowatt hours
2019,NH,New Hampshire,RES,residential,627257,20.05,903.57396,4506.83,number of customers,cents per kilowatt-hour,million dollars,million kilowatt hours
2019,NH,New Hampshire,TRA,transportation,0,0,0,0,number of customers,cents per kilowatt-hour,million dollars,million kilowatt hours
2019,NJ,New Jersey,ALL,all sectors,4132418,13.42,9922.1786,73916.70397,number of customers,cents per kilowatt-hour,million dollars,million kilowatt hours
2019,NJ,New Jersey,COM,commercial,523796,12.23,4650.58491,38012.68398,number of customers,cents per kilowatt-hour,million dollars,million kilowatt hours
2019,NJ,New Jersey,IND,industrial,11781,10.16,710.10815,6990.06299,number of customers,cents per kilowatt-hour,million dollars,million kilowatt hours
2019,NJ,New Jersey,OTH,other,0,0,0,0,number of customers,cents per kilowatt-hour,million dollars,million kilowatt hours
2019,NJ,New Jersey,RES,residential,3596834,15.85,4534.97259,28612.555,number of customers,cents per kilowatt-hour,million dollars,million kilowatt hours
2019,NJ,New Jersey,TRA,transportation,7,8.8,26.51295,301.402,number of customers,cents per kilowatt-hour,million dollars,million kilowatt hours
2019,NM,New Mexico,ALL,all sectors,1049502,8.99,2235.99926,24880.134,number of customers,cents per kilowatt-hour,million dollars,million kilowatt hours
2019,NM,New Mexico,COM,commercial,144960,9.79,884.21177,9028.861,number of customers,cents per kilowatt-hour,million dollars,million kilowatt hours
2019,NM,New Mexico,IND,industrial,9456,5.48,492.12379,8979.712,number of customers,cents per kilowatt-hour,million dollars,million kilowatt hours
2019,NM,New Mexico,OTH,other,0,0,0,0,number of customers,cents per kilowatt-hour,million dollars,million kilowatt hours
2019,NM,New Mexico,RES,residential,895086,12.51,859.6637,6871.561,number of customers,cents per kilowatt-hour,million dollars,million kilowatt hours
2019,NM,New Mexico,TRA,transportation,0,0,0,0,number of customers,cents per kilowatt-hour,million dollars,million kilowatt hours
2019,NV,Nevada,ALL,all sectors,1375890,8.78,3247.11824,36982.38601,number of customers,cents per kilowatt-hour,million dollars,million kilowatt hours
2019,NV,Nevada,COM,commercial,167628,8.04,938.86722,11681.186,number of customers,cents per kilowatt-hour,million dollars,million kilowatt hours
2019,NV,Nevada,IND,industrial,3265,6.14,762.82552,12425.53601,number of customers,cents per kilowatt-hour,million dollars,million kilowatt hours
2019,NV,Nevada,OTH,other,0,0,0,0,number of customers,cents per kilowatt-hour,million dollars,million kilowatt hours
2019,NV,Nevada,RES,residential,1204996,12,1544.74251,12867.637,number of customers,cents per kilowatt-hour,million dollars,million kilowatt hours
2019,NV,Nevada,TRA,transportation,1,8.51,.683,8.027,number of customers,cents per kilowatt-hour,million dollars,million kilowatt hours
2019,NY,New York,ALL,all sectors,8364122,14.34,20883.53113,145600.34501,number of customers,cents per kilowatt-hour,million dollars,million kilowatt hours
2019,NY,New York,COM,commercial,1121107,14.06,10556.65832,75090.82,number of customers,cents per kilowatt-hour,million dollars,million kilowatt hours
2019,NY,New York,IND,industrial,7607,5.61,985.03337,17548.457,number of customers,cents per kilowatt-hour,million dollars,million kilowatt hours
2019,NY,New York,OTH,other,0,0,0,0,number of customers,cents per kilowatt-hour,million dollars,million kilowatt hours
2019,NY,New York,RES,residential,7235400,17.94,8995.4394,50141.00301,number of customers,cents per kilowatt-hour,million dollars,million kilowatt hours
2019,NY,New York,TRA,transportation,8,12.28,346.40005,2820.065,number of customers,cents per kilowatt-hour,million dollars,million kilowatt hours
2019,OH,Ohio,ALL,all sectors,5633525,9.58,14229.11604,148521.92005,number of customers,cents per kilowatt-hour,million dollars,million kilowatt hours
2019,OH,Ohio,COM,commercial,632794,9.72,4469.8952,46008.93701,number of customers,cents per kilowatt-hour,million dollars,million kilowatt hours
2019,OH,Ohio,IND,industrial,19798,6.55,3292.19316,50249.17802,number of customers,cents per kilowatt-hour,million dollars,million kilowatt hours
2019,OH,Ohio,OTH,other,0,0,0,0,number of customers,cents per kilowatt-hour,million dollars,million kilowatt hours
2019,OH,Ohio,RES,residential,4980931,12.38,6464.45326,52226.09701,number of customers,cents per kilowatt-hour,million dollars,million kilowatt hours
2019,OH,Ohio,TRA,transportation,2,6.83,2.57441,37.708,number of customers,cents per kilowatt-hour,million dollars,million kilowatt hours
2019,OK,Oklahoma,ALL,all sectors,2082702,7.86,5092.29891,64795.946,number of customers,cents per kilowatt-hour,million dollars,million kilowatt hours
2019,OK,Oklahoma,COM,commercial,285641,7.98,1603.4406,20085.99101,number of customers,cents per kilowatt-hour,million dollars,million kilowatt hours
2019,OK,Oklahoma,IND,industrial,19905,5.07,1059.1156,20903.983,number of customers,cents per kilowatt-hour,million dollars,million kilowatt hours
2019,OK,Oklahoma,OTH,other,0,0,0,0,number of customers,cents per kilowatt-hour,million dollars,million kilowatt hours
2019,OK,Oklahoma,RES,residential,1777156,10.21,2429.7427,23805.972,number of customers,cents per kilowatt-hour,million dollars,million kilowatt hours
2019,OK,Oklahoma,TRA,transportation,0,0,0,0,number of customers,cents per kilowatt-hour,million dollars,million kilowatt hours
2019,OR,Oregon,ALL,all sectors,2029442,8.81,4438.28984,50404.38599,number of customers,cents per kilowatt-hour,million dollars,million kilowatt hours
2019,OR,Oregon,COM,commercial,240488,8.85,1453.02575,16422.975,number of customers,cents per kilowatt-hour,million dollars,million kilowatt hours
2019,OR,Oregon,IND,industrial,25169,5.86,858.92029,14668.288,number of customers,cents per kilowatt-hour,million dollars,million kilowatt hours
2019,OR,Oregon,OTH,other,0,0,0,0,number of customers,cents per kilowatt-hour,million dollars,million kilowatt hours
2019,OR,Oregon,RES,residential,1763783,11.01,2123.8824,19286.182,number of customers,cents per kilowatt-hour,million dollars,million kilowatt hours
2019,OR,Oregon,TRA,transportation,2,9.14,2.4614,26.941,number of customers,cents per kilowatt-hour,million dollars,million kilowatt hours
2019,PA,Pennsylvania,ALL,all sectors,6149656,9.81,14281.86357,145580.38298,number of customers,cents per kilowatt-hour,million dollars,million kilowatt hours
2019,PA,Pennsylvania,COM,commercial,716992,8.71,3498.02409,40142.70999,number of customers,cents per kilowatt-hour,million dollars,million kilowatt hours
2019,PA,Pennsylvania,IND,industrial,13788,6.41,3230.28341,50422.72399,number of customers,cents per kilowatt-hour,million dollars,million kilowatt hours
2019,PA,Pennsylvania,OTH,other,0,0,0,0,number of customers,cents per kilowatt-hour,million dollars,million kilowatt hours
2019,PA,Pennsylvania,RES,residential,5418870,13.8,7508.61881,54396.18199,number of customers,cents per kilowatt-hour,million dollars,million kilowatt hours
2019,PA,Pennsylvania,TRA,transportation,6,7.26,44.93725,618.767,number of customers,cents per kilowatt-hour,million dollars,million kilowatt hours
2019,PACC,Pacific Contiguous,ALL,all sectors,21145014,13.79,54053.13487,391835.89197,number of customers,cents per kilowatt-hour,million dollars,million kilowatt hours
2019,PACC,Pacific Contiguous,COM,commercial,2348236,14.42,23066.56032,159971.98597,number of customers,cents per kilowatt-hour,million dollars,million kilowatt hours
2019,PACC,Pacific Contiguous,IND,industrial,199658,9.67,8473.99142,87647.89,number of customers,cents per kilowatt-hour,million dollars,million kilowatt hours
2019,PACC,Pacific Contiguous,OTH,other,0,0,0,0,number of customers,cents per kilowatt-hour,million dollars,million kilowatt hours
2019,PACC,Pacific Contiguous,RES,residential,18597101,15.65,22432.3791,143322.593,number of customers,cents per kilowatt-hour,million dollars,million kilowatt hours
2019,PACC,Pacific Contiguous,TRA,transportation,19,8.98,80.20404,893.423,number of customers,cents per kilowatt-hour,million dollars,million kilowatt hours
2019,PACN,Pacific Noncontiguous,ALL,all sectors,844549,25.48,3891.29862,15271.69204,number of customers,cents per kilowatt-hour,million dollars,million kilowatt hours
2019,PACN,Pacific Noncontiguous,COM,commercial,114958,24.86,1416.21213,5696.71202,number of customers,cents per kilowatt-hour,million dollars,million kilowatt hours
2019,PACN,Pacific Noncontiguous,IND,industrial,1949,23.5,1148.35279,4886.998,number of customers,cents per kilowatt-hour,million dollars,million kilowatt hours
2019,PACN,Pacific Noncontiguous,OTH,other,0,0,0,0,number of customers,cents per kilowatt-hour,million dollars,million kilowatt hours
2019,PACN,Pacific Noncontiguous,RES,residential,727642,28.3,1326.73369,4687.98202,number of customers,cents per kilowatt-hour,million dollars,million kilowatt hours
2019,PACN,Pacific Noncontiguous,TRA,transportation,0,0,0,0,number of customers,cents per kilowatt-hour,million dollars,million kilowatt hours
2019,RI,Rhode Island,ALL,all sectors,506647,18.49,1358.80936,7349.915,number of customers,cents per kilowatt-hour,million dollars,million kilowatt hours
2019,RI,Rhode Island,COM,commercial,60672,16.38,597.1116,3644.482,number of customers,cents per kilowatt-hour,million dollars,million kilowatt hours
2019,RI,Rhode Island,IND,industrial,1758,15.59,108.41208,695.416,number of customers,cents per kilowatt-hour,million dollars,million kilowatt hours
2019,RI,Rhode Island,OTH,other,0,0,0,0,number of customers,cents per kilowatt-hour,million dollars,million kilowatt hours
2019,RI,Rhode Island,RES,residential,444216,21.73,648.29159,2983.012,number of customers,cents per kilowatt-hour,million dollars,million kilowatt hours
2019,RI,Rhode Island,TRA,transportation,1,18.49,4.99409,27.005,number of customers,cents per kilowatt-hour,million dollars,million kilowatt hours
2019,SAT,South Atlantic,ALL,all sectors,32246424,10.02,83249.66876,831190.97203,number of customers,cents per kilowatt-hour,million dollars,million kilowatt hours
2019,SAT,South Atlantic,COM,commercial,3835185,9.36,29764.26129,318135.13202,number of customers,cents per kilowatt-hour,million dollars,million kilowatt hours
2019,SAT,South Atlantic,IND,industrial,85778,6.5,9175.27278,141242.99101,number of customers,cents per kilowatt-hour,million dollars,million kilowatt hours
2019,SAT,South Atlantic,OTH,other,0,0,0,0,number of customers,cents per kilowatt-hour,million dollars,million kilowatt hours
2019,SAT,South Atlantic,RES,residential,28325448,11.93,44200.63526,370429.91799,number of customers,cents per kilowatt-hour,million dollars,million kilowatt hours
2019,SAT,South Atlantic,TRA,transportation,13,7.92,109.49943,1382.931,number of customers,cents per kilowatt-hour,million dollars,million kilowatt hours
2019,SC,South Carolina,ALL,all sectors,2719891,10.02,8035.72719,80205.62,number of customers,cents per kilowatt-hour,million dollars,million kilowatt hours
2019,SC,South Carolina,COM,commercial,385285,10.58,2344.56409,22168.32799,number of customers,cents per kilowatt-hour,million dollars,million kilowatt hours
2019,SC,South Carolina,IND,industrial,3703,6.11,1643.0677,26877.33501,number of customers,cents per kilowatt-hour,million dollars,million kilowatt hours
2019,SC,South Carolina,OTH,other,0,0,0,0,number of customers,cents per kilowatt-hour,million dollars,million kilowatt hours
2019,SC,South Carolina,RES,residential,2330903,12.99,4048.0954,31159.957,number of customers,cents per kilowatt-hour,million dollars,million kilowatt hours
2019,SC,South Carolina,TRA,transportation,0,0,0,0,number of customers,cents per kilowatt-hour,million dollars,million kilowatt hours
2019,SD,South Dakota,ALL,all sectors,481355,9.96,1281.41231,12868.93098,number of customers,cents per kilowatt-hour,million dollars,million kilowatt hours
2019,SD,South Dakota,COM,commercial,73549,9.59,468.84609,4888.034,number of customers,cents per kilowatt-hour,million dollars,million kilowatt hours
2019,SD,South Dakota,IND,industrial,4089,7.81,228.30001,2923.86498,number of customers,cents per kilowatt-hour,million dollars,million kilowatt hours
2019,SD,South Dakota,OTH,other,0,0,0,0,number of customers,cents per kilowatt-hour,million dollars,million kilowatt hours
2019,SD,South Dakota,RES,residential,403717,11.55,584.2662,5057.032,number of customers,cents per kilowatt-hour,million dollars,million kilowatt hours
2019,SD,South Dakota,TRA,transportation,0,0,0,0,number of customers,cents per kilowatt-hour,million dollars,million kilowatt hours
2019,TN,Tennessee,ALL,all sectors,3413429,9.69,9677.8345,99829.09999,number of customers,cents per kilowatt-hour,million dollars,million kilowatt hours
2019,TN,Tennessee,COM,commercial,497497,10.65,3850.7245,36151.394,number of customers,cents per kilowatt-hour,million dollars,million kilowatt hours
2019,TN,Tennessee,IND,industrial,1016,5.68,1198.2489,21104.52299,number of customers,cents per kilowatt-hour,million dollars,million kilowatt hours
2019,TN,Tennessee,OTH,other,0,0,0,0,number of customers,cents per kilowatt-hour,million dollars,million kilowatt hours
2019,TN,Tennessee,RES,residential,2914916,10.87,4628.8611,42573.18301,number of customers,cents per kilowatt-hour,million dollars,million kilowatt hours
2019,TN,Tennessee,TRA,transportation,0,0,0,0,number of customers,cents per kilowatt-hour,million dollars,million kilowatt hours
2019,TX,Texas,ALL,all sectors,13136180,8.6,36910.42192,429343.40401,number of customers,cents per kilowatt-hour,million dollars,million kilowatt hours
2019,TX,Texas,COM,commercial,1537111,8.06,11440.0485,142001.52401,number of customers,cents per kilowatt-hour,million dollars,million kilowatt hours
2019,TX,Texas,IND,industrial,232427,5.45,7171.36053,131673.922,number of customers,cents per kilowatt-hour,million dollars,million kilowatt hours
2019,TX,Texas,OTH,other,0,0,0,0,number of customers,cents per kilowatt-hour,million dollars,million kilowatt hours
2019,TX,Texas,RES,residential,11366639,11.76,18286.99059,155481.34201,number of customers,cents per kilowatt-hour,million dollars,million kilowatt hours
2019,TX,Texas,TRA,transportation,3,6.44,12.0223,186.616,number of customers,cents per kilowatt-hour,million dollars,million kilowatt hours
2019,US,U.S. Total,ALL,all sectors,154898161,10.54,401738.14391,3811150.46304,number of customers,cents per kilowatt-hour,million dollars,million kilowatt hours
2019,US,U.S. Total,COM,commercial,18694240,10.68,145279.76319,1360876.55503,number of customers,cents per kilowatt-hour,million dollars,million kilowatt hours
2019,US,U.S. Total,IND,industrial,954222,6.81,68284.89188,1002352.84901,number of customers,cents per kilowatt-hour,million dollars,million kilowatt hours
2019,US,U.S. Total,OTH,other,0,0,0,0,number of customers,cents per kilowatt-hour,million dollars,million kilowatt hours
2019,US,U.S. Total,RES,residential,135249616,13.01,187436.03661,1440288.909,number of customers,cents per kilowatt-hour,million dollars,million kilowatt hours
2019,US,U.S. Total,TRA,transportation,83,9.66,737.45223,7632.15001,number of customers,cents per kilowatt-hour,million dollars,million kilowatt hours
2019,UT,Utah,ALL,all sectors,1258571,8.24,2565.33279,31142.56502,number of customers,cents per kilowatt-hour,million dollars,million kilowatt hours
2019,UT,Utah,COM,commercial,132082,8.26,979.49109,11860.44901,number of customers,cents per kilowatt-hour,million dollars,million kilowatt hours
2019,UT,Utah,IND,industrial,10343,5.98,567.3426,9490.84301,number of customers,cents per kilowatt-hour,million dollars,million kilowatt hours
2019,UT,Utah,OTH,other,0,0,0,0,number of customers,cents per kilowatt-hour,million dollars,million kilowatt hours
2019,UT,Utah,RES,residential,1116145,10.4,1013.0011,9739.52499,number of customers,cents per kilowatt-hour,million dollars,million kilowatt hours
2019,UT,Utah,TRA,transportation,1,10.62,5.498,51.748,number of customers,cents per kilowatt-hour,million dollars,million kilowatt hours
2019,VA,Virginia,ALL,all sectors,3902576,9.52,11270.97844,118435.37999,number of customers,cents per kilowatt-hour,million dollars,million kilowatt hours
2019,VA,Virginia,COM,commercial,434175,8.18,4417.18145,53981.176,number of customers,cents per kilowatt-hour,million dollars,million kilowatt hours
2019,VA,Virginia,IND,industrial,3723,6.85,1206.04128,17598.24699,number of customers,cents per kilowatt-hour,million dollars,million kilowatt hours
2019,VA,Virginia,OTH,other,0,0,0,0,number of customers,cents per kilowatt-hour,million dollars,million kilowatt hours
2019,VA,Virginia,RES,residential,3464677,12.07,5632.0659,46666.163,number of customers,cents per kilowatt-hour,million dollars,million kilowatt hours
2019,VA,Virginia,TRA,transportation,1,8.27,15.6898,189.794,number of customers,cents per kilowatt-hour,million dollars,million kilowatt hours
2019,VT,Vermont,ALL,all sectors,374742,15.36,833.82289,5427.66399,number of customers,cents per kilowatt-hour,million dollars,million kilowatt hours
2019,VT,Vermont,COM,commercial,58320,15.98,309.17279,1934.464,number of customers,cents per kilowatt-hour,million dollars,million kilowatt hours
2019,VT,Vermont,IND,industrial,242,11.05,155.9295,1411.655,number of customers,cents per kilowatt-hour,million dollars,million kilowatt hours
2019,VT,Vermont,OTH,other,0,0,0,0,number of customers,cents per kilowatt-hour,million dollars,million kilowatt hours
2019,VT,Vermont,RES,residential,316180,17.71,368.7206,2081.545,number of customers,cents per kilowatt-hour,million dollars,million kilowatt hours
2019,VT,Vermont,TRA,transportation,0,0,0,0,number of customers,cents per kilowatt-hour,million dollars,million kilowatt hours
2019,WA,Washington,ALL,all sectors,3542173,8.04,7324.7807,91052.79598,number of customers,cents per kilowatt-hour,million dollars,million kilowatt hours
2019,WA,Washington,COM,commercial,389147,8.75,2561.37083,29269.63799,number of customers,cents per kilowatt-hour,million dollars,million kilowatt hours
2019,WA,Washington,IND,industrial,26829,4.8,1209.35269,25171.87299,number of customers,cents per kilowatt-hour,million dollars,million kilowatt hours
2019,WA,Washington,OTH,other,0,0,0,0,number of customers,cents per kilowatt-hour,million dollars,million kilowatt hours
2019,WA,Washington,RES,residential,3126192,9.71,3544.71639,36512.424,number of customers,cents per kilowatt-hour,million dollars,million kilowatt hours
2019,WA,Washington,TRA,transportation,5,9.45,9.3408,98.861,number of customers,cents per kilowatt-hour,million dollars,million kilowatt hours
2019,WI,Wisconsin,ALL,all sectors,3082372,10.66,7370.2788,69157.53999,number of customers,cents per kilowatt-hour,million dollars,million kilowatt hours
2019,WI,Wisconsin,COM,commercial,356561,10.72,2525.07082,23546.11399,number of customers,cents per kilowatt-hour,million dollars,million kilowatt hours
2019,WI,Wisconsin,IND,industrial,5522,7.31,1727.05178,23614.83201,number of customers,cents per kilowatt-hour,million dollars,million kilowatt hours
2019,WI,Wisconsin,OTH,other,0,0,0,0,number of customers,cents per kilowatt-hour,million dollars,million kilowatt hours
2019,WI,Wisconsin,RES,residential,2720287,14.18,3117.9853,21995.36,number of customers,cents per kilowatt-hour,million dollars,million kilowatt hours
2019,WI,Wisconsin,TRA,transportation,2,13.85,.1709,1.234,number of customers,cents per kilowatt-hour,million dollars,million kilowatt hours
2019,WNC,West North Central,ALL,all sectors,11162740,9.69,29359.82886,302837.52098,number of customers,cents per kilowatt-hour,million dollars,million kilowatt hours
2019,WNC,West North Central,COM,commercial,1465470,9.66,9910.67364,102643.13802,number of customers,cents per kilowatt-hour,million dollars,million kilowatt hours
2019,WNC,West North Central,IND,industrial,126985,7.27,6802.15833,93550.329,number of customers,cents per kilowatt-hour,million dollars,million kilowatt hours
2019,WNC,West North Central,OTH,other,0,0,0,0,number of customers,cents per kilowatt-hour,million dollars,million kilowatt hours
2019,WNC,West North Central,RES,residential,9570282,11.86,12642.75879,106595.42796,number of customers,cents per kilowatt-hour,million dollars,million kilowatt hours
2019,WNC,West North Central,TRA,transportation,3,8.72,4.2381,48.626,number of customers,cents per kilowatt-hour,million dollars,million kilowatt hours
2019,WSC,West South Central,ALL,all sectors,19259472,8.36,53133.84382,635360.90701,number of customers,cents per kilowatt-hour,million dollars,million kilowatt hours
2019,WSC,West South Central,COM,commercial,2316766,8.2,16256.7013,198320.50202,number of customers,cents per kilowatt-hour,million dollars,million kilowatt hours
2019,WSC,West South Central,IND,industrial,306569,5.43,11277.30503,207835.83299,number of customers,cents per kilowatt-hour,million dollars,million kilowatt hours
2019,WSC,West South Central,OTH,other,0,0,0,0,number of customers,cents per kilowatt-hour,million dollars,million kilowatt hours
2019,WSC,West South Central,RES,residential,16636131,11.17,25586.6872,229005.654,number of customers,cents per kilowatt-hour,million dollars,million kilowatt hours
2019,WSC,West South Central,TRA,transportation,6,6.61,13.1503,198.918,number of customers,cents per kilowatt-hour,million dollars,million kilowatt hours
2019,WV,West Virginia,ALL,all sectors,1014453,8.49,2823.1807,33247.013,number of customers,cents per kilowatt-hour,million dollars,million kilowatt hours
2019,WV,West Virginia,COM,commercial,145225,9.16,693.44771,7567.13,number of customers,cents per kilowatt-hour,million dollars,million kilowatt hours
2019,WV,West Virginia,IND,industrial,11562,6.02,875.1728,14526.664,number of customers,cents per kilowatt-hour,million dollars,million kilowatt hours
2019,WV,West Virginia,OTH,other,0,0,0,0,number of customers,cents per kilowatt-hour,million dollars,million kilowatt hours
2019,WV,West Virginia,RES,residential,857666,11.25,1254.5602,11153.219,number of customers,cents per kilowatt-hour,million dollars,million kilowatt hours
2019,WV,West Virginia,TRA,transportation,0,0,0,0,number of customers,cents per kilowatt-hour,million dollars,million kilowatt hours
2019,WY,Wyoming,ALL,all sectors,344500,8.1,1358.4307,16763.49601,number of customers,cents per kilowatt-hour,million dollars,million kilowatt hours
2019,WY,Wyoming,COM,commercial,58325,9.64,344.7123,3575.477,number of customers,cents per kilowatt-hour,million dollars,million kilowatt hours
2019,WY,Wyoming,IND,industrial,11294,6.73,695.29501,10338.641,number of customers,cents per kilowatt-hour,million dollars,million kilowatt hours
2019,WY,Wyoming,OTH,other,0,0,0,0,number of customers,cents per kilowatt-hour,million dollars,million kilowatt hours
2019,WY,Wyoming,RES,residential,274881,11.18,318.4234,2849.37801,number of customers,cents per kilowatt-hour,million dollars,million kilowatt hours
2019,WY,Wyoming,TRA,transportation,0,0,0,0,number of customers,cents per kilowatt-hour,million dollars,million kilowatt hours
2018,AK,Alaska,ALL,all sectors,342870,19.36,1156.01201,5972.46698,number of customers,cents per kilowatt-hour,million dollars,million kilowatt hours
2018,AK,Alaska,COM,commercial,53957,18.58,491.6088,2646.058,number of customers,cents per kilowatt-hour,million dollars,million kilowatt hours
2018,AK,Alaska,IND,industrial,1387,17.1,231.15641,1351.503,number of customers,cents per kilowatt-hour,million dollars,million kilowatt hours
2018,AK,Alaska,OTH,other,0,0,0,0,number of customers,cents per kilowatt-hour,million dollars,million kilowatt hours
2018,AK,Alaska,RES,residential,287526,21.94,433.2468,1974.90599,number of customers,cents per kilowatt-hour,million dollars,million kilowatt hours
2018,AK,Alaska,TRA,transportation,0,0,0,0,number of customers,cents per kilowatt-hour,million dollars,million kilowatt hours
2018,AL,Alabama,ALL,all sectors,2607911,9.63,8694.4049,90280.456,number of customers,cents per kilowatt-hour,million dollars,million kilowatt hours
2018,AL,Alabama,COM,commercial,371097,11.24,2639.2444,23483.07199,number of customers,cents per kilowatt-hour,million dollars,million kilowatt hours
2018,AL,Alabama,IND,industrial,7342,6.01,2027.5576,33717.004,number of customers,cents per kilowatt-hour,million dollars,million kilowatt hours
2018,AL,Alabama,OTH,other,0,0,0,0,number of customers,cents per kilowatt-hour,million dollars,million kilowatt hours
2018,AL,Alabama,RES,residential,2229472,12.18,4027.6029,33080.38001,number of customers,cents per kilowatt-hour,million dollars,million kilowatt hours
2018,AL,Alabama,TRA,transportation,0,0,0,0,number of customers,cents per kilowatt-hour,million dollars,million kilowatt hours
2018,AR,Arkansas,ALL,all sectors,1621438,7.78,3859.00391,49602.70798,number of customers,cents per kilowatt-hour,million dollars,million kilowatt hours
2018,AR,Arkansas,COM,commercial,196482,7.75,951.47251,12278.279,number of customers,cents per kilowatt-hour,million dollars,million kilowatt hours
2018,AR,Arkansas,IND,industrial,36596,5.64,1018.82479,18064.78699,number of customers,cents per kilowatt-hour,million dollars,million kilowatt hours
2018,AR,Arkansas,OTH,other,0,0,0,0,number of customers,cents per kilowatt-hour,million dollars,million kilowatt hours
2018,AR,Arkansas,RES,residential,1388358,9.81,1888.65691,19259.20399,number of customers,cents per kilowatt-hour,million dollars,million kilowatt hours
2018,AR,Arkansas,TRA,transportation,2,11.35,.0497,.438,number of customers,cents per kilowatt-hour,million dollars,million kilowatt hours
2018,AZ,Arizona,ALL,all sectors,3138283,10.85,8500.55621,78346.30199,number of customers,cents per kilowatt-hour,million dollars,million kilowatt hours
2018,AZ,Arizona,COM,commercial,322135,10.64,3158.28971,29683.54998,number of customers,cents per kilowatt-hour,million dollars,million kilowatt hours
2018,AZ,Arizona,IND,industrial,7794,6.55,916.2716,13994.441,number of customers,cents per kilowatt-hour,million dollars,million kilowatt hours
2018,AZ,Arizona,OTH,other,0,0,0,0,number of customers,cents per kilowatt-hour,million dollars,million kilowatt hours
2018,AZ,Arizona,RES,residential,2808352,12.77,4425.1919,34660.297,number of customers,cents per kilowatt-hour,million dollars,million kilowatt hours
2018,AZ,Arizona,TRA,transportation,2,10.02,.803,8.014,number of customers,cents per kilowatt-hour,million dollars,million kilowatt hours
2018,CA,California,ALL,all sectors,15454683,16.58,42317.71733,255224.27197,number of customers,cents per kilowatt-hour,million dollars,million kilowatt hours
2018,CA,California,COM,commercial,1714875,16.34,18924.31172,115786.492,number of customers,cents per kilowatt-hour,million dollars,million kilowatt hours
2018,CA,California,IND,industrial,148644,13.2,6546.36308,49587.91299,number of customers,cents per kilowatt-hour,million dollars,million kilowatt hours
2018,CA,California,OTH,other,0,0,0,0,number of customers,cents per kilowatt-hour,million dollars,million kilowatt hours
2018,CA,California,RES,residential,13591152,18.84,16782.22173,89099.98498,number of customers,cents per kilowatt-hour,million dollars,million kilowatt hours
2018,CA,California,TRA,transportation,12,8.64,64.82081,749.882,number of customers,cents per kilowatt-hour,million dollars,million kilowatt hours
2018,CO,Colorado,ALL,all sectors,2719066,10.02,5655.38909,56450.48002,number of customers,cents per kilowatt-hour,million dollars,million kilowatt hours
2018,CO,Colorado,COM,commercial,376104,10.02,2105.70848,21023.30001,number of customers,cents per kilowatt-hour,million dollars,million kilowatt hours
2018,CO,Colorado,IND,industrial,15985,7.47,1198.5315,16047.258,number of customers,cents per kilowatt-hour,million dollars,million kilowatt hours
2018,CO,Colorado,OTH,other,0,0,0,0,number of customers,cents per kilowatt-hour,million dollars,million kilowatt hours
2018,CO,Colorado,RES,residential,2326976,12.15,2342.77831,19286.95201,number of customers,cents per kilowatt-hour,million dollars,million kilowatt hours
2018,CO,Colorado,TRA,transportation,1,9,8.3708,92.97,number of customers,cents per kilowatt-hour,million dollars,million kilowatt hours
2018,CT,Connecticut,ALL,all sectors,1661837,18.41,5309.38875,28833.925,number of customers,cents per kilowatt-hour,million dollars,million kilowatt hours
2018,CT,Connecticut,COM,commercial,153824,16.76,2074.9865,12381.063,number of customers,cents per kilowatt-hour,million dollars,million kilowatt hours
2018,CT,Connecticut,IND,industrial,4308,13.77,441.99538,3209.992,number of customers,cents per kilowatt-hour,million dollars,million kilowatt hours
2018,CT,Connecticut,OTH,other,0,0,0,0,number of customers,cents per kilowatt-hour,million dollars,million kilowatt hours
2018,CT,Connecticut,RES,residential,1503701,21.2,2769.11057,13061.372,number of customers,cents per kilowatt-hour,million dollars,million kilowatt hours
2018,CT,Connecticut,TRA,transportation,4,12.84,23.2963,181.498,number of customers,cents per kilowatt-hour,million dollars,million kilowatt hours
2018,DC,District of Columbia,ALL,all sectors,300953,12.03,1366.72871,11357.91,number of customers,cents per kilowatt-hour,million dollars,million kilowatt hours
2018,DC,District of Columbia,COM,commercial,26336,11.97,985.7524,8236.22501,number of customers,cents per kilowatt-hour,million dollars,million kilowatt hours
2018,DC,District of Columbia,IND,industrial,1,8.3,15.9822,192.662,number of customers,cents per kilowatt-hour,million dollars,million kilowatt hours
2018,DC,District of Columbia,OTH,other,0,0,0,0,number of customers,cents per kilowatt-hour,million dollars,million kilowatt hours
2018,DC,District of Columbia,RES,residential,274613,12.84,332.86892,2592.242,number of customers,cents per kilowatt-hour,million dollars,million kilowatt hours
2018,DC,District of Columbia,TRA,transportation,3,9.54,32.12518,336.781,number of customers,cents per kilowatt-hour,million dollars,million kilowatt hours
2018,DE,Delaware,ALL,all sectors,488190,10.55,1242.23941,11773.1,number of customers,cents per kilowatt-hour,million dollars,million kilowatt hours
2018,DE,Delaware,COM,commercial,54904,9.65,419.17905,4342.34,number of customers,cents per kilowatt-hour,million dollars,million kilowatt hours
2018,DE,Delaware,IND,industrial,837,7.95,187.69826,2360.585,number of customers,cents per kilowatt-hour,million dollars,million kilowatt hours
2018,DE,Delaware,OTH,other,0,0,0,0,number of customers,cents per kilowatt-hour,million dollars,million kilowatt hours
2018,DE,Delaware,RES,residential,432449,12.53,635.3621,5070.175,number of customers,cents per kilowatt-hour,million dollars,million kilowatt hours
2018,DE,Delaware,TRA,transportation,0,0,0,0,number of customers,cents per kilowatt-hour,million dollars,million kilowatt hours
2018,ENC,East North Central,ALL,all sectors,22736475,10.17,58522.75196,575593.396,number of customers,cents per kilowatt-hour,million dollars,million kilowatt hours
2018,ENC,East North Central,COM,commercial,2498950,10.19,18886.91083,185278.25701,number of customers,cents per kilowatt-hour,million dollars,million kilowatt hours
2018,ENC,East North Central,IND,industrial,53956,7.1,13911.89029,195874.63602,number of customers,cents per kilowatt-hour,million dollars,million kilowatt hours
2018,ENC,East North Central,OTH,other,0,0,0,0,number of customers,cents per kilowatt-hour,million dollars,million kilowatt hours
2018,ENC,East North Central,RES,residential,20183560,13.25,25681.14231,193825.04997,number of customers,cents per kilowatt-hour,million dollars,million kilowatt hours
2018,ENC,East North Central,TRA,transportation,9,6.96,42.80854,615.453,number of customers,cents per kilowatt-hour,million dollars,million kilowatt hours
2018,ESC,East South Central,ALL,all sectors,9813996,9.29,29735.85212,320192.34294,number of customers,cents per kilowatt-hour,million dollars,million kilowatt hours
2018,ESC,East South Central,COM,commercial,1404952,10.52,9982.73851,94924.23398,number of customers,cents per kilowatt-hour,million dollars,million kilowatt hours
2018,ESC,East South Central,IND,industrial,26090,5.85,5890.93919,100782.52297,number of customers,cents per kilowatt-hour,million dollars,million kilowatt hours
2018,ESC,East South Central,OTH,other,0,0,0,0,number of customers,cents per kilowatt-hour,million dollars,million kilowatt hours
2018,ESC,East South Central,RES,residential,8382954,11.14,13862.17442,124485.58598,number of customers,cents per kilowatt-hour,million dollars,million kilowatt hours
2018,ESC,East South Central,TRA,transportation,0,0,0,0,number of customers,cents per kilowatt-hour,million dollars,million kilowatt hours
2018,FL,Florida,ALL,all sectors,10673910,10.32,24613.58362,238565.391,number of customers,cents per kilowatt-hour,million dollars,million kilowatt hours
2018,FL,Florida,COM,commercial,1229559,9.19,8845.10851,96265.276,number of customers,cents per kilowatt-hour,million dollars,million kilowatt hours
2018,FL,Florida,IND,industrial,21327,7.65,1276.34101,16689.12901,number of customers,cents per kilowatt-hour,million dollars,million kilowatt hours
2018,FL,Florida,OTH,other,0,0,0,0,number of customers,cents per kilowatt-hour,million dollars,million kilowatt hours
2018,FL,Florida,RES,residential,9423022,11.54,14485.28011,125528.047,number of customers,cents per kilowatt-hour,million dollars,million kilowatt hours
2018,FL,Florida,TRA,transportation,2,8.26,6.854,82.939,number of customers,cents per kilowatt-hour,million dollars,million kilowatt hours
2018,GA,Georgia,ALL,all sectors,4956555,9.62,13452.9278,139866.07398,number of customers,cents per kilowatt-hour,million dollars,million kilowatt hours
2018,GA,Georgia,COM,commercial,579468,9.79,4633.07118,47311.67499,number of customers,cents per kilowatt-hour,million dollars,million kilowatt hours
2018,GA,Georgia,IND,industrial,23065,6,1963.1781,32695.79101,number of customers,cents per kilowatt-hour,million dollars,million kilowatt hours
2018,GA,Georgia,OTH,other,0,0,0,0,number of customers,cents per kilowatt-hour,million dollars,million kilowatt hours
2018,GA,Georgia,RES,residential,4354021,11.47,6847.32492,59689.10598,number of customers,cents per kilowatt-hour,million dollars,million kilowatt hours
2018,GA,Georgia,TRA,transportation,1,5.52,9.3536,169.502,number of customers,cents per kilowatt-hour,million dollars,million kilowatt hours
2018,HI,Hawaii,ALL,all sectors,496741,29.18,2725.0181,9337.161,number of customers,cents per kilowatt-hour,million dollars,million kilowatt hours
2018,HI,Hawaii,COM,commercial,59661,29.9,906.8174,3033.009,number of customers,cents per kilowatt-hour,million dollars,million kilowatt hours
2018,HI,Hawaii,IND,industrial,814,26.1,937.9942,3593.454,number of customers,cents per kilowatt-hour,million dollars,million kilowatt hours
2018,HI,Hawaii,OTH,other,0,0,0,0,number of customers,cents per kilowatt-hour,million dollars,million kilowatt hours
2018,HI,Hawaii,RES,residential,436266,32.47,880.20649,2710.698,number of customers,cents per kilowatt-hour,million dollars,million kilowatt hours
2018,HI,Hawaii,TRA,transportation,0,0,0,0,number of customers,cents per kilowatt-hour,million dollars,million kilowatt hours
2018,IA,Iowa,ALL,all sectors,1633349,8.92,4565.70204,51210.655,number of customers,cents per kilowatt-hour,million dollars,million kilowatt hours
2018,IA,Iowa,COM,commercial,239703,9.68,1202.56903,12417.67099,number of customers,cents per kilowatt-hour,million dollars,million kilowatt hours
2018,IA,Iowa,IND,industrial,7890,6.45,1546.01092,23952.63499,number of customers,cents per kilowatt-hour,million dollars,million kilowatt hours
2018,IA,Iowa,OTH,other,0,0,0,0,number of customers,cents per kilowatt-hour,million dollars,million kilowatt hours
2018,IA,Iowa,RES,residential,1385756,12.24,1817.12209,14840.34901,number of customers,cents per kilowatt-hour,million dollars,million kilowatt hours
2018,IA,Iowa,TRA,transportation,0,0,0,0,number of customers,cents per kilowatt-hour,million dollars,million kilowatt hours
2018,ID,Idaho,ALL,all sectors,882782,8.17,1940.93859,23753.50799,number of customers,cents per kilowatt-hour,million dollars,million kilowatt hours
2018,ID,Idaho,COM,commercial,110797,7.93,510.534,6436.89299,number of customers,cents per kilowatt-hour,million dollars,million kilowatt hours
2018,ID,Idaho,IND,industrial,28418,6.47,575.24741,8889.037,number of customers,cents per kilowatt-hour,million dollars,million kilowatt hours
2018,ID,Idaho,OTH,other,0,0,0,0,number of customers,cents per kilowatt-hour,million dollars,million kilowatt hours
2018,ID,Idaho,RES,residential,743567,10.15,855.15719,8427.57799,number of customers,cents per kilowatt-hour,million dollars,million kilowatt hours
2018,ID,Idaho,TRA,transportation,0,0,0,0,number of customers,cents per kilowatt-hour,million dollars,million kilowatt hours
2018,IL,Illinois,ALL,all sectors,5911485,9.6,13696.10813,142654.80801,number of customers,cents per kilowatt-hour,million dollars,million kilowatt hours
2018,IL,Illinois,COM,commercial,616192,9.12,4631.4323,50762.829,number of customers,cents per kilowatt-hour,million dollars,million kilowatt hours
2018,IL,Illinois,IND,industrial,5717,6.8,2998.9389,44114.71101,number of customers,cents per kilowatt-hour,million dollars,million kilowatt hours
2018,IL,Illinois,OTH,other,0,0,0,0,number of customers,cents per kilowatt-hour,million dollars,million kilowatt hours
2018,IL,Illinois,RES,residential,5289573,12.77,6028.53181,47225.915,number of customers,cents per kilowatt-hour,million dollars,million kilowatt hours
2018,IL,Illinois,TRA,transportation,3,6.75,37.20512,551.353,number of customers,cents per kilowatt-hour,million dollars,million kilowatt hours
2018,IN,Indiana,ALL,all sectors,3235852,9.75,10161.42497,104194.376,number of customers,cents per kilowatt-hour,million dollars,million kilowatt hours
2018,IN,Indiana,COM,commercial,354730,10.6,2575.96229,24305.199,number of customers,cents per kilowatt-hour,million dollars,million kilowatt hours
2018,IN,Indiana,IND,industrial,17763,7.38,3343.38829,45293.32201,number of customers,cents per kilowatt-hour,million dollars,million kilowatt hours
2018,IN,Indiana,OTH,other,0,0,0,0,number of customers,cents per kilowatt-hour,million dollars,million kilowatt hours
2018,IN,Indiana,RES,residential,2863358,12.26,4239.86159,34574.66399,number of customers,cents per kilowatt-hour,million dollars,million kilowatt hours
2018,IN,Indiana,TRA,transportation,1,10.44,2.2128,21.191,number of customers,cents per kilowatt-hour,million dollars,million kilowatt hours
2018,KS,Kansas,ALL,all sectors,1524320,10.72,4504.72642,42036.97904,number of customers,cents per kilowatt-hour,million dollars,million kilowatt hours
2018,KS,Kansas,COM,commercial,234091,10.66,1723.13595,16168.75002,number of customers,cents per kilowatt-hour,million dollars,million kilowatt hours
2018,KS,Kansas,IND,industrial,24185,7.6,887.44871,11681.037,number of customers,cents per kilowatt-hour,million dollars,million kilowatt hours
2018,KS,Kansas,OTH,other,0,0,0,0,number of customers,cents per kilowatt-hour,million dollars,million kilowatt hours
2018,KS,Kansas,RES,residential,1266044,13.35,1894.14177,14187.19201,number of customers,cents per kilowatt-hour,million dollars,million kilowatt hours
2018,KS,Kansas,TRA,transportation,0,0,0,0,number of customers,cents per kilowatt-hour,million dollars,million kilowatt hours
2018,KY,Kentucky,ALL,all sectors,2292376,8.52,6524.89041,76610.63597,number of customers,cents per kilowatt-hour,million dollars,million kilowatt hours
2018,KY,Kentucky,COM,commercial,305417,9.74,1945.91301,19980.485,number of customers,cents per kilowatt-hour,million dollars,million kilowatt hours
2018,KY,Kentucky,IND,industrial,6750,5.68,1642.59839,28917.42899,number of customers,cents per kilowatt-hour,million dollars,million kilowatt hours
2018,KY,Kentucky,OTH,other,0,0,0,0,number of customers,cents per kilowatt-hour,million dollars,million kilowatt hours
2018,KY,Kentucky,RES,residential,1980209,10.6,2936.37901,27712.72198,number of customers,cents per kilowatt-hour,million dollars,million kilowatt hours
2018,KY,Kentucky,TRA,transportation,0,0,0,0,number of customers,cents per kilowatt-hour,million dollars,million kilowatt hours
2018,LA,Louisiana,ALL,all sectors,2397366,7.71,7262.71011,94186.07201,number of customers,cents per kilowatt-hour,million dollars,million kilowatt hours
2018,LA,Louisiana,COM,commercial,292752,8.85,2184.93489,24690.90401,number of customers,cents per kilowatt-hour,million dollars,million kilowatt hours
2018,LA,Louisiana,IND,industrial,19558,5.35,2002.50001,37416.715,number of customers,cents per kilowatt-hour,million dollars,million kilowatt hours
2018,LA,Louisiana,OTH,other,0,0,0,0,number of customers,cents per kilowatt-hour,million dollars,million kilowatt hours
2018,LA,Louisiana,RES,residential,2085055,9.59,3074.0861,32065.538,number of customers,cents per kilowatt-hour,million dollars,million kilowatt hours
2018,LA,Louisiana,TRA,transportation,1,9.21,1.1891,12.915,number of customers,cents per kilowatt-hour,million dollars,million kilowatt hours
2018,MA,Massachusetts,ALL,all sectors,3203720,18.5,9859.89859,53285.02903,number of customers,cents per kilowatt-hour,million dollars,million kilowatt hours
2018,MA,Massachusetts,COM,commercial,408972,17.17,4456.59563,25952.48102,number of customers,cents per kilowatt-hour,million dollars,million kilowatt hours
2018,MA,Massachusetts,IND,industrial,10503,14.89,997.59951,6699.302,number of customers,cents per kilowatt-hour,million dollars,million kilowatt hours
2018,MA,Massachusetts,OTH,other,0,0,0,0,number of customers,cents per kilowatt-hour,million dollars,million kilowatt hours
2018,MA,Massachusetts,RES,residential,2784243,21.61,4383.44885,20284.67401,number of customers,cents per kilowatt-hour,million dollars,million kilowatt hours
2018,MA,Massachusetts,TRA,transportation,2,6.38,22.2546,348.572,number of customers,cents per kilowatt-hour,million dollars,million kilowatt hours
2018,MAT,Middle Atlantic,ALL,all sectors,18524917,12.63,47335.94931,374923.344,number of customers,cents per kilowatt-hour,million dollars,million kilowatt hours
2018,MAT,Middle Atlantic,COM,commercial,2345015,12.43,19729.28809,158774.04802,number of customers,cents per kilowatt-hour,million dollars,million kilowatt hours
2018,MAT,Middle Atlantic,IND,industrial,30504,6.96,5191.34695,74601.397,number of customers,cents per kilowatt-hour,million dollars,million kilowatt hours
2018,MAT,Middle Atlantic,OTH,other,0,0,0,0,number of customers,cents per kilowatt-hour,million dollars,million kilowatt hours
2018,MAT,Middle Atlantic,RES,residential,16149378,15.97,21973.92301,137580.38799,number of customers,cents per kilowatt-hour,million dollars,million kilowatt hours
2018,MAT,Middle Atlantic,TRA,transportation,20,11.13,441.39125,3967.511,number of customers,cents per kilowatt-hour,million dollars,million kilowatt hours
2018,MD,Maryland,ALL,all sectors,2595486,11.57,7181.98522,62086.45499,number of customers,cents per kilowatt-hour,million dollars,million kilowatt hours
2018,MD,Maryland,COM,commercial,254163,10.43,3082.52273,29547.51799,number of customers,cents per kilowatt-hour,million dollars,million kilowatt hours
2018,MD,Maryland,IND,industrial,8801,8.23,318.4023,3870.188,number of customers,cents per kilowatt-hour,million dollars,million kilowatt hours
2018,MD,Maryland,OTH,other,0,0,0,0,number of customers,cents per kilowatt-hour,million dollars,million kilowatt hours
2018,MD,Maryland,RES,residential,2332517,13.3,3741.62018,28138.474,number of customers,cents per kilowatt-hour,million dollars,million kilowatt hours
2018,MD,Maryland,TRA,transportation,5,7.44,39.44001,530.275,number of customers,cents per kilowatt-hour,million dollars,million kilowatt hours
2018,ME,Maine,ALL,all sectors,808978,13.44,1659.89658,12354.819,number of customers,cents per kilowatt-hour,million dollars,million kilowatt hours
2018,ME,Maine,COM,commercial,96066,12.51,556.41137,4447.245,number of customers,cents per kilowatt-hour,million dollars,million kilowatt hours
2018,ME,Maine,IND,industrial,3064,9.32,282.92172,3035.573,number of customers,cents per kilowatt-hour,million dollars,million kilowatt hours
2018,ME,Maine,OTH,other,0,0,0,0,number of customers,cents per kilowatt-hour,million dollars,million kilowatt hours
2018,ME,Maine,RES,residential,709848,16.84,820.5635,4872.001,number of customers,cents per kilowatt-hour,million dollars,million kilowatt hours
2018,ME,Maine,TRA,transportation,0,0,0,0,number of customers,cents per kilowatt-hour,million dollars,million kilowatt hours
2018,MI,Michigan,ALL,all sectors,4914764,11.4,11954.04361,104869.49602,number of customers,cents per kilowatt-hour,million dollars,million kilowatt hours
2018,MI,Michigan,COM,commercial,543261,11.15,4339.29112,38925.26799,number of customers,cents per kilowatt-hour,million dollars,million kilowatt hours
2018,MI,Michigan,IND,industrial,5972,7.1,2187.18814,30806.02302,number of customers,cents per kilowatt-hour,million dollars,million kilowatt hours
2018,MI,Michigan,OTH,other,0,0,0,0,number of customers,cents per kilowatt-hour,million dollars,million kilowatt hours
2018,MI,Michigan,RES,residential,4365529,15.45,5426.83465,35131.42201,number of customers,cents per kilowatt-hour,million dollars,million kilowatt hours
2018,MI,Michigan,TRA,transportation,2,10.76,.7297,6.783,number of customers,cents per kilowatt-hour,million dollars,million kilowatt hours
2018,MN,Minnesota,ALL,all sectors,2725247,10.37,7121.91372,68708.38199,number of customers,cents per kilowatt-hour,million dollars,million kilowatt hours
2018,MN,Minnesota,COM,commercial,295855,10.38,2429.21681,23398.557,number of customers,cents per kilowatt-hour,million dollars,million kilowatt hours
2018,MN,Minnesota,IND,industrial,9066,7.52,1688.83152,22446.85297,number of customers,cents per kilowatt-hour,million dollars,million kilowatt hours
2018,MN,Minnesota,OTH,other,0,0,0,0,number of customers,cents per kilowatt-hour,million dollars,million kilowatt hours
2018,MN,Minnesota,RES,residential,2420325,13.14,3001.39059,22837.14002,number of customers,cents per kilowatt-hour,million dollars,million kilowatt hours
2018,MN,Minnesota,TRA,transportation,1,9.58,2.4748,25.832,number of customers,cents per kilowatt-hour,million dollars,million kilowatt hours
2018,MO,Missouri,ALL,all sectors,3185039,9.93,8148.13552,82055.835,number of customers,cents per kilowatt-hour,million dollars,million kilowatt hours
2018,MO,Missouri,COM,commercial,384493,9.4,2931.2881,31179.28299,number of customers,cents per kilowatt-hour,million dollars,million kilowatt hours
2018,MO,Missouri,IND,industrial,8085,7.22,966.2012,13389.587,number of customers,cents per kilowatt-hour,million dollars,million kilowatt hours
2018,MO,Missouri,OTH,other,0,0,0,0,number of customers,cents per kilowatt-hour,million dollars,million kilowatt hours
2018,MO,Missouri,RES,residential,2792459,11.34,4248.63781,37463.39001,number of customers,cents per kilowatt-hour,million dollars,million kilowatt hours
2018,MO,Missouri,TRA,transportation,2,8.52,2.0084,23.575,number of customers,cents per kilowatt-hour,million dollars,million kilowatt hours
2018,MS,Mississippi,ALL,all sectors,1538140,9.24,4655.35712,50390.06798,number of customers,cents per kilowatt-hour,million dollars,million kilowatt hours
2018,MS,Mississippi,COM,commercial,236871,10.43,1515.7226,14530.226,number of customers,cents per kilowatt-hour,million dollars,million kilowatt hours
2018,MS,Mississippi,IND,industrial,10988,6,993.09921,16549.31499,number of customers,cents per kilowatt-hour,million dollars,million kilowatt hours
2018,MS,Mississippi,OTH,other,0,0,0,0,number of customers,cents per kilowatt-hour,million dollars,million kilowatt hours
2018,MS,Mississippi,RES,residential,1290281,11.12,2146.53531,19310.52699,number of customers,cents per kilowatt-hour,million dollars,million kilowatt hours
2018,MS,Mississippi,TRA,transportation,0,0,0,0,number of customers,cents per kilowatt-hour,million dollars,million kilowatt hours
2018,MT,Montana,ALL,all sectors,628136,8.84,1312.27845,14838.84499,number of customers,cents per kilowatt-hour,million dollars,million kilowatt hours
2018,MT,Montana,COM,commercial,108695,10.11,497.3898,4921.231,number of customers,cents per kilowatt-hour,million dollars,million kilowatt hours
2018,MT,Montana,IND,industrial,9915,5.19,245.12029,4719.928,number of customers,cents per kilowatt-hour,million dollars,million kilowatt hours
2018,MT,Montana,OTH,other,0,0,0,0,number of customers,cents per kilowatt-hour,million dollars,million kilowatt hours
2018,MT,Montana,RES,residential,509526,10.96,569.76837,5197.68599,number of customers,cents per kilowatt-hour,million dollars,million kilowatt hours
2018,MT,Montana,TRA,transportation,0,0,0,0,number of customers,cents per kilowatt-hour,million dollars,million kilowatt hours
2018,MTN,Mountain,ALL,all sectors,11335998,9.48,26865.95209,283325.09497,number of customers,cents per kilowatt-hour,million dollars,million kilowatt hours
2018,MTN,Mountain,COM,commercial,1414958,9.56,9470.17577,99065.18596,number of customers,cents per kilowatt-hour,million dollars,million kilowatt hours
2018,MTN,Mountain,IND,industrial,95524,6.45,5406.78612,83787.65401,number of customers,cents per kilowatt-hour,million dollars,million kilowatt hours
2018,MTN,Mountain,OTH,other,0,0,0,0,number of customers,cents per kilowatt-hour,million dollars,million kilowatt hours
2018,MTN,Mountain,RES,residential,9825511,11.94,11973.68299,100311.561,number of customers,cents per kilowatt-hour,million dollars,million kilowatt hours
2018,MTN,Mountain,TRA,transportation,5,9.53,15.3072,160.694,number of customers,cents per kilowatt-hour,million dollars,million kilowatt hours
2018,NC,North Carolina,ALL,all sectors,5252119,9.25,12796.89875,138287.404,number of customers,cents per kilowatt-hour,million dollars,million kilowatt hours
2018,NC,North Carolina,COM,commercial,691673,8.58,4228.75127,49298.40199,number of customers,cents per kilowatt-hour,million dollars,million kilowatt hours
2018,NC,North Carolina,IND,industrial,10025,6.33,1732.37048,27353.56,number of customers,cents per kilowatt-hour,million dollars,million kilowatt hours
2018,NC,North Carolina,OTH,other,0,0,0,0,number of customers,cents per kilowatt-hour,million dollars,million kilowatt hours
2018,NC,North Carolina,RES,residential,4550420,11.09,6834.735,61622.45401,number of customers,cents per kilowatt-hour,million dollars,million kilowatt hours
2018,NC,North Carolina,TRA,transportation,1,8.02,1.042,12.988,number of customers,cents per kilowatt-hour,million dollars,million kilowatt hours
2018,ND,North Dakota,ALL,all sectors,466729,8.91,1842.37292,20669.50599,number of customers,cents per kilowatt-hour,million dollars,million kilowatt hours
2018,ND,North Dakota,COM,commercial,75148,9.1,621.7525,6835.913,number of customers,cents per kilowatt-hour,million dollars,million kilowatt hours
2018,ND,North Dakota,IND,industrial,8985,7.98,694.47502,8700.422,number of customers,cents per kilowatt-hour,million dollars,million kilowatt hours
2018,ND,North Dakota,OTH,other,0,0,0,0,number of customers,cents per kilowatt-hour,million dollars,million kilowatt hours
2018,ND,North Dakota,RES,residential,382596,10.25,526.14541,5133.171,number of customers,cents per kilowatt-hour,million dollars,million kilowatt hours
2018,ND,North Dakota,TRA,transportation,0,0,0,0,number of customers,cents per kilowatt-hour,million dollars,million kilowatt hours
2018,NE,Nebraska,ALL,all sectors,1065615,9.02,2791.72729,30939.49201,number of customers,cents per kilowatt-hour,million dollars,million kilowatt hours
2018,NE,Nebraska,COM,commercial,153749,8.83,843.30899,9553.39601,number of customers,cents per kilowatt-hour,million dollars,million kilowatt hours
2018,NE,Nebraska,IND,industrial,61968,7.6,833.97619,10974.088,number of customers,cents per kilowatt-hour,million dollars,million kilowatt hours
2018,NE,Nebraska,OTH,other,0,0,0,0,number of customers,cents per kilowatt-hour,million dollars,million kilowatt hours
2018,NE,Nebraska,RES,residential,849898,10.7,1114.44212,10412.008,number of customers,cents per kilowatt-hour,million dollars,million kilowatt hours
2018,NE,Nebraska,TRA,transportation,0,0,0,0,number of customers,cents per kilowatt-hour,million dollars,million kilowatt hours
2018,NEW,New England,ALL,all sectors,7284473,17.63,20918.48932,118634.34401,number of customers,cents per kilowatt-hour,million dollars,million kilowatt hours
2018,NEW,New England,COM,commercial,883832,16.46,8708.95427,52924.45102,number of customers,cents per kilowatt-hour,million dollars,million kilowatt hours
2018,NEW,New England,IND,industrial,23028,13.19,2249.31316,17053.58398,number of customers,cents per kilowatt-hour,million dollars,million kilowatt hours
2018,NEW,New England,OTH,other,0,0,0,0,number of customers,cents per kilowatt-hour,million dollars,million kilowatt hours
2018,NEW,New England,RES,residential,6377606,20.6,9910.08543,48099.27301,number of customers,cents per kilowatt-hour,million dollars,million kilowatt hours
2018,NEW,New England,TRA,transportation,7,9,50.13647,557.036,number of customers,cents per kilowatt-hour,million dollars,million kilowatt hours
2018,NH,New Hampshire,ALL,all sectors,733652,17.01,1879.51411,11046.28399,number of customers,cents per kilowatt-hour,million dollars,million kilowatt hours
2018,NH,New Hampshire,COM,commercial,107805,15.81,702.54063,4442.56,number of customers,cents per kilowatt-hour,million dollars,million kilowatt hours
2018,NH,New Hampshire,IND,industrial,3176,13.42,263.3606,1962.711,number of customers,cents per kilowatt-hour,million dollars,million kilowatt hours
2018,NH,New Hampshire,OTH,other,0,0,0,0,number of customers,cents per kilowatt-hour,million dollars,million kilowatt hours
2018,NH,New Hampshire,RES,residential,622671,19.69,913.61288,4641.01299,number of customers,cents per kilowatt-hour,million dollars,million kilowatt hours
2018,NH,New Hampshire,TRA,transportation,0,0,0,0,number of customers,cents per kilowatt-hour,million dollars,million kilowatt hours
2018,NJ,New Jersey,ALL,all sectors,4101356,13.23,10057.43995,76016.762,number of customers,cents per kilowatt-hour,million dollars,million kilowatt hours
2018,NJ,New Jersey,COM,commercial,521429,12.21,4736.98149,38807.065,number of customers,cents per kilowatt-hour,million dollars,million kilowatt hours
2018,NJ,New Jersey,IND,industrial,11877,10.07,741.9336,7369.106,number of customers,cents per kilowatt-hour,million dollars,million kilowatt hours
2018,NJ,New Jersey,OTH,other,0,0,0,0,number of customers,cents per kilowatt-hour,million dollars,million kilowatt hours
2018,NJ,New Jersey,RES,residential,3568044,15.41,4550.4312,29530.689,number of customers,cents per kilowatt-hour,million dollars,million kilowatt hours
2018,NJ,New Jersey,TRA,transportation,6,9.07,28.09365,309.902,number of customers,cents per kilowatt-hour,million dollars,million kilowatt hours
2018,NM,New Mexico,ALL,all sectors,1043075,9.35,2249.64934,24048.61099,number of customers,cents per kilowatt-hour,million dollars,million kilowatt hours
2018,NM,New Mexico,COM,commercial,143874,10.02,905.49751,9035.272,number of customers,cents per kilowatt-hour,million dollars,million kilowatt hours
2018,NM,New Mexico,IND,industrial,9360,5.84,478.39701,8186.897,number of customers,cents per kilowatt-hour,million dollars,million kilowatt hours
2018,NM,New Mexico,OTH,other,0,0,0,0,number of customers,cents per kilowatt-hour,million dollars,million kilowatt hours
2018,NM,New Mexico,RES,residential,889841,12.68,865.75482,6826.442,number of customers,cents per kilowatt-hour,million dollars,million kilowatt hours
2018,NM,New Mexico,TRA,transportation,0,0,0,0,number of customers,cents per kilowatt-hour,million dollars,million kilowatt hours
2018,NV,Nevada,ALL,all sectors,1352089,8.67,3277.12843,37780.26301,number of customers,cents per kilowatt-hour,million dollars,million kilowatt hours
2018,NV,Nevada,COM,commercial,164982,7.74,938.63119,12123.896,number of customers,cents per kilowatt-hour,million dollars,million kilowatt hours
2018,NV,Nevada,IND,industrial,3446,6.1,744.44283,12198.273,number of customers,cents per kilowatt-hour,million dollars,million kilowatt hours
2018,NV,Nevada,OTH,other,0,0,0,0,number of customers,cents per kilowatt-hour,million dollars,million kilowatt hours
2018,NV,Nevada,RES,residential,1183660,11.85,1593.36041,13449.743,number of customers,cents per kilowatt-hour,million dollars,million kilowatt hours
2018,NV,Nevada,TRA,transportation,1,8.31,.694,8.351,number of customers,cents per kilowatt-hour,million dollars,million kilowatt hours
2018,NY,New York,ALL,all sectors,8304448,14.83,22233.05421,149929.851,number of customers,cents per kilowatt-hour,million dollars,million kilowatt hours
2018,NY,New York,COM,commercial,1106650,14.5,11128.00269,76745.46302,number of customers,cents per kilowatt-hour,million dollars,million kilowatt hours
2018,NY,New York,IND,industrial,6884,6.02,1087.82789,18076.792,number of customers,cents per kilowatt-hour,million dollars,million kilowatt hours
2018,NY,New York,OTH,other,0,0,0,0,number of customers,cents per kilowatt-hour,million dollars,million kilowatt hours
2018,NY,New York,RES,residential,7190906,18.52,9658.62199,52153.24599,number of customers,cents per kilowatt-hour,million dollars,million kilowatt hours
2018,NY,New York,TRA,transportation,8,12.14,358.60165,2954.35,number of customers,cents per kilowatt-hour,million dollars,million kilowatt hours
2018,OH,Ohio,ALL,all sectors,5613782,9.94,15202.97977,152915.16698,number of customers,cents per kilowatt-hour,million dollars,million kilowatt hours
2018,OH,Ohio,COM,commercial,630210,10.11,4768.8172,47191.54,number of customers,cents per kilowatt-hour,million dollars,million kilowatt hours
2018,OH,Ohio,IND,industrial,18715,7.01,3591.70738,51235.99499,number of customers,cents per kilowatt-hour,million dollars,million kilowatt hours
2018,OH,Ohio,OTH,other,0,0,0,0,number of customers,cents per kilowatt-hour,million dollars,million kilowatt hours
2018,OH,Ohio,RES,residential,4964855,12.56,6839.82307,54451.71399,number of customers,cents per kilowatt-hour,million dollars,million kilowatt hours
2018,OH,Ohio,TRA,transportation,2,7.33,2.63212,35.918,number of customers,cents per kilowatt-hour,million dollars,million kilowatt hours
2018,OK,Oklahoma,ALL,all sectors,2066555,8.09,5224.24013,64575.31599,number of customers,cents per kilowatt-hour,million dollars,million kilowatt hours
2018,OK,Oklahoma,COM,commercial,282875,8.07,1712.88507,21229.14301,number of customers,cents per kilowatt-hour,million dollars,million kilowatt hours
2018,OK,Oklahoma,IND,industrial,18700,5.34,1027.32413,19229.36499,number of customers,cents per kilowatt-hour,million dollars,million kilowatt hours
2018,OK,Oklahoma,OTH,other,0,0,0,0,number of customers,cents per kilowatt-hour,million dollars,million kilowatt hours
2018,OK,Oklahoma,RES,residential,1764980,10.3,2484.03093,24116.80799,number of customers,cents per kilowatt-hour,million dollars,million kilowatt hours
2018,OK,Oklahoma,TRA,transportation,0,0,0,0,number of customers,cents per kilowatt-hour,million dollars,million kilowatt hours
2018,OR,Oregon,ALL,all sectors,2013005,8.85,4363.56163,49325.90401,number of customers,cents per kilowatt-hour,million dollars,million kilowatt hours
2018,OR,Oregon,COM,commercial,237942,8.91,1467.79027,16470.02701,number of customers,cents per kilowatt-hour,million dollars,million kilowatt hours
2018,OR,Oregon,IND,industrial,24821,5.86,814.16297,13899.298,number of customers,cents per kilowatt-hour,million dollars,million kilowatt hours
2018,OR,Oregon,OTH,other,0,0,0,0,number of customers,cents per kilowatt-hour,million dollars,million kilowatt hours
2018,OR,Oregon,RES,residential,1750240,10.98,2079.22789,18930.583,number of customers,cents per kilowatt-hour,million dollars,million kilowatt hours
2018,OR,Oregon,TRA,transportation,2,9.16,2.3805,25.996,number of customers,cents per kilowatt-hour,million dollars,million kilowatt hours
2018,PA,Pennsylvania,ALL,all sectors,6119113,10.1,15045.45515,148976.73101,number of customers,cents per kilowatt-hour,million dollars,million kilowatt hours
2018,PA,Pennsylvania,COM,commercial,716936,8.94,3864.30391,43221.52,number of customers,cents per kilowatt-hour,million dollars,million kilowatt hours
2018,PA,Pennsylvania,IND,industrial,11743,6.84,3361.58547,49155.49901,number of customers,cents per kilowatt-hour,million dollars,million kilowatt hours
2018,PA,Pennsylvania,OTH,other,0,0,0,0,number of customers,cents per kilowatt-hour,million dollars,million kilowatt hours
2018,PA,Pennsylvania,RES,residential,5390428,13.89,7764.86982,55896.453,number of customers,cents per kilowatt-hour,million dollars,million kilowatt hours
2018,PA,Pennsylvania,TRA,transportation,6,7.78,54.69595,703.259,number of customers,cents per kilowatt-hour,million dollars,million kilowatt hours
2018,PACC,Pacific Contiguous,ALL,all sectors,20956212,13.66,53881.72757,394555.96696,number of customers,cents per kilowatt-hour,million dollars,million kilowatt hours
2018,PACC,Pacific Contiguous,COM,commercial,2337183,14.2,22954.346,161652.923,number of customers,cents per kilowatt-hour,million dollars,million kilowatt hours
2018,PACC,Pacific Contiguous,IND,industrial,200749,9.64,8551.67965,88750.48299,number of customers,cents per kilowatt-hour,million dollars,million kilowatt hours
2018,PACC,Pacific Contiguous,OTH,other,0,0,0,0,number of customers,cents per kilowatt-hour,million dollars,million kilowatt hours
2018,PACC,Pacific Contiguous,RES,residential,18418260,15.56,22307.8308,143369.54597,number of customers,cents per kilowatt-hour,million dollars,million kilowatt hours
2018,PACC,Pacific Contiguous,TRA,transportation,20,8.67,67.87111,783.015,number of customers,cents per kilowatt-hour,million dollars,million kilowatt hours
2018,PACN,Pacific Noncontiguous,ALL,all sectors,839611,25.35,3881.0301,15309.62798,number of customers,cents per kilowatt-hour,million dollars,million kilowatt hours
2018,PACN,Pacific Noncontiguous,COM,commercial,113618,24.62,1398.4262,5679.06699,number of customers,cents per kilowatt-hour,million dollars,million kilowatt hours
2018,PACN,Pacific Noncontiguous,IND,industrial,2201,23.64,1169.15061,4944.957,number of customers,cents per kilowatt-hour,million dollars,million kilowatt hours
2018,PACN,Pacific Noncontiguous,OTH,other,0,0,0,0,number of customers,cents per kilowatt-hour,million dollars,million kilowatt hours
2018,PACN,Pacific Noncontiguous,RES,residential,723792,28.03,1313.45329,4685.60399,number of customers,cents per kilowatt-hour,million dollars,million kilowatt hours
2018,PACN,Pacific Noncontiguous,TRA,transportation,0,0,0,0,number of customers,cents per kilowatt-hour,million dollars,million kilowatt hours
2018,RI,Rhode Island,ALL,all sectors,503907,18.1,1372.75928,7583.339,number of customers,cents per kilowatt-hour,million dollars,million kilowatt hours
2018,RI,Rhode Island,COM,commercial,60128,16.58,613.08253,3697.587,number of customers,cents per kilowatt-hour,million dollars,million kilowatt hours
2018,RI,Rhode Island,IND,industrial,1773,15.39,113.05065,734.618,number of customers,cents per kilowatt-hour,million dollars,million kilowatt hours
2018,RI,Rhode Island,OTH,other,0,0,0,0,number of customers,cents per kilowatt-hour,million dollars,million kilowatt hours
2018,RI,Rhode Island,RES,residential,442005,20.55,642.04053,3124.168,number of customers,cents per kilowatt-hour,million dollars,million kilowatt hours
2018,RI,Rhode Island,TRA,transportation,1,17,4.58557,26.966,number of customers,cents per kilowatt-hour,million dollars,million kilowatt hours
2018,SAT,South Atlantic,ALL,all sectors,31819948,9.9,82682.72422,835390.63299,number of customers,cents per kilowatt-hour,million dollars,million kilowatt hours
2018,SAT,South Atlantic,COM,commercial,3788481,9.3,29507.36112,317276.90899,number of customers,cents per kilowatt-hour,million dollars,million kilowatt hours
2018,SAT,South Atlantic,IND,industrial,83599,6.52,9299.48681,142647.66599,number of customers,cents per kilowatt-hour,million dollars,million kilowatt hours
2018,SAT,South Atlantic,OTH,other,0,0,0,0,number of customers,cents per kilowatt-hour,million dollars,million kilowatt hours
2018,SAT,South Atlantic,RES,residential,27947855,11.7,43770.62731,374134.978,number of customers,cents per kilowatt-hour,million dollars,million kilowatt hours
2018,SAT,South Atlantic,TRA,transportation,13,7.91,105.24898,1331.08,number of customers,cents per kilowatt-hour,million dollars,million kilowatt hours
2018,SC,South Carolina,ALL,all sectors,2671366,9.67,7891.24047,81641.13799,number of customers,cents per kilowatt-hour,million dollars,million kilowatt hours
2018,SC,South Carolina,COM,commercial,376842,10.11,2247.5427,22232.833,number of customers,cents per kilowatt-hour,million dollars,million kilowatt hours
2018,SC,South Carolina,IND,industrial,4324,6.1,1680.8365,27555.88599,number of customers,cents per kilowatt-hour,million dollars,million kilowatt hours
2018,SC,South Carolina,OTH,other,0,0,0,0,number of customers,cents per kilowatt-hour,million dollars,million kilowatt hours
2018,SC,South Carolina,RES,residential,2290200,12.44,3962.86128,31852.419,number of customers,cents per kilowatt-hour,million dollars,million kilowatt hours
2018,SC,South Carolina,TRA,transportation,0,0,0,0,number of customers,cents per kilowatt-hour,million dollars,million kilowatt hours
2018,SD,South Dakota,ALL,all sectors,476179,9.97,1281.52971,12856.93799,number of customers,cents per kilowatt-hour,million dollars,million kilowatt hours
2018,SD,South Dakota,COM,commercial,72106,9.62,471.75491,4903.24299,number of customers,cents per kilowatt-hour,million dollars,million kilowatt hours
2018,SD,South Dakota,IND,industrial,3923,7.77,228.0107,2935.335,number of customers,cents per kilowatt-hour,million dollars,million kilowatt hours
2018,SD,South Dakota,OTH,other,0,0,0,0,number of customers,cents per kilowatt-hour,million dollars,million kilowatt hours
2018,SD,South Dakota,RES,residential,400150,11.59,581.76411,5018.36,number of customers,cents per kilowatt-hour,million dollars,million kilowatt hours
2018,SD,South Dakota,TRA,transportation,0,0,0,0,number of customers,cents per kilowatt-hour,million dollars,million kilowatt hours
2018,TN,Tennessee,ALL,all sectors,3375569,9.58,9861.19968,102911.18299,number of customers,cents per kilowatt-hour,million dollars,million kilowatt hours
2018,TN,Tennessee,COM,commercial,491567,10.51,3881.85849,36930.45099,number of customers,cents per kilowatt-hour,million dollars,million kilowatt hours
2018,TN,Tennessee,IND,industrial,1010,5.68,1227.68399,21598.77499,number of customers,cents per kilowatt-hour,million dollars,million kilowatt hours
2018,TN,Tennessee,OTH,other,0,0,0,0,number of customers,cents per kilowatt-hour,million dollars,million kilowatt hours
2018,TN,Tennessee,RES,residential,2882992,10.71,4751.6572,44381.95701,number of customers,cents per kilowatt-hour,million dollars,million kilowatt hours
2018,TN,Tennessee,TRA,transportation,0,0,0,0,number of customers,cents per kilowatt-hour,million dollars,million kilowatt hours
2018,TX,Texas,ALL,all sectors,12865651,8.48,35993.64108,424418.628,number of customers,cents per kilowatt-hour,million dollars,million kilowatt hours
2018,TX,Texas,COM,commercial,1591150,8.16,11714.6509,143524.63099,number of customers,cents per kilowatt-hour,million dollars,million kilowatt hours
2018,TX,Texas,IND,industrial,125714,5.39,6654.23569,123438.82901,number of customers,cents per kilowatt-hour,million dollars,million kilowatt hours
2018,TX,Texas,OTH,other,0,0,0,0,number of customers,cents per kilowatt-hour,million dollars,million kilowatt hours
2018,TX,Texas,RES,residential,11148784,11.2,17609.63149,157267.91301,number of customers,cents per kilowatt-hour,million dollars,million kilowatt hours
2018,TX,Texas,TRA,transportation,3,8.08,15.123,187.255,number of customers,cents per kilowatt-hour,million dollars,million kilowatt hours
2018,US,U.S. Total,ALL,all sectors,153339118,10.53,406420.17951,3859185.26084,number of customers,cents per kilowatt-hour,million dollars,million kilowatt hours
2018,US,U.S. Total,COM,commercial,18605393,10.67,147425.17043,1381754.84497,number of customers,cents per kilowatt-hour,million dollars,million kilowatt hours
2018,US,U.S. Total,IND,industrial,840321,6.92,69218.43165,1000672.55293,number of customers,cents per kilowatt-hour,million dollars,million kilowatt hours
2018,US,U.S. Total,OTH,other,0,0,0,0,number of customers,cents per kilowatt-hour,million dollars,million kilowatt hours
2018,US,U.S. Total,RES,residential,133893321,12.87,189032.96887,1469093.05894,number of customers,cents per kilowatt-hour,million dollars,million kilowatt hours
2018,US,U.S. Total,TRA,transportation,83,9.7,743.60856,7664.804,number of customers,cents per kilowatt-hour,million dollars,million kilowatt hours
2018,UT,Utah,ALL,all sectors,1230882,8.21,2565.20947,31242.408,number of customers,cents per kilowatt-hour,million dollars,million kilowatt hours
2018,UT,Utah,COM,commercial,130053,8.23,994.35299,12083.83298,number of customers,cents per kilowatt-hour,million dollars,million kilowatt hours
2018,UT,Utah,IND,industrial,9666,5.9,553.9714,9392.70901,number of customers,cents per kilowatt-hour,million dollars,million kilowatt hours
2018,UT,Utah,OTH,other,0,0,0,0,number of customers,cents per kilowatt-hour,million dollars,million kilowatt hours
2018,UT,Utah,RES,residential,1091162,10.41,1011.44569,9714.50701,number of customers,cents per kilowatt-hour,million dollars,million kilowatt hours
2018,UT,Utah,TRA,transportation,1,10.59,5.4394,51.359,number of customers,cents per kilowatt-hour,million dollars,million kilowatt hours
2018,VA,Virginia,ALL,all sectors,3866337,9.48,11204.47465,118166.34802,number of customers,cents per kilowatt-hour,million dollars,million kilowatt hours
2018,VA,Virginia,COM,commercial,431058,8.32,4346.83839,52268.21101,number of customers,cents per kilowatt-hour,million dollars,million kilowatt hours
2018,VA,Virginia,IND,industrial,3704,6.86,1216.72416,17736.93599,number of customers,cents per kilowatt-hour,million dollars,million kilowatt hours
2018,VA,Virginia,OTH,other,0,0,0,0,number of customers,cents per kilowatt-hour,million dollars,million kilowatt hours
2018,VA,Virginia,RES,residential,3431574,11.73,5624.4779,47962.60602,number of customers,cents per kilowatt-hour,million dollars,million kilowatt hours
2018,VA,Virginia,TRA,transportation,1,8.28,16.4342,198.595,number of customers,cents per kilowatt-hour,million dollars,million kilowatt hours
2018,VT,Vermont,ALL,all sectors,372379,15.13,837.03201,5530.94799,number of customers,cents per kilowatt-hour,million dollars,million kilowatt hours
2018,VT,Vermont,COM,commercial,57037,15.24,305.33761,2003.515,number of customers,cents per kilowatt-hour,million dollars,million kilowatt hours
2018,VT,Vermont,IND,industrial,204,10.66,150.3853,1411.38799,number of customers,cents per kilowatt-hour,million dollars,million kilowatt hours
2018,VT,Vermont,OTH,other,0,0,0,0,number of customers,cents per kilowatt-hour,million dollars,million kilowatt hours
2018,VT,Vermont,RES,residential,315138,18.02,381.3091,2116.045,number of customers,cents per kilowatt-hour,million dollars,million kilowatt hours
2018,VT,Vermont,TRA,transportation,0,0,0,0,number of customers,cents per kilowatt-hour,million dollars,million kilowatt hours
2018,WA,Washington,ALL,all sectors,3488524,8,7200.44861,90005.79099,number of customers,cents per kilowatt-hour,million dollars,million kilowatt hours
2018,WA,Washington,COM,commercial,384366,8.72,2562.24401,29396.404,number of customers,cents per kilowatt-hour,million dollars,million kilowatt hours
2018,WA,Washington,IND,industrial,27284,4.71,1191.15361,25263.27199,number of customers,cents per kilowatt-hour,million dollars,million kilowatt hours
2018,WA,Washington,OTH,other,0,0,0,0,number of customers,cents per kilowatt-hour,million dollars,million kilowatt hours
2018,WA,Washington,RES,residential,3076868,9.75,3446.38119,35338.97799,number of customers,cents per kilowatt-hour,million dollars,million kilowatt hours
2018,WA,Washington,TRA,transportation,6,9.38,.6698,7.137,number of customers,cents per kilowatt-hour,million dollars,million kilowatt hours
2018,WI,Wisconsin,ALL,all sectors,3060592,10.58,7508.1955,70959.54899,number of customers,cents per kilowatt-hour,million dollars,million kilowatt hours
2018,WI,Wisconsin,COM,commercial,354557,10.67,2571.40791,24093.42101,number of customers,cents per kilowatt-hour,million dollars,million kilowatt hours
2018,WI,Wisconsin,IND,industrial,5789,7.33,1790.66758,24424.58499,number of customers,cents per kilowatt-hour,million dollars,million kilowatt hours
2018,WI,Wisconsin,OTH,other,0,0,0,0,number of customers,cents per kilowatt-hour,million dollars,million kilowatt hours
2018,WI,Wisconsin,RES,residential,2700245,14.02,3146.0912,22441.335,number of customers,cents per kilowatt-hour,million dollars,million kilowatt hours
2018,WI,Wisconsin,TRA,transportation,1,13.85,.0288,.208,number of customers,cents per kilowatt-hour,million dollars,million kilowatt hours
2018,WNC,West North Central,ALL,all sectors,11076478,9.81,30256.10762,308477.78702,number of customers,cents per kilowatt-hour,million dollars,million kilowatt hours
2018,WNC,West North Central,COM,commercial,1455145,9.79,10223.02627,104456.813,number of customers,cents per kilowatt-hour,million dollars,million kilowatt hours
2018,WNC,West North Central,IND,industrial,124102,7.28,6844.95426,94079.95697,number of customers,cents per kilowatt-hour,million dollars,million kilowatt hours
2018,WNC,West North Central,OTH,other,0,0,0,0,number of customers,cents per kilowatt-hour,million dollars,million kilowatt hours
2018,WNC,West North Central,RES,residential,9497228,12,13183.64389,109891.61005,number of customers,cents per kilowatt-hour,million dollars,million kilowatt hours
2018,WNC,West North Central,TRA,transportation,3,9.07,4.4832,49.407,number of customers,cents per kilowatt-hour,million dollars,million kilowatt hours
2018,WSC,West South Central,ALL,all sectors,18951010,8.27,52339.59522,632782.72398,number of customers,cents per kilowatt-hour,million dollars,million kilowatt hours
2018,WSC,West South Central,COM,commercial,2363259,8.21,16563.94336,201722.957,number of customers,cents per kilowatt-hour,million dollars,million kilowatt hours
2018,WSC,West South Central,IND,industrial,200568,5.4,10702.88462,198149.69599,number of customers,cents per kilowatt-hour,million dollars,million kilowatt hours
2018,WSC,West South Central,OTH,other,0,0,0,0,number of customers,cents per kilowatt-hour,million dollars,million kilowatt hours
2018,WSC,West South Central,RES,residential,16387177,10.77,25056.40544,232709.46299,number of customers,cents per kilowatt-hour,million dollars,million kilowatt hours
2018,WSC,West South Central,TRA,transportation,6,8.16,16.3618,200.608,number of customers,cents per kilowatt-hour,million dollars,million kilowatt hours
2018,WV,West Virginia,ALL,all sectors,1015032,8.72,2932.6456,33646.813,number of customers,cents per kilowatt-hour,million dollars,million kilowatt hours
2018,WV,West Virginia,COM,commercial,144478,9.24,718.5949,7774.429,number of customers,cents per kilowatt-hour,million dollars,million kilowatt hours
2018,WV,West Virginia,IND,industrial,11515,6.4,907.9538,14192.929,number of customers,cents per kilowatt-hour,million dollars,million kilowatt hours
2018,WV,West Virginia,OTH,other,0,0,0,0,number of customers,cents per kilowatt-hour,million dollars,million kilowatt hours
2018,WV,West Virginia,RES,residential,859039,11.18,1306.0969,11679.455,number of customers,cents per kilowatt-hour,million dollars,million kilowatt hours
2018,WV,West Virginia,TRA,transportation,0,0,0,0,number of customers,cents per kilowatt-hour,million dollars,million kilowatt hours
2018,WY,Wyoming,ALL,all sectors,341685,8.09,1364.8025,16864.67799,number of customers,cents per kilowatt-hour,million dollars,million kilowatt hours
2018,WY,Wyoming,COM,commercial,58318,9.58,359.7721,3757.21099,number of customers,cents per kilowatt-hour,million dollars,million kilowatt hours
2018,WY,Wyoming,IND,industrial,10940,6.71,694.8041,10359.111,number of customers,cents per kilowatt-hour,million dollars,million kilowatt hours
2018,WY,Wyoming,OTH,other,0,0,0,0,number of customers,cents per kilowatt-hour,million dollars,million kilowatt hours
2018,WY,Wyoming,RES,residential,272427,11.29,310.22631,2748.356,number of customers,cents per kilowatt-hour,million dollars,million kilowatt hours
2018,WY,Wyoming,TRA,transportation,0,0,0,0,number of customers,cents per kilowatt-hour,million dollars,million kilowatt hours
2017,AK,Alaska,ALL,all sectors,340543,19.1,1181.2887,6185.799,number of customers,cents per kilowatt-hour,million dollars,million kilowatt hours
2017,AK,Alaska,COM,commercial,53472,18.89,510.93197,2704.88999,number of customers,cents per kilowatt-hour,million dollars,million kilowatt hours
2017,AK,Alaska,IND,industrial,1374,16.34,232.1165,1420.56,number of customers,cents per kilowatt-hour,million dollars,million kilowatt hours
2017,AK,Alaska,OTH,other,0,0,0,0,number of customers,cents per kilowatt-hour,million dollars,million kilowatt hours
2017,AK,Alaska,RES,residential,285697,21.27,438.24023,2060.34901,number of customers,cents per kilowatt-hour,million dollars,million kilowatt hours
2017,AK,Alaska,TRA,transportation,0,0,0,0,number of customers,cents per kilowatt-hour,million dollars,million kilowatt hours
2017,AL,Alabama,ALL,all sectors,2591623,9.83,8476.45829,86241.73001,number of customers,cents per kilowatt-hour,million dollars,million kilowatt hours
2017,AL,Alabama,COM,commercial,369984,11.6,2637.50282,22743.81299,number of customers,cents per kilowatt-hour,million dollars,million kilowatt hours
2017,AL,Alabama,IND,industrial,8047,6.16,2052.25701,33316.872,number of customers,cents per kilowatt-hour,million dollars,million kilowatt hours
2017,AL,Alabama,OTH,other,0,0,0,0,number of customers,cents per kilowatt-hour,million dollars,million kilowatt hours
2017,AL,Alabama,RES,residential,2213592,12.55,3786.69847,30181.04502,number of customers,cents per kilowatt-hour,million dollars,million kilowatt hours
2017,AL,Alabama,TRA,transportation,0,0,0,0,number of customers,cents per kilowatt-hour,million dollars,million kilowatt hours
2017,AR,Arkansas,ALL,all sectors,1607633,8.26,3804.77009,46085.95101,number of customers,cents per kilowatt-hour,million dollars,million kilowatt hours
2017,AR,Arkansas,COM,commercial,191879,8.51,1013.94339,11912.51801,number of customers,cents per kilowatt-hour,million dollars,million kilowatt hours
2017,AR,Arkansas,IND,industrial,35595,6.07,1041.1031,17146.265,number of customers,cents per kilowatt-hour,million dollars,million kilowatt hours
2017,AR,Arkansas,OTH,other,0,0,0,0,number of customers,cents per kilowatt-hour,million dollars,million kilowatt hours
2017,AR,Arkansas,RES,residential,1380157,10.28,1749.67589,17026.779,number of customers,cents per kilowatt-hour,million dollars,million kilowatt hours
2017,AR,Arkansas,TRA,transportation,2,12.26,.0477,.389,number of customers,cents per kilowatt-hour,million dollars,million kilowatt hours
2017,AZ,Arizona,ALL,all sectors,3093052,10.64,8259.48272,77646.26201,number of customers,cents per kilowatt-hour,million dollars,million kilowatt hours
2017,AZ,Arizona,COM,commercial,320562,10.5,3115.26861,29681.441,number of customers,cents per kilowatt-hour,million dollars,million kilowatt hours
2017,AZ,Arizona,IND,industrial,8133,6.45,884.2091,13706.04101,number of customers,cents per kilowatt-hour,million dollars,million kilowatt hours
2017,AZ,Arizona,OTH,other,0,0,0,0,number of customers,cents per kilowatt-hour,million dollars,million kilowatt hours
2017,AZ,Arizona,RES,residential,2764355,12.44,4259.2754,34251.22,number of customers,cents per kilowatt-hour,million dollars,million kilowatt hours
2017,AZ,Arizona,TRA,transportation,2,9.65,.7296,7.56,number of customers,cents per kilowatt-hour,million dollars,million kilowatt hours
2017,CA,California,ALL,all sectors,15392135,16.06,41315.23732,257267.93701,number of customers,cents per kilowatt-hour,million dollars,million kilowatt hours
2017,CA,California,COM,commercial,1696071,15.76,18552.24448,117682.38,number of customers,cents per kilowatt-hour,million dollars,million kilowatt hours
2017,CA,California,IND,industrial,147754,12.73,6189.68468,48627.40601,number of customers,cents per kilowatt-hour,million dollars,million kilowatt hours
2017,CA,California,OTH,other,0,0,0,0,number of customers,cents per kilowatt-hour,million dollars,million kilowatt hours
2017,CA,California,RES,residential,13548295,18.31,16500.84818,90123.505,number of customers,cents per kilowatt-hour,million dollars,million kilowatt hours
2017,CA,California,TRA,transportation,15,8.68,72.45998,834.64601,number of customers,cents per kilowatt-hour,million dollars,million kilowatt hours
2017,CO,Colorado,ALL,all sectors,2675278,9.99,5476.21627,54830.186,number of customers,cents per kilowatt-hour,million dollars,million kilowatt hours
2017,CO,Colorado,COM,commercial,370691,9.89,2041.42871,20640.793,number of customers,cents per kilowatt-hour,million dollars,million kilowatt hours
2017,CO,Colorado,IND,industrial,16228,7.5,1163.08698,15501.23802,number of customers,cents per kilowatt-hour,million dollars,million kilowatt hours
2017,CO,Colorado,OTH,other,0,0,0,0,number of customers,cents per kilowatt-hour,million dollars,million kilowatt hours
2017,CO,Colorado,RES,residential,2288358,12.17,2264.55617,18614.99999,number of customers,cents per kilowatt-hour,million dollars,million kilowatt hours
2017,CO,Colorado,TRA,transportation,1,9.77,7.1444,73.155,number of customers,cents per kilowatt-hour,million dollars,million kilowatt hours
2017,CT,Connecticut,ALL,all sectors,1652869,17.55,4937.79828,28135.52999,number of customers,cents per kilowatt-hour,million dollars,million kilowatt hours
2017,CT,Connecticut,COM,commercial,152903,16.06,1981.39842,12335.41399,number of customers,cents per kilowatt-hour,million dollars,million kilowatt hours
2017,CT,Connecticut,IND,industrial,4385,13.1,424.98635,3243.615,number of customers,cents per kilowatt-hour,million dollars,million kilowatt hours
2017,CT,Connecticut,OTH,other,0,0,0,0,number of customers,cents per kilowatt-hour,million dollars,million kilowatt hours
2017,CT,Connecticut,RES,residential,1495577,20.29,2512.03317,12379.52,number of customers,cents per kilowatt-hour,million dollars,million kilowatt hours
2017,CT,Connecticut,TRA,transportation,4,10.95,19.38034,176.981,number of customers,cents per kilowatt-hour,million dollars,million kilowatt hours
2017,DC,District of Columbia,ALL,all sectors,293563,11.8,1287.80063,10916.446,number of customers,cents per kilowatt-hour,million dollars,million kilowatt hours
2017,DC,District of Columbia,COM,commercial,26111,11.66,933.36854,8006.225,number of customers,cents per kilowatt-hour,million dollars,million kilowatt hours
2017,DC,District of Columbia,IND,industrial,1,8.23,14.82566,180.183,number of customers,cents per kilowatt-hour,million dollars,million kilowatt hours
2017,DC,District of Columbia,OTH,other,0,0,0,0,number of customers,cents per kilowatt-hour,million dollars,million kilowatt hours
2017,DC,District of Columbia,RES,residential,267448,12.94,309.76434,2394.652,number of customers,cents per kilowatt-hour,million dollars,million kilowatt hours
2017,DC,District of Columbia,TRA,transportation,3,8.9,29.84209,335.386,number of customers,cents per kilowatt-hour,million dollars,million kilowatt hours
2017,DE,Delaware,ALL,all sectors,481030,10.9,1213.56865,11128.60301,number of customers,cents per kilowatt-hour,million dollars,million kilowatt hours
2017,DE,Delaware,COM,commercial,54105,9.89,413.79361,4184.66801,number of customers,cents per kilowatt-hour,million dollars,million kilowatt hours
2017,DE,Delaware,IND,industrial,854,7.78,177.39011,2281.337,number of customers,cents per kilowatt-hour,million dollars,million kilowatt hours
2017,DE,Delaware,OTH,other,0,0,0,0,number of customers,cents per kilowatt-hour,million dollars,million kilowatt hours
2017,DE,Delaware,RES,residential,426071,13.35,622.38494,4662.598,number of customers,cents per kilowatt-hour,million dollars,million kilowatt hours
2017,DE,Delaware,TRA,transportation,0,0,0,0,number of customers,cents per kilowatt-hour,million dollars,million kilowatt hours
2017,ENC,East North Central,ALL,all sectors,22600220,10.12,56052.83702,553784.31099,number of customers,cents per kilowatt-hour,million dollars,million kilowatt hours
2017,ENC,East North Central,COM,commercial,2485519,10.16,18465.04122,181769.72299,number of customers,cents per kilowatt-hour,million dollars,million kilowatt hours
2017,ENC,East North Central,IND,industrial,54136,7.08,13597.61859,192153.95398,number of customers,cents per kilowatt-hour,million dollars,million kilowatt hours
2017,ENC,East North Central,OTH,other,0,0,0,0,number of customers,cents per kilowatt-hour,million dollars,million kilowatt hours
2017,ENC,East North Central,RES,residential,20060556,13.36,23951.21093,179275.01703,number of customers,cents per kilowatt-hour,million dollars,million kilowatt hours
2017,ENC,East North Central,TRA,transportation,9,6.65,38.96629,585.617,number of customers,cents per kilowatt-hour,million dollars,million kilowatt hours
2017,ESC,East South Central,ALL,all sectors,9738258,9.29,28236.35185,303944.78898,number of customers,cents per kilowatt-hour,million dollars,million kilowatt hours
2017,ESC,East South Central,COM,commercial,1394010,10.6,9546.00821,90019.69599,number of customers,cents per kilowatt-hour,million dollars,million kilowatt hours
2017,ESC,East South Central,IND,industrial,27380,5.93,6057.56467,102124.92199,number of customers,cents per kilowatt-hour,million dollars,million kilowatt hours
2017,ESC,East South Central,OTH,other,0,0,0,0,number of customers,cents per kilowatt-hour,million dollars,million kilowatt hours
2017,ESC,East South Central,RES,residential,8316868,11.3,12632.77898,111800.171,number of customers,cents per kilowatt-hour,million dollars,million kilowatt hours
2017,ESC,East South Central,TRA,transportation,0,0,0,0,number of customers,cents per kilowatt-hour,million dollars,million kilowatt hours
2017,FL,Florida,ALL,all sectors,10529937,10.42,24286.1387,233154.549,number of customers,cents per kilowatt-hour,million dollars,million kilowatt hours
2017,FL,Florida,COM,commercial,1216939,9.35,8881.60132,95003.68099,number of customers,cents per kilowatt-hour,million dollars,million kilowatt hours
2017,FL,Florida,IND,industrial,21289,7.83,1299.3641,16601.94101,number of customers,cents per kilowatt-hour,million dollars,million kilowatt hours
2017,FL,Florida,OTH,other,0,0,0,0,number of customers,cents per kilowatt-hour,million dollars,million kilowatt hours
2017,FL,Florida,RES,residential,9291707,11.61,14097.73028,121462.62201,number of customers,cents per kilowatt-hour,million dollars,million kilowatt hours
2017,FL,Florida,TRA,transportation,2,8.62,7.443,86.305,number of customers,cents per kilowatt-hour,million dollars,million kilowatt hours
2017,GA,Georgia,ALL,all sectors,4892947,9.83,13114.68528,133456.62,number of customers,cents per kilowatt-hour,million dollars,million kilowatt hours
2017,GA,Georgia,COM,commercial,572861,10.09,4667.21128,46265.42699,number of customers,cents per kilowatt-hour,million dollars,million kilowatt hours
2017,GA,Georgia,IND,industrial,23108,5.96,1921.63211,32250.691,number of customers,cents per kilowatt-hour,million dollars,million kilowatt hours
2017,GA,Georgia,OTH,other,0,0,0,0,number of customers,cents per kilowatt-hour,million dollars,million kilowatt hours
2017,GA,Georgia,RES,residential,4296977,11.9,6516.80589,54771.44901,number of customers,cents per kilowatt-hour,million dollars,million kilowatt hours
2017,GA,Georgia,TRA,transportation,1,5.35,9.036,169.053,number of customers,cents per kilowatt-hour,million dollars,million kilowatt hours
2017,HI,Hawaii,ALL,all sectors,494970,26.05,2428.989,9324.20101,number of customers,cents per kilowatt-hour,million dollars,million kilowatt hours
2017,HI,Hawaii,COM,commercial,61236,26.77,825.0615,3081.632,number of customers,cents per kilowatt-hour,million dollars,million kilowatt hours
2017,HI,Hawaii,IND,industrial,782,22.92,828.0743,3612.89,number of customers,cents per kilowatt-hour,million dollars,million kilowatt hours
2017,HI,Hawaii,OTH,other,0,0,0,0,number of customers,cents per kilowatt-hour,million dollars,million kilowatt hours
2017,HI,Hawaii,RES,residential,432952,29.5,775.8532,2629.67901,number of customers,cents per kilowatt-hour,million dollars,million kilowatt hours
2017,HI,Hawaii,TRA,transportation,0,0,0,0,number of customers,cents per kilowatt-hour,million dollars,million kilowatt hours
2017,IA,Iowa,ALL,all sectors,1621288,8.73,4272.97244,48921.99695,number of customers,cents per kilowatt-hour,million dollars,million kilowatt hours
2017,IA,Iowa,COM,commercial,237942,9.46,1148.43501,12135.02598,number of customers,cents per kilowatt-hour,million dollars,million kilowatt hours
2017,IA,Iowa,IND,industrial,7747,6.21,1431.70572,23065.10198,number of customers,cents per kilowatt-hour,million dollars,million kilowatt hours
2017,IA,Iowa,OTH,other,0,0,0,0,number of customers,cents per kilowatt-hour,million dollars,million kilowatt hours
2017,IA,Iowa,RES,residential,1375599,12.34,1692.83171,13721.86899,number of customers,cents per kilowatt-hour,million dollars,million kilowatt hours
2017,IA,Iowa,TRA,transportation,0,0,0,0,number of customers,cents per kilowatt-hour,million dollars,million kilowatt hours
2017,ID,Idaho,ALL,all sectors,864671,8.26,1964.82461,23793.78999,number of customers,cents per kilowatt-hour,million dollars,million kilowatt hours
2017,ID,Idaho,COM,commercial,108965,7.98,512.66349,6421.00099,number of customers,cents per kilowatt-hour,million dollars,million kilowatt hours
2017,ID,Idaho,IND,industrial,28138,6.66,575.79672,8644.888,number of customers,cents per kilowatt-hour,million dollars,million kilowatt hours
2017,ID,Idaho,OTH,other,0,0,0,0,number of customers,cents per kilowatt-hour,million dollars,million kilowatt hours
2017,ID,Idaho,RES,residential,727568,10.04,876.3644,8727.901,number of customers,cents per kilowatt-hour,million dollars,million kilowatt hours
2017,ID,Idaho,TRA,transportation,0,0,0,0,number of customers,cents per kilowatt-hour,million dollars,million kilowatt hours
2017,IL,Illinois,ALL,all sectors,5881699,9.49,13019.74783,137196.31001,number of customers,cents per kilowatt-hour,million dollars,million kilowatt hours
2017,IL,Illinois,COM,commercial,611670,9.09,4542.60799,49987.885,number of customers,cents per kilowatt-hour,million dollars,million kilowatt hours
2017,IL,Illinois,IND,industrial,5693,6.47,2782.18529,42970.694,number of customers,cents per kilowatt-hour,million dollars,million kilowatt hours
2017,IL,Illinois,OTH,other,0,0,0,0,number of customers,cents per kilowatt-hour,million dollars,million kilowatt hours
2017,IL,Illinois,RES,residential,5264333,12.95,5661.90403,43717.39101,number of customers,cents per kilowatt-hour,million dollars,million kilowatt hours
2017,IL,Illinois,TRA,transportation,3,6.35,33.05053,520.34,number of customers,cents per kilowatt-hour,million dollars,million kilowatt hours
2017,IN,Indiana,ALL,all sectors,3204023,9.77,9673.17092,98965.968,number of customers,cents per kilowatt-hour,million dollars,million kilowatt hours
2017,IN,Indiana,COM,commercial,352015,10.54,2494.59247,23656.98998,number of customers,cents per kilowatt-hour,million dollars,million kilowatt hours
2017,IN,Indiana,IND,industrial,17917,7.54,3298.04853,43737.384,number of customers,cents per kilowatt-hour,million dollars,million kilowatt hours
2017,IN,Indiana,OTH,other,0,0,0,0,number of customers,cents per kilowatt-hour,million dollars,million kilowatt hours
2017,IN,Indiana,RES,residential,2834090,12.29,3878.28063,31551.55801,number of customers,cents per kilowatt-hour,million dollars,million kilowatt hours
2017,IN,Indiana,TRA,transportation,1,11.23,2.2493,20.036,number of customers,cents per kilowatt-hour,million dollars,million kilowatt hours
2017,KS,Kansas,ALL,all sectors,1515626,10.6,4270.10759,40287.78698,number of customers,cents per kilowatt-hour,million dollars,million kilowatt hours
2017,KS,Kansas,COM,commercial,232078,10.59,1667.40411,15739.29,number of customers,cents per kilowatt-hour,million dollars,million kilowatt hours
2017,KS,Kansas,IND,industrial,24322,7.54,870.243,11535.075,number of customers,cents per kilowatt-hour,million dollars,million kilowatt hours
2017,KS,Kansas,OTH,other,0,0,0,0,number of customers,cents per kilowatt-hour,million dollars,million kilowatt hours
2017,KS,Kansas,RES,residential,1259226,13.31,1732.46048,13013.42199,number of customers,cents per kilowatt-hour,million dollars,million kilowatt hours
2017,KS,Kansas,TRA,transportation,0,0,0,0,number of customers,cents per kilowatt-hour,million dollars,million kilowatt hours
2017,KY,Kentucky,ALL,all sectors,2282469,8.57,6226.85043,72634.38698,number of customers,cents per kilowatt-hour,million dollars,million kilowatt hours
2017,KY,Kentucky,COM,commercial,304457,9.85,1900.4213,19292.51801,number of customers,cents per kilowatt-hour,million dollars,million kilowatt hours
2017,KY,Kentucky,IND,industrial,7010,5.72,1626.51142,28459.28699,number of customers,cents per kilowatt-hour,million dollars,million kilowatt hours
2017,KY,Kentucky,OTH,other,0,0,0,0,number of customers,cents per kilowatt-hour,million dollars,million kilowatt hours
2017,KY,Kentucky,RES,residential,1971002,10.85,2699.91771,24882.58198,number of customers,cents per kilowatt-hour,million dollars,million kilowatt hours
2017,KY,Kentucky,TRA,transportation,0,0,0,0,number of customers,cents per kilowatt-hour,million dollars,million kilowatt hours
2017,LA,Louisiana,ALL,all sectors,2384631,7.79,7104.64724,91205.935,number of customers,cents per kilowatt-hour,million dollars,million kilowatt hours
2017,LA,Louisiana,COM,commercial,291404,8.95,2192.50192,24500.34901,number of customers,cents per kilowatt-hour,million dollars,million kilowatt hours
2017,LA,Louisiana,IND,industrial,19611,5.48,2035.90282,37160.68499,number of customers,cents per kilowatt-hour,million dollars,million kilowatt hours
2017,LA,Louisiana,OTH,other,0,0,0,0,number of customers,cents per kilowatt-hour,million dollars,million kilowatt hours
2017,LA,Louisiana,RES,residential,2073615,9.74,2874.957,29531.96,number of customers,cents per kilowatt-hour,million dollars,million kilowatt hours
2017,LA,Louisiana,TRA,transportation,1,9.93,1.2855,12.941,number of customers,cents per kilowatt-hour,million dollars,million kilowatt hours
2017,MA,Massachusetts,ALL,all sectors,3186229,17.12,8991.05285,52513.32101,number of customers,cents per kilowatt-hour,million dollars,million kilowatt hours
2017,MA,Massachusetts,COM,commercial,409715,15.93,4138.00362,25968.04401,number of customers,cents per kilowatt-hour,million dollars,million kilowatt hours
2017,MA,Massachusetts,IND,industrial,10358,13.88,952.29468,6859.215,number of customers,cents per kilowatt-hour,million dollars,million kilowatt hours
2017,MA,Massachusetts,OTH,other,0,0,0,0,number of customers,cents per kilowatt-hour,million dollars,million kilowatt hours
2017,MA,Massachusetts,RES,residential,2766154,20.06,3879.09554,19337.799,number of customers,cents per kilowatt-hour,million dollars,million kilowatt hours
2017,MA,Massachusetts,TRA,transportation,2,6.22,21.65902,348.263,number of customers,cents per kilowatt-hour,million dollars,million kilowatt hours
2017,MAT,Middle Atlantic,ALL,all sectors,18384455,12.63,45624.42105,361366.269,number of customers,cents per kilowatt-hour,million dollars,million kilowatt hours
2017,MAT,Middle Atlantic,COM,commercial,2305746,12.57,19600.75233,155927.454,number of customers,cents per kilowatt-hour,million dollars,million kilowatt hours
2017,MAT,Middle Atlantic,IND,industrial,41496,6.9,5039.91139,73043.584,number of customers,cents per kilowatt-hour,million dollars,million kilowatt hours
2017,MAT,Middle Atlantic,OTH,other,0,0,0,0,number of customers,cents per kilowatt-hour,million dollars,million kilowatt hours
2017,MAT,Middle Atlantic,RES,residential,16037193,15.99,20552.27346,128567.134,number of customers,cents per kilowatt-hour,million dollars,million kilowatt hours
2017,MAT,Middle Atlantic,TRA,transportation,20,11.27,431.48388,3828.097,number of customers,cents per kilowatt-hour,million dollars,million kilowatt hours
2017,MD,Maryland,ALL,all sectors,2574914,11.98,7106.14938,59303.885,number of customers,cents per kilowatt-hour,million dollars,million kilowatt hours
2017,MD,Maryland,COM,commercial,252966,10.75,3106.55927,28893.046,number of customers,cents per kilowatt-hour,million dollars,million kilowatt hours
2017,MD,Maryland,IND,industrial,8754,8.37,317.89338,3797.822,number of customers,cents per kilowatt-hour,million dollars,million kilowatt hours
2017,MD,Maryland,OTH,other,0,0,0,0,number of customers,cents per kilowatt-hour,million dollars,million kilowatt hours
2017,MD,Maryland,RES,residential,2313189,13.96,3640.76474,26084.176,number of customers,cents per kilowatt-hour,million dollars,million kilowatt hours
2017,MD,Maryland,TRA,transportation,5,7.74,40.93198,528.841,number of customers,cents per kilowatt-hour,million dollars,million kilowatt hours
2017,ME,Maine,ALL,all sectors,810223,13.02,1459.88361,11213.674,number of customers,cents per kilowatt-hour,million dollars,million kilowatt hours
2017,ME,Maine,COM,commercial,99331,12.12,474.53053,3916.786,number of customers,cents per kilowatt-hour,million dollars,million kilowatt hours
2017,ME,Maine,IND,industrial,3100,9.2,244.67615,2658.353,number of customers,cents per kilowatt-hour,million dollars,million kilowatt hours
2017,ME,Maine,OTH,other,0,0,0,0,number of customers,cents per kilowatt-hour,million dollars,million kilowatt hours
2017,ME,Maine,RES,residential,707792,15.97,740.67694,4638.535,number of customers,cents per kilowatt-hour,million dollars,million kilowatt hours
2017,ME,Maine,TRA,transportation,0,0,0,0,number of customers,cents per kilowatt-hour,million dollars,million kilowatt hours
2017,MI,Michigan,ALL,all sectors,4893478,11.28,11496.4861,101899.09299,number of customers,cents per kilowatt-hour,million dollars,million kilowatt hours
2017,MI,Michigan,COM,commercial,542959,11,4217.01839,38325.32199,number of customers,cents per kilowatt-hour,million dollars,million kilowatt hours
2017,MI,Michigan,IND,industrial,6196,7.19,2200.75808,30590.574,number of customers,cents per kilowatt-hour,million dollars,million kilowatt hours
2017,MI,Michigan,OTH,other,0,0,0,0,number of customers,cents per kilowatt-hour,million dollars,million kilowatt hours
2017,MI,Michigan,RES,residential,4344321,15.4,5078.01143,32977.374,number of customers,cents per kilowatt-hour,million dollars,million kilowatt hours
2017,MI,Michigan,TRA,transportation,2,11.99,.6982,5.823,number of customers,cents per kilowatt-hour,million dollars,million kilowatt hours
2017,MN,Minnesota,ALL,all sectors,2705012,10.27,6897.62223,67152.57997,number of customers,cents per kilowatt-hour,million dollars,million kilowatt hours
2017,MN,Minnesota,COM,commercial,292859,10.48,2438.7738,23273.89696,number of customers,cents per kilowatt-hour,million dollars,million kilowatt hours
2017,MN,Minnesota,IND,industrial,8984,7.37,1642.58781,22280.91699,number of customers,cents per kilowatt-hour,million dollars,million kilowatt hours
2017,MN,Minnesota,OTH,other,0,0,0,0,number of customers,cents per kilowatt-hour,million dollars,million kilowatt hours
2017,MN,Minnesota,RES,residential,2403168,13.04,2813.96933,21573.80001,number of customers,cents per kilowatt-hour,million dollars,million kilowatt hours
2017,MN,Minnesota,TRA,transportation,1,9.56,2.2913,23.966,number of customers,cents per kilowatt-hour,million dollars,million kilowatt hours
2017,MO,Missouri,ALL,all sectors,3160950,10.03,7672.17152,76461.41902,number of customers,cents per kilowatt-hour,million dollars,million kilowatt hours
2017,MO,Missouri,COM,commercial,381634,9.47,2858.21907,30176.97402,number of customers,cents per kilowatt-hour,million dollars,million kilowatt hours
2017,MO,Missouri,IND,industrial,8191,7.33,968.06053,13210.52502,number of customers,cents per kilowatt-hour,million dollars,million kilowatt hours
2017,MO,Missouri,OTH,other,0,0,0,0,number of customers,cents per kilowatt-hour,million dollars,million kilowatt hours
2017,MO,Missouri,RES,residential,2771123,11.63,3843.96793,33051.07999,number of customers,cents per kilowatt-hour,million dollars,million kilowatt hours
2017,MO,Missouri,TRA,transportation,2,8.42,1.924,22.84,number of customers,cents per kilowatt-hour,million dollars,million kilowatt hours
2017,MS,Mississippi,ALL,all sectors,1530979,9.09,4348.0251,47828.787,number of customers,cents per kilowatt-hour,million dollars,million kilowatt hours
2017,MS,Mississippi,COM,commercial,235245,10.17,1449.4021,14256.15699,number of customers,cents per kilowatt-hour,million dollars,million kilowatt hours
2017,MS,Mississippi,IND,industrial,11156,5.99,965.96631,16128.614,number of customers,cents per kilowatt-hour,million dollars,million kilowatt hours
2017,MS,Mississippi,OTH,other,0,0,0,0,number of customers,cents per kilowatt-hour,million dollars,million kilowatt hours
2017,MS,Mississippi,RES,residential,1284578,11.08,1932.6567,17444.01601,number of customers,cents per kilowatt-hour,million dollars,million kilowatt hours
2017,MS,Mississippi,TRA,transportation,0,0,0,0,number of customers,cents per kilowatt-hour,million dollars,million kilowatt hours
2017,MT,Montana,ALL,all sectors,620353,8.92,1312.20916,14709.65602,number of customers,cents per kilowatt-hour,million dollars,million kilowatt hours
2017,MT,Montana,COM,commercial,107147,10.12,502.97029,4970.119,number of customers,cents per kilowatt-hour,million dollars,million kilowatt hours
2017,MT,Montana,IND,industrial,9893,5.25,236.95203,4514.949,number of customers,cents per kilowatt-hour,million dollars,million kilowatt hours
2017,MT,Montana,OTH,other,0,0,0,0,number of customers,cents per kilowatt-hour,million dollars,million kilowatt hours
2017,MT,Montana,RES,residential,503313,10.95,572.28684,5224.58802,number of customers,cents per kilowatt-hour,million dollars,million kilowatt hours
2017,MT,Montana,TRA,transportation,0,0,0,0,number of customers,cents per kilowatt-hour,million dollars,million kilowatt hours
2017,MTN,Mountain,ALL,all sectors,11256217,9.51,26452.27321,278014.35202,number of customers,cents per kilowatt-hour,million dollars,million kilowatt hours
2017,MTN,Mountain,COM,commercial,1399023,9.61,9333.05256,97121.62799,number of customers,cents per kilowatt-hour,million dollars,million kilowatt hours
2017,MTN,Mountain,IND,industrial,95759,6.55,5387.99104,82211.37602,number of customers,cents per kilowatt-hour,million dollars,million kilowatt hours
2017,MTN,Mountain,OTH,other,0,0,0,0,number of customers,cents per kilowatt-hour,million dollars,million kilowatt hours
2017,MTN,Mountain,RES,residential,9761430,11.89,11716.85592,98535.86101,number of customers,cents per kilowatt-hour,million dollars,million kilowatt hours
2017,MTN,Mountain,TRA,transportation,5,9.88,14.3737,145.487,number of customers,cents per kilowatt-hour,million dollars,million kilowatt hours
2017,NC,North Carolina,ALL,all sectors,5179052,9.04,11880.97128,131421.31898,number of customers,cents per kilowatt-hour,million dollars,million kilowatt hours
2017,NC,North Carolina,COM,commercial,680967,8.44,4042.91758,47890.45498,number of customers,cents per kilowatt-hour,million dollars,million kilowatt hours
2017,NC,North Carolina,IND,industrial,10045,6.2,1699.3471,27393.36399,number of customers,cents per kilowatt-hour,million dollars,million kilowatt hours
2017,NC,North Carolina,OTH,other,0,0,0,0,number of customers,cents per kilowatt-hour,million dollars,million kilowatt hours
2017,NC,North Carolina,RES,residential,4488039,10.94,6138.4039,56133.96001,number of customers,cents per kilowatt-hour,million dollars,million kilowatt hours
2017,NC,North Carolina,TRA,transportation,1,8.55,.3027,3.54,number of customers,cents per kilowatt-hour,million dollars,million kilowatt hours
2017,ND,North Dakota,ALL,all sectors,463336,8.78,1767.92281,20140.42599,number of customers,cents per kilowatt-hour,million dollars,million kilowatt hours
2017,ND,North Dakota,COM,commercial,74527,9.19,600.2388,6529.90999,number of customers,cents per kilowatt-hour,million dollars,million kilowatt hours
2017,ND,North Dakota,IND,industrial,8708,7.63,668.78201,8762.211,number of customers,cents per kilowatt-hour,million dollars,million kilowatt hours
2017,ND,North Dakota,OTH,other,0,0,0,0,number of customers,cents per kilowatt-hour,million dollars,million kilowatt hours
2017,ND,North Dakota,RES,residential,380101,10.29,498.90201,4848.305,number of customers,cents per kilowatt-hour,million dollars,million kilowatt hours
2017,ND,North Dakota,TRA,transportation,0,0,0,0,number of customers,cents per kilowatt-hour,million dollars,million kilowatt hours
2017,NE,Nebraska,ALL,all sectors,1055516,9.08,2755.77005,30359.00702,number of customers,cents per kilowatt-hour,million dollars,million kilowatt hours
2017,NE,Nebraska,COM,commercial,151485,8.85,822.11832,9293.40101,number of customers,cents per kilowatt-hour,million dollars,million kilowatt hours
2017,NE,Nebraska,IND,industrial,62066,7.66,873.21569,11397.61601,number of customers,cents per kilowatt-hour,million dollars,million kilowatt hours
2017,NE,Nebraska,OTH,other,0,0,0,0,number of customers,cents per kilowatt-hour,million dollars,million kilowatt hours
2017,NE,Nebraska,RES,residential,841965,10.97,1060.43604,9667.99,number of customers,cents per kilowatt-hour,million dollars,million kilowatt hours
2017,NE,Nebraska,TRA,transportation,0,0,0,0,number of customers,cents per kilowatt-hour,million dollars,million kilowatt hours
2017,NEW,New England,ALL,all sectors,7246934,16.58,19137.61869,115458.11898,number of customers,cents per kilowatt-hour,million dollars,million kilowatt hours
2017,NEW,New England,COM,commercial,885220,15.48,8080.25671,52189.76098,number of customers,cents per kilowatt-hour,million dollars,million kilowatt hours
2017,NEW,New England,IND,industrial,23034,12.54,2114.43641,16866.52,number of customers,cents per kilowatt-hour,million dollars,million kilowatt hours
2017,NEW,New England,OTH,other,0,0,0,0,number of customers,cents per kilowatt-hour,million dollars,million kilowatt hours
2017,NEW,New England,RES,residential,6338673,19.41,8897.17904,45849.042,number of customers,cents per kilowatt-hour,million dollars,million kilowatt hours
2017,NEW,New England,TRA,transportation,7,8.28,45.74653,552.796,number of customers,cents per kilowatt-hour,million dollars,million kilowatt hours
2017,NH,New Hampshire,ALL,all sectors,729012,16.17,1744.27219,10787.26099,number of customers,cents per kilowatt-hour,million dollars,million kilowatt hours
2017,NH,New Hampshire,COM,commercial,107436,14.81,649.94434,4389.83799,number of customers,cents per kilowatt-hour,million dollars,million kilowatt hours
2017,NH,New Hampshire,IND,industrial,3220,12.34,241.34725,1955.926,number of customers,cents per kilowatt-hour,million dollars,million kilowatt hours
2017,NH,New Hampshire,OTH,other,0,0,0,0,number of customers,cents per kilowatt-hour,million dollars,million kilowatt hours
2017,NH,New Hampshire,RES,residential,618356,19.2,852.98059,4441.497,number of customers,cents per kilowatt-hour,million dollars,million kilowatt hours
2017,NH,New Hampshire,TRA,transportation,0,0,0,0,number of customers,cents per kilowatt-hour,million dollars,million kilowatt hours
2017,NJ,New Jersey,ALL,all sectors,4065270,13.32,9777.07239,73382.94,number of customers,cents per kilowatt-hour,million dollars,million kilowatt hours
2017,NJ,New Jersey,COM,commercial,517404,12.28,4663.0768,37971.40401,number of customers,cents per kilowatt-hour,million dollars,million kilowatt hours
2017,NJ,New Jersey,IND,industrial,11773,10.12,742.87392,7343.012,number of customers,cents per kilowatt-hour,million dollars,million kilowatt hours
2017,NJ,New Jersey,OTH,other,0,0,0,0,number of customers,cents per kilowatt-hour,million dollars,million kilowatt hours
2017,NJ,New Jersey,RES,residential,3536087,15.65,4344.0943,27761.87899,number of customers,cents per kilowatt-hour,million dollars,million kilowatt hours
2017,NJ,New Jersey,TRA,transportation,6,8.81,27.02737,306.645,number of customers,cents per kilowatt-hour,million dollars,million kilowatt hours
2017,NM,New Mexico,ALL,all sectors,1033588,9.59,2207.6894,23009.58399,number of customers,cents per kilowatt-hour,million dollars,million kilowatt hours
2017,NM,New Mexico,COM,commercial,143326,10.19,895.32049,8784.312,number of customers,cents per kilowatt-hour,million dollars,million kilowatt hours
2017,NM,New Mexico,IND,industrial,9395,6.15,475.5968,7728.065,number of customers,cents per kilowatt-hour,million dollars,million kilowatt hours
2017,NM,New Mexico,OTH,other,0,0,0,0,number of customers,cents per kilowatt-hour,million dollars,million kilowatt hours
2017,NM,New Mexico,RES,residential,880867,12.88,836.7721,6497.20699,number of customers,cents per kilowatt-hour,million dollars,million kilowatt hours
2017,NM,New Mexico,TRA,transportation,0,0,0,0,number of customers,cents per kilowatt-hour,million dollars,million kilowatt hours
2017,NV,Nevada,ALL,all sectors,1429905,8.76,3211.68166,36657.786,number of customers,cents per kilowatt-hour,million dollars,million kilowatt hours
2017,NV,Nevada,COM,commercial,163356,7.96,885.74685,11122.75501,number of customers,cents per kilowatt-hour,million dollars,million kilowatt hours
2017,NV,Nevada,IND,industrial,3447,6.15,774.68921,12589.54899,number of customers,cents per kilowatt-hour,million dollars,million kilowatt hours
2017,NV,Nevada,OTH,other,0,0,0,0,number of customers,cents per kilowatt-hour,million dollars,million kilowatt hours
2017,NV,Nevada,RES,residential,1263101,11.99,1550.49759,12936.791,number of customers,cents per kilowatt-hour,million dollars,million kilowatt hours
2017,NV,Nevada,TRA,transportation,1,8.61,.748,8.691,number of customers,cents per kilowatt-hour,million dollars,million kilowatt hours
2017,NY,New York,ALL,all sectors,8241307,14.74,21366.15204,144992.43302,number of customers,cents per kilowatt-hour,million dollars,million kilowatt hours
2017,NY,New York,COM,commercial,1089889,14.75,11111.27652,75333.48501,number of customers,cents per kilowatt-hour,million dollars,million kilowatt hours
2017,NY,New York,IND,industrial,6997,5.92,1055.29661,17811.455,number of customers,cents per kilowatt-hour,million dollars,million kilowatt hours
2017,NY,New York,OTH,other,0,0,0,0,number of customers,cents per kilowatt-hour,million dollars,million kilowatt hours
2017,NY,New York,RES,residential,7144413,18.03,8849.14633,49080.75702,number of customers,cents per kilowatt-hour,million dollars,million kilowatt hours
2017,NY,New York,TRA,transportation,8,12.67,350.43258,2766.736,number of customers,cents per kilowatt-hour,million dollars,million kilowatt hours
2017,OH,Ohio,ALL,all sectors,5582305,9.84,14433.07524,146643.83102,number of customers,cents per kilowatt-hour,million dollars,million kilowatt hours
2017,OH,Ohio,COM,commercial,627168,10.05,4639.98866,46158.39903,number of customers,cents per kilowatt-hour,million dollars,million kilowatt hours
2017,OH,Ohio,IND,industrial,18664,6.92,3503.10398,50650.67098,number of customers,cents per kilowatt-hour,million dollars,million kilowatt hours
2017,OH,Ohio,OTH,other,0,0,0,0,number of customers,cents per kilowatt-hour,million dollars,million kilowatt hours
2017,OH,Ohio,RES,residential,4936471,12.63,6287.04254,49795.54001,number of customers,cents per kilowatt-hour,million dollars,million kilowatt hours
2017,OH,Ohio,TRA,transportation,2,7.5,2.94007,39.221,number of customers,cents per kilowatt-hour,million dollars,million kilowatt hours
2017,OK,Oklahoma,ALL,all sectors,2051083,8.2,4962.91013,60492.12799,number of customers,cents per kilowatt-hour,million dollars,million kilowatt hours
2017,OK,Oklahoma,COM,commercial,281267,8.11,1661.84693,20498.85999,number of customers,cents per kilowatt-hour,million dollars,million kilowatt hours
2017,OK,Oklahoma,IND,industrial,18782,5.42,984.0803,18155.672,number of customers,cents per kilowatt-hour,million dollars,million kilowatt hours
2017,OK,Oklahoma,OTH,other,0,0,0,0,number of customers,cents per kilowatt-hour,million dollars,million kilowatt hours
2017,OK,Oklahoma,RES,residential,1751034,10.61,2316.9829,21837.596,number of customers,cents per kilowatt-hour,million dollars,million kilowatt hours
2017,OK,Oklahoma,TRA,transportation,0,0,0,0,number of customers,cents per kilowatt-hour,million dollars,million kilowatt hours
2017,OR,Oregon,ALL,all sectors,1984092,8.81,4409.22805,50043.81603,number of customers,cents per kilowatt-hour,million dollars,million kilowatt hours
2017,OR,Oregon,COM,commercial,233823,8.86,1467.50096,16570.75401,number of customers,cents per kilowatt-hour,million dollars,million kilowatt hours
2017,OR,Oregon,IND,industrial,24383,5.98,800.8559,13381.811,number of customers,cents per kilowatt-hour,million dollars,million kilowatt hours
2017,OR,Oregon,OTH,other,0,0,0,0,number of customers,cents per kilowatt-hour,million dollars,million kilowatt hours
2017,OR,Oregon,RES,residential,1725884,10.66,2138.5047,20065.93001,number of customers,cents per kilowatt-hour,million dollars,million kilowatt hours
2017,OR,Oregon,TRA,transportation,2,9.35,2.36649,25.321,number of customers,cents per kilowatt-hour,million dollars,million kilowatt hours
2017,PA,Pennsylvania,ALL,all sectors,6077878,10.13,14481.19662,142990.89598,number of customers,cents per kilowatt-hour,million dollars,million kilowatt hours
2017,PA,Pennsylvania,COM,commercial,698453,8.98,3826.399,42622.56499,number of customers,cents per kilowatt-hour,million dollars,million kilowatt hours
2017,PA,Pennsylvania,IND,industrial,22726,6.77,3241.74086,47889.117,number of customers,cents per kilowatt-hour,million dollars,million kilowatt hours
2017,PA,Pennsylvania,OTH,other,0,0,0,0,number of customers,cents per kilowatt-hour,million dollars,million kilowatt hours
2017,PA,Pennsylvania,RES,residential,5356693,14.23,7359.03284,51724.49799,number of customers,cents per kilowatt-hour,million dollars,million kilowatt hours
2017,PA,Pennsylvania,TRA,transportation,6,7.16,54.02392,754.716,number of customers,cents per kilowatt-hour,million dollars,million kilowatt hours
2017,PACC,Pacific Contiguous,ALL,all sectors,20822760,13.28,53023.00925,399259.92504,number of customers,cents per kilowatt-hour,million dollars,million kilowatt hours
2017,PACC,Pacific Contiguous,COM,commercial,2310922,13.76,22573.03418,164052.63902,number of customers,cents per kilowatt-hour,million dollars,million kilowatt hours
2017,PACC,Pacific Contiguous,IND,industrial,199962,9.36,8134.52259,86867.82101,number of customers,cents per kilowatt-hour,million dollars,million kilowatt hours
2017,PACC,Pacific Contiguous,OTH,other,0,0,0,0,number of customers,cents per kilowatt-hour,million dollars,million kilowatt hours
2017,PACC,Pacific Contiguous,RES,residential,18311853,15.08,22239.96831,147472.33601,number of customers,cents per kilowatt-hour,million dollars,million kilowatt hours
2017,PACC,Pacific Contiguous,TRA,transportation,23,8.71,75.48417,867.12901,number of customers,cents per kilowatt-hour,million dollars,million kilowatt hours
2017,PACN,Pacific Noncontiguous,ALL,all sectors,835513,23.28,3610.27771,15510.00001,number of customers,cents per kilowatt-hour,million dollars,million kilowatt hours
2017,PACN,Pacific Noncontiguous,COM,commercial,114708,23.09,1335.99348,5786.52199,number of customers,cents per kilowatt-hour,million dollars,million kilowatt hours
2017,PACN,Pacific Noncontiguous,IND,industrial,2156,21.06,1060.1908,5033.45,number of customers,cents per kilowatt-hour,million dollars,million kilowatt hours
2017,PACN,Pacific Noncontiguous,OTH,other,0,0,0,0,number of customers,cents per kilowatt-hour,million dollars,million kilowatt hours
2017,PACN,Pacific Noncontiguous,RES,residential,718649,25.89,1214.09343,4690.02802,number of customers,cents per kilowatt-hour,million dollars,million kilowatt hours
2017,PACN,Pacific Noncontiguous,TRA,transportation,0,0,0,0,number of customers,cents per kilowatt-hour,million dollars,million kilowatt hours
2017,RI,Rhode Island,ALL,all sectors,498356,16.42,1212.71608,7384.671,number of customers,cents per kilowatt-hour,million dollars,million kilowatt hours
2017,RI,Rhode Island,COM,commercial,59447,15.2,547.54901,3603.085,number of customers,cents per kilowatt-hour,million dollars,million kilowatt hours
2017,RI,Rhode Island,IND,industrial,1784,14.57,105.7081,725.767,number of customers,cents per kilowatt-hour,million dollars,million kilowatt hours
2017,RI,Rhode Island,OTH,other,0,0,0,0,number of customers,cents per kilowatt-hour,million dollars,million kilowatt hours
2017,RI,Rhode Island,RES,residential,437124,18.32,554.7518,3028.267,number of customers,cents per kilowatt-hour,million dollars,million kilowatt hours
2017,RI,Rhode Island,TRA,transportation,1,17.08,4.70717,27.552,number of customers,cents per kilowatt-hour,million dollars,million kilowatt hours
2017,SAT,South Atlantic,ALL,all sectors,31419372,9.96,79761.26533,800716.93001,number of customers,cents per kilowatt-hour,million dollars,million kilowatt hours
2017,SAT,South Atlantic,COM,commercial,3743229,9.39,29092.29852,309751.53897,number of customers,cents per kilowatt-hour,million dollars,million kilowatt hours
2017,SAT,South Atlantic,IND,industrial,83651,6.5,9128.27775,140373.988,number of customers,cents per kilowatt-hour,million dollars,million kilowatt hours
2017,SAT,South Atlantic,OTH,other,0,0,0,0,number of customers,cents per kilowatt-hour,million dollars,million kilowatt hours
2017,SAT,South Atlantic,RES,residential,27592479,11.86,41438.70258,349290.33104,number of customers,cents per kilowatt-hour,million dollars,million kilowatt hours
2017,SAT,South Atlantic,TRA,transportation,13,7.84,101.98647,1301.072,number of customers,cents per kilowatt-hour,million dollars,million kilowatt hours
2017,SC,South Carolina,ALL,all sectors,2629010,9.97,7782.58642,78096.757,number of customers,cents per kilowatt-hour,million dollars,million kilowatt hours
2017,SC,South Carolina,COM,commercial,373073,10.57,2300.87781,21758.08201,number of customers,cents per kilowatt-hour,million dollars,million kilowatt hours
2017,SC,South Carolina,IND,industrial,4379,6.19,1677.44782,27113.704,number of customers,cents per kilowatt-hour,million dollars,million kilowatt hours
2017,SC,South Carolina,OTH,other,0,0,0,0,number of customers,cents per kilowatt-hour,million dollars,million kilowatt hours
2017,SC,South Carolina,RES,residential,2251558,13.02,3804.26079,29224.97099,number of customers,cents per kilowatt-hour,million dollars,million kilowatt hours
2017,SC,South Carolina,TRA,transportation,0,0,0,0,number of customers,cents per kilowatt-hour,million dollars,million kilowatt hours
2017,SD,South Dakota,ALL,all sectors,471719,10.05,1237.57012,12313.67503,number of customers,cents per kilowatt-hour,million dollars,million kilowatt hours
2017,SD,South Dakota,COM,commercial,71263,9.74,459.76232,4722.66602,number of customers,cents per kilowatt-hour,million dollars,million kilowatt hours
2017,SD,South Dakota,IND,industrial,3892,7.84,230.25369,2938.11901,number of customers,cents per kilowatt-hour,million dollars,million kilowatt hours
2017,SD,South Dakota,OTH,other,0,0,0,0,number of customers,cents per kilowatt-hour,million dollars,million kilowatt hours
2017,SD,South Dakota,RES,residential,396564,11.77,547.55411,4652.89,number of customers,cents per kilowatt-hour,million dollars,million kilowatt hours
2017,SD,South Dakota,TRA,transportation,0,0,0,0,number of customers,cents per kilowatt-hour,million dollars,million kilowatt hours
2017,TN,Tennessee,ALL,all sectors,3333187,9.45,9185.01803,97239.88499,number of customers,cents per kilowatt-hour,million dollars,million kilowatt hours
2017,TN,Tennessee,COM,commercial,484324,10.55,3558.682,33727.208,number of customers,cents per kilowatt-hour,million dollars,million kilowatt hours
2017,TN,Tennessee,IND,industrial,1167,5.83,1412.82994,24220.149,number of customers,cents per kilowatt-hour,million dollars,million kilowatt hours
2017,TN,Tennessee,OTH,other,0,0,0,0,number of customers,cents per kilowatt-hour,million dollars,million kilowatt hours
2017,TN,Tennessee,RES,residential,2847696,10.72,4213.5061,39292.52799,number of customers,cents per kilowatt-hour,million dollars,million kilowatt hours
2017,TN,Tennessee,TRA,transportation,0,0,0,0,number of customers,cents per kilowatt-hour,million dollars,million kilowatt hours
2017,TX,Texas,ALL,all sectors,12439066,8.38,33677.74677,401880.37401,number of customers,cents per kilowatt-hour,million dollars,million kilowatt hours
2017,TX,Texas,COM,commercial,1514712,8.26,11352.25934,137485.84099,number of customers,cents per kilowatt-hour,million dollars,million kilowatt hours
2017,TX,Texas,IND,industrial,114857,5.35,6424.25362,119970.143,number of customers,cents per kilowatt-hour,million dollars,million kilowatt hours
2017,TX,Texas,OTH,other,0,0,0,0,number of customers,cents per kilowatt-hour,million dollars,million kilowatt hours
2017,TX,Texas,RES,residential,10809494,11.01,15886.36781,144242.13103,number of customers,cents per kilowatt-hour,million dollars,million kilowatt hours
2017,TX,Texas,TRA,transportation,3,8.16,14.866,182.259,number of customers,cents per kilowatt-hour,million dollars,million kilowatt hours
2017,US,U.S. Total,ALL,all sectors,151779589,10.48,390322.2651,3723355.97399,number of customers,cents per kilowatt-hour,million dollars,million kilowatt hours
2017,US,U.S. Total,COM,commercial,18359427,10.66,144241.94021,1352887.69391,number of customers,cents per kilowatt-hour,million dollars,million kilowatt hours
2017,US,U.S. Total,IND,industrial,840329,6.88,67690.70151,984297.94498,number of customers,cents per kilowatt-hour,million dollars,million kilowatt hours
2017,US,U.S. Total,OTH,other,0,0,0,0,number of customers,cents per kilowatt-hour,million dollars,million kilowatt hours
2017,US,U.S. Total,RES,residential,132579747,12.89,177661.16785,1378647.74208,number of customers,cents per kilowatt-hour,million dollars,million kilowatt hours
2017,US,U.S. Total,TRA,transportation,86,9.68,728.45553,7522.59301,number of customers,cents per kilowatt-hour,million dollars,million kilowatt hours
2017,UT,Utah,ALL,all sectors,1200000,8.6,2631.5053,30589.02102,number of customers,cents per kilowatt-hour,million dollars,million kilowatt hours
2017,UT,Utah,COM,commercial,127113,8.64,1014.8466,11739.12101,number of customers,cents per kilowatt-hour,million dollars,million kilowatt hours
2017,UT,Utah,IND,industrial,9594,6.13,569.08749,9283.036,number of customers,cents per kilowatt-hour,million dollars,million kilowatt hours
2017,UT,Utah,OTH,other,0,0,0,0,number of customers,cents per kilowatt-hour,million dollars,million kilowatt hours
2017,UT,Utah,RES,residential,1063292,10.95,1041.81951,9510.78301,number of customers,cents per kilowatt-hour,million dollars,million kilowatt hours
2017,UT,Utah,TRA,transportation,1,10.26,5.7517,56.081,number of customers,cents per kilowatt-hour,million dollars,million kilowatt hours
2017,VA,Virginia,ALL,all sectors,3824478,9.18,10234.06159,111529.73201,number of customers,cents per kilowatt-hour,million dollars,million kilowatt hours
2017,VA,Virginia,COM,commercial,422256,8.01,4023.03231,50200.525,number of customers,cents per kilowatt-hour,million dollars,million kilowatt hours
2017,VA,Virginia,IND,industrial,3692,6.51,1117.70998,17168.82,number of customers,cents per kilowatt-hour,million dollars,million kilowatt hours
2017,VA,Virginia,OTH,other,0,0,0,0,number of customers,cents per kilowatt-hour,million dollars,million kilowatt hours
2017,VA,Virginia,RES,residential,3398529,11.55,5078.88861,43982.44001,number of customers,cents per kilowatt-hour,million dollars,million kilowatt hours
2017,VA,Virginia,TRA,transportation,1,8.11,14.4307,177.947,number of customers,cents per kilowatt-hour,million dollars,million kilowatt hours
2017,VT,Vermont,ALL,all sectors,370245,14.6,791.89569,5423.662,number of customers,cents per kilowatt-hour,million dollars,million kilowatt hours
2017,VT,Vermont,COM,commercial,56388,14.61,288.8308,1976.59399,number of customers,cents per kilowatt-hour,million dollars,million kilowatt hours
2017,VT,Vermont,IND,industrial,187,10.21,145.42389,1423.64401,number of customers,cents per kilowatt-hour,million dollars,million kilowatt hours
2017,VT,Vermont,OTH,other,0,0,0,0,number of customers,cents per kilowatt-hour,million dollars,million kilowatt hours
2017,VT,Vermont,RES,residential,313670,17.68,357.641,2023.424,number of customers,cents per kilowatt-hour,million dollars,million kilowatt hours
2017,VT,Vermont,TRA,transportation,0,0,0,0,number of customers,cents per kilowatt-hour,million dollars,million kilowatt hours
2017,WA,Washington,ALL,all sectors,3446533,7.94,7298.54387,91948.17201,number of customers,cents per kilowatt-hour,million dollars,million kilowatt hours
2017,WA,Washington,COM,commercial,381028,8.57,2553.28874,29799.50501,number of customers,cents per kilowatt-hour,million dollars,million kilowatt hours
2017,WA,Washington,IND,industrial,27825,4.6,1143.98201,24858.604,number of customers,cents per kilowatt-hour,million dollars,million kilowatt hours
2017,WA,Washington,OTH,other,0,0,0,0,number of customers,cents per kilowatt-hour,million dollars,million kilowatt hours
2017,WA,Washington,RES,residential,3037674,9.66,3600.61542,37282.901,number of customers,cents per kilowatt-hour,million dollars,million kilowatt hours
2017,WA,Washington,TRA,transportation,6,9.18,.6577,7.162,number of customers,cents per kilowatt-hour,million dollars,million kilowatt hours
2017,WI,Wisconsin,ALL,all sectors,3038715,10.76,7430.35693,69079.10897,number of customers,cents per kilowatt-hour,million dollars,million kilowatt hours
2017,WI,Wisconsin,COM,commercial,351707,10.87,2570.83371,23641.12699,number of customers,cents per kilowatt-hour,million dollars,million kilowatt hours
2017,WI,Wisconsin,IND,industrial,5666,7.49,1813.52271,24204.63099,number of customers,cents per kilowatt-hour,million dollars,million kilowatt hours
2017,WI,Wisconsin,OTH,other,0,0,0,0,number of customers,cents per kilowatt-hour,million dollars,million kilowatt hours
2017,WI,Wisconsin,RES,residential,2681341,14.35,3045.97231,21233.15399,number of customers,cents per kilowatt-hour,million dollars,million kilowatt hours
2017,WI,Wisconsin,TRA,transportation,1,14.31,.0282,.197,number of customers,cents per kilowatt-hour,million dollars,million kilowatt hours
2017,WNC,West North Central,ALL,all sectors,10993447,9.77,28874.13677,295636.89095,number of customers,cents per kilowatt-hour,million dollars,million kilowatt hours
2017,WNC,West North Central,COM,commercial,1441788,9.81,9994.95143,101871.16399,number of customers,cents per kilowatt-hour,million dollars,million kilowatt hours
2017,WNC,West North Central,IND,industrial,123910,7.17,6684.84843,93189.565,number of customers,cents per kilowatt-hour,million dollars,million kilowatt hours
2017,WNC,West North Central,OTH,other,0,0,0,0,number of customers,cents per kilowatt-hour,million dollars,million kilowatt hours
2017,WNC,West North Central,RES,residential,9427746,12.13,12190.12161,100529.35596,number of customers,cents per kilowatt-hour,million dollars,million kilowatt hours
2017,WNC,West North Central,TRA,transportation,3,9.01,4.2153,46.806,number of customers,cents per kilowatt-hour,million dollars,million kilowatt hours
2017,WSC,West South Central,ALL,all sectors,18482413,8.26,49550.07422,599664.38801,number of customers,cents per kilowatt-hour,million dollars,million kilowatt hours
2017,WSC,West South Central,COM,commercial,2279262,8.34,16220.55157,194397.568,number of customers,cents per kilowatt-hour,million dollars,million kilowatt hours
2017,WSC,West South Central,IND,industrial,188845,5.45,10485.33984,192432.76499,number of customers,cents per kilowatt-hour,million dollars,million kilowatt hours
2017,WSC,West South Central,OTH,other,0,0,0,0,number of customers,cents per kilowatt-hour,million dollars,million kilowatt hours
2017,WSC,West South Central,RES,residential,16014300,10.74,22827.98361,212638.46602,number of customers,cents per kilowatt-hour,million dollars,million kilowatt hours
2017,WSC,West South Central,TRA,transportation,6,8.28,16.1992,195.589,number of customers,cents per kilowatt-hour,million dollars,million kilowatt hours
2017,WV,West Virginia,ALL,all sectors,1014441,9,2855.30341,31709.019,number of customers,cents per kilowatt-hour,million dollars,million kilowatt hours
2017,WV,West Virginia,COM,commercial,143951,9.58,722.9368,7549.42999,number of customers,cents per kilowatt-hour,million dollars,million kilowatt hours
2017,WV,West Virginia,IND,industrial,11529,6.64,902.6675,13586.12601,number of customers,cents per kilowatt-hour,million dollars,million kilowatt hours
2017,WV,West Virginia,OTH,other,0,0,0,0,number of customers,cents per kilowatt-hour,million dollars,million kilowatt hours
2017,WV,West Virginia,RES,residential,858961,11.63,1229.6991,10573.46301,number of customers,cents per kilowatt-hour,million dollars,million kilowatt hours
2017,WV,West Virginia,TRA,transportation,0,0,0,0,number of customers,cents per kilowatt-hour,million dollars,million kilowatt hours
2017,WY,Wyoming,ALL,all sectors,339370,8.28,1388.66411,16778.06699,number of customers,cents per kilowatt-hour,million dollars,million kilowatt hours
2017,WY,Wyoming,COM,commercial,57863,9.7,364.8075,3762.08598,number of customers,cents per kilowatt-hour,million dollars,million kilowatt hours
2017,WY,Wyoming,IND,industrial,10931,6.92,708.5727,10243.61,number of customers,cents per kilowatt-hour,million dollars,million kilowatt hours
2017,WY,Wyoming,OTH,other,0,0,0,0,number of customers,cents per kilowatt-hour,million dollars,million kilowatt hours
2017,WY,Wyoming,RES,residential,270576,11.37,315.28391,2772.371,number of customers,cents per kilowatt-hour,million dollars,million kilowatt hours
2017,WY,Wyoming,TRA,transportation,0,0,0,0,number of customers,cents per kilowatt-hour,million dollars,million kilowatt hours
2016,AK,Alaska,ALL,all sectors,337407,17.93,1097.71918,6123.20202,number of customers,cents per kilowatt-hour,million dollars,million kilowatt hours
2016,AK,Alaska,COM,commercial,52804,17.56,479.54649,2731.499,number of customers,cents per kilowatt-hour,million dollars,million kilowatt hours
2016,AK,Alaska,IND,industrial,1343,15.22,210.8073,1385.311,number of customers,cents per kilowatt-hour,million dollars,million kilowatt hours
2016,AK,Alaska,OTH,other,0,0,0,0,number of customers,cents per kilowatt-hour,million dollars,million kilowatt hours
2016,AK,Alaska,RES,residential,283260,,,,number of customers,cents per kilowatt-hour,million dollars,million kilowatt hours
2016,AK,Alaska,TRA,transportation,0,0,0,0,number of customers,cents per kilowatt-hour,million dollars,million kilowatt hours
2016,AL,Alabama,ALL,all sectors,2574849,9.56,8436.43853,88225.141,number of customers,cents per kilowatt-hour,million dollars,million kilowatt hours
2016,AL,Alabama,COM,commercial,367009,11.11,2626.82122,23634.47401,number of customers,cents per kilowatt-hour,million dollars,million kilowatt hours
2016,AL,Alabama,IND,industrial,7266,6.04,1966.22271,32535.121,number of customers,cents per kilowatt-hour,million dollars,million kilowatt hours
2016,AL,Alabama,OTH,other,0,0,0,0,number of customers,cents per kilowatt-hour,million dollars,million kilowatt hours
2016,AL,Alabama,RES,residential,2200574,11.99,3843.3946,32055.54599,number of customers,cents per kilowatt-hour,million dollars,million kilowatt hours
2016,AL,Alabama,TRA,transportation,0,0,0,0,number of customers,cents per kilowatt-hour,million dollars,million kilowatt hours
2016,AR,Arkansas,ALL,all sectors,1595478,8.13,3753.2946,46188.438,number of customers,cents per kilowatt-hour,million dollars,million kilowatt hours
2016,AR,Arkansas,COM,commercial,190181,8.23,1002.2328,12177.633,number of customers,cents per kilowatt-hour,million dollars,million kilowatt hours
2016,AR,Arkansas,IND,industrial,36428,6.08,986.0873,16226.147,number of customers,cents per kilowatt-hour,million dollars,million kilowatt hours
2016,AR,Arkansas,OTH,other,0,0,0,0,number of customers,cents per kilowatt-hour,million dollars,million kilowatt hours
2016,AR,Arkansas,RES,residential,1368867,9.92,1764.9303,17784.23301,number of customers,cents per kilowatt-hour,million dollars,million kilowatt hours
2016,AR,Arkansas,TRA,transportation,2,10.4,.0442,.425,number of customers,cents per kilowatt-hour,million dollars,million kilowatt hours
2016,AZ,Arizona,ALL,all sectors,3051839,10.33,8082.0241,78237.82802,number of customers,cents per kilowatt-hour,million dollars,million kilowatt hours
2016,AZ,Arizona,COM,commercial,318197,10.41,3078.18361,29564.15701,number of customers,cents per kilowatt-hour,million dollars,million kilowatt hours
2016,AZ,Arizona,IND,industrial,8130,6.07,908.697,14975.65601,number of customers,cents per kilowatt-hour,million dollars,million kilowatt hours
2016,AZ,Arizona,OTH,other,0,0,0,0,number of customers,cents per kilowatt-hour,million dollars,million kilowatt hours
2016,AZ,Arizona,RES,residential,2725510,12.15,4094.42549,33690.78301,number of customers,cents per kilowatt-hour,million dollars,million kilowatt hours
2016,AZ,Arizona,TRA,transportation,2,9.93,.718,7.232,number of customers,cents per kilowatt-hour,million dollars,million kilowatt hours
2016,CA,California,ALL,all sectors,15286023,15.23,39116.3265,256846.63497,number of customers,cents per kilowatt-hour,million dollars,million kilowatt hours
2016,CA,California,COM,commercial,1692326,15.07,17603.17698,116774.68399,number of customers,cents per kilowatt-hour,million dollars,million kilowatt hours
2016,CA,California,IND,industrial,148549,11.92,6076.71901,50979.124,number of customers,cents per kilowatt-hour,million dollars,million kilowatt hours
2016,CA,California,OTH,other,0,0,0,0,number of customers,cents per kilowatt-hour,million dollars,million kilowatt hours
2016,CA,California,RES,residential,13445133,17.39,15359.79548,88311.06899,number of customers,cents per kilowatt-hour,million dollars,million kilowatt hours
2016,CA,California,TRA,transportation,15,9.8,76.63503,781.758,number of customers,cents per kilowatt-hour,million dollars,million kilowatt hours
2016,CO,Colorado,ALL,all sectors,2643315,9.83,5386.25879,54802.03698,number of customers,cents per kilowatt-hour,million dollars,million kilowatt hours
2016,CO,Colorado,COM,commercial,367001,9.6,1996.0423,20800.136,number of customers,cents per kilowatt-hour,million dollars,million kilowatt hours
2016,CO,Colorado,IND,industrial,16245,7.35,1109.8898,15103.43399,number of customers,cents per kilowatt-hour,million dollars,million kilowatt hours
2016,CO,Colorado,OTH,other,0,0,0,0,number of customers,cents per kilowatt-hour,million dollars,million kilowatt hours
2016,CO,Colorado,RES,residential,2260068,12.07,2273.9787,18833.722,number of customers,cents per kilowatt-hour,million dollars,million kilowatt hours
2016,CO,Colorado,TRA,transportation,1,9.8,6.348,64.745,number of customers,cents per kilowatt-hour,million dollars,million kilowatt hours
2016,CT,Connecticut,ALL,all sectors,1643335,17.24,4988.80011,28931.087,number of customers,cents per kilowatt-hour,million dollars,million kilowatt hours
2016,CT,Connecticut,COM,commercial,152182,15.75,2000.46418,12701.264,number of customers,cents per kilowatt-hour,million dollars,million kilowatt hours
2016,CT,Connecticut,IND,industrial,4408,12.81,431.74351,3370.068,number of customers,cents per kilowatt-hour,million dollars,million kilowatt hours
2016,CT,Connecticut,OTH,other,0,0,0,0,number of customers,cents per kilowatt-hour,million dollars,million kilowatt hours
2016,CT,Connecticut,RES,residential,1486741,20.01,2536.77167,12676.983,number of customers,cents per kilowatt-hour,million dollars,million kilowatt hours
2016,CT,Connecticut,TRA,transportation,4,10.84,19.82076,182.772,number of customers,cents per kilowatt-hour,million dollars,million kilowatt hours
2016,DC,District of Columbia,ALL,all sectors,285320,11.73,1336.62917,11394.003,number of customers,cents per kilowatt-hour,million dollars,million kilowatt hours
2016,DC,District of Columbia,COM,commercial,25924,11.72,980.63031,8368.479,number of customers,cents per kilowatt-hour,million dollars,million kilowatt hours
2016,DC,District of Columbia,IND,industrial,1,8.8,16.94304,192.454,number of customers,cents per kilowatt-hour,million dollars,million kilowatt hours
2016,DC,District of Columbia,OTH,other,0,0,0,0,number of customers,cents per kilowatt-hour,million dollars,million kilowatt hours
2016,DC,District of Columbia,RES,residential,259392,12.29,307.50597,2501.892,number of customers,cents per kilowatt-hour,million dollars,million kilowatt hours
2016,DC,District of Columbia,TRA,transportation,3,9.53,31.54985,331.178,number of customers,cents per kilowatt-hour,million dollars,million kilowatt hours
2016,DE,Delaware,ALL,all sectors,473473,11.09,1248.96323,11258.438,number of customers,cents per kilowatt-hour,million dollars,million kilowatt hours
2016,DE,Delaware,COM,commercial,53366,10.07,426.49236,4235.23101,number of customers,cents per kilowatt-hour,million dollars,million kilowatt hours
2016,DE,Delaware,IND,industrial,873,8.11,183.38487,2260.101,number of customers,cents per kilowatt-hour,million dollars,million kilowatt hours
2016,DE,Delaware,OTH,other,0,0,0,0,number of customers,cents per kilowatt-hour,million dollars,million kilowatt hours
2016,DE,Delaware,RES,residential,419234,13.42,639.08601,4763.106,number of customers,cents per kilowatt-hour,million dollars,million kilowatt hours
2016,DE,Delaware,TRA,transportation,0,0,0,0,number of customers,cents per kilowatt-hour,million dollars,million kilowatt hours
2016,ENC,East North Central,ALL,all sectors,22462276,9.94,56599.98537,569557.17701,number of customers,cents per kilowatt-hour,million dollars,million kilowatt hours
2016,ENC,East North Central,COM,commercial,2469330,9.96,18498.30132,185751.09596,number of customers,cents per kilowatt-hour,million dollars,million kilowatt hours
2016,ENC,East North Central,IND,industrial,54962,6.92,13525.1785,195323.85405,number of customers,cents per kilowatt-hour,million dollars,million kilowatt hours
2016,ENC,East North Central,OTH,other,0,0,0,0,number of customers,cents per kilowatt-hour,million dollars,million kilowatt hours
2016,ENC,East North Central,RES,residential,19937976,13.06,24536.12845,187897.659,number of customers,cents per kilowatt-hour,million dollars,million kilowatt hours
2016,ENC,East North Central,TRA,transportation,8,6.91,40.3771,584.568,number of customers,cents per kilowatt-hour,million dollars,million kilowatt hours
2016,ESC,East South Central,ALL,all sectors,9657612,9.04,28264.46616,312587.31901,number of customers,cents per kilowatt-hour,million dollars,million kilowatt hours
2016,ESC,East South Central,COM,commercial,1381966,10.2,9541.78849,93577.037,number of customers,cents per kilowatt-hour,million dollars,million kilowatt hours
2016,ESC,East South Central,IND,industrial,26981,5.81,5834.6736,100383.48301,number of customers,cents per kilowatt-hour,million dollars,million kilowatt hours
2016,ESC,East South Central,OTH,other,0,0,0,0,number of customers,cents per kilowatt-hour,million dollars,million kilowatt hours
2016,ESC,East South Central,RES,residential,8248665,10.86,12888.00407,118626.79899,number of customers,cents per kilowatt-hour,million dollars,million kilowatt hours
2016,ESC,East South Central,TRA,transportation,0,0,0,0,number of customers,cents per kilowatt-hour,million dollars,million kilowatt hours
2016,FL,Florida,ALL,all sectors,10370275,9.91,23348.41832,235721.822,number of customers,cents per kilowatt-hour,million dollars,million kilowatt hours
2016,FL,Florida,COM,commercial,1199897,8.9,8506.82321,95547.214,number of customers,cents per kilowatt-hour,million dollars,million kilowatt hours
2016,FL,Florida,IND,industrial,21162,7.69,1288.40111,16758.825,number of customers,cents per kilowatt-hour,million dollars,million kilowatt hours
2016,FL,Florida,OTH,other,0,0,0,0,number of customers,cents per kilowatt-hour,million dollars,million kilowatt hours
2016,FL,Florida,RES,residential,9149214,10.98,13545.27321,123320.547,number of customers,cents per kilowatt-hour,million dollars,million kilowatt hours
2016,FL,Florida,TRA,transportation,2,8.32,7.9208,95.236,number of customers,cents per kilowatt-hour,million dollars,million kilowatt hours
2016,GA,Georgia,ALL,all sectors,4829627,9.59,13239.69009,138112.239,number of customers,cents per kilowatt-hour,million dollars,million kilowatt hours
2016,GA,Georgia,COM,commercial,567431,9.81,4687.6097,47761.76802,number of customers,cents per kilowatt-hour,million dollars,million kilowatt hours
2016,GA,Georgia,IND,industrial,21774,5.84,1884.16051,32290.121,number of customers,cents per kilowatt-hour,million dollars,million kilowatt hours
2016,GA,Georgia,OTH,other,0,0,0,0,number of customers,cents per kilowatt-hour,million dollars,million kilowatt hours
2016,GA,Georgia,RES,residential,4240421,11.5,6659.24289,57889.37899,number of customers,cents per kilowatt-hour,million dollars,million kilowatt hours
2016,GA,Georgia,TRA,transportation,1,5.08,8.677,170.971,number of customers,cents per kilowatt-hour,million dollars,million kilowatt hours
2016,HI,Hawaii,ALL,all sectors,492578,23.87,2254.4258,9445.389,number of customers,cents per kilowatt-hour,million dollars,million kilowatt hours
2016,HI,Hawaii,COM,commercial,60836,24.64,766.69929,3111.282,number of customers,cents per kilowatt-hour,million dollars,million kilowatt hours
2016,HI,Hawaii,IND,industrial,801,20.69,770.337,3722.37999,number of customers,cents per kilowatt-hour,million dollars,million kilowatt hours
2016,HI,Hawaii,OTH,other,0,0,0,0,number of customers,cents per kilowatt-hour,million dollars,million kilowatt hours
2016,HI,Hawaii,RES,residential,430941,27.47,717.38951,2611.727,number of customers,cents per kilowatt-hour,million dollars,million kilowatt hours
2016,HI,Hawaii,TRA,transportation,0,0,0,0,number of customers,cents per kilowatt-hour,million dollars,million kilowatt hours
2016,IA,Iowa,ALL,all sectors,1602439,8.55,4142.67967,48431.19301,number of customers,cents per kilowatt-hour,million dollars,million kilowatt hours
2016,IA,Iowa,COM,commercial,235813,9.17,1126.79468,12291.33201,number of customers,cents per kilowatt-hour,million dollars,million kilowatt hours
2016,IA,Iowa,IND,industrial,7724,6.05,1333.45241,22046.18299,number of customers,cents per kilowatt-hour,million dollars,million kilowatt hours
2016,IA,Iowa,OTH,other,0,0,0,0,number of customers,cents per kilowatt-hour,million dollars,million kilowatt hours
2016,IA,Iowa,RES,residential,1358902,11.94,1682.43258,14093.67801,number of customers,cents per kilowatt-hour,million dollars,million kilowatt hours
2016,IA,Iowa,TRA,transportation,0,0,0,0,number of customers,cents per kilowatt-hour,million dollars,million kilowatt hours
2016,ID,Idaho,ALL,all sectors,849763,8.08,1864.60251,23062.96099,number of customers,cents per kilowatt-hour,million dollars,million kilowatt hours
2016,ID,Idaho,COM,commercial,107551,7.76,487.08259,6279.129,number of customers,cents per kilowatt-hour,million dollars,million kilowatt hours
2016,ID,Idaho,IND,industrial,27847,6.55,564.02311,8611.80999,number of customers,cents per kilowatt-hour,million dollars,million kilowatt hours
2016,ID,Idaho,OTH,other,0,0,0,0,number of customers,cents per kilowatt-hour,million dollars,million kilowatt hours
2016,ID,Idaho,RES,residential,714365,9.95,813.49681,8172.02199,number of customers,cents per kilowatt-hour,million dollars,million kilowatt hours
2016,ID,Idaho,TRA,transportation,0,0,0,0,number of customers,cents per kilowatt-hour,million dollars,million kilowatt hours
2016,IL,Illinois,ALL,all sectors,5844552,9.38,13230.92484,141050.40899,number of customers,cents per kilowatt-hour,million dollars,million kilowatt hours
2016,IL,Illinois,COM,commercial,606954,9.02,4591.72123,50910.05398,number of customers,cents per kilowatt-hour,million dollars,million kilowatt hours
2016,IL,Illinois,IND,industrial,6054,6.51,2839.68201,43631.75401,number of customers,cents per kilowatt-hour,million dollars,million kilowatt hours
2016,IL,Illinois,OTH,other,0,0,0,0,number of customers,cents per kilowatt-hour,million dollars,million kilowatt hours
2016,IL,Illinois,RES,residential,5231541,12.54,5764.94496,45990.052,number of customers,cents per kilowatt-hour,million dollars,million kilowatt hours
2016,IL,Illinois,TRA,transportation,3,6.67,34.57665,518.549,number of customers,cents per kilowatt-hour,million dollars,million kilowatt hours
2016,IN,Indiana,ALL,all sectors,3190277,9.22,9557.45566,103704.82099,number of customers,cents per kilowatt-hour,million dollars,million kilowatt hours
2016,IN,Indiana,COM,commercial,350645,10.01,2425.31748,24228.779,number of customers,cents per kilowatt-hour,million dollars,million kilowatt hours
2016,IN,Indiana,IND,industrial,18085,6.97,3237.62568,46429.174,number of customers,cents per kilowatt-hour,million dollars,million kilowatt hours
2016,IN,Indiana,OTH,other,0,0,0,0,number of customers,cents per kilowatt-hour,million dollars,million kilowatt hours
2016,IN,Indiana,RES,residential,2821546,11.79,3892.45891,33025.95499,number of customers,cents per kilowatt-hour,million dollars,million kilowatt hours
2016,IN,Indiana,TRA,transportation,1,9.82,2.0536,20.913,number of customers,cents per kilowatt-hour,million dollars,million kilowatt hours
2016,KS,Kansas,ALL,all sectors,1509501,10.49,4282.50374,40810.17399,number of customers,cents per kilowatt-hour,million dollars,million kilowatt hours
2016,KS,Kansas,COM,commercial,232926,10.47,1663.73009,15887.39198,number of customers,cents per kilowatt-hour,million dollars,million kilowatt hours
2016,KS,Kansas,IND,industrial,23729,7.49,854.60119,11413.54701,number of customers,cents per kilowatt-hour,million dollars,million kilowatt hours
2016,KS,Kansas,OTH,other,0,0,0,0,number of customers,cents per kilowatt-hour,million dollars,million kilowatt hours
2016,KS,Kansas,RES,residential,1252846,13.06,1764.17246,13509.235,number of customers,cents per kilowatt-hour,million dollars,million kilowatt hours
2016,KS,Kansas,TRA,transportation,0,0,0,0,number of customers,cents per kilowatt-hour,million dollars,million kilowatt hours
2016,KY,Kentucky,ALL,all sectors,2266536,8.42,6275.62146,74553.575,number of customers,cents per kilowatt-hour,million dollars,million kilowatt hours
2016,KY,Kentucky,COM,commercial,302040,9.57,1912.41387,19981.12201,number of customers,cents per kilowatt-hour,million dollars,million kilowatt hours
2016,KY,Kentucky,IND,industrial,7308,5.67,1600.13049,28234.016,number of customers,cents per kilowatt-hour,million dollars,million kilowatt hours
2016,KY,Kentucky,OTH,other,0,0,0,0,number of customers,cents per kilowatt-hour,million dollars,million kilowatt hours
2016,KY,Kentucky,RES,residential,1957188,10.49,2763.07709,26338.43699,number of customers,cents per kilowatt-hour,million dollars,million kilowatt hours
2016,KY,Kentucky,TRA,transportation,0,0,0,0,number of customers,cents per kilowatt-hour,million dollars,million kilowatt hours
2016,LA,Louisiana,ALL,all sectors,2368711,7.46,6824.52668,91452.659,number of customers,cents per kilowatt-hour,million dollars,million kilowatt hours
2016,LA,Louisiana,COM,commercial,289780,8.59,2139.37968,24895.713,number of customers,cents per kilowatt-hour,million dollars,million kilowatt hours
2016,LA,Louisiana,IND,industrial,19231,5.08,1822.08029,35894.65201,number of customers,cents per kilowatt-hour,million dollars,million kilowatt hours
2016,LA,Louisiana,OTH,other,0,0,0,0,number of customers,cents per kilowatt-hour,million dollars,million kilowatt hours
2016,LA,Louisiana,RES,residential,2059699,9.34,2861.9627,30650.067,number of customers,cents per kilowatt-hour,million dollars,million kilowatt hours
2016,LA,Louisiana,TRA,transportation,1,9.03,1.104,12.227,number of customers,cents per kilowatt-hour,million dollars,million kilowatt hours
2016,MA,Massachusetts,ALL,all sectors,3157478,16.48,8812.09703,53475.888,number of customers,cents per kilowatt-hour,million dollars,million kilowatt hours
2016,MA,Massachusetts,COM,commercial,402936,15.6,4045.73007,25933.80899,number of customers,cents per kilowatt-hour,million dollars,million kilowatt hours
2016,MA,Massachusetts,IND,industrial,13675,13.38,1004.20472,7507.38002,number of customers,cents per kilowatt-hour,million dollars,million kilowatt hours
2016,MA,Massachusetts,OTH,other,0,0,0,0,number of customers,cents per kilowatt-hour,million dollars,million kilowatt hours
2016,MA,Massachusetts,RES,residential,2740865,19,3741.85915,19692.89599,number of customers,cents per kilowatt-hour,million dollars,million kilowatt hours
2016,MA,Massachusetts,TRA,transportation,2,5.94,20.3031,341.803,number of customers,cents per kilowatt-hour,million dollars,million kilowatt hours
2016,MAT,Middle Atlantic,ALL,all sectors,18291120,12.56,46275.54556,368490.09199,number of customers,cents per kilowatt-hour,million dollars,million kilowatt hours
2016,MAT,Middle Atlantic,COM,commercial,2283555,12.48,19808.42124,158714.80699,number of customers,cents per kilowatt-hour,million dollars,million kilowatt hours
2016,MAT,Middle Atlantic,IND,industrial,42947,7.03,5071.13181,72130.22,number of customers,cents per kilowatt-hour,million dollars,million kilowatt hours
2016,MAT,Middle Atlantic,OTH,other,0,0,0,0,number of customers,cents per kilowatt-hour,million dollars,million kilowatt hours
2016,MAT,Middle Atlantic,RES,residential,15964597,15.68,20977.39715,133799.14301,number of customers,cents per kilowatt-hour,million dollars,million kilowatt hours
2016,MAT,Middle Atlantic,TRA,transportation,21,10.88,418.59536,3845.922,number of customers,cents per kilowatt-hour,million dollars,million kilowatt hours
2016,MD,Maryland,ALL,all sectors,2548067,12.21,7492.16625,61353.91101,number of customers,cents per kilowatt-hour,million dollars,million kilowatt hours
2016,MD,Maryland,COM,commercial,250939,10.99,3262.00492,29675.99299,number of customers,cents per kilowatt-hour,million dollars,million kilowatt hours
2016,MD,Maryland,IND,industrial,8822,7.89,301.3894,3821.476,number of customers,cents per kilowatt-hour,million dollars,million kilowatt hours
2016,MD,Maryland,OTH,other,0,0,0,0,number of customers,cents per kilowatt-hour,million dollars,million kilowatt hours
2016,MD,Maryland,RES,residential,2288301,14.23,3886.42963,27316.87102,number of customers,cents per kilowatt-hour,million dollars,million kilowatt hours
2016,MD,Maryland,TRA,transportation,5,7.85,42.34231,539.571,number of customers,cents per kilowatt-hour,million dollars,million kilowatt hours
2016,ME,Maine,ALL,all sectors,800298,12.8,1465.20995,11448.951,number of customers,cents per kilowatt-hour,million dollars,million kilowatt hours
2016,ME,Maine,COM,commercial,97949,12.08,481.74175,3986.48801,number of customers,cents per kilowatt-hour,million dollars,million kilowatt hours
2016,ME,Maine,IND,industrial,3028,8.96,257.72261,2876.638,number of customers,cents per kilowatt-hour,million dollars,million kilowatt hours
2016,ME,Maine,OTH,other,0,0,0,0,number of customers,cents per kilowatt-hour,million dollars,million kilowatt hours
2016,ME,Maine,RES,residential,699321,15.83,725.74559,4585.82499,number of customers,cents per kilowatt-hour,million dollars,million kilowatt hours
2016,ME,Maine,TRA,transportation,0,0,0,0,number of customers,cents per kilowatt-hour,million dollars,million kilowatt hours
2016,MI,Michigan,ALL,all sectors,4855877,11.05,11543.05325,104467.81301,number of customers,cents per kilowatt-hour,million dollars,million kilowatt hours
2016,MI,Michigan,COM,commercial,538677,10.64,4146.76343,38985.906,number of customers,cents per kilowatt-hour,million dollars,million kilowatt hours
2016,MI,Michigan,IND,industrial,6191,6.91,2137.71574,30934.42201,number of customers,cents per kilowatt-hour,million dollars,million kilowatt hours
2016,MI,Michigan,OTH,other,0,0,0,0,number of customers,cents per kilowatt-hour,million dollars,million kilowatt hours
2016,MI,Michigan,RES,residential,4311008,15.22,5258.08277,34543.262,number of customers,cents per kilowatt-hour,million dollars,million kilowatt hours
2016,MI,Michigan,TRA,transportation,1,11.63,.4913,4.223,number of customers,cents per kilowatt-hour,million dollars,million kilowatt hours
2016,MN,Minnesota,ALL,all sectors,2679251,9.99,6645.62601,66546.49198,number of customers,cents per kilowatt-hour,million dollars,million kilowatt hours
2016,MN,Minnesota,COM,commercial,291569,9.86,2316.28653,23501.73898,number of customers,cents per kilowatt-hour,million dollars,million kilowatt hours
2016,MN,Minnesota,IND,industrial,9000,7.37,1564.118,21216.79801,number of customers,cents per kilowatt-hour,million dollars,million kilowatt hours
2016,MN,Minnesota,OTH,other,0,0,0,0,number of customers,cents per kilowatt-hour,million dollars,million kilowatt hours
2016,MN,Minnesota,RES,residential,2378681,12.67,2762.78988,21803.79099,number of customers,cents per kilowatt-hour,million dollars,million kilowatt hours
2016,MN,Minnesota,TRA,transportation,1,10.06,2.4316,24.164,number of customers,cents per kilowatt-hour,million dollars,million kilowatt hours
2016,MO,Missouri,ALL,all sectors,3138342,9.74,7660.52189,78618.05597,number of customers,cents per kilowatt-hour,million dollars,million kilowatt hours
2016,MO,Missouri,COM,commercial,376711,9.26,2845.7338,30728.47998,number of customers,cents per kilowatt-hour,million dollars,million kilowatt hours
2016,MO,Missouri,IND,industrial,10169,7.12,962.2634,13513.24499,number of customers,cents per kilowatt-hour,million dollars,million kilowatt hours
2016,MO,Missouri,OTH,other,0,0,0,0,number of customers,cents per kilowatt-hour,million dollars,million kilowatt hours
2016,MO,Missouri,RES,residential,2751460,11.21,3850.74589,34354.932,number of customers,cents per kilowatt-hour,million dollars,million kilowatt hours
2016,MO,Missouri,TRA,transportation,2,8.31,1.7788,21.399,number of customers,cents per kilowatt-hour,million dollars,million kilowatt hours
2016,MS,Mississippi,ALL,all sectors,1522715,8.67,4253.32839,49050.16399,number of customers,cents per kilowatt-hour,million dollars,million kilowatt hours
2016,MS,Mississippi,COM,commercial,232885,9.57,1390.34719,14522.538,number of customers,cents per kilowatt-hour,million dollars,million kilowatt hours
2016,MS,Mississippi,IND,industrial,11214,5.79,931.02281,16068.69799,number of customers,cents per kilowatt-hour,million dollars,million kilowatt hours
2016,MS,Mississippi,OTH,other,0,0,0,0,number of customers,cents per kilowatt-hour,million dollars,million kilowatt hours
2016,MS,Mississippi,RES,residential,1278616,10.47,1931.95839,18458.928,number of customers,cents per kilowatt-hour,million dollars,million kilowatt hours
2016,MS,Mississippi,TRA,transportation,0,0,0,0,number of customers,cents per kilowatt-hour,million dollars,million kilowatt hours
2016,MT,Montana,ALL,all sectors,612918,8.84,1246.31173,14100.60102,number of customers,cents per kilowatt-hour,million dollars,million kilowatt hours
2016,MT,Montana,COM,commercial,105934,10.19,492.34821,4831.63601,number of customers,cents per kilowatt-hour,million dollars,million kilowatt hours
2016,MT,Montana,IND,industrial,9814,5.06,223.30229,4416.41801,number of customers,cents per kilowatt-hour,million dollars,million kilowatt hours
2016,MT,Montana,OTH,other,0,0,0,0,number of customers,cents per kilowatt-hour,million dollars,million kilowatt hours
2016,MT,Montana,RES,residential,497170,10.94,530.66123,4852.547,number of customers,cents per kilowatt-hour,million dollars,million kilowatt hours
2016,MT,Montana,TRA,transportation,0,0,0,0,number of customers,cents per kilowatt-hour,million dollars,million kilowatt hours
2016,MTN,Mountain,ALL,all sectors,11008389,9.31,25697.58604,276122.00804,number of customers,cents per kilowatt-hour,million dollars,million kilowatt hours
2016,MTN,Mountain,COM,commercial,1383974,9.49,9066.02007,95537.637,number of customers,cents per kilowatt-hour,million dollars,million kilowatt hours
2016,MTN,Mountain,IND,industrial,95239,6.38,5320.16236,83442.185,number of customers,cents per kilowatt-hour,million dollars,million kilowatt hours
2016,MTN,Mountain,OTH,other,0,0,0,0,number of customers,cents per kilowatt-hour,million dollars,million kilowatt hours
2016,MTN,Mountain,RES,residential,9529171,11.65,11298.15781,97005.25605,number of customers,cents per kilowatt-hour,million dollars,million kilowatt hours
2016,MTN,Mountain,TRA,transportation,5,9.67,13.2458,136.93,number of customers,cents per kilowatt-hour,million dollars,million kilowatt hours
2016,NC,North Carolina,ALL,all sectors,5106195,9.2,12361.6,134404.31899,number of customers,cents per kilowatt-hour,million dollars,million kilowatt hours
2016,NC,North Carolina,COM,commercial,672610,8.62,4189.49422,48604.221,number of customers,cents per kilowatt-hour,million dollars,million kilowatt hours
2016,NC,North Carolina,IND,industrial,10052,6.31,1725.4873,27336.88699,number of customers,cents per kilowatt-hour,million dollars,million kilowatt hours
2016,NC,North Carolina,OTH,other,0,0,0,0,number of customers,cents per kilowatt-hour,million dollars,million kilowatt hours
2016,NC,North Carolina,RES,residential,4423532,11.03,6446.11398,58456.809,number of customers,cents per kilowatt-hour,million dollars,million kilowatt hours
2016,NC,North Carolina,TRA,transportation,1,7.88,.5045,6.402,number of customers,cents per kilowatt-hour,million dollars,million kilowatt hours
2016,ND,North Dakota,ALL,all sectors,459946,8.94,1655.45429,18520.18799,number of customers,cents per kilowatt-hour,million dollars,million kilowatt hours
2016,ND,North Dakota,COM,commercial,73573,9.15,580.4369,6346.158,number of customers,cents per kilowatt-hour,million dollars,million kilowatt hours
2016,ND,North Dakota,IND,industrial,8634,7.98,593.27059,7432.73199,number of customers,cents per kilowatt-hour,million dollars,million kilowatt hours
2016,ND,North Dakota,OTH,other,0,0,0,0,number of customers,cents per kilowatt-hour,million dollars,million kilowatt hours
2016,ND,North Dakota,RES,residential,377739,10.16,481.7468,4741.298,number of customers,cents per kilowatt-hour,million dollars,million kilowatt hours
2016,ND,North Dakota,TRA,transportation,0,0,0,0,number of customers,cents per kilowatt-hour,million dollars,million kilowatt hours
2016,NE,Nebraska,ALL,all sectors,1045463,9.05,2732.21987,30199.35404,number of customers,cents per kilowatt-hour,million dollars,million kilowatt hours
2016,NE,Nebraska,COM,commercial,149812,8.8,818.93278,9306.82702,number of customers,cents per kilowatt-hour,million dollars,million kilowatt hours
2016,NE,Nebraska,IND,industrial,61613,7.69,857.6928,11154.17601,number of customers,cents per kilowatt-hour,million dollars,million kilowatt hours
2016,NE,Nebraska,OTH,other,0,0,0,0,number of customers,cents per kilowatt-hour,million dollars,million kilowatt hours
2016,NE,Nebraska,RES,residential,834038,10.84,1055.59429,9738.35101,number of customers,cents per kilowatt-hour,million dollars,million kilowatt hours
2016,NE,Nebraska,TRA,transportation,0,0,0,0,number of customers,cents per kilowatt-hour,million dollars,million kilowatt hours
2016,NEW,New England,ALL,all sectors,7191283,16.13,18996.15406,117801.602,number of customers,cents per kilowatt-hour,million dollars,million kilowatt hours
2016,NEW,New England,COM,commercial,874475,15.18,8008.61943,52753.115,number of customers,cents per kilowatt-hour,million dollars,million kilowatt hours
2016,NEW,New England,IND,industrial,26412,12.2,2191.39037,17964.74101,number of customers,cents per kilowatt-hour,million dollars,million kilowatt hours
2016,NEW,New England,OTH,other,0,0,0,0,number of customers,cents per kilowatt-hour,million dollars,million kilowatt hours
2016,NEW,New England,RES,residential,6290389,18.81,8750.94959,46532.07499,number of customers,cents per kilowatt-hour,million dollars,million kilowatt hours
2016,NEW,New England,TRA,transportation,7,8.19,45.19467,551.671,number of customers,cents per kilowatt-hour,million dollars,million kilowatt hours
2016,NH,New Hampshire,ALL,all sectors,722866,15.66,1707.20406,10904.95599,number of customers,cents per kilowatt-hour,million dollars,million kilowatt hours
2016,NH,New Hampshire,COM,commercial,106900,14.43,644.62266,4466.19199,number of customers,cents per kilowatt-hour,million dollars,million kilowatt hours
2016,NH,New Hampshire,IND,industrial,3250,12.34,246.79798,2000.357,number of customers,cents per kilowatt-hour,million dollars,million kilowatt hours
2016,NH,New Hampshire,OTH,other,0,0,0,0,number of customers,cents per kilowatt-hour,million dollars,million kilowatt hours
2016,NH,New Hampshire,RES,residential,612716,18.38,815.78343,4438.407,number of customers,cents per kilowatt-hour,million dollars,million kilowatt hours
2016,NH,New Hampshire,TRA,transportation,0,0,0,0,number of customers,cents per kilowatt-hour,million dollars,million kilowatt hours
2016,NJ,New Jersey,ALL,all sectors,4036656,13.38,10081.52204,75359.37099,number of customers,cents per kilowatt-hour,million dollars,million kilowatt hours
2016,NJ,New Jersey,COM,commercial,514579,12.26,4740.34168,38672.407,number of customers,cents per kilowatt-hour,million dollars,million kilowatt hours
2016,NJ,New Jersey,IND,industrial,11929,10.16,741.0835,7293.07,number of customers,cents per kilowatt-hour,million dollars,million kilowatt hours
2016,NJ,New Jersey,OTH,other,0,0,0,0,number of customers,cents per kilowatt-hour,million dollars,million kilowatt hours
2016,NJ,New Jersey,RES,residential,3510141,15.72,4573.77423,29090.726,number of customers,cents per kilowatt-hour,million dollars,million kilowatt hours
2016,NJ,New Jersey,TRA,transportation,7,8.68,26.32263,303.168,number of customers,cents per kilowatt-hour,million dollars,million kilowatt hours
2016,NM,New Mexico,ALL,all sectors,1027969,9.12,2100.93859,23039.54701,number of customers,cents per kilowatt-hour,million dollars,million kilowatt hours
2016,NM,New Mexico,COM,commercial,141723,9.75,858.34599,8805.876,number of customers,cents per kilowatt-hour,million dollars,million kilowatt hours
2016,NM,New Mexico,IND,industrial,9325,5.84,443.25641,7591.16,number of customers,cents per kilowatt-hour,million dollars,million kilowatt hours
2016,NM,New Mexico,OTH,other,0,0,0,0,number of customers,cents per kilowatt-hour,million dollars,million kilowatt hours
2016,NM,New Mexico,RES,residential,876921,12.03,799.33619,6642.51101,number of customers,cents per kilowatt-hour,million dollars,million kilowatt hours
2016,NM,New Mexico,TRA,transportation,0,0,0,0,number of customers,cents per kilowatt-hour,million dollars,million kilowatt hours
2016,NV,Nevada,ALL,all sectors,1308916,8.38,3030.71543,36144.63,number of customers,cents per kilowatt-hour,million dollars,million kilowatt hours
2016,NV,Nevada,COM,commercial,161594,7.93,787.86417,9929.076,number of customers,cents per kilowatt-hour,million dollars,million kilowatt hours
2016,NV,Nevada,IND,industrial,3654,5.88,794.57586,13515.234,number of customers,cents per kilowatt-hour,million dollars,million kilowatt hours
2016,NV,Nevada,OTH,other,0,0,0,0,number of customers,cents per kilowatt-hour,million dollars,million kilowatt hours
2016,NV,Nevada,RES,residential,1143667,11.41,1447.6194,12691.94201,number of customers,cents per kilowatt-hour,million dollars,million kilowatt hours
2016,NV,Nevada,TRA,transportation,1,7.83,.656,8.378,number of customers,cents per kilowatt-hour,million dollars,million kilowatt hours
2016,NY,New York,ALL,all sectors,8199451,14.47,21387.76332,147803.03801,number of customers,cents per kilowatt-hour,million dollars,million kilowatt hours
2016,NY,New York,COM,commercial,1072896,14.45,11054.21061,76506.968,number of customers,cents per kilowatt-hour,million dollars,million kilowatt hours
2016,NY,New York,IND,industrial,7646,6.03,1067.77712,17709.218,number of customers,cents per kilowatt-hour,million dollars,million kilowatt hours
2016,NY,New York,OTH,other,0,0,0,0,number of customers,cents per kilowatt-hour,million dollars,million kilowatt hours
2016,NY,New York,RES,residential,7118901,17.58,8933.62286,50831.28701,number of customers,cents per kilowatt-hour,million dollars,million kilowatt hours
2016,NY,New York,TRA,transportation,8,12.05,332.15274,2755.565,number of customers,cents per kilowatt-hour,million dollars,million kilowatt hours
2016,OH,Ohio,ALL,all sectors,5554424,9.84,14825.05453,150597.79604,number of customers,cents per kilowatt-hour,million dollars,million kilowatt hours
2016,OH,Ohio,COM,commercial,623730,9.97,4762.07007,47742.26899,number of customers,cents per kilowatt-hour,million dollars,million kilowatt hours
2016,OH,Ohio,IND,industrial,19095,6.98,3508.5254,50290.69303,number of customers,cents per kilowatt-hour,million dollars,million kilowatt hours
2016,OH,Ohio,OTH,other,0,0,0,0,number of customers,cents per kilowatt-hour,million dollars,million kilowatt hours
2016,OH,Ohio,RES,residential,4911597,12.47,6551.23141,52524.14102,number of customers,cents per kilowatt-hour,million dollars,million kilowatt hours
2016,OH,Ohio,TRA,transportation,2,7.93,3.22765,40.693,number of customers,cents per kilowatt-hour,million dollars,million kilowatt hours
2016,OK,Oklahoma,ALL,all sectors,2033942,7.83,4814.11008,61516.554,number of customers,cents per kilowatt-hour,million dollars,million kilowatt hours
2016,OK,Oklahoma,COM,commercial,278027,7.66,1585.71999,20695.703,number of customers,cents per kilowatt-hour,million dollars,million kilowatt hours
2016,OK,Oklahoma,IND,industrial,19096,5.02,904.80909,18031.136,number of customers,cents per kilowatt-hour,million dollars,million kilowatt hours
2016,OK,Oklahoma,OTH,other,0,0,0,0,number of customers,cents per kilowatt-hour,million dollars,million kilowatt hours
2016,OK,Oklahoma,RES,residential,1736819,10.2,2323.581,22789.71499,number of customers,cents per kilowatt-hour,million dollars,million kilowatt hours
2016,OK,Oklahoma,TRA,transportation,0,0,0,0,number of customers,cents per kilowatt-hour,million dollars,million kilowatt hours
2016,OR,Oregon,ALL,all sectors,1962944,8.83,4181.82533,47349.34999,number of customers,cents per kilowatt-hour,million dollars,million kilowatt hours
2016,OR,Oregon,COM,commercial,231692,8.91,1430.6227,16060.478,number of customers,cents per kilowatt-hour,million dollars,million kilowatt hours
2016,OR,Oregon,IND,industrial,24628,6.05,768.36432,12691.616,number of customers,cents per kilowatt-hour,million dollars,million kilowatt hours
2016,OR,Oregon,OTH,other,0,0,0,0,number of customers,cents per kilowatt-hour,million dollars,million kilowatt hours
2016,OR,Oregon,RES,residential,1706622,10.66,1980.6147,18573.242,number of customers,cents per kilowatt-hour,million dollars,million kilowatt hours
2016,OR,Oregon,TRA,transportation,2,9.26,2.22361,24.014,number of customers,cents per kilowatt-hour,million dollars,million kilowatt hours
2016,PA,Pennsylvania,ALL,all sectors,6055013,10.19,14806.2602,145327.68299,number of customers,cents per kilowatt-hour,million dollars,million kilowatt hours
2016,PA,Pennsylvania,COM,commercial,696080,9.22,4013.86895,43535.432,number of customers,cents per kilowatt-hour,million dollars,million kilowatt hours
2016,PA,Pennsylvania,IND,industrial,23372,6.92,3262.27119,47127.932,number of customers,cents per kilowatt-hour,million dollars,million kilowatt hours
2016,PA,Pennsylvania,OTH,other,0,0,0,0,number of customers,cents per kilowatt-hour,million dollars,million kilowatt hours
2016,PA,Pennsylvania,RES,residential,5335555,13.86,7470.00006,53877.12999,number of customers,cents per kilowatt-hour,million dollars,million kilowatt hours
2016,PA,Pennsylvania,TRA,transportation,6,7.64,60.11999,787.189,number of customers,cents per kilowatt-hour,million dollars,million kilowatt hours
2016,PACC,Pacific Contiguous,ALL,all sectors,20631631,12.75,50125.33839,393081.30096,number of customers,cents per kilowatt-hour,million dollars,million kilowatt hours
2016,PACC,Pacific Contiguous,COM,commercial,2291865,13.27,21477.23156,161824.22399,number of customers,cents per kilowatt-hour,million dollars,million kilowatt hours
2016,PACC,Pacific Contiguous,IND,industrial,202189,8.94,7983.6153,89349.15999,number of customers,cents per kilowatt-hour,million dollars,million kilowatt hours
2016,PACC,Pacific Contiguous,OTH,other,0,0,0,0,number of customers,cents per kilowatt-hour,million dollars,million kilowatt hours
2016,PACC,Pacific Contiguous,RES,residential,18137554,14.59,20585.09209,141096.05899,number of customers,cents per kilowatt-hour,million dollars,million kilowatt hours
2016,PACC,Pacific Contiguous,TRA,transportation,23,9.78,79.39944,811.858,number of customers,cents per kilowatt-hour,million dollars,million kilowatt hours
2016,PACN,Pacific Noncontiguous,ALL,all sectors,829985,21.53,3352.14498,15568.59102,number of customers,cents per kilowatt-hour,million dollars,million kilowatt hours
2016,PACN,Pacific Noncontiguous,COM,commercial,113640,21.33,1246.24578,5842.781,number of customers,cents per kilowatt-hour,million dollars,million kilowatt hours
2016,PACN,Pacific Noncontiguous,IND,industrial,2144,19.21,981.1443,5107.69099,number of customers,cents per kilowatt-hour,million dollars,million kilowatt hours
2016,PACN,Pacific Noncontiguous,OTH,other,0,0,0,0,number of customers,cents per kilowatt-hour,million dollars,million kilowatt hours
2016,PACN,Pacific Noncontiguous,RES,residential,714201,24.36,1124.7549,4618.11903,number of customers,cents per kilowatt-hour,million dollars,million kilowatt hours
2016,PACN,Pacific Noncontiguous,TRA,transportation,0,0,0,0,number of customers,cents per kilowatt-hour,million dollars,million kilowatt hours
2016,RI,Rhode Island,ALL,all sectors,499236,16.28,1224.97222,7524.27,number of customers,cents per kilowatt-hour,million dollars,million kilowatt hours
2016,RI,Rhode Island,COM,commercial,58907,14.88,543.19349,3651.317,number of customers,cents per kilowatt-hour,million dollars,million kilowatt hours
2016,RI,Rhode Island,IND,industrial,1821,13.48,103.04646,764.295,number of customers,cents per kilowatt-hour,million dollars,million kilowatt hours
2016,RI,Rhode Island,OTH,other,0,0,0,0,number of customers,cents per kilowatt-hour,million dollars,million kilowatt hours
2016,RI,Rhode Island,RES,residential,438507,18.62,573.66146,3081.56201,number of customers,cents per kilowatt-hour,million dollars,million kilowatt hours
2016,RI,Rhode Island,TRA,transportation,1,18.71,5.07081,27.096,number of customers,cents per kilowatt-hour,million dollars,million kilowatt hours
2016,SAT,South Atlantic,ALL,all sectors,31008572,9.79,79906.04123,816179.09299,number of customers,cents per kilowatt-hour,million dollars,million kilowatt hours
2016,SAT,South Atlantic,COM,commercial,3713164,9.24,28982.60334,313557.385,number of customers,cents per kilowatt-hour,million dollars,million kilowatt hours
2016,SAT,South Atlantic,IND,industrial,82158,6.45,9027.86725,139869.765,number of customers,cents per kilowatt-hour,million dollars,million kilowatt hours
2016,SAT,South Atlantic,OTH,other,0,0,0,0,number of customers,cents per kilowatt-hour,million dollars,million kilowatt hours
2016,SAT,South Atlantic,RES,residential,27213237,11.56,41790.39779,361425.83799,number of customers,cents per kilowatt-hour,million dollars,million kilowatt hours
2016,SAT,South Atlantic,TRA,transportation,13,7.93,105.17285,1326.105,number of customers,cents per kilowatt-hour,million dollars,million kilowatt hours
2016,SC,South Carolina,ALL,all sectors,2583254,9.79,7788.2245,79577.54999,number of customers,cents per kilowatt-hour,million dollars,million kilowatt hours
2016,SC,South Carolina,COM,commercial,369409,10.28,2288.9547,22274.962,number of customers,cents per kilowatt-hour,million dollars,million kilowatt hours
2016,SC,South Carolina,IND,industrial,4062,6.09,1625.4525,26686.99201,number of customers,cents per kilowatt-hour,million dollars,million kilowatt hours
2016,SC,South Carolina,OTH,other,0,0,0,0,number of customers,cents per kilowatt-hour,million dollars,million kilowatt hours
2016,SC,South Carolina,RES,residential,2209783,12.65,3873.8173,30615.59599,number of customers,cents per kilowatt-hour,million dollars,million kilowatt hours
2016,SC,South Carolina,TRA,transportation,0,0,0,0,number of customers,cents per kilowatt-hour,million dollars,million kilowatt hours
2016,SD,South Dakota,ALL,all sectors,466783,9.83,1192.7758,12129.53002,number of customers,cents per kilowatt-hour,million dollars,million kilowatt hours
2016,SD,South Dakota,COM,commercial,70745,9.58,450.2576,4698.053,number of customers,cents per kilowatt-hour,million dollars,million kilowatt hours
2016,SD,South Dakota,IND,industrial,3851,7.57,212.93619,2812.753,number of customers,cents per kilowatt-hour,million dollars,million kilowatt hours
2016,SD,South Dakota,OTH,other,0,0,0,0,number of customers,cents per kilowatt-hour,million dollars,million kilowatt hours
2016,SD,South Dakota,RES,residential,392187,11.47,529.58201,4618.72401,number of customers,cents per kilowatt-hour,million dollars,million kilowatt hours
2016,SD,South Dakota,TRA,transportation,0,0,0,0,number of customers,cents per kilowatt-hour,million dollars,million kilowatt hours
2016,TN,Tennessee,ALL,all sectors,3293512,9.23,9299.07778,100758.43902,number of customers,cents per kilowatt-hour,million dollars,million kilowatt hours
2016,TN,Tennessee,COM,commercial,480032,10.19,3612.20621,35438.90299,number of customers,cents per kilowatt-hour,million dollars,million kilowatt hours
2016,TN,Tennessee,IND,industrial,1193,5.68,1337.29759,23545.64802,number of customers,cents per kilowatt-hour,million dollars,million kilowatt hours
2016,TN,Tennessee,OTH,other,0,0,0,0,number of customers,cents per kilowatt-hour,million dollars,million kilowatt hours
2016,TN,Tennessee,RES,residential,2812287,10.41,4349.57398,41773.88801,number of customers,cents per kilowatt-hour,million dollars,million kilowatt hours
2016,TN,Tennessee,TRA,transportation,0,0,0,0,number of customers,cents per kilowatt-hour,million dollars,million kilowatt hours
2016,TX,Texas,ALL,all sectors,12074534,8.43,33588.06912,398661.80878,number of customers,cents per kilowatt-hour,million dollars,million kilowatt hours
2016,TX,Texas,COM,commercial,1447247,8.26,11483.76551,139104.27398,number of customers,cents per kilowatt-hour,million dollars,million kilowatt hours
2016,TX,Texas,IND,industrial,105552,5.33,6041.60012,113402.71288,number of customers,cents per kilowatt-hour,million dollars,million kilowatt hours
2016,TX,Texas,OTH,other,0,0,0,0,number of customers,cents per kilowatt-hour,million dollars,million kilowatt hours
2016,TX,Texas,RES,residential,10521732,10.99,16048.31849,145973.18092,number of customers,cents per kilowatt-hour,million dollars,million kilowatt hours
2016,TX,Texas,TRA,transportation,3,7.92,14.385,181.641,number of customers,cents per kilowatt-hour,million dollars,million kilowatt hours
2016,US,U.S. Total,ALL,all sectors,150055258,10.27,386509.04352,3762461.6298,number of customers,cents per kilowatt-hour,million dollars,million kilowatt hours
2016,US,U.S. Total,COM,commercial,18148353,10.43,142642.50157,1367191.38589,number of customers,cents per kilowatt-hour,million dollars,million kilowatt hours
2016,US,U.S. Total,IND,industrial,838059,6.76,66068.07487,976715.18094,number of customers,cents per kilowatt-hour,million dollars,million kilowatt hours
2016,US,U.S. Total,OTH,other,0,0,0,0,number of customers,cents per kilowatt-hour,million dollars,million kilowatt hours
2016,US,U.S. Total,RES,residential,131068760,12.55,177076.73825,1411058.15299,number of customers,cents per kilowatt-hour,million dollars,million kilowatt hours
2016,US,U.S. Total,TRA,transportation,86,9.63,721.72882,7496.90998,number of customers,cents per kilowatt-hour,million dollars,million kilowatt hours
2016,UT,Utah,ALL,all sectors,1175934,8.72,2631.61101,30179.53403,number of customers,cents per kilowatt-hour,million dollars,million kilowatt hours
2016,UT,Utah,COM,commercial,124540,8.75,1012.493,11565.31199,number of customers,cents per kilowatt-hour,million dollars,million kilowatt hours
2016,UT,Utah,IND,industrial,9570,6.33,581.25181,9186.991,number of customers,cents per kilowatt-hour,million dollars,million kilowatt hours
2016,UT,Utah,OTH,other,0,0,0,0,number of customers,cents per kilowatt-hour,million dollars,million kilowatt hours
2016,UT,Utah,RES,residential,1041823,11.02,1032.3424,9370.65604,number of customers,cents per kilowatt-hour,million dollars,million kilowatt hours
2016,UT,Utah,TRA,transportation,1,9.76,5.5238,56.575,number of customers,cents per kilowatt-hour,million dollars,million kilowatt hours
2016,VA,Virginia,ALL,all sectors,3797571,9.09,10210.86766,112280.66501,number of customers,cents per kilowatt-hour,million dollars,million kilowatt hours
2016,VA,Virginia,COM,commercial,430877,7.93,3908.78514,49263.847,number of customers,cents per kilowatt-hour,million dollars,million kilowatt hours
2016,VA,Virginia,IND,industrial,3708,6.56,1156.87872,17648.01401,number of customers,cents per kilowatt-hour,million dollars,million kilowatt hours
2016,VA,Virginia,OTH,other,0,0,0,0,number of customers,cents per kilowatt-hour,million dollars,million kilowatt hours
2016,VA,Virginia,RES,residential,3362985,11.36,5131.0254,45186.057,number of customers,cents per kilowatt-hour,million dollars,million kilowatt hours
2016,VA,Virginia,TRA,transportation,1,7.76,14.1784,182.747,number of customers,cents per kilowatt-hour,million dollars,million kilowatt hours
2016,VT,Vermont,ALL,all sectors,368070,14.46,797.87069,5516.45001,number of customers,cents per kilowatt-hour,million dollars,million kilowatt hours
2016,VT,Vermont,COM,commercial,55601,14.54,292.86729,2014.04501,number of customers,cents per kilowatt-hour,million dollars,million kilowatt hours
2016,VT,Vermont,IND,industrial,230,10.23,147.8751,1446.003,number of customers,cents per kilowatt-hour,million dollars,million kilowatt hours
2016,VT,Vermont,OTH,other,0,0,0,0,number of customers,cents per kilowatt-hour,million dollars,million kilowatt hours
2016,VT,Vermont,RES,residential,312239,17.37,357.1283,2056.402,number of customers,cents per kilowatt-hour,million dollars,million kilowatt hours
2016,VT,Vermont,TRA,transportation,0,0,0,0,number of customers,cents per kilowatt-hour,million dollars,million kilowatt hours
2016,WA,Washington,ALL,all sectors,3382664,7.68,6827.18656,88885.316,number of customers,cents per kilowatt-hour,million dollars,million kilowatt hours
2016,WA,Washington,COM,commercial,367847,8.43,2443.43189,28989.06201,number of customers,cents per kilowatt-hour,million dollars,million kilowatt hours
2016,WA,Washington,IND,industrial,29012,4.43,1138.53198,25678.41999,number of customers,cents per kilowatt-hour,million dollars,million kilowatt hours
2016,WA,Washington,OTH,other,0,0,0,0,number of customers,cents per kilowatt-hour,million dollars,million kilowatt hours
2016,WA,Washington,RES,residential,2985799,9.48,3244.6819,34211.748,number of customers,cents per kilowatt-hour,million dollars,million kilowatt hours
2016,WA,Washington,TRA,transportation,6,8.89,.5408,6.086,number of customers,cents per kilowatt-hour,million dollars,million kilowatt hours
2016,WI,Wisconsin,ALL,all sectors,3017146,10.67,7443.49709,69736.33799,number of customers,cents per kilowatt-hour,million dollars,million kilowatt hours
2016,WI,Wisconsin,COM,commercial,349324,10.77,2572.42911,23884.088,number of customers,cents per kilowatt-hour,million dollars,million kilowatt hours
2016,WI,Wisconsin,IND,industrial,5537,7.49,1801.62967,24037.811,number of customers,cents per kilowatt-hour,million dollars,million kilowatt hours
2016,WI,Wisconsin,OTH,other,0,0,0,0,number of customers,cents per kilowatt-hour,million dollars,million kilowatt hours
2016,WI,Wisconsin,RES,residential,2662284,14.07,3069.41041,21814.24899,number of customers,cents per kilowatt-hour,million dollars,million kilowatt hours
2016,WI,Wisconsin,TRA,transportation,1,14.68,.0279,.19,number of customers,cents per kilowatt-hour,million dollars,million kilowatt hours
2016,WNC,West North Central,ALL,all sectors,10901725,9.59,28311.78127,295254.98699,number of customers,cents per kilowatt-hour,million dollars,million kilowatt hours
2016,WNC,West North Central,COM,commercial,1431149,9.54,9802.17238,102759.98097,number of customers,cents per kilowatt-hour,million dollars,million kilowatt hours
2016,WNC,West North Central,IND,industrial,124720,7.12,6378.33458,89589.43399,number of customers,cents per kilowatt-hour,million dollars,million kilowatt hours
2016,WNC,West North Central,OTH,other,0,0,0,0,number of customers,cents per kilowatt-hour,million dollars,million kilowatt hours
2016,WNC,West North Central,RES,residential,9345853,11.79,12127.06391,102860.00902,number of customers,cents per kilowatt-hour,million dollars,million kilowatt hours
2016,WNC,West North Central,TRA,transportation,3,9.24,4.2104,45.563,number of customers,cents per kilowatt-hour,million dollars,million kilowatt hours
2016,WSC,West South Central,ALL,all sectors,18072665,8.19,48980.00046,597819.45979,number of customers,cents per kilowatt-hour,million dollars,million kilowatt hours
2016,WSC,West South Central,COM,commercial,2205235,8.23,16211.09797,196873.32298,number of customers,cents per kilowatt-hour,million dollars,million kilowatt hours
2016,WSC,West South Central,IND,industrial,180307,5.31,9754.5768,183554.64789,number of customers,cents per kilowatt-hour,million dollars,million kilowatt hours
2016,WSC,West South Central,OTH,other,0,0,0,0,number of customers,cents per kilowatt-hour,million dollars,million kilowatt hours
2016,WSC,West South Central,RES,residential,15687117,10.59,22998.79249,217197.19592,number of customers,cents per kilowatt-hour,million dollars,million kilowatt hours
2016,WSC,West South Central,TRA,transportation,6,7.99,15.5332,194.293,number of customers,cents per kilowatt-hour,million dollars,million kilowatt hours
2016,WV,West Virginia,ALL,all sectors,1014790,8.98,2879.48201,32076.14599,number of customers,cents per kilowatt-hour,million dollars,million kilowatt hours
2016,WV,West Virginia,COM,commercial,142711,9.35,731.8088,7825.67,number of customers,cents per kilowatt-hour,million dollars,million kilowatt hours
2016,WV,West Virginia,IND,industrial,11704,6.57,845.76981,12874.895,number of customers,cents per kilowatt-hour,million dollars,million kilowatt hours
2016,WV,West Virginia,OTH,other,0,0,0,0,number of customers,cents per kilowatt-hour,million dollars,million kilowatt hours
2016,WV,West Virginia,RES,residential,860375,11.44,1301.90341,11375.581,number of customers,cents per kilowatt-hour,million dollars,million kilowatt hours
2016,WV,West Virginia,TRA,transportation,0,0,0,0,number of customers,cents per kilowatt-hour,million dollars,million kilowatt hours
2016,WY,Wyoming,ALL,all sectors,337735,8.19,1355.12389,16554.87,number of customers,cents per kilowatt-hour,million dollars,million kilowatt hours
2016,WY,Wyoming,COM,commercial,57434,9.4,353.6602,3762.315,number of customers,cents per kilowatt-hour,million dollars,million kilowatt hours
2016,WY,Wyoming,IND,industrial,10654,6.92,695.16609,10041.482,number of customers,cents per kilowatt-hour,million dollars,million kilowatt hours
2016,WY,Wyoming,OTH,other,0,0,0,0,number of customers,cents per kilowatt-hour,million dollars,million kilowatt hours
2016,WY,Wyoming,RES,residential,269647,11.13,306.2976,2751.073,number of customers,cents per kilowatt-hour,million dollars,million kilowatt hours
2016,WY,Wyoming,TRA,transportation,0,0,0,0,number of customers,cents per kilowatt-hour,million dollars,million kilowatt hours
