facility_name,address,city,state,zip,county,lat,lon,status,location_confidence,operator_name,mw,sizerank,facility_size_sqft,property_size_acres,community_pushback,information_source,date_created,date_updated,status_group
Stak Energy Data Center,"Dalton Hwy, 26 miles south of Deadhorse",North Slope Borough,AK,99734.0,North Slope,69.90071,-148.81477,Proposed,Medium,Stak,3000,"Mega campus (>1,000 MW)",,715.0,Unknown,Media Monitoring,05/20/2026,07/08/2026,planned
Prudhoe Bay Data Center,Dalton Hwy,Prudhoe Bay,AK,99734.0,North Slope,70.18478,-148.44,Operating,Medium,"Far North Digital, LLC",120,Hyperscale (100-999 MW),,100.0,Unknown,Media Monitoring,05/20/2026,05/20/2026,operating
Project Marvel,Red Ridge on Rock Mountain Lake Rd and Old Lawnstown Road,Bessemer,AL,35022.0,Jefferson,33.342,-87.0341,Proposed,High,Logistic Land Investments LLC,1200,"Mega campus (>1,000 MW)","4,500,000",1600.0,Yes,Media Monitoring,09/16/2025,07/08/2026,planned
BHM01 Nebius Data Center,201 Milan Parkway,Birmingham,AL,35221.0,Jefferson,33.42746,-86.88143,Proposed,High,"Nebius, Alabama ADC Holdings LLC ",300,Hyperscale (100-999 MW),,80.0,Unknown,Media Monitoring,02/20/2026,07/08/2026,planned
DC Blox,433 6th St S,Birmingham,AL,35233.0,Jefferson,33.50051,-86.821,Operating,High,,,,,,Unknown,Media Monitoring,08/25/2025,08/25/2025,operating
Google Data Center,48809 Alabama 277,Bridgeport,AL,35740.0,Jackson,34.92019,-85.7446,Operating,High,Google,,Hyperscale (100-999 MW),"270,000",360.0,Unknown,Media Monitoring,07/15/2025,02/18/2026,operating
Applied Digital Delta Forge 2,north of 17490 Brookwood Parkway,Brookwood,AL,35490.0,Tuscaloosa,33.223476,-87.27922,Proposed,Medium,Applied Digital,210,Hyperscale (100-999 MW),"1,200,000",137.0,Unknown,Media Monitoring,09/27/2026,09/27/2026,planned
Western Hospitality Partners Data Center,Childersburg Industrial Park,Childersburg,AL,35044.0,Talladega,33.340885,-86.336205,Proposed,Medium,,500,Hyperscale (100-999 MW),,486.0,Yes,Media Monitoring,01/26/2026,07/08/2026,planned
DC Blox,333 Diamond Dr NW,Huntsville,AL,35806.0,Madison,34.71003,-86.693,Operating,High,,,,,,Unknown,Media Monitoring,08/25/2025,08/25/2025,operating
Meta Data Center,5400 Prosperity Dr NW,Huntsville,AL,35810.0,Madison,34.84065,-86.6295,Operating,High,Meta,,,,,Unknown,Media Monitoring,08/11/2025,08/11/2025,operating
Montgomery Meta Data Center,1125 Hyundai Blvd,Montgomery,AL,36105.0,Montgomery,32.27604,-86.3287,Approved/Permitted/Under construction,Medium,Meta,100-200,Hyperscale (100-999 MW),1.3M,,Unknown,Media Monitoring,08/11/2025,07/08/2026,planned
Beacon Data Center,between Highway 43 and Shepard House Rd,Mount Vernon,AL,36560.0,Mobile,31.12417,-88.03166,Proposed,Medium,Beacon,,,,650.0,Unknown,Media Monitoring,07/06/2026,07/08/2026,planned
"Edged Data Center ""Project Gateway""",214 Telegraph Rd,Pritchard,AL,36610.0,Mobile,30.737095,-88.06651,Proposed,High,Edged,8,Small (0-10 MW),,,Yes,Media Monitoring,08/10/2026,08/10/2026,planned
Voltcore Bitcoin Mine,"Union Rd, near intersection Hwy 36 and 67",Somerville,AL,35670.0,Morgan,34.449276,-86.76024,Suspended,Medium,,,,,15.0,Yes,Media Monitoring,06/29/2026,06/29/2026,stalled
Wilsonville Data Center,Shelby County Highway 61,Wilsonville,AL,35186.0,Shleby,33.257,-86.495,Proposed,Medium,Northpoint Development,1008,"Mega campus (>1,000 MW)","3,000,000",687.0,Yes,Media Monitoring,05/03/2026,07/08/2026,planned
Clarksville Data Center,North of Interstate 40,Clarksville,AR,72830.0,Johnson,35.454384,-93.44725,Proposed,Medium,Serverfarm,,Hyperscale (100-999 MW),"2,160,000",135.0,Yes,Media Monitoring,11/27/2025,07/08/2026,planned
Harrison Data Center,Graham Street 202,Harrison,AR,72601.0,Boone,36.21472,-93.0786,Operating,High,Windstream,,Small (0-10 MW),"34,623",,Unknown,Media Monitoring,05/27/2025,02/19/2026,operating
"Little Rock Port Data Center ""Project Boar""",Little Rock Port,Little Rock,AR,72206.0,Pulaski,34.71681,-92.1737,Proposed,Medium,Willowbend Capital LLC,,,1.43M ,,Yes,Media Monitoring,05/27/2025,07/08/2026,planned
Project Leo,near I-530 and 145th St,Little Rock,AR,72206.0,Pulaski,34.618,-92.26808,Proposed,Medium,Avaio Digital,"150-1,000",Hyperscale (100-999 MW),,760.0,Yes,Media Monitoring,01/13/2026,07/13/2026,planned
ForgeLight Ventures Data Center,Lollie Rd,Mayflower/ Conway,AR,72106.0,Faulkner,35.01258,-92.55369,Proposed,Medium,"ForgeLight Ventures, LLC",,,"300,000",336.0,Yes,Media Monitoring,05/28/2026,07/13/2026,planned
Brightspeed Data Center,214 S Denver Ave,Russellville,AR,72801.0,Pope,35.27746,-93.1372,Operating,High,,,,"44,650",,Unknown,Media Monitoring,05/27/2025,05/27/2025,operating
Grant County Data Center,"Just outside the city limits of Sheridan, Arkansas, in rural Grant County.",Sheridan,AR,72150.0,Grant,34.3065,-92.4045,Proposed,Low,Clean Cloud Energy,500,Hyperscale (100-999 MW),"1,000,000",753.0,Yes,Media Monitoring,04/28/2026,07/08/2026,planned
Google Project Pyramid,Bollinger Rd,West Memphis/Proctor,AR,72376.0,Crittenden,35.11835,-90.2123,Approved/Permitted/Under construction,High,Google/Groot LLC,,Hyperscale (100-999 MW),,1178.0,Unknown,Media Monitoring,05/23/2025,07/13/2026,planned
Maricopa Data Center,2833rd Ave and W Patterson Rd,Buckeye,AZ,85326.0,Maricopa,33.192265,-112.67318,Proposed,High,Fortescue,,,,158.0,Yes,Media Monitoring,02/16/2026,07/13/2026,planned
Chandler Data Center,Queen Creek and Dobson roads,Chandler,AZ,85248.0,Maricopa,33.25702,-111.88438,Cancelled,High,Active Infrastructure,,,"400,000",40.0,Yes,Media Monitoring,07/25/2026,07/25/2026,stalled
H5 Data Center,2600 W Germann Rd,Chandler,AZ,85286.0,Maricopa,33.27716,-111.886,Operating,High,H5 Data Centers,26,Medium (11-50 MW),"210,000",,Unknown,Media Monitoring,05/28/2025,02/17/2026,operating
Compass Data Center,850 S Bullard Ave,Goodyear,AZ,85338.0,Maricopa,33.44123,-112.377,Approved/Permitted/Under construction,High,Compass Data Centers,,Hyperscale (100-999 MW),"227,000",200.0,Unknown,Media Monitoring,05/28/2025,07/13/2026,planned
Goodyear Microsoft Data Center,14250 W Broadway Rd,Goodyear,AZ,85338.0,Maricopa,33.410748,-112.36683,Expanding,High,Microsoft,,,,550.0,Unknown,Media Monitoring,09/16/2025,07/13/2026,operating
Stream Data Center,2950 S Litchfield Rd,Goodyear,AZ,85338.0,Maricopa,33.41965,-112.35942,Approved/Permitted/Under construction,High,Stream Data Centers,200,Hyperscale (100-999 MW),"2,000,000",,Unknown,Media Monitoring,05/28/2025,05/28/2025,planned
Vantage Data Center,45 S Bullard Ave,Goodyear,AZ,85338.0,Maricopa,33.44718,-112.373,Approved/Permitted/Under construction,High,Vantage Data Centers,176,Hyperscale (100-999 MW),,,Unknown,Media Monitoring,05/28/2025,05/28/2025,planned
Vintage Partners,Lower Buckeye Road and the Loop 202,"Laveen, Phoenix",AZ,85043.0,Maricopa,33.421955,-112.19218,Cancelled,Medium,,,,,63.0,Unknown,Media Monitoring,03/14/2026,03/14/2026,stalled
Project Blue Marana,14990 W Hardin Rd,Marana,AZ,85653.0,Pima,32.4929,-111.28652,Proposed,High,Beale Infrastructure,250-600,Hyperscale (100-999 MW),,610.0,Yes,Media Monitoring,01/11/2026,05/17/2026,planned
Apple Data Center,3740 S Signal Butte Rd,Mesa,AZ,85212.0,Maricopa,33.3471,-111.604,Operating,High,,,,,,Unknown,Media Monitoring,08/14/2025,08/14/2025,operating
Edged Mesa Data Center,8811 E Warner Rd,Mesa,AZ,85212.0,Maricopa,33.335514,-111.64406,Operating,High,Edged,36,Medium (11-50 MW),"210,000",12.0,Unknown,Media Monitoring,04/15/2026,04/15/2026,operating
Mesa Amazon Data Center 1,10464 E Pecos Rd,Mesa,AZ,85212.0,Maricopa,33.29757,-111.607,Proposed,High,Amazon,,Hyperscale (100-999 MW),,71.0,Unknown,Media Monitoring,08/14/2025,02/10/2026,planned
Mesa Amazon Data Center 2,near Apple Data Center at Elliot/Signal Butte Rds,Mesa,AZ,85212.0,Maricopa,33.34263,-111.604,Proposed,Medium,Amazon,,,,43.0,Unknown,Media Monitoring,08/14/2025,08/14/2025,planned
Meta Data Center,7610 E Elliot Rd,Mesa,AZ,85212.0,Maricopa,33.35076,-111.67,Approved/Permitted/Under construction,Medium,Meta,,,"750,000",187.0,Unknown,Media Monitoring,08/14/2025,08/14/2025,planned
NTT Data Center,22000-21794 E Pecos Rd,Mesa,AZ,85212.0,Maricopa,33.29556,-111.614,Approved/Permitted/Under construction,High,NTT Global Data Centers,200,Hyperscale (100-999 MW),,173.0,Unknown,Media Monitoring,05/28/2025,02/19/2026,planned
NTT Data Center,10256 Elliot Road,Mesa,AZ,85212.0,Maricopa,33.35061,-111.61,Operating,High,,240,Hyperscale (100-999 MW),,102.0,Unknown,Media Monitoring,05/28/2025,04/16/2026,operating
Page Data Center,Near Horseshoe Bend,Page,AZ,86046.0,Coconino,36.898376,-111.483154,Proposed,High,Huntley LLC,,Hyperscale (100-999 MW),,500.0,Yes,Media Monitoring,11/27/2025,05/03/2026,planned
Aligned Data Center,2500 W Union Hills Dr,Phoenix,AZ,85027.0,Maricopa,33.65898,-112.111,Operating,High,,180,Hyperscale (100-999 MW),"550,000",,Unknown,Media Monitoring,05/28/2025,07/27/2026,operating
Expedient Data Center,2475 West Townley Avenue,Phoenix,AZ,85021.0,Maricopa,33.56452,-112.112,Operating,High,Expedient,2,Medium (11-50 MW),"45,000",,Unknown,Media Monitoring,05/28/2025,02/19/2026,operating
PHX1,2475 W Townley Ave,Phoenix,AZ,85021.0,Maricopa,33.56456,-112.112,Operating,High,,4,Small (0-10 MW),"46,000",,Unknown,Media Monitoring,09/01/2025,02/19/2026,operating
QTS,120 E Van Buren St,Phoenix,AZ,85004.0,Maricopa,33.45193,-112.072,Operating,High,QTS Data Centers,32,Medium (11-50 MW),"288,000",,Unknown,Media Monitoring,05/28/2025,02/19/2026,operating
QTS Data Center,1200 N 40th St,Phoenix,AZ,85008.0,Maricopa,33.46237,-111.996,Operating,High,QTS Data Centers,42,Hyperscale (100-999 MW),"337,330",,Unknown,Media Monitoring,05/28/2025,07/27/2026,operating
Tract Phoenix Data Center,S. Johnson Rd and W. Southern Ave,Phoenix,AZ,85326.0,Maricopa,33.41019,-112.713,Approved/Permitted/Under construction,High,Tract Data Centers,,"Mega campus (>1,000 MW)",,2069.0,Unknown,Media Monitoring,05/23/2025,02/19/2026,planned
MD-PHX1 Data Center,4801–4811 East Thistle Landing Drive,Phoeniz,AZ,85044.0,Maricopa,33.31197,-111.97816,Proposed,High,Menlo Digital,180,Hyperscale (100-999 MW),"1,000,000",38.0,Yes,Media Monitoring,05/10/2026,05/10/2026,planned
Vermaland Data Center,near Hwy 10,Red Rock,AZ,85658.0,Pinal,32.55145,-111.452,Proposed,High,Vermaland LLC,3000,"Mega campus (>1,000 MW)",,3300.0,Unknown,Media Monitoring,08/01/2025,02/19/2026,planned
Prime Data Center,3700 S Avondale Blvd,Tolleson,AZ,85353.0,Maricopa,33.41237,-112.30683,Approved/Permitted/Under construction,High,Prime Data Centers,240,Hyperscale (100-999 MW),"1,300,000",66.0,Unknown,Media Monitoring,05/28/2025,05/28/2026,planned
Arizona Land Consulting Co.,near 33511 Indian School Rd,Tonopah,AZ,85354.0,Maricopa,33.49648,-112.775,Proposed,High,,1500,"Mega campus (>1,000 MW)",,2100.0,Unknown,Media Monitoring,06/05/2025,06/05/2025,planned
Data center: Davis-Monthan Air Force Base,South Alvernon Way and East Escalante Road,Tucson,AZ,85707.0,Pima,32.164318,-110.86484,Proposed,Medium,,,,,300.0,Unknown,Media Monitoring,10/21/2025,10/21/2025,planned
Project Blue Tucson,10098 E Brekke Rd,Tucson,AZ,85747.0,Pima,32.05091,-110.783,Approved/Permitted/Under construction,High,Beale Infrastructure,,,,290.0,Yes,Media Monitoring,08/09/2025,06/23/2026,planned
Aligned Data Centers Waddell Campus,8785-8907 N. Reems Road,Waddell,AZ,85355.0,Maricopa,33.57577,-112.45042,Approved/Permitted/Under construction,High,Aligned Data Centers,,Hyperscale (100-999 MW),"1,000,000",100.0,Unknown,Media Monitoring,06/19/2025,02/19/2026,planned
Takanock Data Center,14707 W Olive Ave,Waddell,AZ,85355.0,Maricopa,33.56755,-112.37177,Proposed,High,DigitalBridge,700,Hyperscale (100-999 MW),"2,000,000",160.0,Yes,Media Monitoring,01/19/2026,04/15/2026,planned
Guadalupe Quarry Redevelopment Project Data Center,near Quarry Rd,Brisbane,CA,94005.0,San Mateo,37.68586,-122.416,Proposed,Medium,,,,"180,000",62.0,Unknown,Media Monitoring,07/25/2025,07/25/2025,planned
Global Stack Data Center,1435 N Oak St. ,Calistoga,CA,94515.0,Napa,38.585007,-122.58886,Suspended,Medium,Global Stack/ Edge,10,Small (0-10 MW),,70.0,Yes,Media Monitoring,06/29/2026,09/15/2026,stalled
Coachella Valley Technology Campus,52nd Ave & Fillmore St,Coachella,CA,92274.0,Riverside,33.6714,-116.129,Proposed,High,,270-600,Hyperscale (100-999 MW),,240.0,Yes,Media Monitoring,04/15/2026,06/04/2026,planned
Global Stack Data Center,Cow Palace/ 2600 Geneva Ave,Daly City,CA,94014.0,San Mateo,37.707058,-122.41972,Proposed,Medium,Global Stack,10,Small (0-10 MW),,10.0,Unknown,Media Monitoring,09/15/2026,09/15/2026,planned
Edwards AFB Data Center,North Lancaster Boulevard,Edwards,CA,93524.0,Kern,34.912052,-117.93109,Proposed,Medium,,,,,,Unknown,Media Monitoring,10/21/2025,10/21/2025,planned
Eight Form Data Center,750 N. Nash St,El Segundo,CA,90245.0,Los Angeles,33.92638,-118.38692,Cancelled,High,,50,Medium (11-50 MW),"230,780",,Yes,Media Monitoring,07/16/2026,07/16/2026,stalled
Project North Bay Solutions Data Center,Betw Vanden and Northgate Rds,Fairfield,CA,94533.0,Solano,38.29837,-121.94208,Proposed,Medium,,150,Hyperscale (100-999 MW),,300.0,Unknown,Crowdsourced,08/26/2026,08/26/2026,planned
AWS Gilroy,8050 Camino Arroyo Dr,Gilroy,CA,95020.0,Santa Clara,37.018684,-121.56053,Approved/Permitted/Under construction,High,Amazon,49-98,Large (51-99 MW),"438,500",56.0,Yes,Media Monitoring,11/28/2025,08/10/2026,planned
Global Stack Data Center,801 S 10th Ave,Hanford,CA,93230.0,Kings,36.317932,-119.63556,Suspended,High,Global Stack,10,Small (0-10 MW),,,Yes,Crowdsourced,09/15/2026,09/15/2026,stalled
Imperial Data Center,N. 8th St and Clark Rd,Imperial,CA,92243.0,Imperial,32.81923,-115.56083,Approved/Permitted/Under construction,High,"Imperial Valley Computer Manufacturing, LLC/ Google (unconfirmed)",330,Hyperscale (100-999 MW),"950,000",74.0,Yes,Media Monitoring,01/13/2026,04/12/2026,planned
Inyokern Data Center,Hwy 395 and Hwy 178,Inyokern,CA,93527.0,Kern,35.651802,-117.8052,Proposed,Medium,,99,Large (51-99 MW),"238,000",50.0,Yes,Media Monitoring,07/06/2026,07/06/2026,planned
Buena Vista Biomass Power site Data Center,4655 Coal Mine Rd,Ione,CA,95640.0,Amador,38.277733,-120.91554,Proposed,High,,41,Medium (11-50 MW),,,Unknown,Media Monitoring,01/19/2026,01/19/2026,planned
NorthPoint Data Center,1200 Graphics Dr,Modesto,CA,95351.0,Stanislaus,37.651478,-121.01885,Proposed,High,,,,,45.0,Yes,Media Monitoring,08/20/2026,08/20/2026,planned
Monterey Park Data Center,1977 Saturn St,Monterey Park,CA,91755.0,Los Angeles,34.04039,-118.11365,Suspended,High,HMC StratCorp and subsidiary DigiCo REIT,,Hyperscale (100-999 MW),"247,000",16.0,Yes,Media Monitoring,02/24/2026,05/17/2026,stalled
ECL,411 Clyde Ave,Mountain View,CA,94043.0,Santa Clara,37.39589,-122.047,Operating,High,,,,,,Unknown,Media Monitoring,08/06/2025,08/06/2025,operating
Crystal Geyser location Data Center,210 Ski Village Dr,Mount Shasta,CA,96067.0,Siskiyou,41.32638,-122.31744,Cancelled,High,,,,,,Yes,Media Monitoring,06/29/2026,06/29/2026,stalled
Former Oakland Scientific Facility,415 20th St/ Thomas L Berkley Way,Oakland,CA,94612.0,Alameda,37.80867,-122.26759,Proposed,High,Behring Companies,20,Medium (11-50 MW),"83,000",,Yes,Media Monitoring,08/12/2026,08/12/2026,planned
AWS,2964 Bradley St,Pasadena,CA,91107.0,Los Angeles,34.166836,-118.08752,Proposed,High,,,,"168,000",,Unknown,Media Monitoring,03/13/2026,03/13/2026,planned
AVAIO Perseus Data Center,Golf Club Rd,Pittsburg,CA,94565.0,Contra Costa,38.012596,-121.90993,Approved/Permitted/Under construction,High,,99,Hyperscale (100-999 MW),"300,000",76.0,Yes,Crowdsourced,06/12/2026,06/12/2026,planned
EdgeConneX Edge Data Center,10980 Gold Center Dr.,Rancho Cordoba,CA,95670.0,Sacramento,38.59231,-121.277,Operating,High,EdgeConnex,3,Small (0-10 MW),"28,500",,Unknown,Media Monitoring,08/04/2025,08/04/2025,operating
Equinix,123 Great Oaks Blvd,San Jose,CA,95119.0,Santa Clara,37.23319,-121.78072,Approved/Permitted/Under construction,High,Equinix,40,Medium (11-50 MW),"150,000",,Unknown,Media Monitoring,01/22/2026,01/22/2026,planned
Global Stack Data Center,Santa Clara Fairgrounds/ 344 Tully Rd,San Jose,CA,95111.0,Santa Clara,37.303303,-121.853874,Proposed,Medium,Global Stack,10,Small (0-10 MW),,,Unknown,Media Monitoring,09/15/2026,09/15/2026,planned
LBA Realty Data Center,350 W Trimble Rd,San Jose,CA,95131.0,Santa Clara,37.381,-121.935,Proposed,High,,,,"415,000",28.0,Unknown,Media Monitoring,07/15/2025,07/15/2025,planned
Microsoft Alviso Data Center,1657 Alviso-Milpitas Rd,San Jose,CA,95134.0,Santa Clara,37.42374,-121.926254,Approved/Permitted/Under construction,High,Microsoft,48,Medium (11-50 MW),,64.0,Unknown,Media Monitoring,06/12/2026,06/12/2026,planned
Nvidia Data Center,300 Holger Way,San Jose,CA,95134.0,Santa Clara,37.418415,-121.94662,Approved/Permitted/Under construction,High,,20,Medium (11-50 MW),"97,800",5.0,Yes,Media Monitoring,07/23/2026,07/23/2026,planned
Prologis Data Center,5977 Silver Creek Valley Rd,San Jose,CA,95138.0,Santa Clara,37.258656,-121.7877,Proposed,High,Prologis,99,Large (51-99 MW),"516,000",15.0,Unknown,Media Monitoring,07/11/2026,07/11/2026,planned
Prologis Data Center,Zanker Rd and Hwy 237,San Jose,CA,95134.0,Santa Clara,37.423885,-121.94313,Proposed,High,Prologis,396,Hyperscale (100-999 MW),"1,684,000",159.0,Unknown,Media Monitoring,11/28/2025,11/28/2025,planned
Global Stack Data Center,San Mateo County Event Center/ 1346 Saratoga Dr,San Mateo,CA,94403.0,San Mateo,37.545677,-122.30192,Proposed,Medium,Global Stack,10,Small (0-10 MW),,,Unknown,Media Monitoring,09/15/2026,09/15/2026,planned
Colovore SJC01,1101 Space Park Drive,Santa Clara,CA,95054.0,Santa Clara,37.37668,-121.953,Operating,High,,,,"24,000",,Unknown,Media Monitoring,08/03/2025,08/03/2025,operating
Colovore SJC02,3060 Raymond Street,Santa Clara,CA,95054.0,Santa Clara,37.37739,-121.953,Operating,High,,,,,,Unknown,Media Monitoring,08/03/2025,08/03/2025,operating
CoreSite SV9,2915 Stender Way,Santa Clara,CA,95054.0,Santa Clara,37.37492,-121.969,Proposed,High,,34,Medium (11-50 MW),"228,000",,Unknown,Media Monitoring,08/01/2025,08/01/2025,planned
Digital Realty SJC14,1500 Space Park Dr,Santa Clara,CA,95054.0,Santa Clara,37.37578,-121.95516,Proposed,High,Digital Realty,9,Small (0-10 MW),"52,000",,Unknown,Media Monitoring,01/28/2026,01/28/2026,planned
Digital Realty SJC37 Data Center,641 Walsh St,Santa Clara,CA,95050.0,Santa Clara,37.371067,-121.94693,Approved/Permitted/Under construction,High,Digital Realty,100,Hyperscale (100-999 MW),"430,000",,Unknown,Media Monitoring,01/27/2026,01/27/2026,planned
EdgeConneX Edge Data Center Santa Clara,1700 Richard Ave,Santa Clara,CA,95050.0,Santa Clara,37.36431,-121.959,Operating,High,EdgeConnex,,,"19,800",,Unknown,Media Monitoring,08/04/2025,08/04/2025,operating
EdgeCore Data Center,3580 Juliette Ln,Santa Clara,CA,95054.0,Santa Clara,37.38413,-121.965744,Operating,High,EdgeCore,72,Large (51-99 MW),"540,000",,Unknown,Media Monitoring,01/23/2026,01/23/2026,operating
Walsh Bowers Technology Center: CoreSite,2805 and 2855 Bowers Ave and 2710 Walsh Ave,Santa Clara,CA,95051.0,Santa Clara,37.37316,-121.976166,Expanding,High,CoreSite,72,Large (51-99 MW),"244,070",11.0,Unknown,Media Monitoring,02/20/2026,02/20/2026,operating
Nautilus Data Technology,1002 Embarcadero,Stockton,CA,95203.0,San Joaquin,37.96411,-121.369,Operating,High,,,,,,Unknown,Media Monitoring,09/25/2025,09/25/2025,operating
Cerebras Systems Data Center,1237 E Arques Ave,Sunnyvale,CA,94085.0,Santa Clara,37.38112,-121.993,Operating,High,,,,,,Unknown,Media Monitoring,09/25/2025,09/25/2025,operating
Menlo Equities Data Centere,894 Ross Dr,Sunnyvale,CA,94089.0,Santa Clara,37.400707,-122.03299,Proposed,High,,49,Medium (11-50 MW),"244,215",9.0,Unknown,Media Monitoring,02/16/2026,02/16/2026,planned
Global Stack Data Center,620 South K St,Tulare,CA,93274.0,Tulare,36.201183,-119.3434,Proposed,High,Global Stack,10,Small (0-10 MW),,,Yes,Crowdsourced,09/15/2026,09/15/2026,planned
Beacon Data Center,Elk Hills Oil Field,Tupman,CA,93276.0,Kern,35.273212,-119.3995,Proposed,Medium,,275,Hyperscale (100-999 MW),"400,000",100.0,Unknown,Media Monitoring,06/24/2026,06/24/2026,planned
Global Stack Data Center,Solano County Fairgrounds/ 900 Fairgrounds Dr,Vallejo,CA,94589.0,Solano,38.1394,-122.22575,Proposed,Medium,,10,Small (0-10 MW),,,Unknown,Media Monitoring,09/15/2026,09/15/2026,planned
Global Stack Data Center,Ventura County Fairgrounds/ 10 E Harbor Blvd,Ventura,CA,93001.0,Ventura,34.276474,-119.2983,Proposed,Medium,Global Stack,10,Small (0-10 MW),,,Yes,Media Monitoring,09/15/2026,09/15/2026,planned
Digital Data Center,4400 Pacific Blvd,Vernon,CA,90058.0,Los Angeles,34.00368,-118.22968,Proposed,High,California Digital Realty,32,Medium (11-50 MW),"253,200",5.0,Unknown,Media Monitoring,11/09/2025,11/09/2025,planned
Denver 1 QTS Data Center,1160 N Gun Club Rd,Aurora,CO,80018.0,Arapahoe,39.734226,-104.708,Approved/Permitted/Under construction,High,QTS,160-177,Hyperscale (100-999 MW),,65.0,Unknown,Crowdsourced,07/14/2026,07/14/2026,planned
Vantage Aurora campus (Trident / CO21),E-470 and E. 48th Avenue (adjacent to N. Tibet Road).,Aurora,CO,80206.0,Adams,39.7919,-104.7024,Proposed,Medium,Vantage Data Centers,335-500,Hyperscale (100-999 MW),860000,108.0,Yes,Media Monitoring,09/18/2026,09/18/2026,planned
DEN1,7347 S. Revere Parkway Building C,Centennial,CO,80112.0,Arapahoe,39.58275,-104.841,Operating,High,,2,Small (0-10 MW),"32,000",,Unknown,Media Monitoring,09/01/2025,09/01/2025,operating
Colorado Springs Data Center,1780 Jet Stream Drive,Colorado Springs,CO,80921.0,El Paso,38.99734,-104.792,Operating,High,Flexential,3,Small (0-10 MW),"14,613",,Unknown,Media Monitoring,05/27/2025,02/19/2026,operating
Project Taurus,1565 High Tech Way,Colorado Springs,CO,80907.0,El Paso,38.893997,-104.85778,Approved/Permitted/Under construction,High,Raeden,50,Medium (11-50 MW),"451,217",22.0,Yes,Media Monitoring,04/09/2026,06/22/2026,planned
CoreSite DE1 Data Center,910 15th Street,Denver,CO,80202.0,Denver,39.74566,-104.99561,Operating,High,CoreSite,,Medium (11-50 MW),"152,000",,Unknown,Media Monitoring,11/24/2025,11/24/2025,operating
CoreSite DE2 Data Center,639 E 18th Ave,Denver,CO,80203.0,Denver,39.745472,-104.97931,Operating,High,CoreSite,,Small (0-10 MW),"5,100",,Unknown,Media Monitoring,11/24/2025,11/24/2025,operating
CoreSite DE3 Data Center,4900 Race St,Elyria-Swansea (Denver),CO,80216.0,Denver,39.785824,-104.962845,Approved/Permitted/Under construction,High,CoreSite,75,Large (51-99 MW),"180,000",,Yes,Media Monitoring,11/24/2025,11/24/2025,planned
Cielo Hudson Data Center,"Weld County Road 132, New Raymer, CO 80742.",Hudson,CO,80642.0,Weld,40.09549,-104.609,Proposed,Low,,750,Hyperscale (100-999 MW),,500.0,Unknown,Media Monitoring,06/24/2025,07/27/2026,planned
Sterling Data Center,"west of C.R. 9, roughly 21 miles northwest of Sterling",Sterling,CO,80747.0,Logan,40.85,-103.45,Proposed,High,Granite Renewables,2000,"Mega campus (>1,000 MW)",,4198.0,Yes,Media Monitoring,05/19/2026,05/19/2026,planned
Global AI,2000 Howard Smith Avenue West,Windsor,CO,80550.0,Weld,40.458607,-104.87199,Proposed,High,,24,Medium (11-50 MW),,438.0,Unknown,Media Monitoring,03/04/2026,04/27/2026,planned
Flexential Denver - Parker,"15255 Compark BlvdParker, CO 80134",Parker,CO,80134.0,Douglas,39.5595,-104.8093,Approved/Permitted/Under construction,High,Flexential,11-50,Medium (11-50 MW),"249,000",17.0,Yes,Media Monitoring,09/18/2026,09/18/2026,planned
Atlas Capital Group,132 Griffin Rd N,Bloomfield,CT,6002.0,Hartford,41.88474,-72.7435,Proposed,High,,,,"1,000,000",,Unknown,Media Monitoring,07/15/2025,07/15/2025,planned
GotSpace Data Center,Bozrah St,Bozrah,CT,6334.0,New London,41.5586,-72.1706,Proposed,Medium,,,,"980,000",,Unknown,Media Monitoring,07/24/2025,07/24/2025,planned
Bristol Technology Center,234 Riverside Ave,Bristol,CT,6010.0,Hartford,41.669926,-72.93476,Proposed,High,,4,Small (0-10 MW),"15,000",2.0,Yes,Media Monitoring,07/14/2026,07/14/2026,planned
NE Edge Groton Data Center,adjacent to Millstone Nuclear Power Station,Waterford,CT,6385.0,New London,41.31387,-72.1673,Cancelled,Medium,,1500,"Mega campus (>1,000 MW)","1,500,000",25.0,Unknown,Media Monitoring,07/24/2025,06/29/2026,stalled
Frightland Data Center,northeasterly Corner of Port Penn Road and Dupont Parkway,Middletown,DE,19709.0,New Castle,39.52704,-75.64808,Proposed,High,,,,"6,482,000",1362.0,Unknown,Media Monitoring,08/14/2026,08/14/2026,planned
The Newark Project,terminus of White Clay Center Drive,Newark,DE,19711.0,New Castle,39.683014,-75.7245,Proposed,Medium,,,,,44.0,Unknown,Media Monitoring,08/14/2026,08/14/2026,planned
Starwood Digital Ventures/ Project Washington,Governor Lea Rd,New Castle,DE,19720.0,New Castle,39.60745,-75.6397,Suspended,High,,1200,"Mega campus (>1,000 MW)","6,000,000",570.0,Yes,Media Monitoring,07/15/2025,03/31/2026,stalled
Fort Meade Data Center,Co Rd 700,Fort Meade,FL,33841.0,Polk,27.79178,-81.8185,Approved/Permitted/Under construction,Medium,,,,"4,400,000",1163.0,Yes,Media Monitoring,06/21/2025,05/19/2026,planned
Sentinel Grove Technology Park/ Project Jarvis,Minute Maid Rd & Orange Ave,Fort Pierce,FL,34945.0,St. Lucie,27.45444,-80.55799,Suspended,High,,1000,"Mega campus (>1,000 MW)","15,000,000",1218.0,Unknown,Media Monitoring,11/16/2025,03/04/2026,stalled
Cielo Haines City Data Center,Marion Rd,Haines City,FL,33844.0,Polk,28.077297,-81.57323,Suspended,Medium,,300,Hyperscale (100-999 MW),,74.0,Unknown,Media Monitoring,06/24/2025,07/27/2026,stalled
Hernando Deltona Data Center,between N Lecanto Hwy and N Florida Ave,Hernando,FL,34442.0,Citrus,28.954117,-82.405014,Cancelled,High,Deltona Corp.,,,,1400.0,Yes,Media Monitoring,06/29/2026,07/27/2026,stalled
Jacksonville Data Center,7025 Skinner Parkway,Jacksonville,FL,32256.0,Duval,30.24973,-81.57614,Proposed,High,,,Small (0-10 MW),"32,945",,Unknown,Media Monitoring,08/12/2026,08/12/2026,planned
Project Swan,923 Wilkinson Rd,Lakeland,FL,33803.0,Polk,28.03012,-82.00534,Proposed,High,,,,"600,000",60.0,Unknown,Media Monitoring,06/07/2026,06/07/2026,planned
Project Tango,near 20125 Southern Blvd,Loxahatchee,FL,33470.0,Palm Beach,26.694838,-80.37178,Suspended,High,,,Hyperscale (100-999 MW),"3,700,000",202.0,Yes,Media Monitoring,12/11/2025,07/23/2026,stalled
HostDime Data Center,1 Innovative Pl,Maitland,FL,32751.0,Orange,28.6146,-81.3857,Proposed,High,,,,"100,000",,Unknown,Media Monitoring,09/03/2025,09/03/2025,planned
Iron Mountain Data Center,12300 NW 32nd Ave,Miami,FL,33167.0,Miami-Dade,25.88661,-80.2539,Approved/Permitted/Under construction,High,,16,Medium (11-50 MW),"150,000",3.0,Unknown,Media Monitoring,08/12/2025,08/12/2025,planned
Okee-One,7200 US-441,Okeechobee,FL,34972.0,Okeechobee,27.307442,-80.82401,Cancelled,High,,,,,200.0,Yes,Media Monitoring,04/27/2026,04/27/2026,stalled
H5 Data Center,655 North Franklin St,Tampa,FL,33602.0,Hillsborough,27.949583,-82.45849,Proposed,High,,,,"30,400",,Unknown,Media Monitoring,03/04/2026,03/04/2026,planned
Eagle Rock Jones County,approximately 3 miles southwest of the intersection of Highway 49 and Highway 18,,GA,31211.0,Jones,32.91274,-83.472046,Suspended,High,Eagle Rock Partners LLC and Thomas & Hutton Engineering,900,Hyperscale (100-999 MW),,,Yes,Sci4GA,10/16/2025,10/16/2025,stalled
Project Sassy,Plainville Road and Ga-53,Adairsville,GA,30103.0,Floyd,34.37998,-85.034,Proposed,High,Atlas Development,200,Hyperscale (100-999 MW),"2,000,000",,Unknown,Sci4GA,10/16/2025,10/16/2025,planned
Project Springbank,Perkins Mountain Rd,Adairsville,GA,30145.0,Bartow,34.30926,-84.9633,Cancelled,High,Atlas Development,78,Large (51-99 MW),"2,270,000",,Yes,Media Monitoring,05/25/2025,06/08/2026,stalled
Alpharetta GA1,11650 Great Oaks Way,Alpharetta,GA,30022.0,Fulton,34.063183,-84.272896,Operating,High,365 Data Centers,4,Small (0-10 MW),"77,300",,Unknown,Sci4GA,10/16/2025,10/16/2025,operating
ATL2,4905 North Point Pkwy,Alpharetta,GA,30009.0,Fulton,34.057144,-84.273,Operating,High,Lincoln Rackhouse,12,Medium (11-50 MW),"185,000",,Unknown,Sci4GA,10/16/2025,10/16/2025,operating
Atlanta-Alpharetta,12655 Edison Dr,Alpharetta,GA,30005.0,Fulton,34.086994,-84.25179,Operating,High,Flexential,6,Small (0-10 MW),"139,474",,Unknown,Sci4GA,10/16/2025,10/16/2025,operating
AT&T Data Center,21515 Innovation Way,Alpharetta,GA,30004.0,Fulton,34.086502,-84.27612,Operating,High,,11,Medium (11-50 MW),"88,110",,Unknown,Media Monitoring,01/22/2026,01/22/2026,operating
Project JGK (same project as Columbia County Data Center?),"White Oak Technology Park, Appling-Harlem Rd",Appling,GA,30814.0,Columbia,33.49546,-82.337,Proposed,High,,,,"8,000,000",2000.0,Unknown,Media Monitoring,06/24/2025,06/24/2025,planned
White Oak Technology Park/ Columbia County Data Center,Off Morris Callaway Road & Innovation Parkway,Appling,GA,30802.0,Columbia,33.51421,-82.34112,Proposed,High,Trammell Crow Company,,"Mega campus (>1,000 MW)","8,076,687",,Unknown,Sci4GA,10/16/2025,07/24/2026,planned
Athens Studio Data Center,900 Athena Dr,Athens,GA,30601.0,Clarke,33.970966,-83.31563,Proposed,High,,,,"185,000",,Yes,Media Monitoring,12/18/2025,03/23/2026,planned
American Tower EDC Atlanta,2374 Fairburn Road Southwest,Atlanta,GA,30331.0,Fulton,33.68953,-84.51075,Operating,High,American Tower Corporation,1,Small (0-10 MW),360,,Unknown,Sci4GA,10/16/2025,10/16/2025,operating
ATL1,40 Perimeter Center E,Atlanta,GA,30346.0,DeKalb,33.926537,-84.32673,Operating,High,Lincoln Rackhouse,15,Medium (11-50 MW),"77,322",,Unknown,Sci4GA,10/16/2025,10/16/2025,operating
ATL2 Colo Data Center,250 Williams Street NW (E-100),Atlanta,GA,30303.0,Fulton,33.761627,-84.39127,Operating,High,Hivelocity,3,Small (0-10 MW),,,Unknown,Sci4GA,10/16/2025,10/16/2025,operating
Atlanta,56 Marietta Street NW,Atlanta,GA,30303.0,Fulton,33.75543,-84.39146,Operating,High,Corespace,3,Small (0-10 MW),,,Unknown,Sci4GA,10/16/2025,10/16/2025,operating
Atlanta AT1,55 Marietta Street,Atlanta,GA,30303.0,Fulton,33.75585,-84.39107,Operating,High,CoreSite,10,Small (0-10 MW),"45,000",,Unknown,Sci4GA,10/16/2025,10/16/2025,operating
Atlanta ATL12,760 Doug Davis Dr,Atlanta,GA,30354.0,Fulton,33.657166,-84.41514,Operating,High,Digital Realty,,,"334,400",,Unknown,Sci4GA,10/16/2025,10/16/2025,operating
Atlanta ATL13,56 Marietta Street NW,Atlanta,GA,30303.0,Fulton,33.75543,-84.39146,Operating,High,Digital Realty,5,Small (0-10 MW),"160,000",,Unknown,Media Monitoring,10/16/2025,10/16/2025,operating
Atlanta ATL14,250 Williams St NW,Atlanta,GA,30303.0,Fulton,33.76157,-84.3915,Operating,High,Digital Realty,4,Small (0-10 MW),"33,000",,Unknown,Media Monitoring,06/05/2025,06/05/2025,operating
Atlanta Metro DC1,1033 Jefferson Street NW,Atlanta,GA,30318.0,Fulton,33.775944,-84.421074,Operating,High,QTS Data Centers,70,Large (51-99 MW),"990,000",,Unknown,Media Monitoring,10/16/2025,10/16/2025,operating
Atlanta Metro DC2,1025 Jefferson Street NW,Atlanta,GA,30318.0,Fulton,33.77647,-84.41955,Operating,High,QTS Data Centers,74,Large (51-99 MW),"495,000",,Unknown,Sci4GA,10/16/2025,10/16/2025,operating
Atlanta Metro DC3,953 Herndon Street,Atlanta,GA,30318.0,Fulton,33.78121,-84.42252,Operating,High,QTS Data Centers,,,,,Unknown,Sci4GA,10/16/2025,10/16/2025,operating
Atlanta Metro DC4,1103 Herndon Street,Atlanta,GA,30318.0,Fulton,33.784534,-84.42251,Operating,High,QTS Data Centers,,,,,Unknown,Sci4GA,10/16/2025,04/27/2026,operating
Atlanta West End Data Center,713 Ralph David Abernathy Blvd,Atlanta,GA,30310.0,Fulton,33.739025,-84.41105,Proposed,High,Digital Realty,,Hyperscale (100-999 MW),,,Yes,Crowdsourced,04/08/2026,07/27/2026,planned
ATLDC 55 Marietta,55 Marietta Street (Suite 1740),Atlanta,GA,30303.0,Fulton,33.75585,-84.39107,Operating,High,ATLDC,,,"9,000",,Unknown,Sci4GA,10/16/2025,10/16/2025,operating
AT&T Southern Bell Telephone Company Building,51 Peachtree Center Ave NE,Atlanta,GA,30303.0,Fulton,33.7558,-84.3857,Operating,High,AT&T,,,,,Unknown,Sci4GA,10/16/2025,10/16/2025,operating
Cogent Data Center Atlanta 1,55 Marietta Street NW (Suite 950),Atlanta,GA,30303.0,Fulton,33.75585,-84.39107,Operating,High,Cogent Communications,,,,,Unknown,Sci4GA,10/16/2025,04/24/2026,operating
Cogent Data Center Atlanta 2,1190 Allene Ave SW,Atlanta,GA,30310.0,Fulton,33.722496,-84.412796,Operating,High,Cogent Communications,,,"36,172",,Unknown,Sci4GA,10/16/2025,10/16/2025,operating
Colo@ Atlanta Data Center #3,470 East Paces Ferry Rd,Atlanta,GA,30327.0,Fulton,33.83952,-84.37284,Operating,High,Facility Gateway Corporation,3,Small (0-10 MW),"17,000",,Unknown,Sci4GA,10/16/2025,10/16/2025,operating
Coloblox SMY1 Data Center,1100 Circle 75 Pkwy,Atlanta,GA,30339.0,Cobb,33.88972,-84.465515,Operating,High,Coloblox,,,,,Unknown,Sci4GA,10/16/2025,10/16/2025,operating
ColoCrossing GA1,34 Peachtree St,Atlanta,GA,30303.0,Fulton,33.755016,-84.389626,Operating,High,ColoCrossing,2,Small (0-10 MW),"10,000",,Unknown,Sci4GA,10/16/2025,10/16/2025,operating
DataBank ATL1 Data Center,760 W Peachtree St NW,Atlanta,GA,30308.0,Fulton,33.775368,-84.387764,Operating,High,DataBank,10,Small (0-10 MW),"38,260",,Unknown,Sci4GA,10/16/2025,10/16/2025,operating
DataBank ATL1 Midtown Atlanta Data Center,771 Spring Street,Atlanta,GA,30308.0,Fulton,33.77551,-84.38868,Operating,High,Georgia Tech Foundation,14,Medium (11-50 MW),"93,000",,Unknown,Sci4GA,10/16/2025,04/24/2026,operating
DataBank ATL2 Data Center,1100 White St SW,Atlanta,GA,30310.0,Fulton,33.733864,-84.425735,Operating,High,DataBank,4,Small (0-10 MW),"98,300",,Unknown,Sci4GA,10/16/2025,10/16/2025,operating
DataBank ATL3 Data Center,1150 White St SW,Atlanta,GA,30310.0,Fulton,33.73448,-84.4265,Operating,High,DataBank,6,Small (0-10 MW),,,Unknown,Sci4GA,10/16/2025,10/16/2025,operating
DataBank ATL4 Data Center,200 Selig Drive SW,Atlanta,GA,30336.0,Fulton,33.750492,-84.54815,Proposed,High,DataBank,40,Medium (11-50 MW),"212,710",,Unknown,Sci4GA,10/16/2025,10/16/2025,planned
Digital Realty 10 Forsyth Street NW Data Center,10 Forsyth St NW,Atlanta,GA,30303.0,Fulton,33.755455,-84.39201,Proposed,High,Digital Realty,45,Medium (11-50 MW),"300,000",,Unknown,Sci4GA,10/16/2025,10/16/2025,planned
EDC ATL01,1003 Donnelly Avenue SW,Atlanta,GA,30310.0,Fulton,33.72936,-84.42015,Operating,High,EdgeConnex,2,Small (0-10 MW),"29,527",,Unknown,Sci4GA,10/16/2025,10/16/2025,operating
EDC ATL02,1101 Donnelly Avenue,Atlanta,GA,30310.0,Fulton,33.731815,-84.42362,Operating,High,EdgeConnex,14,Medium (11-50 MW),"91,980",,Unknown,Sci4GA,10/16/2025,10/16/2025,operating
EdgeConneX Data Center,Stonewall Tell Rd,Atlanta,GA,30349.0,Fulton,33.635,-84.5819,Proposed,Medium,EdgeConnex,324,Hyperscale (100-999 MW),,,Unknown,Media Monitoring,06/24/2025,06/24/2025,planned
Edged ATL01-1,1800 Thomas Street NW,Atlanta,GA,30318.0,Fulton,33.8084,-84.45469,Operating,High,Edged,27,Medium (11-50 MW),,,Unknown,Sci4GA,10/16/2025,10/16/2025,operating
Edged ATL01-2 Data Center,1760 Thomas Street NW,Atlanta,GA,30318.0,Fulton,33.8084,-84.45469,Operating,High,Edged,100,Hyperscale (100-999 MW),,,Unknown,Sci4GA,10/16/2025,10/16/2025,operating
Edged ATL01-3,1740 Thomas Street NW,Atlanta,GA,30318.0,Fulton,33.8084,-84.45469,Operating,High,Edged,42,Medium (11-50 MW),,,Unknown,Sci4GA,10/16/2025,05/05/2026,operating
Equinix Atlanta AT1,180 Peachtree Street NW (2nd & 6th floors),Atlanta,GA,30303.0,Fulton,33.758602,-84.387856,Operating,High,Equinix,4,Small (0-10 MW),,,Unknown,Sci4GA,10/16/2025,10/16/2025,operating
Equinix Atlanta AT2 AT3,56 Marietta Street NW (5th and 6th Floors),Atlanta,GA,30303.0,Fulton,33.75543,-84.39146,Operating,High,Equinix,1,Small (0-10 MW),,,Unknown,Sci4GA,10/16/2025,10/16/2025,operating
Equinix Atlanta AT4,450 Interstate Parkway North,Atlanta,GA,30339.0,Cobb,33.895363,-84.453636,Operating,High,Equinix,12,Medium (11-50 MW),,,Unknown,Sci4GA,10/16/2025,10/16/2025,operating
FOGO Atlanta,56 Marietta Street,Atlanta,GA,30303.0,Fulton,33.75543,-84.39146,Operating,High,FOGO Solutions,,,,,Unknown,Sci4GA,10/16/2025,10/16/2025,operating
H5 Atlanta,345 Courtland Street NE,Atlanta,GA,30308.0,Fulton,33.76513,-84.38366,Operating,High,H5 Data Centers,8,Small (0-10 MW),"110,000",,Unknown,Sci4GA,10/16/2025,10/16/2025,operating
Intero Systems,1800 Phoenix Blvd (Suite 201),Atlanta,GA,30349.0,Clayton,33.61318,-84.44704,Operating,High,Intero Systems,,,,,Unknown,Sci4GA,10/16/2025,10/16/2025,operating
Lumen Atlanta 2,180 Peachtree Street NW (Third and Fourth Floors),Atlanta,GA,30303.0,Fulton,33.758602,-84.387856,Operating,High,Lumen,,,,,Unknown,Sci4GA,10/16/2025,10/16/2025,operating
Lumen Atlanta 5,953 Donnelly Avenue SW,Atlanta,GA,30310.0,Fulton,33.728493,-84.41872,Operating,High,Lumen,0.4,Small (0-10 MW),"2,400",,Unknown,Sci4GA,10/16/2025,10/16/2025,operating
Lumen Atlanta 6,874 Dekalb Avenue NE,Atlanta,GA,30307.0,Fulton,33.75479,-84.358734,Operating,High,Lumen,,,,,Unknown,Sci4GA,10/16/2025,10/16/2025,operating
Lumen Doraville 1,6855 Crescent Dr,Atlanta,GA,30340.0,Gwinnett,33.90809,-84.236206,Operating,High,Lumen,,,,,Unknown,Sci4GA,10/16/2025,10/16/2025,operating
Marrietta Data Center,2812 Spring Road SE (Suite 210),Atlanta,GA,30339.0,Cobb,33.884117,-84.47229,Operating,High,Coloblox,,,,,Unknown,Sci4GA,10/16/2025,10/16/2025,operating
Microsoft Data Center ATL50,5235 Stonewall Tell Rd,Atlanta,GA,30349.0,Fulton,33.613667,-84.566956,Proposed,High,Microsoft,,Hyperscale (100-999 MW),"910,000",88.0,Unknown,Media Monitoring,09/22/2026,09/22/2026,planned
Microsoft: Project Fulton,Ben Hill Rd,Atlanta,GA,30349.0,Fulton,33.64121,-84.5167,Proposed,Medium,Microsoft,,,"250,000",125.0,Unknown,Media Monitoring,06/25/2025,06/25/2025,planned
QTS Atlanta Metro Data Center,1033 Jefferson Street NW,Atlanta,GA,30318.0,Fulton,33.77595,-84.421074,Operating,High,,275,Hyperscale (100-999 MW),,100.0,Unknown,Media Monitoring,03/13/2026,07/27/2026,operating
Southern Telecom Atlanta,270 Peachtree Street NE,Atlanta,GA,30303.0,Fulton,33.762527,-84.387886,Operating,High,Southern Telecom,1,Small (0-10 MW),,,Unknown,Sci4GA,10/16/2025,10/16/2025,operating
Stonewall Tell Data Center,South of South Fulton Parkway and east of Stonewall Tell Road,Atlanta,GA,30349.0,Fulton,33.615124,-84.55222,Proposed,High,RSC Investment Management LLC,,,"1,902,000",,Unknown,Sci4GA,10/16/2025,10/16/2025,planned
Sungard Availability Services Atlanta Data Center,1055 Spring Street NW,Atlanta,GA,30309.0,Fulton,33.78344,-84.38862,Operating,High,Sunguard,,,,,Unknown,Sci4GA,10/16/2025,10/16/2025,operating
Vantage Data Centers Stacks Road Campus,5531 Mallory Rd,Atlanta,GA,30349.0,Fulton,33.60657,-84.5304,Proposed,High,,,,"696,980",,Unknown,Media Monitoring,06/25/2025,06/25/2025,planned
Vantage: Westlake Project,6605 Plummer Rd SW,Atlanta,GA,30331.0,Fulton,33.70682,-84.5833,Proposed,High,,,,"750,000",,Unknown,Media Monitoring,06/25/2025,06/25/2025,planned
Windstream Atlanta,1593 NE Expressway,Atlanta,GA,30329.0,DeKalb,33.835022,-84.32718,Operating,High,Windstream,75,Large (51-99 MW),"1,300",,Unknown,Sci4GA,10/16/2025,10/16/2025,operating
T5: Project Eisenhower,2111 Powell Rd,Augusta,GA,30909.0,Richmond,33.43883,-82.1557,Approved/Permitted/Under construction,High,,,,"2,150,000",,Unknown,Media Monitoring,06/25/2025,06/25/2025,planned
Barnesville Amazon Data Center,unknown location,Barnesville,GA,30204.0,Lamar,33.05563,-84.1222,Proposed,Low,Amazon,,,,985.0,Unknown,Media Monitoring,08/09/2025,08/09/2025,planned
Trammell Crow Company Data Center,near 1530 US-41,Barnesville,GA,30204.0,Monroe,33.104168,-84.009544,Approved/Permitted/Under construction,Medium,CBRE,,Hyperscale (100-999 MW),"12,000,000",1630.0,Unknown,Media Monitoring,12/08/2025,02/15/2026,planned
Project Blue Hole,Martha Berry Hwy,Blakely,GA,39823.0,Early,31.406675,-84.912994,Proposed,High,,,,"12,000,000",,Unknown,Crowdsourced,12/24/2025,03/13/2026,planned
Project Ruby,Just west of Talbot Energy Facility,Box Springs,GA,31801.0,Muscogee,32.581497,-84.71003,Proposed,High,,,Hyperscale (100-999 MW),,875.0,Unknown,Media Monitoring,02/26/2026,02/26/2026,planned
Data Center,"GA-53 Spur, adj to Fair's Auto Services",Calhoun,GA,30701.0,Gordon,34.482914,-84.97241,Proposed,Medium,,,,"500,000",57.0,Unknown,Media Monitoring,06/30/2026,06/30/2026,planned
FOGO Carrollton,340 Tom Reeve Drive,Carrollton,GA,30177.0,Carroll,33.558292,-85.09067,Operating,High,FOGO Solutions,,,,,Unknown,Sci4GA,10/16/2025,10/16/2025,operating
	Kingston Technology Hub,Hwy 293,Cartersville,GA,30120.0,Bartow,34.24775,-84.91278,Proposed,Medium,,150,Hyperscale (100-999 MW),"350,000",,Unknown,Media Monitoring,09/22/2026,09/22/2026,planned
Project Bunkhouse,14 Taff Rd,Cartersville,GA,30120.0,Bartow,34.0998,-84.9167,Proposed,High,Gaines Family Land LLC,1830,"Mega campus (>1,000 MW)","8,600,000",,Unknown,Media Monitoring,05/25/2025,11/19/2025,planned
Project Indo,218 Industrial Park Rd,Cartersville,GA,30121.0,Bartow,34.23581,-84.7963,Proposed,High,DataBank,200,Hyperscale (100-999 MW),"1,000,000",69.0,Unknown,Media Monitoring,06/22/2026,06/22/2026,planned
Switch Data Center,40 Bates Rd,Cartersville,GA,30120.0,Bartow,34.11429,-84.7938,Proposed,High,Switch,,Hyperscale (100-999 MW),,126.0,Unknown,Media Monitoring,05/25/2025,02/19/2026,planned
ATL Data Center,2380 Godby Park,College Park,GA,30349.0,Fulton,33.614918,-84.467186,Operating,High,ATL Data Centers LLC,6,Small (0-10 MW),"40,000",,Unknown,Sci4GA,10/16/2025,10/16/2025,operating
Lumen College Park,4311 Best Rd,College Park,GA,30337.0,Fulton,33.63764,-84.458496,Operating,High,Lumen,,,,,Unknown,Sci4GA,10/16/2025,10/16/2025,operating
Microsoft Union City Data Center Campus,4810 Stonewall Tell Rd,College Park,GA,30349.0,Fulton,33.62499,-84.56204,Approved/Permitted/Under construction,Medium,Microsoft,324,Hyperscale (100-999 MW),"2,100,000",,Unknown,Media Monitoring,07/05/2025,07/05/2025,planned
Vantage College Parks Data Center Campus,4380 Stacks Road,College Park,GA,30349.0,Fulton,33.708233,-84.52996,Operating,High,Vantage Data Centers,105,Hyperscale (100-999 MW),"696,981",,Unknown,Sci4GA,10/16/2025,07/27/2026,operating
JMF IXP Farm Colombus,8 Corporate Ridge Pkwy,Columbus,GA,31907.0,Muscogee,32.498444,-84.883575,Operating,High,JMF Solutions,13,Medium (11-50 MW),"50,000",,Unknown,Sci4GA,10/16/2025,10/16/2025,operating
DC BLOX Atlanta East Data Center Campus,1726 Farmer Road,Conyers,GA,30012.0,Rockdale,33.68936,-84.04566,Approved/Permitted/Under construction,High,DC BLOX,216,Hyperscale (100-999 MW),"1,016,828",68.0,Unknown,Media Monitoring,10/16/2025,10/16/2025,planned
Rockdale Technology Park 1 Data Center,1975 Sigman Rd,Conyers,GA,30012.0,Rockdale,33.68682,-84.05222,Proposed,High,SDP Aquisitions LLC,126,Hyperscale (100-999 MW),"837,500",,Unknown,Sci4GA,10/16/2025,07/27/2026,planned
Project Splice,Old Nesbitt Rd,Cordele,GA,31015.0,Crisp,31.97113,-83.7316,Proposed,High,Red Wolf DCD,,,"2,100,000",,Unknown,Media Monitoring,08/25/2025,08/25/2025,planned
Amazon Covington Data Center,Alcovy Rd near Hwy 142,Covington,GA,30014.0,Newton,33.63342,-83.833015,Approved/Permitted/Under construction,Medium,Amazon,,Hyperscale (100-999 MW),,,Unknown,Media Monitoring,12/18/2025,02/19/2026,planned
Project Lighthouse,"Off of Gregory Rd, near Flat Rock Rd",Covington,GA,30014.0,Newton,33.653538,-83.81398,Proposed,High,"Universal Planning and Development LLC, JBW Investments, LLC data center",360,Hyperscale (100-999 MW),"1,410,000",213.0,Unknown,Sci4GA,10/16/2025,12/18/2025,planned
Serverfarm ATL2,10835 Hazelbrand Rd NE,Covington,GA,30014.0,Newton,33.61121,-83.83438,Operating,High,Severfarm,75,Large (51-99 MW),"498,960",,Unknown,Sci4GA,10/16/2025,01/04/2025,operating
CORE DALTON 4,2768 Old Tilton Rd,Dalton,GA,30721.0,Whitfield,34.68098,-84.94408,Proposed,High,Core Scientific,,,"435,600",,Unknown,Sci4GA,10/16/2025,10/16/2025,planned
Core Scientific,Old Tilton Rd,Dalton,GA,30721.0,Whitfield,34.6883,-84.9408,Operating,High,Core Scientific,195,Large (51-99 MW),,,Yes,Media Monitoring,04/18/2025,05/03/2026,operating
Core Scientific Dalton 1 & 2 Data Center Campus,2205 Industrial South Rd,Dalton,GA,30721.0,Whitfield,34.71316,-84.95143,Operating,High,Core Scientific,195,Hyperscale (100-999 MW),"300,000",,Unknown,Sci4GA,10/16/2025,07/27/2026,operating
Dalton 3,206 Boring Dr,Dalton,GA,30721.0,Whitfield,34.701214,-84.95039,Proposed,High,Core Scientific,142,Hyperscale (100-999 MW),"87,000",,Unknown,Sci4GA,10/16/2025,10/16/2025,planned
Data center,615 South Thornton Avenue,Dalton,GA,30720.0,Whitfield,34.76418,-84.9711,Operating,High,,,Small (0-10 MW),"57,320",,Unknown,Media Monitoring,05/27/2025,03/11/2026,operating
Atlanta-Douglasville 1,1700 North River Road,Douglasville,GA,30122.0,Douglas,33.73072,-84.61699,Operating,High,Flexential,23,Medium (11-50 MW),"205,000",,Unknown,Sci4GA,10/16/2025,10/16/2025,operating
Atlanta-Douglasville 2,1750 North River Road,Douglasville,GA,30122.0,Douglas,33.730686,-84.61119,Operating,High,Flexential,36,Medium (11-50 MW),"358,000",,Unknown,Sci4GA,10/16/2025,10/16/2025,operating
Douglasville Campus,1601 North River Road,Douglasville,GA,30122.0,Douglas,33.73178,-84.61917,Operating,High,Microsoft,150,Hyperscale (100-999 MW),"1,000,000",,Unknown,Sci4GA,10/16/2025,10/16/2025,operating
Vantage Data Center,Roberts Rd,Douglasville,GA,30135.0,Douglas,33.71054,-84.6269,Proposed,Medium,,,,"1,700,000",,Unknown,Media Monitoring,06/25/2025,06/25/2025,planned
Project Eagle,7015 Adams Park Rd,Dry Branch,GA,31020.0,Twiggs,32.63236,-83.5072,Proposed,High,Eagle Rock Partners LLC and Thomas & Hutton Engineering,900,Hyperscale (100-999 MW),,300.0,Yes,Media Monitoring,09/01/2025,03/23/2026,planned
East Point Campus,4165 Ben Hill Road,East Point,GA,30349.0,Fulton,33.642456,-84.514824,Operating,High,Microsoft,38,Medium (11-50 MW),"250,000",,Unknown,Sci4GA,10/16/2025,10/16/2025,operating
Clayton Commerce III,4350 E Tanners Church Rd,Ellenwood,GA,30294.0,Clayton,33.6353,-84.30396,Proposed,High,TA Realty/ EdgeconneX,180,Hyperscale (100-999 MW),,,Unknown,Sci4GA,10/16/2025,10/16/2025,planned
Conley Creek Data Center,4280 Loveless Pl,Ellenwood,GA,30294.0,DeKalb,33.64961,-84.294815,Suspended,High,Telecad Wireless,,,"1,000,000",,Yes,Sci4GA,10/16/2025,03/23/2026,stalled
Fairburn Technology Center,8125 Bohannon Drive,Fairburn,GA,30213.0,Fulton,33.532734,-84.58926,Proposed,High,"Bohannon Road Venture, LLC.",,,"1,190,000",,Unknown,Sci4GA,10/16/2025,10/16/2025,planned
T5 ATL IV,Gullatt Road,Fairburn,GA,30268.0,Fulton,33.52815,-84.6147,Proposed,Medium,,,,"1,320,000",,Unknown,Media Monitoring,06/24/2025,06/24/2025,planned
Crow Holdings Development,south of Roberts Rd and west of Hwy 85,Fayetteville,GA,30214.0,Fayette,33.484707,-84.43693,Cancelled,High,,,,"300,000",37.0,Unknown,Media Monitoring,04/02/2026,04/02/2026,stalled
Fairwater 2,north of GA-54,Fayetteville,GA,30214.0,Fayette,33.46006,-84.523994,Operating,High,Microsoft,615-1100,"Mega campus (>1,000 MW)","1,200,000",315.0,Unknown,Media Monitoring,11/26/2025,01/01/2026,operating
QTS ATL2 East,west of Veterans Parkway,Fayetteville,GA,30214.0,Fayette,33.454353,-84.51676,Proposed,High,QTS Data Centers,,,"2,000,000",313.0,Unknown,Media Monitoring,06/05/2026,06/05/2026,planned
QTS Atlanta Fayetteville Campus/ Project Excalibur,1435 Hwy 54 West,Fayetteville,GA,30214.0,Fayette,33.447083,-84.52227,Approved/Permitted/Under construction,High,QTS Data Centers,500,Hyperscale (100-999 MW),"6,200,000",615.0,Yes,Media Monitoring,10/16/2025,06/05/2026,planned
Digital Realty Fort Gillem Campus,Fort Gillem,Forest Park,GA,30294.0,Clayton,33.61974,-84.329025,Proposed,High,Digital Realty,,,"1,900,000",,Unknown,Sci4GA,10/16/2025,10/16/2025,planned
Rumble Technology Campus,Rumble Rd,Forsyth,GA,31029.0,Monroe,32.99113,-83.8368,Proposed,High,Google/Cloverleaf Infrastructure,,,"4,200,000",900.0,Unknown,Media Monitoring,06/24/2025,10/15/2025,planned
Project Turbo,24000 O’Kelly Rd,Gainesville,GA,30507.0,Hall,34.226425,-83.78167,Proposed,High,"Project Turbo, Inc",,Hyperscale (100-999 MW),"900,000",145.0,Yes,Media Monitoring,10/06/2025,03/23/2026,planned
Eagle Rock Partners LLC and Thomas & Hutton Engineering Data Center,near 2349 GA-18,Gordon,GA,31031.0,Jones,32.91623,-83.382996,Proposed,High,,,Hyperscale (100-999 MW),"1,800,000",634.0,Unknown,Media Monitoring,10/06/2025,10/06/2025,planned
Crooked Creek Data Center,near Highway 18 and Highway 49,Gray,GA,31032.0,Jones,32.937828,-83.396965,Cancelled,Medium,Eagle Rock Partners LLC and Thomas & Hutton Engineering,,,"1,800,000",634.0,Yes,Crowdsourced,12/08/2025,03/23/2026,stalled
75 South Data Center Campus,1201 Tomochichi Rd,Griffin,GA,30223.0,Spalding,33.256115,-84.14383,Proposed,High,,,Hyperscale (100-999 MW),"2,200,000",291.0,Unknown,Media Monitoring,03/04/2026,03/04/2026,planned
Project Spalding,High Falls Rd,Griffin,GA,30224.0,Spalding,33.24653,-84.2326,Approved/Permitted/Under construction,High,Montana Property Group LLC,,Hyperscale (100-999 MW),"2,550,000",,Unknown,Media Monitoring,06/24/2025,01/09/2026,planned
Spalding Investments LLC Data Center,2038 High Falls Rd,Griffin,GA,30223.0,Spalding,33.24212,-84.19505,Proposed,High,,,Hyperscale (100-999 MW),"1,420,000",127.0,Unknown,Media Monitoring,01/09/2026,01/09/2026,planned
Wallace Jackson Data Center Campus,5745 Jackson Rd,Griffin,GA,30223.0,Spalding,33.273514,-84.12198,Proposed,High,,,"Mega campus (>1,000 MW)","4,986,000",190.0,Unknown,Media Monitoring,01/09/2026,01/09/2026,planned
0 Rocky Creek Data Center Campus,GA-20 & Rocky Creek Rd,Hampton,GA,30228.0,Henry,33.40101,-84.2243,Proposed,High,,,,"1,250,000",,Unknown,Media Monitoring,05/27/2025,05/27/2025,planned
Hampton Data Center,North of I-20 at McDonough St,Hampton,GA,30228.0,Henry,33.384445,-84.26329,Proposed,High,Southeast Property Holdings LLC,,,"585,000",,Yes,Sci4GA,10/16/2025,03/23/2026,planned
Rocky Creek,SE intersection of Rocky Creek Road and GA Highway 20 W,Hampton,GA,30228.0,Henry,33.40127,-84.22438,Proposed,High,"Red Wolf DCD Properties, LLC",,,"1,253,752",,Yes,Sci4GA,10/16/2025,03/23/2026,planned
Pumpkin Tech Campus,White Oak Road / Greenpoint Area,Harlem,GA,30814.0,Columbia,33.418,-82.316,Proposed,High,Cloverleaf Infrastructure,500,Hyperscale (100-999 MW),"2,870,400",420.0,Yes,Media Monitoring,06/10/2026,06/10/2026,planned
Hogansville Data Center,Hightower Rd,Hogansville,GA,30230.0,Troup,33.14624,-84.94037,Proposed,Medium,,600,Hyperscale (100-999 MW),,437.0,Yes,Media Monitoring,12/01/2025,03/24/2026,planned
River Park,Logistics Pkwy,Jackson,GA,30233.0,Butts,33.276512,-84.09031,Proposed,High,"Interstate Health Systems, LLC",,,"11,000,000",,Unknown,Sci4GA,10/16/2025,10/16/2025,planned
Project Pegasus,411 Pegasus Parkway,LaGrange,GA,30240.0,Troup,32.98697,-85.05588,Expanding,High,"Form8tion (Thor Equities), Google",400,Hyperscale (100-999 MW),,271.0,Unknown,Sci4GA,10/16/2025,07/27/2026,operating
Project West,Interstate 85 and Hamilton Rd,LaGrange,GA,30240.0,Troup,32.96313,-85.0219,Proposed,High,Economic Impact Group LLC,600,Hyperscale (100-999 MW),"1,500,000",,Unknown,Sci4GA,10/16/2025,10/16/2025,planned
Lamar County Amazon Data Center,near Van Mar Blvd and High Falls Road,Lamar County,GA,30233.0,Lamar,33.1795,-84.0563,Proposed,Medium,Amazon,,,"19,000,000",985.0,Unknown,Media Monitoring,08/06/2025,08/06/2025,planned
Data Bank ATL5 Data Center,4764 Bakers Ferry Rd SW,Litha Springs,GA,30122.0,Fulton,33.7474,-84.5403,Proposed,High,DataBank,72,Large (51-99 MW),"240,000",,Unknown,Sci4GA,10/16/2025,10/16/2025,planned
Atlanta ATL1a,375 Riverside Parkway Suite 100,Lithia Springs,GA,30122.0,Douglas,33.74414,-84.581215,Operating,High,Centersquare,7,Small (0-10 MW),"137,203",,Unknown,Sci4GA,10/16/2025,04/27/2026,operating
Atlanta ATL1b,375 Riverside Parkway Suite 200,Lithia Springs,GA,30122.0,Douglas,33.74414,-84.581215,Operating,High,Centersquare,18,Medium (11-50 MW),"137,203",,Unknown,Sci4GA,10/16/2025,10/16/2025,operating
DC BLOX Atlanta West Campus,1701 North River Road,Lithia Springs,GA,30122.0,Douglas,33.733944,-84.615234,Operating,High,DC BLOX,120,Hyperscale (100-999 MW),"1,250,000",,Unknown,Sci4GA,10/16/2025,10/16/2025,operating
Digital Realty Atlanta ATL11 Data Center,101 Aquila Way,Lithia Springs,GA,30122.0,Douglas,33.74681,-84.5797,Operating,High,Digital Realty,,,"313,000",,Unknown,Media Monitoring,06/05/2025,06/05/2025,operating
Lithia Springs Google Data Center,300 Riverside Parkway,Lithia Springs,GA,30122.0,Douglas,33.749466,-84.584785,Operating,High,Google,78,Large (51-99 MW),"1,300,000",,Unknown,Sci4GA,10/16/2025,10/16/2025,operating
Microsoft: FTY101,1601 N River Rd,Lithia Springs,GA,30122.0,Douglas,33.7318,-84.6192,Proposed,High,Microsoft,,,"1,000,000",160.0,Unknown,Media Monitoring,06/25/2025,06/25/2025,planned
PWC Lithia Springs,2480 Rock House Rd,Lithia Springs,GA,30122.0,Douglas,33.74222,-84.59638,Operating,High,PricewaterhouseCoopers,,,,,Unknown,Sci4GA,10/16/2025,10/16/2025,operating
Rock House Road Data Center,1971 Rock House Rd,Lithia Springs,GA,30122.0,Douglas,33.749,-84.6093,Proposed,High,Amazon,,,"1,465,000",,Unknown,Media Monitoring,06/24/2025,06/24/2025,planned
STACK Atlanta ATL02,808 Factory Shoals Rd,Lithia Springs,GA,30122.0,Douglas,33.76018,-84.6017,Approved/Permitted/Under construction,High,STACK Infrastructure,160,Hyperscale (100-999 MW),"300,000",64.0,Unknown,Media Monitoring,05/25/2025,05/25/2025,planned
Switch Atlanta: The Keep Campus,580 Douglas Hills Rd,Lithia Springs,GA,30122.0,Douglas,33.756165,-84.59596,Operating,High,Switch SUPERNAP,150,Hyperscale (100-999 MW),"1,000,000",,Unknown,Sci4GA,10/16/2025,10/16/2025,operating
T5 @ Atlanta III,1456 Trae Lane,Lithia Springs,GA,30122.0,Douglas,33.763447,-84.604774,Operating,High,T5,300,Hyperscale (100-999 MW),"1,600,000",80.0,Unknown,Media Monitoring,10/16/2025,10/16/2025,operating
Stillwater Data Center Campus,11760 Panhandle Rd,Lovejoy,GA,30228.0,Clayton,33.43395,-84.3564,Cancelled,High,Stillwater,1250,"Mega campus (>1,000 MW)","3,465,000",400.0,Unknown,Media Monitoring,07/27/2026,08/10/2026,stalled
Bolingbroke Technology Campus,US Highway 41 (Dixie Highway) and I-475 (Exit 15),Macon,GA,31220.0,Monroe,32.94087,-83.8188,Cancelled,High,,900,Hyperscale (100-999 MW),"5,400,000",,Yes,Media Monitoring,08/02/2025,06/29/2026,stalled
Stream Data Center,Access is proposed to be from Jason Industrial Pkwy and N Baggett Rd,Macon,GA,31217.0,Douglas,33.738323,-84.80737,Proposed,High,"SDC ATLA, LLC",,,"2,687,400",,Unknown,Sci4GA,10/16/2025,10/16/2025,planned
Atlanta AT2,1130 Powers Ferry Place,Marietta,GA,30067.0,Cobb,33.925495,-84.48163,Operating,High,CoreSite,2,Small (0-10 MW),,,Unknown,Sci4GA,10/16/2025,10/16/2025,operating
Grindcap,Bells Ferry Rd,Marietta,GA,30066.0,Cobb,33.99401,-84.5527,Proposed,High,,108,Hyperscale (100-999 MW),,31.0,Unknown,Media Monitoring,06/19/2025,06/19/2025,planned
Marietta Data Center,1751 Bells Ferry Rd,Marietta,GA,30066.0,Cobb,33.994106,-84.552986,Proposed,High,MMM Acquisitions LLC/Grindcap,180,Hyperscale (100-999 MW),"347,200",31.0,Unknown,Sci4GA,10/16/2025,10/16/2025,planned
Prime Storage Data Center,1155 Powers Ferry Place,Marietta,GA,30067.0,Cobb,33.926487,-84.48636,Proposed,High,,18,Medium (11-50 MW),"37,000",11.0,Unknown,Media Monitoring,07/14/2026,07/14/2026,planned
Northern Data,121 Industrial Dr,Maysville,GA,30558.0,Jackson,34.24332,-83.54896,Proposed,High,Rum Group,120-180,,,57.0,Yes,Media Monitoring,06/09/2025,08/26/2026,planned
Central Coweta Industrial Phase II,between Amlajack Boulevard and Coweta Industrial Parkway,Newnan,GA,30265.0,Coweta,33.42518,-84.72857,Proposed,High,"Central Coweta Industrial LLC, Brent Holdings",,,"24,000,000",,Unknown,Sci4GA,10/16/2025,10/16/2025,planned
Project Sail,1534 Welcome Sargent Rd,Newnan,GA,30263.0,Coweta,33.43413,-84.8768,Approved/Permitted/Under construction,High,Atlas Development,936,Hyperscale (100-999 MW),"4,900,000",832.0,Yes,Media Monitoring,11/19/2025,08/15/2026,planned
T5 @ Atlanta IV,299 Palmetto Tyrone Road,Newnan,GA,30265.0,Coweta,33.49088,-84.66487,Operating,High,T5,200,Hyperscale (100-999 MW),"2,950,000",,Unknown,Sci4GA,10/16/2025,10/16/2025,operating
Atlanta-Norcross,2775 Northwoods Parkway NW,Norcross,GA,30071.0,Gwinnett,33.95475,-84.198616,Operating,High,Flexential,2,Small (0-10 MW),"32,740",,Unknown,Sci4GA,10/16/2025,10/16/2025,operating
Equinix Atlanta AT5,2836 Peterson Place NW,Norcross,GA,30071.0,Gwinnett,33.938904,-84.2272,Operating,High,Equinix,,,"21,334",,Unknown,Sci4GA,10/16/2025,10/16/2025,operating
Project Arrowhead,Between Ponderosa and Pinetta Rd,Ocilla,GA,31774.0,Irwin,31.59873,-83.37431,Proposed,High,,1250,"Mega campus (>1,000 MW)","4,220,000",1066.0,Unknown,Media Monitoring,04/22/2026,04/22/2026,planned
Gregory Road Data Center,Gregory Rd and Flat Rock Rd,Oxford,GA,30054.0,Newton,33.65342,-83.8231,Proposed,Medium,,,,"1,400,000",213.0,Unknown,Media Monitoring,06/24/2025,06/24/2025,planned
Palmetto Campus,8600 Tatum Rd,Palmetto,GA,30268.0,Fulton,33.52662,-84.636375,Operating,High,Microsoft,38,Medium (11-50 MW),"250,000",,Unknown,Sci4GA,10/16/2025,10/16/2025,operating
Project Peach,300 Johnston Circle,Palmetto,GA,30263.0,Coweta,33.50277,-84.6692,Proposed,High,"North Coweta Investors, LLC",,,"2,100,000",,Unknown,Media Monitoring,06/25/2025,06/25/2025,planned
T5,Palmetto Tyrone Rd,Palmetto,GA,30122.0,Coweta,33.49292,-84.6615,Proposed,High,,,,"3,000,000",,Unknown,Media Monitoring,06/24/2025,06/24/2025,planned
Project Camelia,Savannah Gateway Industrial Hub,Rincon,GA,31326.0,Effingham,32.265285,-81.24952,Proposed,Medium,Open AI,3200,"Mega campus (>1,000 MW)",,2600.0,Unknown,Media Monitoring,07/22/2026,07/22/2026,planned
Atlas Battey Business Complex,Floyd County,Rome,GA,30161.0,Floyd,34.2664,-85.3029,Proposed,Medium,,500-900,Hyperscale (100-999 MW),,114.0,Yes,Media Monitoring,05/25/2025,05/03/2026,planned
Project Firecracker (Microsoft),Huffaker Rd,Rome,GA,30161.0,Floyd,34.30175,-85.3087,Proposed,Medium,Microsoft,,,,350.0,Unknown,Media Monitoring,05/25/2025,03/11/2026,planned
Project Gracie (Atlas Development),Vann Rd NW,Rome,GA,30161.0,Floyd,34.26722,-85.2995,Proposed,Medium,,,,"2,400,000",,Unknown,Media Monitoring,05/26/2025,03/11/2026,planned
Rome Campus,Huffaker Road NW,Rome,GA,30165.0,Floyd,34.300987,-85.30927,Proposed,High,Microsoft,,,,,Unknown,Sci4GA,10/16/2025,10/16/2025,planned
Cleanspark Sandersville,2015 George J Lyons Pkwy,Sandersville,GA,31082.0,Washington,33.003277,-82.837395,Operating,High,CleanSpark,175,Hyperscale (100-999 MW),,,Unknown,Media Monitoring,07/14/2026,07/14/2026,operating
Athens Shoals Crossing Data Center,0 Voyles Rd / 105 Old Elberton Rd,Shoals Crossing,GA,30601.0,Clarke,33.988262,-83.30194,Proposed,High,Brasfield & Gorrie,,,"75,000",,Unknown,Sci4GA,10/16/2025,10/16/2025,planned
Smyrna GA2,5600 United Drive,Smyrna,GA,30082.0,Cobb,33.841206,-84.522415,Operating,High,365 Data Centers,4,Small (0-10 MW),"100,000",,Unknown,Sci4GA,10/16/2025,10/16/2025,operating
Verizon Atlanta,4000 Highland Parkway SE,Smyrna,GA,30082.0,Cobb,33.8291,-84.503174,Operating,High,Verizon Communications Inc.,1,Small (0-10 MW),,,Unknown,Sci4GA,10/16/2025,10/16/2025,operating
0 Social Circle Parkway Data Center,0 Social Circle Pkwy,Social Circle,GA,30025.0,Walton,33.664944,-83.68987,Proposed,High,"Sailfish Investors Acquisitions, LLC",,,,,Unknown,Sci4GA,10/16/2025,10/16/2025,planned
Stanton Springs Data Center,100 Move Fast Way,Social Circle,GA,30025.0,Newton,33.60278,-83.698616,Expanding,High,Meta,,Hyperscale (100-999 MW),"2,500,000",285.0,Yes,Media Monitoring,10/15/2025,10/15/2025,operating
Westlake,Plumber Road SW & Riverside Dr SW,South Fulton,GA,30331.0,Fulton,33.708332,-84.584564,Operating,High,Vantage Data Centers,113,Hyperscale (100-999 MW),"754,221",,Unknown,Sci4GA,10/16/2025,10/16/2025,operating
Burkhalter Data Center,6539 Burkhalter Rd,Statesboro,GA,30461.0,Bulloch,32.39968,-81.753944,Approved/Permitted/Under construction,High,,,,230000,27.0,Yes,Crowdsourced,08/26/2026,08/26/2026,planned
Edge Presence,695 Brannen St,Statesboro,GA,30461.0,Bulloch,32.43269,-81.76039,Operating,High,Ubiquity,0.1,Small (0-10 MW),360,,Unknown,Sci4GA,10/16/2025,10/16/2025,operating
ATL1 - Atlanta Data Center,305 Satellite Blvd,Suwanee,GA,30024.0,Gwinnett,34.03615,-84.06378,Operating,High,Server Farm Realty,12,Medium (11-50 MW),"153,000",,Unknown,Sci4GA,10/16/2025,10/16/2025,operating
Atlanta Suwanee DC1,300 Satellite Boulevard NW,Suwanee,GA,30024.0,Gwinnett,34.035347,-84.06126,Operating,High,QTS Data Centers,26,Medium (11-50 MW),"385,000",,Unknown,Sci4GA,10/16/2025,10/16/2025,operating
Atlanta Suwanee DC2,120 Satellite Boulevard NW,Suwanee,GA,30024.0,Gwinnett,34.03704,-84.05765,Operating,High,QTS Data Centers,30,Medium (11-50 MW),"376,900",,Unknown,Sci4GA,10/16/2025,10/16/2025,operating
QTS Suwanee,120-300 Satellite Blvd NW,Suwanee,GA,30024.0,Gwinnett,34.03671,-84.06008,Operating,High,,,Hyperscale (100-999 MW),,,Unknown,Media Monitoring,03/13/2026,03/13/2026,operating
Project Bus,near Center Point Rd and Vaughn Rd,Temple,GA,30179.0,Carroll and Haralson,33.709145,-85.06483,Suspended,Medium,Atlas Development,,Hyperscale (100-999 MW),,350.0,Yes,Media Monitoring,02/06/2026,06/08/2026,stalled
Upson County Megasite,795 Windsweep Farm Road,Thomaston,GA,30286.0,Upson,32.885147,-84.24026,Proposed,High,Dominion Capital,,,"3,250,000",,Unknown,Sci4GA,10/16/2025,10/16/2025,planned
Project Azalea,2660-2358 Randall Hunt Rd,Thomson,GA,30824.0,McDuffie,33.453014,-82.39851,Approved/Permitted/Under construction,High,,,,,200.0,Unknown,Media Monitoring,01/13/2026,03/19/2026,planned
Microsoft,GA-74,Tyrone,GA,30290.0,Fayette,33.518105,-84.578316,Proposed,High,,,,"500,000",147.0,Unknown,Media Monitoring,05/05/2026,05/05/2026,planned
Project Rita Campus,2008 Joel Cowan Parkway,Tyrone,GA,30290.0,Fayette,33.517883,-84.57948,Operating,High,Fayette County Development Authority,96,Large (51-99 MW),"1,000,000",,Unknown,Sci4GA,10/16/2025,10/16/2025,operating
ATL03/Red Oak,7170 Red Oak Rd,Union City,GA,30291.0,Fulton,33.56321,-84.5129,Proposed,High,"TA Realty LLC, Brightstar Commercial Properties LLC",150,Hyperscale (100-999 MW),"1,000,000",,Unknown,Media Monitoring,06/24/2025,06/24/2025,planned
Microsoft Data Center,4810 Stonewall Tell R,Union City,GA,30349.0,,33.625,-84.5614,Proposed,High,EdgeConneX,324,Hyperscale (100-999 MW),"2,100,000",,Unknown,Media Monitoring,09/22/2026,09/22/2026,planned
Union City Data Center,State Route 138 and Buffington Road,Union City,GA,30291.0,Fulton,33.562943,-84.5134,Proposed,High,,,,,,Unknown,Sci4GA,10/16/2025,10/16/2025,planned
Valdosta Data Center,Near 4107 Quail Hollow cir,Valdosta,GA,31602.0,Lowndes,30.885855,-83.32822,Proposed,High,Langdale Capital Assets,,,,,Yes,"Sci4GA, Crowdsourced",10/16/2025,10/16/2025,planned
Atlas,S. Van Wert Rd and NE Hickory Level Rd,Villa Rica,GA,30180.0,Carroll,33.70841,-84.9497,Proposed,Medium,,,,,,Unknown,Media Monitoring,05/26/2025,03/11/2026,planned
Avemore GA LLC Data Center,55 Goldworth Rd,Villa Rica,GA,30180.0,Carroll,33.70459,-84.94,Proposed,High,Atlanta Development,,,"350,000",428.0,Unknown,Media Monitoring,05/26/2025,03/11/2026,planned
EdgeConneX Data Center/ Hickman Property,I-20 and Clinton Rd,Villa Rica,GA,30180.0,Douglas,33.707703,-84.86278,Suspended,High,"EdgeConnex, East Village Donthan LLC",,Hyperscale (100-999 MW),"4,400,000",700.0,Unknown,Sci4GA,10/16/2025,07/11/2026,stalled
Robins Air Force Base Data Center,Pike Avenue & South Perimeter Road,Warner Robins,GA,31098.0,Houston,32.6389,-83.592094,Proposed,Medium,,,,,,Unknown,Media Monitoring,10/21/2025,10/21/2025,planned
Stream Atlanta West Data Center,Jason Industrial Parkway and N Baggett Road,Winston,GA,30187.0,Douglas,33.739944,-84.80678,Operating,High,Stream Data Centers,240,Hyperscale (100-999 MW),"1,343,700",,Unknown,Sci4GA,10/16/2025,10/16/2025,operating
Mililani Technology Park,100 Kahelu Ave,Mililani,HI,96789.0,Honolulu,21.480452,-158.02138,Expanding,Medium,,,,"30,000",,Unknown,Media Monitoring,02/20/2026,02/20/2026,operating
Applied Digital,1260 Fallow Ave,Adair,IA,50002.0,Adair,41.46419,-94.6051,Proposed,High,,200,Hyperscale (100-999 MW),,,Unknown,Media Monitoring,06/09/2025,06/09/2025,planned
Edged DSM01-1 Data Center,9100 SE Four Mile Dr,Ankeny,IA,50021.0,Polk,41.65646,-93.5616,Approved/Permitted/Under construction,High,Edged,13,Medium (11-50 MW),"100,000",17.0,Unknown,Media Monitoring,06/14/2025,11/30/2025,planned
Simple Mining,Cascade Industrial Park,Cascade,IA,52033.0,Dubuque,42.2922,-91.0185,Proposed,Medium,,,,"6,400",,Unknown,Media Monitoring,04/02/2026,04/02/2026,planned
Simple Mining,Viking Rd and S. Union Rd,Cedar Falls,IA,50613.0,Black Hawk,42.480602,-92.48979,Proposed,Medium,,,,,38.0,Yes,Media Monitoring,04/02/2026,04/02/2026,planned
Cedar Rapids Google Data Center,5420 Edgewood Rd SW,Cedar Rapids,IA,52404.0,Linn,41.90651,-91.7155,Proposed,High,Google,,,,,Unknown,Media Monitoring,05/24/2025,05/24/2025,planned
Council Bluffs Google Data Center,1430 Veterans Memorial Hwy,Council Bluffs,IA,51501.0,Pottawattamie,41.22147,-95.864914,Operating,High,Google,,,"2,890,000",,Unknown,Media Monitoring,11/30/2025,11/30/2025,operating
Edged Data Center,2130 E Kanesville Blvd,Council Bluffs,IA,51503.0,Pottawattamie,41.27521,-95.8246,Approved/Permitted/Under construction,High,Edged,200,Hyperscale (100-999 MW),"570,000",,Unknown,Media Monitoring,06/09/2025,09/22/2026,planned
Project Osmium,5855 SW Kerry St,Cumming,IA,50061.0,Warren,41.49686,-93.7887,Operating,High,Microsoft,,,"1,700,000",,Unknown,Media Monitoring,08/13/2025,08/13/2025,operating
Project Ruthenium,near 3320 110th St,Cumming,IA,50062.0,Madison,41.49467,-93.8046,Proposed,Medium,Microsoft,100-200,Hyperscale (100-999 MW),"245,000",103.0,Unknown,Media Monitoring,08/13/2025,08/13/2025,planned
Jackson County Data Center,off Hwy 61,Delmar,IA,52037.0,Clinton,42.02969,-90.659424,Proposed,Medium,,,,,46.0,Yes,Media Monitoring,07/11/2026,07/11/2026,planned
Cielo Digital Infrastructure,U.S. Highway 65 & Iowa Highway 5,Des Moines,IA,50320.0,Polk,41.57011,-93.5839,Proposed,Low,,150,Hyperscale (100-999 MW),,166.0,Unknown,Media Monitoring,06/24/2025,06/24/2025,planned
Dubuque Data Center,3501 Digital Dr,Dubuque,IA,52003.0,Dubuque,42.44434,-90.679,Operating,High,Windstream,,Small (0-10 MW),"14,612",,Unknown,Media Monitoring,05/27/2025,03/11/2026,operating
Karis Data Center,Near Dubuque Regional Airport,Dubuque,IA,52003.0,Dubuque,42.401558,-90.72211,Proposed,Medium,Karis,,,,,Yes,Media Monitoring,06/29/2026,06/29/2026,planned
QTS Fairfax Data Center,3400 76th Ave SW,Fairfax,IA,52228.0,Linn,41.89881,-91.7211,Approved/Permitted/Under construction,Medium,,,,"300,000",612.0,Unknown,Media Monitoring,07/30/2025,07/30/2025,planned
Project West,"South of Delaware St, west of Rt 28",Norwalk,IA,50211.0,Warren,41.458225,-93.70044,Proposed,High,Tract Data Centers,,,,282.0,Yes,Media Monitoring,03/20/2026,03/20/2026,planned
MidAmerican Data Center,"260th Street, between Charles Ave and Old Highway 75",Salix,IA,51052.0,Woodbury,42.330082,-96.272316,Proposed,Medium,,,,,900.0,Yes,Media Monitoring,06/29/2026,08/04/2026,planned
IA01 Data Center,390 N Alice's Road,Waukee,IA,50263.0,Dallas,41.6204,-93.854,Expanding,High,US Signal,2,Small (0-10 MW),"20,000",,Unknown,Media Monitoring,06/09/2025,03/11/2026,operating
DSM14,3655 SE Soteria Ave,West Des Moines,IA,50265.0,Polk,41.51406,-93.7142,Approved/Permitted/Under construction,High,Microsoft,,,"184,600",,Unknown,Media Monitoring,08/13/2025,11/30/2025,planned
Project Alluvion,550 White Crane Rd,West Des Moines,IA,50265.0,Polk,41.51533,-93.7107,Operating,High,Microsoft,,,"1,000,000",,Unknown,Media Monitoring,08/13/2025,08/13/2025,operating
Project Ginger East (Microsoft),near 1475 Maffitt Lake Rd,West Des Moines,IA,50265.0,Polk,41.51475,-93.7212,Proposed,Medium,Microsoft,200,Hyperscale (100-999 MW),"1,800,000",130.0,Unknown,Media Monitoring,08/13/2025,08/13/2025,planned
Project Ginger West,11100 Booneville Rd,West Des Moines,IA,50266.0,Dallas,41.5346,-93.8656,Approved/Permitted/Under construction,High,Microsoft,200,Hyperscale (100-999 MW),"1,800,000",180.0,Unknown,Media Monitoring,08/13/2025,08/13/2025,planned
Project Mountain,8855 Grand Ave,West Des Moines,IA,50266.0,Dallas,41.53982,-93.8242,Operating,High,Microsoft,,,,,Unknown,Media Monitoring,08/13/2025,08/13/2025,operating
Deep Atomic Data Center,Idaho National Laboratory,Idaho Falls,ID,83415.0,Bonneville,43.51967,-112.04594,Proposed,Medium,,60,Large (51-99 MW),,,Yes,Media Monitoring,12/08/2025,02/27/2026,planned
Diode Ventures,S Locust Grove and Barker Rds/ Gemstone Technology Park,Kuna,ID,83634.0,Ada,43.45075,-116.36337,Approved/Permitted/Under construction,Medium,Diode Ventures,,,,620.0,Yes,Media Monitoring,09/05/2026,09/05/2026,planned
Meta Data Center,6990 Kuna-Mora Rd,Kuna,ID,83634.0,Ada,43.466866,-116.27231,Approved/Permitted/Under construction,High,Meta,,,960000,485.0,Unknown,Media Monitoring,09/05/2026,09/05/2026,planned
Lex Developments Data Center,Hoku Way,Pocatello,ID,83204.0,Bannock,42.89649,-112.49562,Suspended,High,,100,Hyperscale (100-999 MW),"700,000",,Yes,Media Monitoring,07/14/2026,07/21/2026,stalled
Edged Data Center,2835 Bilter Road,Aurora,IL,60502.0,DuPage,41.80707,-88.24102,Approved/Permitted/Under construction,High,Edged,72,Large (51-99 MW),,,Unknown,Media Monitoring,11/26/2025,11/26/2025,planned
US Signal Data Center,4267 Meridian Pkwy,Aurora,IL,60504.0,DuPage,41.772236,-88.21706,Operating,High,,1.35-6,Small (0-10 MW),"33,000",,Unknown,Media Monitoring,03/04/2026,04/27/2026,operating
Barrington Hills Data Center,Pond Gate Dr & Penny Rd,Barrington Hills,IL,60010.0,Cook,42.102898,-88.228096,Cancelled,High,,,,,,Yes,Media Monitoring,02/16/2026,02/26/2026,stalled
Western Hospitality Partners Data Center,near Interstate 55 and Reed Rd,Braidwood/ Braceville,IL,60407.0,Will,41.256397,-88.2417,Suspended,High,,,,,,Unknown,Media Monitoring,01/26/2026,01/26/2026,stalled
300 West Adams Data Center,300 W Adams St,Chicago,IL,60606.0,Cook,41.879948,-87.635544,Proposed,High,,,,"240,000",,Unknown,Media Monitoring,08/10/2026,08/10/2026,planned
HydraVault Data Center,2538 S Wabash Ave,Chicago,IL,60616.0,Cook,41.84624,-87.6257,Approved/Permitted/Under construction,High,,20,Medium (11-50 MW),,,Yes,Media Monitoring,09/17/2025,02/11/2026,planned
DKL Meta Data Center,2002 E Gurler Rd,DeKalb,IL,60115.0,DeKalb,41.89183,-88.7238,Operating,High,Meta,,Hyperscale (100-999 MW),,,Unknown,Crowdsourced,06/15/2026,06/15/2026,operating
Karis Critical Data Center,E Gurler and S Peace Rds,DeKalb,IL,60115.0,DeKalb,41.894,-88.7222,Proposed,Medium,,,,"1,750,000",132.0,Unknown,Media Monitoring,09/03/2025,09/03/2025,planned
Meta DeKalb Data Center,near Devonaire Pkwy and S. Malta Rd,DeKalb,IL,60115.0,DeKalb,41.92591,-88.79564,Approved/Permitted/Under construction,Medium,Meta,250,Hyperscale (100-999 MW),,,Unknown,Media Monitoring,06/15/2026,06/15/2026,planned
Karis Data Center,4800 W Higgins Rd,Dundee,IL,60118.0,Cook,42.07725,-88.19533,Cancelled,High,Karis,,,,186.0,Yes,Media Monitoring,07/06/2026,07/06/2026,stalled
Gail Technology Data Center,15244 E. 1700th Avenue,Effingham,IL,62401.0,Effingham,39.16273,-88.518654,Proposed,High,Gail Technology,,,,,Unknown,Media Monitoring,01/01/2026,01/01/2026,planned
Aligned,101 Northwest Point Blvd,Elk Grove Village,IL,60007.0,Cook,42.03573,-87.9766,Proposed,High,,,,"50,000",,Unknown,Media Monitoring,06/19/2025,06/19/2025,planned
Aligned,141 Northwest Point Blvd,Elk Grove Village,IL,60007.0,Cook,42.03674,-87.9827,Proposed,High,,,,"115,000",,Unknown,Media Monitoring,06/19/2025,06/19/2025,planned
Aligned,50 Northwest Point Blvd,Elk Grove Village,IL,60007.0,Cook,42.03374,-87.9824,Proposed,High,,,,"177,000",,Unknown,Media Monitoring,06/19/2025,06/19/2025,planned
Nexstar Media Group Data Center,720 Rohlwing Rd,Elk Grove Village,IL,60007.0,Cook,42.01142,-88.0317,Proposed,High,,,,"700,000",,Unknown,Media Monitoring,06/19/2025,06/19/2025,planned
Stream Data Center,700 Roppolo Dr,Elk Grove Village,IL,60007.0,Cook,42.01401,-87.95375,Proposed,High,,,,,,Unknown,Media Monitoring,06/19/2025,06/19/2025,planned
Stream Data Center: Chicago 1,2080 Lunt Ave,Elk Grove Village,IL,60007.0,Cook,42.00269,-87.9518,Operating,High,,15,Medium (11-50 MW),"126,689",,Unknown,Media Monitoring,06/19/2025,03/11/2026,operating
Stream Data Center: Chicago 2,1925 Busse Road,Elk Grove Village,IL,60007.0,Cook,41.99923,-87.9578,Operating,High,,32,Medium (11-50 MW),"226,000",,Unknown,Media Monitoring,06/19/2025,03/11/2026,operating
T5 Data Center,200 Innovation Dr,Elk Grove Village,IL,60007.0,Cook,42.02308,-87.9757,Approved/Permitted/Under construction,High,,36,Medium (11-50 MW),"250,000",,Unknown,Media Monitoring,05/27/2025,03/11/2026,planned
T5 Grayslake Data Center,30907 North Alleghany Rd,Grayslake,IL,60030.0,Lake,42.313198,-88.04308,Approved/Permitted/Under construction,High,T5,480,Hyperscale (100-999 MW),10000000,473.0,Yes,Crowdsourced,09/10/2026,09/10/2026,planned
Western Hospitality Partners Data Center,"Lutticken Farm,  between IL Hwy 98 and Sheridan Rd",Groveland Twp,IL,61554.0,Tazewell,40.59457,-89.590225,Cancelled,High,,,,,320.0,Unknown,Media Monitoring,01/26/2026,05/17/2026,stalled
Joliet Technology Center,S Rowell Rd & W Bernhard Rd,Jackson Twp/ Joliet,IL,60421.0,Will,41.465225,-88.06284,Approved/Permitted/Under construction,High,PowerHouse,1800,"Mega campus (>1,000 MW)","3,468,000",795.0,Yes,Media Monitoring,03/13/2026,07/25/2026,planned
Hut8 Data Center,Hwy 121,Latham/ Laenna Twp,IL,62548.0,Logan,39.97475,-89.19171,Proposed,Medium,Hut 8,500,Hyperscale (100-999 MW),"1,000,000",250.0,Yes,Media Monitoring,02/03/2026,02/03/2026,planned
Cloud Centers Data Center,711 Ogden Avenue,Lisle,IL,60532.0,DuPage,41.801693,-88.06276,Proposed,High,Cloud Centers,50,Medium (11-50 MW),"256,000",,Yes,Media Monitoring,01/23/2026,01/23/2026,planned
CyrusOne Data Center,1850 Springer Dr,Lombard,IL,60148.0,DuPage,41.84915,-88.0291,Approved/Permitted/Under construction,High,CyrusOne,18,Medium (11-50 MW),"500,000",,Unknown,Media Monitoring,05/27/2025,03/24/2026,planned
Cielo Digital Infrastructure,Ridge Road & Holt Road,Minooka,IL,60447.0,Grundy,41.45592,-88.2842,Proposed,Low,,500,Hyperscale (100-999 MW),,159.0,Unknown,Media Monitoring,06/24/2025,06/24/2025,planned
Tract Morris Data Center,"Morris Technology Park, 7659-7471 County Rd 2000 E",Morris,IL,60450.0,Grundy,41.39786,-88.37636,Proposed,High,Tract Data Centers,"1,000","Mega campus (>1,000 MW)","2,900,000",343.0,Unknown,Media Monitoring,01/19/2026,04/22/2026,planned
Karis Critical Data Center,1960 Lucent Lane,Naperville,IL,60563.0,DuPage,41.81113,-88.1191,Cancelled,High,,36,Medium (11-50 MW),"145,000",,Yes,Media Monitoring,09/03/2025,02/13/2026,stalled
Karis Data Center,150 W. Warrenville Rd,Naperville,IL,60563.0,DuPage,41.8113,-88.15195,Proposed,High,,,,,168.0,Unknown,Media Monitoring,06/23/2026,06/23/2026,planned
Cielo Digital Infrastructure,South Gougar Road & West Haven Avenue,New Lenox,IL,60541.0,Will,41.51055,-87.969,Proposed,Low,,350,Hyperscale (100-999 MW),,141.0,Unknown,Media Monitoring,06/24/2025,06/24/2025,planned
ORD-01 Data Center,505 Northwest Ave,Northlake,IL,60164.0,Cook,41.91402,-87.9177,Operating,High,Aligned Data Centers,42,Medium (11-50 MW),"220,000",,Unknown,Media Monitoring,06/19/2025,03/24/2026,operating
ORD-02 Data Center,501 Northwest Ave,Northlake,IL,60164.0,Cook,41.91273,-87.9172,Approved/Permitted/Under construction,High,Aligned Data Centers,,,,,Unknown,Media Monitoring,06/19/2025,03/24/2026,planned
North Pekin Data Center,1224 Edgewater Dr,North Pekin,IL,61554.0,Tazewell,40.602745,-89.629776,Cancelled,High,North 52,,,,,Unknown,Media Monitoring,06/11/2026,06/11/2026,stalled
Eagle Rock Data Center," E 1100 North Road, west of N 900 East Road, north of County Road 1000 North, and east of N 800 East Road",Palmer,IL,62556.0,Christian,39.504627,-89.37614,Proposed,Medium,Eagle Rock,"1,000","Mega campus (>1,000 MW)",,475.0,Yes,Media Monitoring,06/07/2026,06/07/2026,planned
Robbins Incinerator Data Center,13400 S Kedzie Ave,Robbins,IL,60472.0,Cook,41.649864,-87.70105,Proposed,High,,,,,16.0,Unknown,Media Monitoring,06/24/2026,06/24/2026,planned
Whiterose Partners LLC Data Center,33W 304 Kenyon Rd,South Elgin,IL,60177.0,Kane,42.00265,-88.269684,Proposed,High,,48,Medium (11-50 MW),"200,000",9.0,Yes,Media Monitoring,07/21/2026,07/21/2026,planned
Troy Cloverleaf Data Center,between Collinsville and Formosa Rds,Troy,IL,62294.0,Madison,38.725338,-89.909645,Proposed,High,Cloverleaf,500,Hyperscale (100-999 MW),"1,584,000",300.0,Yes,Media Monitoring,02/06/2026,02/27/2026,planned
CyrusOne,13251-13627 Thayer Rd,Waverly/ Talkington Twp,IL,62692.0,Sangamon,39.54828,-89.89837,Approved/Permitted/Under construction,High,CyrusOne,632,Hyperscale (100-999 MW),"250,000",280.0,Yes,Media Monitoring,02/03/2026,05/05/2026,planned
CyrusOne Data Center,Off Faxon and Beecher Rds,Yorkville,IL,60560.0,Kendall,41.68361,-88.4681,Proposed,High,CyrusOne,,,"740,000",128.0,Unknown,Media Monitoring,09/23/2025,09/23/2025,planned
CyrusOne Data Center,11709 Faxon Rd,Yorkville,IL,60545.0,Kendall,41.6759,-88.4834,Approved/Permitted/Under construction,High,CyrusOne,,,,,Unknown,Media Monitoring,09/23/2025,09/23/2025,planned
IND1,701 Congressional Blvd,Carmell,IN,46032.0,Hamilton,39.96264,-86.1456,Operating,High,,4.4,Small (0-10 MW),"53,000",,Unknown,Media Monitoring,09/02/2025,09/02/2025,operating
QLevr Data Center,1800 Cristiani Parkway,Charlestown,IN,47111.0,Clark,38.4303,-85.67671,Proposed,High,,3,Small (0-10 MW),"60,000",12.0,Yes,Media Monitoring,06/12/2026,06/12/2026,planned
Provident Realty Advisors,1110 Pearson Rd,Chesteron,IN,46304.0,Porter,41.59884,-87.094,Cancelled,High,,,,,,Yes,Media Monitoring,05/23/2025,05/23/2025,stalled
DartPoints Data Center,2425 Technology Blvd,Columbus,IN,47201.0,Bartholomew,39.18256,-85.8968,Operating,High,,,,"86,400",,Unknown,Media Monitoring,09/18/2025,09/18/2025,operating
Karis Critical Data Center,E 101st Ave,Crown Point,IN,46307.0,Lake,41.43521,-87.3099,Proposed,Medium,,,,,181.0,Unknown,Media Monitoring,09/03/2025,09/03/2025,planned
Wylie Capital Data Center,Broadway and E 93rd Ave,Crown Point,IN,46307.0,Lake,41.44693,-87.3319,Proposed,Medium,,,,"1,200,000",,Unknown,Media Monitoring,09/03/2025,09/03/2025,planned
Sabey Data Center,Kentucky Ave and Camby Rd,Decatur,IN,46221.0,Marion,39.666195,-86.30182,Proposed,High,,250,Hyperscale (100-999 MW),"900,000",138.0,Unknown,Media Monitoring,04/02/2026,04/02/2026,planned
Project Zodiac,near E Paulding Rd & Adams Ctr Rd,Fort Wayne,IN,46816.0,Allen,41.03761,-85.0481,Approved/Permitted/Under construction,Medium,Google,200-400,Hyperscale (100-999 MW),,700.0,Yes,Media Monitoring,09/23/2025,11/30/2025,planned
Logistix Data Center,,Frankfort,IN,46041.0,Clinton,40.3066,-86.5855,Suspended,Medium,,300,Hyperscale (100-999 MW),,833.0,Yes,Media Monitoring,09/23/2025,09/23/2025,stalled
Granger Data Center Expansion,Granger area (near New Carlisle),Granger,IN,46530.0,St. Joseph,41.72418,-86.1341,Proposed,High,Microsoft,,,,900.0,Unknown,Media Monitoring,05/14/2025,03/24/2026,planned
Jumping Bison LLC Data Center,near 2620 N County Rd 250 W,Greensburg,IN,47240.0,Decatur,39.37664,-85.5201,Proposed,High,,,Hyperscale (100-999 MW),,550.0,Yes,Crowdsourced,09/09/2025,02/12/2026,planned
CoreWeave,301 Digital Crossroads Dr,Hammond,IN,46320.0,Lake,41.70514,-87.5191,Proposed,High,,180,Hyperscale (100-999 MW),"450,000",,Unknown,Media Monitoring,06/14/2025,06/14/2025,planned
Digital Crossroad Data Center,100 Digital Crossroad Drive,Hammond,IN,46320.0,Lake,41.70743,-87.5205,Operating,High,,,,,,Unknown,Media Monitoring,05/27/2025,03/24/2026,operating
Project Redline,,Hancock County,IN,46140.0,Hancock,39.82814,-85.7803,Proposed,Low,,,,,,Unknown,Media Monitoring,06/28/2025,06/28/2025,planned
Sentinel Data Center: Project Shirley,Clay St and Hwy 2,Hebron,IN,46341.0,Lake,41.28743,-87.2737,Proposed,High,Sentinel,500,Hyperscale (100-999 MW),,160.0,Yes,Crowdsourced,05/12/2026,05/12/2026,planned
Hobart Data Center,E 61st Ave and Colorado St,Hobart,IN,46342.0,Lake,41.50489,-87.28408,Approved/Permitted/Under construction,High,Amazon,2400,"Mega campus (>1,000 MW)",,900.0,Yes,Media Monitoring,05/26/2025,03/24/2026,planned
American Tower/ ATC Watertown LLC/ Edge Data Center,7701 Walnut Dr,Indianapolis,IN,46268.0,Marion,39.894096,-86.20275,Suspended,High,,4,Small (0-10 MW),"20,000",7.0,Yes,Media Monitoring,02/15/2026,02/15/2026,stalled
Brightwood Data Center,2505 N Sherman Dr,Indianapolis,IN,46218.0,Marion,39.80434,-86.1023,Approved/Permitted/Under construction,High,Metrobloks,,,,14.0,Yes,Media Monitoring,09/19/2025,04/09/2026,planned
Lifeline Data Center,401 Shadeland Ave,Indianapolis,IN,46219.0,Marion,39.77702,-86.0434,Operating,High,,,,,,Unknown,Media Monitoring,05/27/2025,03/24/2026,operating
Netrality Data Center,733 W Henry St # 100,Indianapolis,IN,46225.0,Marion,39.75977,-86.1723,Operating,High,,,,,,Unknown,Media Monitoring,05/27/2025,05/27/2025,operating
Thunderbird Commerce Center Project,305 Fintail Dr,Indianapolis,IN,46219.0,Marion,39.76848,-86.05339,Approved/Permitted/Under construction,High,DC Blox,100,Hyperscale (100-999 MW),"320,000",,Yes,Media Monitoring,04/15/2026,07/21/2026,planned
US Signal Data Center,6325 Morenci Trail,Indianapolis,IN,46268.0,Marion,39.87038,-86.2369,Operating,High,,,,"9,600",,Unknown,Media Monitoring,05/27/2025,03/26/2025,operating
Meta Data Center,behind 300 Corporate Dr Suite 300,Jeffersonville,IN,47130.0,Clark,38.36471,-85.66,Approved/Permitted/Under construction,Medium,Meta,,Hyperscale (100-999 MW),"700,000",619.0,Unknown,Media Monitoring,05/27/2025,02/20/2026,planned
Microsoft LaPorte Data Center,"Radius Industrial Park, 300 Boyd Blvd",LaPorte,IN,46350.0,LaPorte,41.58093,-86.6924,Approved/Permitted/Under construction,High,Microsoft,,"Mega campus (>1,000 MW)","1,000,000",489.0,Unknown,Media Monitoring,05/26/2025,06/22/2026,planned
Project Domino,,Lebanon,IN,46052.0,Boone,40.05408,-86.538,Approved/Permitted/Under construction,High,Meta,1000,"Mega campus (>1,000 MW)",,1500.0,Unknown,Media Monitoring,05/27/2025,02/20/2026,planned
Prologis,3375-3001 W 700 N,Leesburg,IN,46538.0,Kosciusko,41.334984,-85.90404,Cancelled,High,,,Hyperscale (100-999 MW),,550.0,Yes,Media Monitoring,11/19/2025,11/19/2025,stalled
Jefferson Proving Ground Data Center,1661 W JPG Niblo Rd,Madison,IN,47250.0,Jefferson,38.83886,-85.413666,Proposed,Low,,,,,,Unknown,Crowdsourced,05/19/2026,05/19/2026,planned
Surge Development LLC,N 400 W and W 500 N County Rds,McCordsville,IN,46055.0,Hancock,39.8564,-85.8785,Cancelled,High,,,,,,Unknown,Media Monitoring,05/14/2025,05/14/2025,stalled
Province Group Data Center,Merrillville Technology Park (Harms Rd and Colorado St),Merrillville,IN,46410.0,Lake,41.45333,-87.3033,Proposed,Medium,,,,"1,000,000",,Unknown,Media Monitoring,09/03/2025,09/03/2025,planned
Project Maize,402 Royal Rd,Michigan City,IN,46360.0,LaPorte,41.57408,-86.7276,Proposed,High,Google,,,,,Unknown,Media Monitoring,07/15/2025,04/22/2026,planned
Project Louie,"between Keller Hill Road, North Antioch Road, Indiana 42, and West Union Church Rds",Monroe Township,IN,46158.0,Morgan,39.59592,-86.4602,Proposed,High,,,,,391.0,Unknown,Media Monitoring,05/27/2025,05/27/2025,planned
Project Flo,"South Post Road, East Troy Avenue, Davis Road and Vandergriff Rds",New Bethel/ Indianapolis,IN,46239.0,Marion,39.72007,-85.9992,Suspended,High,"Deep Meadow Ventures, LLC/Google",,,,467.0,Unknown,Media Monitoring,08/25/2025,08/25/2025,stalled
Mall-O-Manor LLC Data Center,"South of Chicago Trail, east of Timothy rd, west of Spruce Rd",New Carlisle,IN,46553.0,St. Joseph,41.72029,-86.4905,Suspended,High,,,Hyperscale (100-999 MW),,999.0,Yes,Media Monitoring,09/23/2025,12/10/2025,stalled
New Carlisle Data Center,Early and Walnut Rds,New Carlisle,IN,46552.0,St. Joseph,41.68848,-86.4736,Operating,High,Amazon,2200,"Mega campus (>1,000 MW)",,1200.0,Unknown,Media Monitoring,05/14/2025,01/01/2026,operating
Radius Data Center,AllPoints Pkwy,Plainfield,IN,46123.0,Hendricks,39.741596,-86.36464,Proposed,High,,,,"201,000",31.0,Yes,Media Monitoring,01/06/2026,01/13/2026,planned
Provident Realty Advisors Data Center,100 Worthington Dr,Porter,IN,46304.0,Porter,41.61319,-87.1014,Proposed,Medium,,,,,102.0,Unknown,Media Monitoring,08/25/2025,08/25/2025,planned
Prologis Shelbyville Data Center,South of 3878 IN-44,Shelbyville,IN,46176.0,Shelby,39.529045,-85.71126,Cancelled,High,,"5,200-10,000","Mega campus (>1,000 MW)",,576.0,Yes,Media Monitoring,01/06/2026,07/25/2026,stalled
Sullivan County Data Center,"Between County Road 400 West and Merom, Heartland Industrial Park Generating Station",Sullivan,IN,47882.0,Sullivan,39.06341,-87.493484,Proposed,Medium,Fluidstack,430,Hyperscale (100-999 MW),,1000.0,Yes,Media Monitoring,08/12/2026,08/12/2026,planned
Jeremiah A QTS Data Center,Along W 450 N,Union Township,IN,43642.0,Porter,41.50386,-87.2014,Suspended,High,,,,,400.0,Unknown,Media Monitoring,09/16/2025,09/16/2025,stalled
Jeremiah B QTS Data Center,Along W 450 N,Union Township,IN,43642.0,Porter,41.49809,-87.1875,Suspended,High,,,,,400.0,Unknown,Media Monitoring,09/16/2025,09/16/2025,stalled
Agincourt,Between County Road 400 North and County Road 500 North,Valparaiso,IN,46383.0,Porter,41.50217,-87.01344,Suspended,Medium,,,Hyperscale (100-999 MW),"2,400,000",248.0,Yes,Media Monitoring,11/19/2025,11/19/2025,stalled
Amazon Data Center,2723 E 1500 N,Wheatfield,IN,46392.0,Jasper,41.22792,-87.00762,Proposed,High,Amazon,,,,304.0,Unknown,Media Monitoring,06/12/2026,06/12/2026,planned
"Blue Ladder Data Center ""Project Wolcott""",South of Hwy 24,Wolcott,IN,47995.0,White,40.76224,-87.089355,Proposed,Medium,Blue Ladder,,,"1,310,448",322.0,Unknown,Media Monitoring,07/12/2026,07/12/2026,planned
Digital Realty Data Center,W 103rd St & Lexington Ave,DeSoto,KS,66018.0,Johnson,38.945038,-94.99129,Proposed,High,Digital Realty,600-2000,,"3,000,000",1140.0,Unknown,Media Monitoring,06/22/2026,06/22/2026,planned
Mount Sunflower Properties LLC Data Center,38362 W 103rd St,DeSoto,KS,66018.0,Johnson,38.94522,-95.0297,Proposed,High,,,,"1,000,000",,Unknown,Media Monitoring,08/30/2025,08/30/2025,planned
Project Pilot,"Edgerton Rd, south of Hwy 10",DeSoto,KS,66018.0,Johnson,38.94633,-95.02935,Approved/Permitted/Under construction,High,Beale Infrastructure,,,,290.0,Unknown,Media Monitoring,01/13/2026,05/05/2026,planned
DAMAC Data Center,32880 W 191st St,Edgerton,KS,66021.0,Johnson,38.783928,-94.966125,Proposed,Medium,DAMAC,,,,,Unknown,Media Monitoring,07/21/2026,07/21/2026,planned
Flint Hills Digital Campus,Hwy 150,Emporia,KS,66801.0,Lyon,38.411648,-96.250404,Proposed,Medium,,"1,000","Mega campus (>1,000 MW)",,,Unknown,Media Monitoring,06/23/2026,06/23/2026,planned
Red Wolf Properties,13037 Parallel Pkwy,Kansas City,KS,66109.0,Wyandotte,39.12852,-94.8801,Proposed,High,,600,Hyperscale (100-999 MW),"1,980,000",540.0,Yes,Media Monitoring,08/25/2025,11/15/2025,planned
Alcove Development Data Center,"Betw Hwy 169, 335th St., and Osawatomie Rd",Osawatomie,KS,66064.0,Miami,38.516045,-94.931076,Proposed,Medium,,50,Hyperscale (100-999 MW),"600,000",115.0,Unknown,Media Monitoring,03/05/2026,03/05/2026,planned
HyperDataGrid Data Center,East of Hwy 59,Parsons,KS,67357.0,Labette,37.382133,-95.25672,Proposed,High,HyperDataGrid,20,Medium (11-50 MW),,20.0,Unknown,Media Monitoring,07/11/2026,07/11/2026,planned
LFF Industrial,S Steward Rd,Rochelle,IL,61068.0,Ogle,41.899555,-89.04816,Suspended,High,,48,Hyperscale (100-999 MW),,75.0,Yes,Media Monitoring,04/01/2026,04/01/2026,stalled
Colossus Data Center,191st St. and Renner Rd,Spring Hill,KS,66062.0,Johnson,38.781784,-94.77902,Cancelled,High,,,,,316.0,Unknown,Media Monitoring,03/13/2026,03/13/2026,stalled
Project Bluestem (pre-proposal),15258 222nd St,Tonganoxie,KS,66086.0,Leavenworth,39.07509,-95.0887,Pre-proposal,High,Cloverleaf Infrastructure,600-1200,"Mega campus (>1,000 MW)","3,000,000",2000.0,Yes,Crowdsourced,07/14/2026,07/14/2026,planned
Muskie Data Campus Data Center,Technology Dr,Ashland,KY,41102.0,Boyd,38.399708,-82.79701,Proposed,Medium,TeraWulf,500,"Mega campus (>1,000 MW)",,285.0,Yes,Media Monitoring,05/26/2026,08/10/2026,planned
PowerHouse Data Centers,Green Bottom Rd,Carollton,KY,41008.0,Carroll,38.634716,-85.12583,Proposed,High,,,,,550.0,Unknown,Media Monitoring,07/27/2026,07/27/2026,planned
Kentucky Industrial Alliance LLC Data Center,2001 Doyle Ave,Cave City,KY,42127.0,Barren,37.131542,-85.97648,Suspended,High,Kentucky Industrial Alliance LLC,"1,200","Mega campus (>1,000 MW)","2,000,000",380.0,Yes,Media Monitoring,06/29/2026,06/29/2026,stalled
Ekron Data Center,25025 Joe Prather Hwy,Ekron,KY,40117.0,Meade,37.90755,-86.10922,Cancelled,High,,,,,138.0,Yes,Media Monitoring,11/16/2025,11/16/2025,stalled
TenKey LandCo,"Steele Rd, Gateway 65 Industrial Park",Franklin,KY,24134.0,Simpson,36.66604,-86.57219,Approved/Permitted/Under construction,Medium,,,,"600,000",,Yes,Media Monitoring,03/14/2026,03/14/2026,planned
Mercer County Data Center,Bailey Pike and Handy Pike,Harrodsburg,KY,40330.0,Mercer,37.769886,-84.77884,Proposed,High,Jones Lang Sallee (Gray Construction?),645,Hyperscale (100-999 MW),,555.0,Yes,Crowdsourced,02/25/2026,02/25/2026,planned
"Panattoni Data Center ""Project Bluegrass""",near Bailey Pike,Harrodsburg/ Burgin,KY,40330.0,Mercer,37.76741,-84.781586,Proposed,High,Panattoni,,Hyperscale (100-999 MW),,900.0,Yes,Media Monitoring,07/28/2026,07/28/2026,planned
TeraWulf Data Center,1627 State Rte 3543,Hawesville,KY,42348.0,Hancock,37.941345,-86.78807,Proposed,High,TeraWulf,480,Hyperscale (100-999 MW),,250.0,Unknown,Media Monitoring,02/03/2026,07/06/2026,planned
Sphere 3D Data Center,N. Campbell St,Hopkinsville,KY,42240.0,Christian,36.870472,-87.48014,Proposed,High,,15,Medium (11-50 MW),,,Yes,Media Monitoring,08/24/2026,08/31/2026,planned
Jenkins KY Data Center (pre-proposal),999 Gateway Industrial Park Dr,Jenkins,KY,41537.0,Letcher,37.163635,-82.65718,Pre-proposal,High,,,,,100.0,Unknown,Media Monitoring,07/21/2026,07/21/2026,planned
Brookfield Data Center,5600 Hobbs Rd/ Kentucky Gaseous Diffusion Plant,Kevil,KY,42053.0,McCracken,37.10882,-88.81249,Proposed,Medium,,1200,"Mega campus (>1,000 MW)",,750.0,Unknown,Media Monitoring,07/29/2026,07/29/2026,planned
Project Lincoln: OC Data Center,3557 KY-53,La Grange,KY,40031.0,Oldham,38.444557,-85.397995,Cancelled,High,,600,Hyperscale (100-999 MW),,267.0,Yes,Media Monitoring,11/16/2025,11/16/2025,stalled
Project Lincoln: OC Data Center (second version),3210 D W. Griffith Ln,La Grange,KY,40031.0,Oldham,38.39444,-85.4094,Proposed,High,WHP,,Hyperscale (100-999 MW),"2,500,000",,Yes,Media Monitoring,07/06/2025,11/19/2025,planned
Lexington Data center,151 Martin Luther King Blvd,Lexington,KY,40508.0,Fayette,38.04255,-84.4997,Operating,High,,,,"108,912",,Unknown,Media Monitoring,05/27/2025,03/24/2026,operating
PowerHouse Data Centers,6001 Camp Ground Rd,Louisville,KY,40216.0,Jefferson,38.19817,-85.8509,Approved/Permitted/Under construction,High,,130,Hyperscale (100-999 MW),"1,800,000",150.0,Unknown,Media Monitoring,06/20/2025,04/21/2026,planned
Fortune 500,"Big Pond Rd, Valley Pike, Germantown Rd",Maysville,KY,41056.0,Mason,38.663574,-83.86959,Proposed,High,,400,Hyperscale (100-999 MW),,2000.0,Unknown,Media Monitoring,03/28/2026,03/28/2026,planned
Project Sophie,,Murray,KY,42071.0,Calloway,36.61113,-88.3167,Operating,Low,,25,Medium (11-50 MW),,,Unknown,Media Monitoring,08/30/2025,08/30/2025,operating
Riot 1,5600 Commerce Dr,Paducah,KY,42001.0,McCracken,37.08831,-88.70305,Expanding,High,Riot,,Hyperscale (100-999 MW),,,Unknown,Media Monitoring,01/19/2026,01/19/2026,operating
Riot 2,Coleman Rd,Paducah,KY,42001.0,McCracken,37.088593,-88.676155,Expanding,Medium,Riot,60,Large (51-99 MW),,,Unknown,Media Monitoring,01/19/2026,01/19/2026,operating
Rubix Data Center,Armco Rd/ Former AK Steel plant,Westwood,KY,41101.0,Boyd,38.501713,-82.67014,Proposed,High,Rubix,"2,000","Mega campus (>1,000 MW)",,450.0,Unknown,Media Monitoring,07/23/2026,07/23/2026,planned
State Line Project Data Center campus,"North of Blanchard, near Hwy 1",Blanchard,LA,71107.0,Caddo,32.656498,-93.904144,Proposed,Low,TXLAAR LLC,,,,810.0,Unknown,Media Monitoring,01/19/2026,01/19/2026,planned
TXLAAR LLC Data Center,Hwy 3,Bossier Parish,LA,71006.0,Bossier,32.725018,-93.72789,Proposed,Low,TXLAAR LLC,,,,1080.0,Unknown,Media Monitoring,01/19/2026,01/19/2026,planned
Applied Digital Delta Forge 1,James Rd & LA-121,Boyce,LA,71409.0,Rapides,31.391571,-92.69422,Approved/Permitted/Under construction,High,Applied Digital,430,Hyperscale (100-999 MW),,500.0,Unknown,Media Monitoring,07/22/2026,07/22/2026,planned
Azimuth Moss Bluff,2483-2561 Coffey Rd,Lake Charles,LA,70611.0,Calcasieu,30.354427,-93.24771,Pre-proposal,Medium,Azimuth,,Hyperscale (100-999 MW),,1200.0,Yes,Crowdsourced,09/14/2026,09/14/2026,planned
Project Cayman Data Center,near RiverPlex MegaPark,McCall,LA,70346.0,Ascension,30.128439,-91.0484,Proposed,Medium,,,Hyperscale (100-999 MW),,,Unknown,Crowdsourced,09/05/2026,09/05/2026,planned
MS Solar Grid Data,Interstate 10 and Read Blvd,New Orleans East,LA,70127.0,Orleans,30.037401,-89.97886,Suspended,Medium,,,,,,Yes,Crowdsourced,04/08/2026,04/08/2026,stalled
Meta RPL-10X Hyperion/Project Sucre,Burn Rd,Rayville,LA,71269.0,Richland,32.50788,-91.6349,Expanding,High,Meta,"1,500-2,200","Mega campus (>1,000 MW)","4,000,000",3650.0,Yes,Crowdsourced,08/27/2025,07/14/2026,operating
AWS Data Center,"Resilient Technology Park, near 6800-6898 Monique Rene Ave, ",Shreveport,LA,71119.0,Caddo,32.453197,-93.90417,Proposed,High,Amazon,,Hyperscale (100-999 MW),,313.0,Unknown,Media Monitoring,08/20/2026,08/20/2026,planned
DartPoints Data Center,601 Milam St,Shreveport,LA,71101.0,Caddo,32.51101,-93.7498,Operating,High,,,,"8,700",,Unknown,Media Monitoring,09/16/2025,09/16/2025,operating
Shreveport Data Center,7340 Greenwood Rd,Shreveport,LA,71119.0,Caddo,32.45425,-93.9052,Proposed,High,,,,"1,000,000",,Unknown,Media Monitoring,09/15/2025,09/15/2025,planned
River Bend Campus,off Louisiana Highway 964,St. Francisville,LA,70748.0,East Feliciana,30.751701,-91.27455,Approved/Permitted/Under construction,Low,Hut 8,300,Hyperscale (100-999 MW),"900,000",592.0,Unknown,Media Monitoring,11/26/2025,05/05/2026,planned
River Bend Data Center Campus,"near River Bend Rd, West Feliciana Parish",St. Francisville,LA,70775.0,West Feliciana,30.764305,-91.337296,Proposed,Medium,"Fluidstack, Anthropic, Google",245,Hyperscale (100-999 MW),,627.0,Unknown,Media Monitoring,12/18/2025,12/18/2025,planned
Hut 8 River Bend Campus,2552 LA-964,West Feliciana Parish,LA,70775.0,West Feliciana,30.7163,-91.31701,Approved/Permitted/Under construction,High,Hut 8 Corp,245-330,Hyperscale (100-999 MW),"1,600,000",627.0,Unknown,Crowdsourced,09/21/2026,09/21/2026,planned
Markely Data Center,1 Summer St,Boston,MA,2110.0,Suffolk,42.354603,-71.05991,Operating,High,,30,Medium (11-50 MW),"920,000",,Unknown,Media Monitoring,01/20/2026,01/20/2026,operating
Everett Data Center,Everett Docklands Innovation District,Everett,MA,2149.0,Middlesex,42.39638,-71.05932,Proposed,Medium,,,,,,Unknown,Media Monitoring,01/22/2026,01/22/2026,planned
Markely Data Center,1 Markley Way,Lowell,MA,1852.0,Middlesex,42.6302,-71.304825,Suspended,High,,,,"352,000",14.0,Yes,"Media Monitoring, Crowdsourced",01/20/2026,08/18/2026,stalled
Medford Data Center,1 Cabot Rd,Medford,MA,2155.0,Middlesex,42.40601,-71.0752,Operating,High,,3,Small (0-10 MW),"40,000",,Unknown,Media Monitoring,09/02/2025,09/02/2025,operating
Servistar Data Center,199 Servistar Industrial Way,Westfield,MA,1085.0,Hampden,42.15831,-72.74108,Proposed,High,,300,Hyperscale (100-999 MW),"2,700,000",156.0,Unknown,Media Monitoring,01/20/2026,01/20/2026,planned
Tidepoint,"1050 Hull Street, Suite 150",Baltimore,MD,21230.0,Baltimore,39.27421,-76.5911,Operating,High,,2,Small (0-10 MW),"23,000",,Unknown,Media Monitoring,09/02/2025,09/02/2025,operating
Mag Partners Data Centers,,Baltimore Peninsula/ Port Covington,MD,21230.0,Baltimore,39.26509,-76.6127,Proposed,Medium,,,,,235.0,Unknown,Media Monitoring,08/09/2025,08/09/2025,planned
Dickerson Data Centers,21200 Martinsburg Rd,Dickerson,MD,20842.0,Montgomery,39.209373,-77.46454,Proposed,High,,300,"Mega campus (>1,000 MW)",,110.0,Yes,Crowdsourced,02/25/2026,07/21/2026,planned
Aligned IAD-06,Near 5601 Manor Woods Rd,Frederick,MD,21703.0,Frederick,39.33511,-77.46484,Approved/Permitted/Under construction,Medium,,72,Large (51-99 MW),"450,000",75.0,Unknown,Media Monitoring,03/19/2026,03/19/2026,planned
Quantum Frederick,5601 Manor Woods Rd,Frederick,MD,21703.0,Frederick,39.3343,-77.4679,Proposed,High,,"264-2,400","Mega campus (>1,000 MW)","1,100,000",2100.0,Yes,Media Monitoring,05/24/2025,02/27/2026,planned
Brightseat Tech Park Data Center,site of former Landover Mall,Hyattsville,MD,20785.0,Prince George's,38.91977,-76.8565,Suspended,High,,820,Hyperscale (100-999 MW),"4,100,000",,Yes,Media Monitoring,09/17/2025,02/27/2026,stalled
Eternal Rings Data Center,9800 S Eternal Rings Dr,Laurel,MD,20723.0,Howard,39.133514,-76.85197,Proposed,High,,,,,,Unknown,Media Monitoring,03/19/2026,03/19/2026,planned
Amazon Lusby Data Center,Adjacent to Calvert Cliffs Nuclear Power Plant. 1650 Calvert Cliffs Pkwy,Lusby,MD,20657.0,Calvert,38.424877,-76.455,Cancelled,High,Amazon,500,Hyperscale (100-999 MW),"2,460,000",,Unknown,Media Monitoring,04/01/2026,08/05/2026,stalled
AWS Data Center,10485 Solomons Island Rd,Lusby,MD,20657.0,Calvert,38.38999,-76.44036,Proposed,,AWS/ Natelli Holdings,,,,,Unknown,Media Monitoring,08/05/2026,08/05/2026,planned
Morgantown Data Center,12620 Crain Highway ,Newburg,MD,20664.0,Charles,38.3596,-76.9757,Proposed,High,"TeraWulf, Inc. ",210-500,Hyperscale (100-999 MW),,250.0,Yes,Media Monitoring,02/27/2026,02/27/2026,planned
TeraWulf Data Center,12620 Crain Hwy,Newburg,MD,20664.0,Charles,38.365482,-76.96935,Proposed,High,TeraWulf,"500-1,000",Hyperscale (100-999 MW),,250.0,Unknown,Media Monitoring,02/03/2026,02/03/2026,planned
BWI1,11155 Red Run Blvd #200,Owings Mills,MD,21117.0,Baltimore,39.42716,-76.8118,Operating,High,,1,Small (0-10 MW),"22,000",,Unknown,Media Monitoring,09/02/2025,09/02/2025,operating
Sandy Farms Data Center,7665 Sandy Farm Rd,Severn,MD,21144.0,Anne Arundel,39.14969,-76.679955,Proposed,High,,,,,,Unknown,Media Monitoring,03/19/2026,03/19/2026,planned
Prosperity Drive Data Center,12401 Prosperity Dr,Silver Spring,MD,20904.0,Montgomery,39.05859,-76.9644,Operating,High,,5-100,,"214,000",,Unknown,Media Monitoring,08/19/2025,08/19/2025,operating
Security Land and Development LLC Data Center,,Woodlawn,MD,21207.0,Baltimore,39.319317,-76.74747,Proposed,Low,,150,Hyperscale (100-999 MW),,42.0,Unknown,Media Monitoring,12/11/2025,12/11/2025,planned
DeepGreen Western Passage SPV LLC  Data Center,Western Passage,Eastport,ME,4631.0,Washington,44.94704,-67.01703,Proposed,Medium,DeepGreen Western Passage SPV LLC,51,Large (51-99 MW),,,Yes,Media Monitoring,03/13/2026,03/13/2026,planned
Tier III AI Data Center,140 Mill Street,Lewiston,ME,4240.0,Androscoggin,44.094273,-70.21859,Cancelled,High,MillCompute LLC,,,"85,000",,Yes,Media Monitoring,12/18/2025,12/19/2025,stalled
Loring Commerce Center Data center,near Georgia Rd,Limestone,ME,4750.0,Aroostook,46.94933,-67.8927,Proposed,Medium,,6,Medium (11-50 MW),,,Unknown,Media Monitoring,07/01/2026,07/01/2026,planned
Yankee Nuclear Power Plant Data Center,321 Old Ferry Rd,Wicasset,ME,4578.0,Lincoln,43.95572,-69.69428,Proposed,High,,,,,,Unknown,Media Monitoring,10/15/2025,10/15/2025,planned
Solstice Data Center,Enterprise Drive,Allen Park,MI,48101.0,Wayne,42.268654,-83.208176,Suspended,High,Solstice,26,Medium (11-50 MW),"45,400",,Yes,Crowdsourced,01/08/2026,01/09/2026,stalled
Thor Equities Data Center,Between Milan-Oakville Rd and Arkona Rds,Augusta Township,MI,48160.0,Washtenaw,42.091705,-83.63743,Proposed,Medium,,,Hyperscale (100-999 MW),,822.0,Yes,Media Monitoring,11/16/2025,11/16/2025,planned
US Signal Data Center,9275 Haggerty Road,Belleville,MI,48111.0,Wayne,42.23536,-83.4441,Expanding,High,,2,Small (0-10 MW),"87,100",,Unknown,Media Monitoring,06/09/2025,01/08/2026,operating
Microsoft Caledonia Data Center,4100 68th St SE,Caledonia,MI,49316.0,Kent,42.839203,-85.56194,Proposed,High,Microsoft,,,,414.0,Unknown,Media Monitoring,04/02/2026,04/02/2026,planned
Switch Pyramid Data Center,6100 E Paris Ave SE,Caledonia,MI,49316.0,Kent,42.852547,-85.560104,Approved/Permitted/Under construction,High,Switch,320,Hyperscale (100-999 MW),"1,800,000",,Unknown,Crowdsourced,12/10/2025,12/10/2025,planned
Project Peninsula,near US-131 and 17 Mile Rd,Cedar Springs,MI,49319.0,Kent,43.207657,-85.595345,Proposed,Medium,Venerly LLC?,,,"800,000",800.0,Unknown,Media Monitoring,06/29/2026,06/29/2026,planned
Charlevoix Big Rock Data Center and Small Modular Nuclear (pre-proposal),"Big Rock Point, west of Rt 31",Charlevoix,MI,49720.0,Charlevoix,45.359146,-85.19614,Pre-proposal,High,Holtec,,,,500.0,Yes,Crowdsourced,06/26/2026,07/25/2026,planned
Microsoft Dorr Data Center,near 144th Ave and Hwy 131,Dorr,MI,49323.0,Allegan,42.737343,-85.68578,Proposed,High,Microsoft,,,,272.0,Unknown,Media Monitoring,04/02/2026,04/02/2026,planned
Hyperscale Data Michigan Data Center,415 East Prairie Ronde Street,Dowagiac,MI,49047.0,Cass,41.992455,-86.098976,Operating,High,,30,Hyperscale (100-999 MW),"617,000",34.0,Unknown,Crowdsourced,12/24/2025,09/05/2026,operating
Cloverleaf Infrastructure Data Center,15398 Day Rd,Dundee,MI,48131.0,Monroe,41.997276,-83.66742,Suspended,High,,,,,750.0,Yes,Media Monitoring,11/03/2025,11/03/2025,stalled
Southfield Data Center,Inkster Road between 11 Mile and 696,Farmington Hills,MI,48334.0,Oakland,42.488056,-83.31892,Proposed,Medium,Metrobloks,100,Hyperscale (100-999 MW),"110,000",,Yes,Media Monitoring,01/04/2026,01/04/2026,planned
Howell Data Center,5781 Grand River Ave,Fowlerville,MI,48836.0,Livingston,42.655422,-84.02875,Cancelled,High,Santec Consulting/Meta,,Hyperscale (100-999 MW),,1077.0,Yes,Media Monitoring,11/16/2025,11/24/2025,stalled
Microsoft Grand Rapids Data Center,7174 Patterson Ave SE,Grand Rapids,MI,49512.0,Kent,42.85125,-85.54604,Proposed,High,Microsoft,,,,316.0,Unknown,Media Monitoring,12/18/2025,12/18/2025,planned
Harbor Farmz Data Center,2839 Full Circle Dr,Kalamazoo,MI,49001.0,Kalamazoo,42.262714,-85.54166,Proposed,High,,1,Small (0-10 MW),,,Unknown,Media Monitoring,06/12/2026,06/12/2026,planned
Kalamazoo County Data Center,S 26th Street and E N Avenue,Kalamazoo,MI,49048.0,Kalamazoo,42.243793,-85.51012,Suspended,High,,,,,,Yes,Media Monitoring,11/03/2025,03/24/2026,stalled
Kalkaska Data Center,Island Lake and South River Rds,Kalkaska Township,MI,49646.0,Kalkaska,44.728703,-85.216324,Cancelled,Medium,,1000,"Mega campus (>1,000 MW)",,1440.0,Yes,Media Monitoring,11/27/2025,07/19/2026,stalled
Deep Green Data Center,229 S Cedar St,Lansing,MI,48912.0,Ingham,42.731003,-84.545654,Cancelled,High,Deep Green,24,Medium (11-50 MW),"25,000",3.0,Unknown,Media Monitoring,12/01/2025,04/09/2026,stalled
Lowell Covenant Business Park Data Center,4714-4400 Bancroft Ave SE,Lowell,MI,49331.0,Kent,42.880783,-85.376175,Suspended,High,Franklin Partners/Microsoft,,Hyperscale (100-999 MW),,237.0,Yes,Media Monitoring,12/08/2025,02/26/2026,stalled
Lower Peninsula Data Center,Lower Peninsula,Lower Peninsula,MI,48858.0,Isabella,43.66056,-84.6665,Proposed,Low,,1000,"Mega campus (>1,000 MW)",,,Unknown,Media Monitoring,08/07/2025,08/07/2025,planned
Alterra Development Corporation Data Center,Brooks Industrial Park,Marshall,MI,49068.0,Calhoun,42.239025,-84.955826,Proposed,Medium,Alterra Development,,"Mega campus (>1,000 MW)",,112.0,Unknown,Crowdsourced,12/20/2025,12/20/2025,planned
Lyon Township Data Center/ Project Flex,29134-29282 Milford Rd,New Hudson,MI,48165.0,Oakland,42.50185,-83.61119,Proposed,High,Verrus/Anthropic,200-525,Hyperscale (100-999 MW),"1,800,000",172.0,Yes,Crowdsourced,12/15/2025,04/28/2026,planned
Oakland University Data Center,253 Pioneer Dr,Rochester,MI,48309.0,Oakland,42.67439,-83.20664,Proposed,High,,1-25,Medium (11-50 MW),,,Unknown,Media Monitoring,06/30/2026,06/30/2026,planned
Related Digital/The Barn,"NW side of US-12, near Willow Rd",Saline,MI,48176.0,Washtenaw,42.112755,-83.88956,Approved/Permitted/Under construction,Medium,Related Digital/Open AI/Oracle,1400,"Mega campus (>1,000 MW)","2,200,000",575.0,Yes,Media Monitoring,09/14/2025,05/05/2026,planned
Panattoni Project Cannoli,along I-94 from Haggerty to Hannan Roads,Van Buren Charter Township,MI,48111.0,Wayne,42.22704,-83.43421,Proposed,High,Google,1000-2700,"Mega campus (>1,000 MW)","800,000",282.0,Yes,Media Monitoring,02/12/2026,03/20/2026,planned
Washington Township Data Center,"on the south side of 32 Mile Road, between M-53 and Powell Road",Washington Township,MI,48095.0,Macomb,42.80183,-82.99235,Proposed,Medium,Prologis,,,,,Yes,Media Monitoring,01/04/2026,01/04/2026,planned
University of Michigan Los Alamos Data Center,10221 Textile Road,Ypsilanti,MI,48197.0,Washtenaw,42.20446,-83.5551,Proposed,High,Los Alamos National Laboratory,,,,,Unknown,Media Monitoring,08/22/2025,02/03/2026,planned
Oppidan Data Center,"Btwn Pilot Knob Rd, 150th St, and Flagstaff Ave",Apple Valley,MN,55124.0,Dakota,44.72743,-93.18794,Cancelled,High,,250-300,Hyperscale (100-999 MW),"1,050,000",134.0,Unknown,Media Monitoring,04/01/2026,04/01/2026,stalled
Amazon Becker Data Center,,Becker,MN,55308.0,Sherburne,45.38527,-93.8805,Suspended,Medium,Amazon,,,,,Unknown,Media Monitoring,05/23/2025,05/23/2025,stalled
TRACT Data Center,betw Rochester Blvd and Hwy 52,Cannon Falls,MN,55065.0,Dakota,44.53196,-92.9268,Proposed,High,,,,"1,750,000",253.0,Unknown,Media Monitoring,09/02/2025,09/02/2025,planned
Cielo Digital Infrastructure,,Chisago,MN,55013.0,Chisago,45.3618,-92.9186,Proposed,Low,,300,Hyperscale (100-999 MW),,157.0,Unknown,Media Monitoring,06/24/2025,06/24/2025,planned
DataBank Data Center,3255 Neil Armstrong Blvd,Eagan,MN,55121.0,Dakota,44.838566,-93.14581,Operating,High,DataBank,5,Small (0-10 MW),"87,400",,Unknown,Media Monitoring,09/30/2026,09/30/2026,operating
MSP1 Data Center,610 Opperman Dr,Eagan,MN,55123.0,Dakota,44.82953,-93.1176,Approved/Permitted/Under construction,High,,12,Medium (11-50 MW),,,Unknown,Media Monitoring,08/06/2025,08/06/2025,planned
Irongate Data Center (Swervo),19178 Industrial Blvd NW,Elk River,MN,55330.0,Sherburne,45.318893,-93.58708,Suspended,High,,33,Medium (11-50 MW),"60,000",3.0,Unknown,Media Monitoring,07/11/2026,07/11/2026,stalled
TRACT Data Center,near 2800 220th St W,Farmington,MN,55024.0,Dakota,44.62754,-93.1229,Proposed,High,,,,"2,600,000",342.0,Unknown,Media Monitoring,09/02/2025,09/02/2025,planned
Project Loon,3688 Co Hwy 13,Hermantown,MN,55810.0,St. Louis,46.77741,-92.28186,Suspended,High,Google,,Hyperscale (100-999 MW),"1,800,000",403.0,Yes,Media Monitoring,10/21/2025,03/14/2026,stalled
Cologix MN3 Minneapolis Data Center,511 11th Ave S,Minneapolis,MN,55415.0,Hennepin,44.97139,-93.25459,Operating,High,,10,Small (0-10 MW),"50,000",,Unknown,Crowdsourced,08/04/2026,08/04/2026,operating
Legacy Investments Data Center,800 N First St. ,Minneapolis,MN,55401.0,Hennepin,44.990856,-93.27684,Proposed,High,,20,Medium (11-50 MW),,13.0,Unknown,Media Monitoring,07/31/2026,07/31/2026,planned
US Internet Data Center,3819 W Broadway,Minneapolis,MN,55422.0,Hennepin,45.02485,-93.3328,Proposed,High,,,,"4,000",,Unknown,Media Monitoring,08/01/2025,08/01/2025,planned
Monitcello Data Center/Project Groundhog,south of 85th Street and east of Highway 25,Monticello,MN,55362.0,Wright,45.275093,-93.81535,Proposed,Medium,"Monticello Tech, LLC, Frattalone",,,"3,000,000",550.0,Yes,Media Monitoring,02/26/2026,02/26/2026,planned
Project Skyway,49199-49821 195th Ave,Pine Island,MN,55963.0,Goodhue,44.22483,-92.6442,Proposed,High,"Ryan Companies US, Inc/Google",1200-1900,"Mega campus (>1,000 MW)","3,000,000",482.0,Yes,Media Monitoring,07/28/2025,05/21/2026,planned
Geronimo Power Data Center,Between 190th and 200th St,Reading,MN,56165.0,Murray,43.711044,-95.6839,Suspended,High,,400-500,Hyperscale (100-999 MW),,,Unknown,Media Monitoring,12/08/2025,05/05/2026,stalled
Columbia Data Center,3815 N Hinkson Creek Rd,Columbia,MO,65202.0,Boone,38.989983,-92.2809,Proposed,High,,,,,63.0,Yes,Media Monitoring,11/16/2025,11/16/2025,planned
Festus Data Center,Old England Rd & US-67,Festus,MO,63028.0,Jefferson,38.19273,-90.41881,Proposed,Medium,CRG,,Hyperscale (100-999 MW),,360.0,Yes,Media Monitoring,04/12/2026,04/12/2026,planned
Nebius Data Center,2501 E Necessary Rd,Independence,MO,64057.0,Jackson,39.073467,-94.332855,Approved/Permitted/Under construction,High,Patmos,880,Hyperscale (100-999 MW),"2,500,000",,Yes,Media Monitoring,01/13/2026,05/17/2026,planned
Patmos Data Center,2500 Little Blue Parkway,Independence,MO,64057.0,Jackson,39.07151,-94.32874,Proposed,High,,,,,,Unknown,Media Monitoring,06/29/2026,06/29/2026,planned
Wildwood Ranch Data Center,W 20th St,Joplin,MO,64804.0,Jasper,37.06882,-94.60008,Approved/Permitted/Under construction,High,,200,Hyperscale (100-999 MW),,600.0,Yes,Media Monitoring,01/23/2026,01/23/2026,planned
Cielo Digital Infrastructure,,Kansas City,MO,,Jackson,39.01764,-94.5668,Proposed,Low,,500,Hyperscale (100-999 MW),,146.0,Unknown,Media Monitoring,06/24/2025,06/24/2025,planned
Meta Data Kansas City Center,1800 NW 128 St,Kansas City,MO,64165.0,Platte,39.32488,-94.6011,Operating,High,Meta,,,"1,000,000",500.0,Unknown,Media Monitoring,08/21/2025,08/21/2025,operating
Project Kestrel,State Rte 92 & N Winan Rd,Kansas City,MO,64079.0,Platte,39.35368,-94.6967,Proposed,High,,,,"1,800,000",810.0,Unknown,Media Monitoring,09/01/2025,04/02/2026,planned
Project Micah,NE corner I-435 and Hwy 169/ Rocky Branch Creek Technology Park,Kansas City,MO,64165.0,Clay,39.31801,-94.5773,Approved/Permitted/Under construction,Medium,Google,700,Hyperscale (100-999 MW),"1,560,000",500.0,Unknown,Media Monitoring,08/27/2025,02/16/2026,planned
Revitalization Unlimited Data Center,304 W. 10th Street,Kansas City,MO,64105.0,Jackson,39.102562,-94.58718,Cancelled,High,,30,Medium (11-50 MW),"142,085",,Unknown,Media Monitoring,04/02/2026,08/10/2026,stalled
Shenandoah Computing Data Center,NE of Parvin Rd and Arlington Ave,Kansas City,MO,64161.0,Clay,39.17474,-94.46181,Proposed,High,Google,,,"1,435,000",315.0,Unknown,Media Monitoring,04/02/2026,04/02/2026,planned
Metrobloks data center,2515 Old Hughes Rd,Liberty,MO,64068.0,Clay,39.207073,-94.45517,Proposed,High,,,,"568,800",29.0,Unknown,Media Monitoring,04/02/2026,04/02/2026,planned
Metrobloks/ Lincoln Data Center,2515 Old Hughes Rd,Liberty,MO,64068.0,Clay,39.207115,-94.45515,Proposed,High,,150,Hyperscale (100-999 MW),"568,000",30.0,Unknown,Media Monitoring,05/05/2026,05/05/2026,planned
Lumon Solutions Data Center,Rifle Range Rd,Marshfield,MO,65706.0,Webster,37.366604,-92.883446,Proposed,Medium,,,Small (0-10 MW),"4,800",5.0,Yes,Media Monitoring,05/20/2026,05/20/2026,planned
Swarm Systems Data Center,630 George Rd,Marshfield,MO,65706.0,Webster,37.331158,-92.921234,Proposed,High,,20,Medium (11-50 MW),,,Unknown,Media Monitoring,05/20/2026,05/20/2026,planned
ReLoad Data Center,"Southern Nodaway County, possibly off Galaxy Rd",Maryville,MO,,Nodaway,40.255207,-94.97283,Proposed,Low,ReLoad,,Hyperscale (100-999 MW),,,Yes,Crowdsourced,04/22/2026,04/22/2026,planned
Project Tiger Zou,5223 State Hwy AA,Moberly,MO,65270.0,Randolph,39.345898,-92.44693,Proposed,Medium,,,,,1000.0,Unknown,Crowdsourced,04/21/2026,05/17/2026,planned
Project Green,Lands west of Fairview and Ellis Rds,New Florence,MO,63363.0,Montgomery,38.905663,-91.41777,Proposed,High,NorthPoint Development/Amazon,,Hyperscale (100-999 MW),"3,740,000",1000.0,Yes,Media Monitoring,12/13/2025,06/22/2026,planned
Project Spade,Old Hwy 19,New Florence,MO,63363.0,Montgomery,38.8889,-91.440025,Proposed,High,Related Digital/Google,1200,"Mega campus (>1,000 MW)","3,242,760",910.0,Yes,Media Monitoring,12/13/2025,04/21/2026,planned
Beltline Energy Data Center,Hwy O and Phelan Rd,Pacific,MO,63069.0,Franklin,38.434277,-90.751595,Suspended,Medium,,,Hyperscale (100-999 MW),,500.0,Unknown,Media Monitoring,08/12/2026,08/12/2026,stalled
BLE Landholdings Data Center,684 Phelan Rd,Pacific,MO,63069.0,Franklin,38.434536,-90.75512,Suspended,High,,,,,490.0,Yes,Media Monitoring,03/19/2026,04/03/2026,stalled
Project Harper,"Harper Road Technology Park, 203rd St and Harper St",Peculiar,MO,64012.0,Cass,38.74797,-94.4821,Cancelled,Medium,Diode Ventures,,Hyperscale (100-999 MW),"300,000",,Yes,Media Monitoring,05/23/2025,12/01/2025,stalled
Sarcoxie Data Center,"County Rd 20, near the Liberty Energy Park near Fir Road and County Road 30",Sarcoxie,MO,64862.0,Jasper,37.13561,-94.09406,Proposed,Medium,,,,,,Yes,Crowdsourced,03/26/2026,03/26/2026,planned
Project Cumulus,Elm Point Ave,St. Charles,MO,63301.0,St. Charles,38.81535,-90.5454,Proposed,High,,,,"1,500,000",440.0,Unknown,Media Monitoring,08/25/2025,08/25/2025,planned
St Charles Data Center,Hwy 370,St. Charles,MO,,St. Charles,38.82242,-90.5378,Proposed,Medium,,,,,,Unknown,Media Monitoring,08/09/2025,08/09/2025,planned
STJ Data Center,6321 Pickett Rd,St. Joseph,MO,64507.0,Buchanan,39.74402,-94.75865,Cancelled,High,,,,,400.0,Unknown,Media Monitoring,06/30/2026,06/30/2026,stalled
1831 Chestnut Condominium Data Center,1831 Chestnut St,St. Louis,MO,63103.0,St. Louis,38.630444,-90.20682,Operating,High,,,,"53,000",,Unknown,Media Monitoring,06/12/2026,06/12/2026,operating
Netrality Data Centers St. Louis- 210 North Tucker,210 N Tucker Blvd Suite 1030,St. Louis,MO,63101.0,St. Louis,38.62937,-90.1973,Operating,High,,,,,,Unknown,Media Monitoring,09/17/2025,09/17/2025,operating
Netrality Data Centers St. Louis - 900 Walnut,900 Walnut St,St. Louis,MO,63102.0,St. Louis,38.62554,-90.1953,Operating,High,,,,,,Unknown,Media Monitoring,09/17/2025,09/17/2025,operating
Tierpoint Data Center,3660 Market St,St. Louis,MO,63110.0,St. Louis,38.63161,-90.2377,Proposed,High,,,,,,Unknown,Media Monitoring,09/23/2025,09/23/2025,planned
TierPoint - St Louis Olive Data Center,1111 Olive St,St. Louis,MO,63101.0,St. Louis,38.62968,-90.1963,Operating,High,,,,,,Unknown,Media Monitoring,09/17/2025,09/17/2025,operating
Crusoe Data Center,unknown,Unknown (Northern Callaway Co),MO,,Callaway,39.012173,-91.884415,Proposed,Low,Crusoe,,Hyperscale (100-999 MW),"800,000",14.0,Yes,Media Monitoring,06/22/2026,06/22/2026,planned
Provident Data Center/Gateway Digital Campus,near 409 Nova Pl and Robertsville Rd,Villa Ridge,MO,63089.0,Franklin,38.480186,-90.8453,Approved/Permitted/Under construction,Medium,Provident,,,,575.0,Yes,Media Monitoring,03/19/2026,06/24/2026,planned
Crusoe Data Center,22151 NW Service Rd,Warrenton,MO,63383.0,Warren,38.82724,-91.1765,Approved/Permitted/Under construction,High,Crusoe,,Hyperscale (100-999 MW),"1,610,000",340.0,Unknown,Media Monitoring,06/22/2026,06/22/2026,planned
AVAIO Digital,East Metropolitan Center Business and Industrial Park,Brandon,MS,39042.0,Rankin,32.26581,-90.015,Approved/Permitted/Under construction,Medium,,116,Hyperscale (100-999 MW),,329.0,Yes,Media Monitoring,09/18/2025,02/27/2026,planned
Amazon Madison Mega Site,1600 West Peace St,Canton,MS,39046.0,Madison,32.595337,-90.09618,Operating,High,Amazon,341-819,Hyperscale (100-999 MW),,,Unknown,Media Monitoring,01/01/2026,01/01/2026,operating
Clarksville Data Center,Between E. Tallahachie St and Sunflower River,Clarksville,MS,38614.0,Coahoma,34.148582,-90.541466,Proposed,Medium,,,,,648.0,Unknown,Media Monitoring,03/20/2026,03/20/2026,planned
Amazon Clinton Data Center,1001 Industrial Park Dr,Clinton,MS,39056.0,Hinds,32.34915,-90.36636,Proposed,High,,,Hyperscale (100-999 MW),"730,000",99.0,Unknown,Media Monitoring,03/13/2026,03/13/2026,planned
Project Atlas,,Madison,MS,39110.0,Madison,32.49415,-90.1675,Proposed,Low,Amazon,"1,000","Mega campus (>1,000 MW)",,1700.0,Unknown,Media Monitoring,09/18/2025,09/18/2025,planned
Amazon Ridgeland,west of Highland Colony Pkwy,Ridgeland,MS,39157.0,Madison,32.41277,-90.190216,Approved/Permitted/Under construction,High,Amazon,"1,000","Mega campus (>1,000 MW)",,,Unknown,Media Monitoring,01/01/2026,01/01/2026,planned
xAI,2400 Stateline Rd,Southaven,MS,38671.0,DeSoto,34.992947,-90.03358,Proposed,High,,,Medium (11-50 MW),,,Yes,Media Monitoring,04/04/2026,04/04/2026,planned
Starkville Crypto Mine,near 498 Industrial Park Rd,Starkville,MS,39759.0,Oktibbeha,33.43533,-88.83601,Proposed,High,,30,Medium (11-50 MW),,,Unknown,Media Monitoring,06/29/2026,06/29/2026,planned
Project Steamboat,,Vicksburg,MS,,Warren,32.256226,-90.9371,Proposed,Low,Amazon,,,,,Unknown,Media Monitoring,11/24/2025,02/13/2026,planned
Krambu Data Center,9314 Bonner Mill Rd,Bonner,MT,59823.0,Missoula,46.872654,-113.86785,Cancelled,High,,7-29,Medium (11-50 MW),,,Yes,Media Monitoring,07/11/2026,07/11/2026,stalled
Quantica LLC Big Sky Campus,Buffalo Trail Rd,Broadview,MT,59015.0,Yellowstone,45.89389,-108.88078,Proposed,Medium,"Meta, Google, Amazon",9-26,"Mega campus (>1,000 MW)","6,000,000",5000.0,Yes,Crowdsourced,04/08/2026,04/08/2026,planned
Butte Data Center,155 W Granite St,Butte,MT,59701.0,Silver Bow,45.99697,-112.66617,Cancelled,High,Sabey Data Centers,50-250,Hyperscale (100-999 MW),"1,000,000",600.0,Yes,Media Monitoring,12/09/2025,06/11/2026,stalled
TAC Data Centers: Project Cardinal,North of Perimeter Rd,Great Falls,MT,59401.0,Cascade,47.52962,-111.179,Proposed,High,,500-600,Hyperscale (100-999 MW),"2,000,000",569.0,Unknown,Media Monitoring,06/19/2025,06/19/2025,planned
Quantica Data Center,Buffalo Trail Road and Hwy 3,Yellowstone County,MT,59015.0,Yellowstone,46.04485,-108.273,Proposed,Low,,"500-1,000","Mega campus (>1,000 MW)",,,Unknown,Media Monitoring,08/03/2025,08/03/2025,planned
DartPoints Data Center,"100 Technology Dr, STE C",Asheville,NC,28803.0,Buncombe,35.48821,-82.5582,Operating,High,,,,"23,000",,Unknown,Media Monitoring,09/18/2025,09/18/2025,operating
CLT10 Data Center,113 N Myers St,Charlotte,NC,28202.0,Mecklenburg,35.2219,-80.8356,Operating,High,,2,Small (0-10 MW),"29,200",,Unknown,Media Monitoring,06/20/2025,06/20/2025,operating
Digital Reality Charlotte Data Center,12899 Moores Chapel Road,Charlotte,NC,28214.0,Mecklenburg,35.255707,-80.99796,Proposed,High,,400,Hyperscale (100-999 MW),"3,000,000",156.0,Yes,Media Monitoring,06/20/2025,12/02/2025,planned
Project Agate,100 Northern Dr NW,Conover,NC,28613.0,Catawba,35.73274,-81.2088,Approved/Permitted/Under construction,Medium,Microsoft,,,,157.0,Unknown,Media Monitoring,05/27/2025,05/20/2026,planned
Facebook Forest City Data Center,480 Social Circle,Forest City,NC,28043.0,Rutherford,35.31632,-81.8251,Operating,High,,,,,,Unknown,Media Monitoring,08/09/2025,08/09/2025,operating
Fort Bragg Data Center,,Fort Bragg,NC,28310.0,Cumberland,35.155334,-79.022064,Proposed,Low,,,,,,Unknown,Media Monitoring,01/13/2026,01/13/2026,planned
Jones Sausage Road Data Center,3101 Jones Sausage Rd,Garner,NC,27529.0,Wake,35.736412,-78.57026,Cancelled,High,Beacon,,,"100,000",13.0,Yes,Media Monitoring,08/17/2026,08/17/2026,stalled
DC Blox: High Point,4156 Sheraton Ct,Greensboro,NC,27409.0,Guilford,36.05276,-79.9516,Proposed,High,,1-9,Small (0-10 MW),"54,000",,Unknown,Media Monitoring,08/25/2025,08/25/2025,planned
Amazon Hamlet Data Center,1761 Airport Road,Hamlet,NC,28345.0,Richmond,34.82899,-79.72932,Approved/Permitted/Under construction,High,Amazon,,Hyperscale (100-999 MW),"4,000,000",672.0,Unknown,Crowdsourced,05/11/2026,07/27/2026,planned
Natelli Investments Data Center,"US-158 Business, between Pine Meadow Trail and Horseshoe Bend Rd",Henderson,NC,27537.0,Vance,36.30721,-78.47415,Suspended,Medium,,,,,40.0,Yes,Media Monitoring,04/22/2026,05/20/2026,stalled
Crexi Cryptomine,200 Mandustry St,High Point,NC,27262.0,Guilford,35.92155,-80.041664,Operating,High,Crexi,9,Small (0-10 MW),"12,000",5.0,Unknown,Media Monitoring,07/29/2026,07/29/2026,operating
T5 Data Center,335 Countryside Rd,Kings Mountain,NC,28086.0,Cleveland,35.25142,-81.397,Operating,High,,,,,,Unknown,Media Monitoring,08/09/2025,08/09/2025,operating
Google Lenoir Data Center,708 Lynhaven Dr,Lenoir,NC,28645.0,Caldwell,35.89313,-81.5461,Expanding,High,Google,,,,,Unknown,Media Monitoring,08/09/2025,06/01/2026,operating
Enovum Data Center,805 Island Dr,Madison,NC,27025.0,Rockingham,36.40271,-79.9882,Proposed,High,,99-200,Hyperscale (100-999 MW),,96.0,Unknown,Media Monitoring,06/05/2025,06/05/2025,planned
"WhiteFiber/ Enovum Data Center, NC-1/ MAD01",805 Island Dr,Madison,NC,27025.0,Rockingham,36.40428,-79.98908,Operating,High,,40,Medium (11-50 MW),,,Unknown,Media Monitoring,08/17/2026,08/17/2026,operating
Apple Maiden Data Center,5977 Startown Rd,Maiden,NC,28650.0,Catawba,35.58726,-81.2595,Operating,High,,,,,,Unknown,Media Monitoring,08/09/2025,08/09/2025,operating
Project Yoga,1400 Zeb Haynes Rd,Maiden,NC,28650.0,Catawba,35.58554,-81.2315,Approved/Permitted/Under construction,High,Microsoft,,,,113.0,Unknown,Media Monitoring,05/27/2025,05/20/2026,planned
Project Accelerate,East John St,Matthews,NC,28105.0,Mecklenburg,35.10738,-80.71056,Cancelled,Medium,,,,,123.0,Unknown,Media Monitoring,10/16/2025,10/16/2025,stalled
Tract Data Center,"Mooresville Technology Park, Patterson Farm Rd",Mooresville,NC,28115.0,Iredell,35.51575,-80.7532,Cancelled,High,,,,"1,500,000",400.0,Yes,Media Monitoring,08/09/2025,12/02/2025,stalled
Project Pine,Tate Blvd,near Pringle,NC,28602.0,Catawba,35.71945,-81.2758,Proposed,Medium,Microsoft,,,,,Unknown,Media Monitoring,05/27/2025,05/27/2025,planned
New Hill Digital Campus,"Old US Hwy 1, adjacent to the Shearon Harris Nuclear Plant",New Hill,NC,27562.0,Wake,35.667305,-78.95606,Cancelled,High,,250,Hyperscale (100-999 MW),"800,000",89.0,Yes,Media Monitoring,03/14/2026,03/14/2026,stalled
Newton Data Center,Hickory Lincolnton Hwy,Newton,NC,28658.0,Catawba,35.60278,-81.3073,Proposed,Medium,Microsoft,,,,160.0,Unknown,Media Monitoring,05/27/2025,05/27/2025,planned
Project Rockforge,Stover Court,Newton,NC,28658.0,Catawba,35.62656,-81.3118,Proposed,Medium,Microsoft,,,,,Unknown,Media Monitoring,05/27/2025,05/27/2025,planned
American Tower Edge Data Center,6011 Chapel Hill Rd,Raleigh,NC,27607.0,Wake,35.78814,-78.7265,Proposed,High,,4,Small (0-10 MW),,,Unknown,Media Monitoring,05/26/2025,05/26/2025,planned
Apple Reserch Triangle Park Data Center,along Little Drive,Research Triangle Park,NC,27519.0,Wake,35.850254,-78.87698,Suspended,Medium,Apple,,Hyperscale (100-999 MW),,,Unknown,Media Monitoring,11/26/2025,11/26/2025,stalled
Person County Mega Site,Edwin Robertson Rd,Roxboro,NC,27574.0,Person,36.479218,-78.9898,Proposed,Medium,Microsoft,,Hyperscale (100-999 MW),,1350.0,Unknown,Media Monitoring,03/19/2026,03/19/2026,planned
Drox Group Data Center,8084 Glade St,Rural Hall,NC,,Forsyth,36.24073,-80.30469,Proposed,High,,,Hyperscale (100-999 MW),"1,300,000",129.0,Yes,Media Monitoring,04/02/2026,04/02/2026,planned
Deep River Data AI Data Center,"Near Lee/ Chatham County Line, south of Rt 421",Sanford,NC,27330.0,Lee,35.53914,-79.25537,Proposed,Medium,Deep River Data,,,,,Unknown,Media Monitoring,01/26/2026,01/26/2026,planned
Compass Data Center,Stamey Farm Rd,Statesville,NC,28677.0,Iredell,35.77436,-80.9749,Approved/Permitted/Under construction,High,,,,"1,340,000",333.0,Yes,Media Monitoring,09/16/2025,02/13/2026,planned
Kingsboro Data Center Project,Kingsboro Business Park between Rocky Mount and Tarboro,Tarboro,NC,27886.0,Edgecombe,35.905323,-77.58731,Suspended,High,Energy Storage Solutions,900,Hyperscale (100-999 MW),,155.0,Yes,Media Monitoring,02/17/2026,07/16/2026,stalled
Project Delta,North and south of Hwy 311,Walnut Cove,NC,27052.0,Stokes,36.324413,-80.09938,Suspended,High,Engineered Land Solutions,,Hyperscale (100-999 MW),,1800.0,Yes,Media Monitoring,04/22/2026,04/22/2026,stalled
"WhiteFiber Data Centers, NC-2 and NC-3 ",601 E Main St,Yadkinville,NC,27055.0,Yadkin,36.13893,-80.6504,Proposed,High,,200,Hyperscale (100-999 MW),"500,000",120.0,Unknown,Media Monitoring,08/17/2026,08/17/2026,planned
Aurum Capital Ventures,E. Main Ave,Bismarck,ND,58501.0,Burleigh,46.81102,-100.721,Proposed,Medium,,,,,,Unknown,Media Monitoring,06/21/2025,06/21/2025,planned
Applied Digital: Polaris Forge 1,9685 87th Ave SE,Ellendale,ND,58436.0,Dickey,46.01259,-98.5707,Operating,High,,"400-1,000","Mega campus (>1,000 MW)",,,Unknown,Media Monitoring,08/19/2025,07/06/2026,operating
Nixxy-Tachyon 9 Data Center,Williams County within the Williston Basin,Epping,ND,58843.0,,48.25607,-103.31802,Proposed,Low,,1000,"Mega campus (>1,000 MW)",,620.0,Unknown,Media Monitoring,07/06/2026,07/06/2026,planned
Applied Digital: Polaris Forge 2,"Cass County, outside Fargo",Harwood,ND,58102.0,Cass,46.97181,-96.8542,Approved/Permitted/Under construction,High,,280,Hyperscale (100-999 MW),,160.0,Unknown,Media Monitoring,09/16/2025,12/09/2025,planned
CoreWeave/ Applied Digital,2671 HWY 20 SE,Jamestown,ND,58401.0,Stutsman,47.02708,-98.6796,Operating,High,,100,Hyperscale (100-999 MW),,,Unknown,Media Monitoring,06/09/2025,01/15/2026,operating
Atlas Power,near 5000-5068 143rd Ave NW,Williston,ND,58801.0,Williams,48.1455,-103.77432,Operating,High,,240-700,Hyperscale (100-999 MW),,,Yes,Media Monitoring,01/15/2026,04/20/2026,operating
Project Fighting Pike,56th Street NW and US Highway 2,Williston,ND,58801.0,Williams,48.221992,-103.62824,Operating,High,Critical Data House,455,Hyperscale (100-999 MW),"3,500,000",300.0,Unknown,Media Monitoring,01/15/2026,01/15/2026,operating
Bellevue Data Center,1001 Fort Crook Rd N,Bellevue,NE,68005.0,Sarpy,41.17724,-95.9248,Operating,High,,,,,,Unknown,Media Monitoring,08/14/2025,08/14/2025,operating
Monolith-Olive Creek Data Center,27077 SW 42nd St,Hallam,NE,68368.0,Lancaster,40.547928,-96.782265,Proposed,High,Crusoe?,,,,10.0,Unknown,Media Monitoring,07/14/2026,07/14/2026,planned
Sequitor Edge Data Center,TechoNE Crossing Technology Park,Kearney,NE,68847.0,Buffalo,40.726894,-99.042984,Proposed,Medium,,,,,16.0,Unknown,Media Monitoring,03/04/2026,03/04/2026,planned
H5 Data Center,10917 Harry Watanabe Parkway,La Vista,NE,68128.0,Sarpy,41.180862,-96.08503,Operating,High,,17,Medium (11-50 MW),"234,500",32.0,Unknown,Media Monitoring,11/14/2025,11/14/2025,operating
Google Lincoln Data Center,Near intersection of I-80 and Hwy 77,Lincoln,NE,68528.0,Lancaster,40.82278,-96.7574,Approved/Permitted/Under construction,Medium,Google,,,"2,000,000",600.0,Unknown,Media Monitoring,08/14/2025,08/14/2025,planned
Lincoln Data Centers,206 S 13th St Ste 605,Lincoln,NE,68508.0,Lancaster,40.81206,-96.7024,Operating,High,,,,,,Unknown,Media Monitoring,08/14/2025,08/14/2025,operating
Omaha Data Center,West of Hwy 133,Omaha,NE,68142.0,Douglas,41.344105,-96.09118,Operating,High,,198-474,Hyperscale (100-999 MW),,,Unknown,Media Monitoring,01/01/2026,01/01/2026,operating
TierPoint Midlands Data Center,11425 S 84th St,Papillion,NE,68046.0,Sarpy,41.13467,-96.0391,Operating,High,,,,,,Unknown,Media Monitoring,08/14/2025,08/14/2025,operating
Meta Data Center,14734 Friend Plz,Springfield,NE,68059.0,Sarpy,41.11734,-96.1425,Operating,High,Meta,,,,,Unknown,Media Monitoring,08/14/2025,08/14/2025,operating
First Light Data Center,8 Commerce Dr,Bedford,NH,3110.0,Hillsborough,42.928246,-71.46393,Operating,High,,,Small (0-10 MW),"7,250",,Unknown,Media Monitoring,03/19/2026,03/19/2026,operating
Nottingham Data Center,145 Old Turnpike Rd,Nottingham,NH,3290.0,Rockingham,43.17961,-71.10022,Suspended,High,,,,,40.0,Yes,Media Monitoring,06/07/2026,06/07/2026,stalled
Comcast Data Center,92 W Main St,Clinton,NJ,8809.0,Hunterdon,40.63284,-74.9191,Proposed,High,,,,"2,170",,Unknown,Media Monitoring,08/12/2025,08/12/2025,planned
QTS,159 Princeton-Hightstown Rd,East Windsor,NJ,8520.0,Mercer,40.275524,-74.5491,Operating,High,,14,Medium (11-50 MW),"553,930",194.0,Yes,Media Monitoring,03/31/2026,05/05/2026,operating
Joint Base McGuire-Dix-Lakehurst,3021 McGuire Blvd,Fort Dix,NJ,8641.0,Burlington,40.01661,-74.608765,Proposed,Medium,,,,,193.0,Unknown,Media Monitoring,10/21/2025,10/21/2025,planned
Hexa Data Center,3043 Black Horse Pike,Hammonton,NJ,8037.0,Atlantic,39.564133,-74.82161,Proposed,Medium,,,Hyperscale (100-999 MW),"1,000,000",,Unknown,Media Monitoring,07/30/2026,07/30/2026,planned
DataVerge,111 Town Square Place,Jersey City,NJ,7310.0,Hudson,40.726536,-74.03348,Operating,High,DataVerge,,,,,Unknown,Media Monitoring,11/14/2025,11/14/2025,operating
Tower Gate Project,Route 130 and Kinkora Rd,Mansfield Twp,NJ,8505.0,Burlington,40.118675,-74.751205,Cancelled,High,,,,,,Unknown,Media Monitoring,03/19/2026,03/19/2026,stalled
Comcast Data Center,650 Centerton Rd,Moorestown,NJ,8057.0,Burlington,39.98939,-74.8896,Proposed,High,,,,,,Unknown,Media Monitoring,08/12/2025,08/12/2025,planned
American Tower Data Center,114 Mantua Rd,Mount Royal,NJ,8061.0,,39.799442,-75.19943,Cancelled,High,,4,Small (0-10 MW),"15,895",,Yes,Media Monitoring,06/29/2026,06/29/2026,stalled
New Brunswick Data Center,100 Jersey Ave,New Brunswick,NJ,8901.0,Middlesex,40.48662,-74.45843,Cancelled,High,,,,"27,000",22.0,Yes,Media Monitoring,02/24/2026,02/24/2026,stalled
Newton Data Center,248 Stickles Pond Rd,Newton,NJ,7860.0,Sussex,41.02557,-74.758255,Cancelled,High,,,,"650,000",97.0,Yes,Media Monitoring,06/01/2026,06/01/2026,stalled
GI Partners Data Center,492 River Rd,Nutley,NJ,7110.0,Essex,40.82151,-74.1342,Operating,High,,,,"130,000",,Unknown,Media Monitoring,07/25/2025,07/25/2025,operating
Prism Capital Partners Data Center,Cathedral Ave & Kingsland St,Nutley,NJ,7110.0,Essex,40.8294,-74.1536,Proposed,High,,,,,11.0,Unknown,Media Monitoring,07/25/2025,07/25/2025,planned
"Equinix (NY2, NY3, NY4) Data Centers",755-800 Secaucus Ave,Secaucus,NJ,7094.0,Hudson,40.778534,-74.0711,Operating,High,,,Large (51-99 MW),"350,000",,Unknown,Media Monitoring,09/17/2026,09/17/2026,operating
DataOne/ Nebius Data Center,Lincoln and Sheridan Aves,Vineland,NJ,8361.0,Cumberland,39.43012,-75.0131,Approved/Permitted/Under construction,High,,"300-2,000","Mega campus (>1,000 MW)","2,600,000",,Yes,Media Monitoring,08/01/2025,08/28/2026,planned
NJFX,1410 Wall Church Rd,Wall,NJ,7719.0,Monmouth,40.161446,-74.05334,Operating,High,,10,Small (0-10 MW),"64,800",10.0,Unknown,Media Monitoring,12/08/2025,12/08/2025,operating
bigbyte.cc Corp. Data Center,123 Central Ave NW,Albuquerque,NM,87102.0,Bernalillo,35.08452,-106.649,Operating,High,,,,,,Unknown,Media Monitoring,08/31/2025,08/31/2025,operating
Centersquare Albuquerque Data Center,400 Tijeras Ave NW,Albuquerque,NM,87102.0,Bernalillo,35.0862,-106.652,Operating,High,,,,,,Unknown,Media Monitoring,08/31/2025,08/31/2025,operating
H5 Data Center,505 Marquette Ave NW,Albuquerque,NM,87102.0,Bernalillo,35.08857,-106.652,Operating,High,,,,,,Unknown,Media Monitoring,08/31/2025,08/31/2025,operating
Hobbs Data Center,320 N Shipp St,Hobbs,NM,88240.0,Lea,32.70361,-103.137,Operating,High,,,,"43,000",,Unknown,Media Monitoring,05/27/2025,05/27/2025,operating
Aerospace Data Facility Southwest,12400 NASA Rd,Las Cruces,NM,88012.0,Doña Ana,32.49551,-106.614,Operating,High,,,,,,Unknown,Media Monitoring,08/31/2025,08/31/2025,operating
New Era Energy & Digital Data Center,Near powerlines and energy sources,Lea County,NM,88260.0,Lea County,32.882626,-103.42699,Proposed,Low,,7000,"Mega campus (>1,000 MW)",,3500.0,Unknown,Media Monitoring,11/09/2025,11/09/2025,planned
Atterix Raton Digital Hub,1235 S 2nd St,Raton,NM,87740.0,Colfax,36.881203,-104.43824,Suspended,High,,5,Small (0-10 MW),,,Yes,Crowdsourced,09/10/2026,09/10/2026,stalled
Zenith Volts Data Center,,Roswell,NM,,Chaves,33.38971,-104.536,Proposed,Medium,,1240,Hyperscale (100-999 MW),,300.0,Unknown,Media Monitoring,08/31/2025,08/31/2025,planned
Project Jupiter,adj to Pete V Domenici Hwy,Santa Teresa,NM,88008.0,Doña Ana,31.81646,-106.678,Approved/Permitted/Under construction,Medium,Open AI/Oracle,700,"Mega campus (>1,000 MW)","3,000,000",1400.0,Yes,Media Monitoring,09/26/2025,05/05/2026,planned
Green Data Center,"West of Socorro Peak, north of Hwy 60",Socorro,NM,,Socorro,34.077454,-107.02448,Cancelled,Medium,,2000,"Mega campus (>1,000 MW)",,10000.0,Yes,Media Monitoring,04/15/2026,04/15/2026,stalled
Townsite Solar 2 LLC (same as Clearway project that is now canceled?),"West of US-95, south of I-11",Boulder City,NV,89005.0,Clark,35.951614,-114.91385,Suspended,Medium,Townsite Solar 2 LLC,170,Hyperscale (100-999 MW),,88.0,Yes,Media Monitoring,04/01/2026,08/04/2026,stalled
Google Henderson NV Data Center,Warm Springs Road / Southlands Business Park,Henderson,NV,89011.0,Clark,36.039524,-114.98172,Expanding,Medium,Google,125,Hyperscale (100-999 MW),"750,000",64.0,Yes,Media Monitoring,07/24/2026,07/24/2026,operating
Novva Data Center,6115 Nicco Way,Las Vegas,NV,89115.0,Clark,36.2705,-115.048,Operating,High,,100,Hyperscale (100-999 MW),"275,000",,Unknown,Media Monitoring,08/30/2025,08/30/2025,operating
Novva Data Center (site 2),"I-15 (Apex Industrial Park, North Los Vegas)",Las Vegas,NV,89115.0,Clark,36.33975,-114.943,Proposed,Medium,,,,,205.0,Unknown,Media Monitoring,08/30/2025,08/30/2025,planned
Switch Data Center,"Apex Industrial Park, 10020 W Cheyenne Ave",Las Vegas,NV,89129.0,Clark,36.219105,-115.3135,Proposed,High,,,,,176.0,Unknown,Media Monitoring,01/22/2026,01/22/2026,planned
Switch Data Center,near 4746 W Richmar Ave,Las Vegas,NV,89139.0,Clark,36.017166,-115.20498,Proposed,Medium,Switch,,,,54.0,Unknown,Media Monitoring,06/22/2026,06/22/2026,planned
Switch Las Vegas CORE campus,7135 S Decatur Blvd,Las Vegas,NV,89118.0,Clark,36.0603,-115.21189,Operating,High,Switch,495,Hyperscale (100-999 MW),"3,500,000",,Unknown,Media Monitoring,01/22/2026,01/22/2026,operating
Jet.AI,Curocee Rd,Moapa,NV,89025.0,Clark,36.688816,-114.62739,Proposed,High,,50,Medium (11-50 MW),,20.0,Unknown,Media Monitoring,01/06/2026,01/06/2026,planned
Centra,265 Keystone Ave,Reno,NV,89503.0,Washoe,39.525772,-119.82659,Approved/Permitted/Under construction,High,,12,Medium (11-50 MW),,,Unknown,Media Monitoring,11/27/2025,11/27/2025,planned
Lumen Technologies mini Data Center,148 Gardner St,Reno,NV,89503.0,Washoe,39.52402,-119.827,Operating,High,,2,Small (0-10 MW),,,Unknown,Media Monitoring,09/23/2025,09/23/2025,operating
Oppidan Data Center,9745 N Virginia St,Reno,NV,89507.0,Washoe,39.61418,-119.877,Approved/Permitted/Under construction,High,,8,Small (0-10 MW),,,Unknown,Media Monitoring,09/23/2025,09/23/2025,planned
Webb Data Center,9805 N Virginia St,Reno,NV,89506.0,Washoe,39.61473,-119.879,Approved/Permitted/Under construction,High,,28,Medium (11-50 MW),"82,000",,Unknown,Media Monitoring,09/23/2025,09/23/2025,planned
Tract Data Center,off Alt-95,Silver Springs,NV,89429.0,Lyon,39.42805,-119.232,Proposed,High,,1600,"Mega campus (>1,000 MW)",,1060.0,Unknown,Media Monitoring,09/20/2025,11/09/2025,planned
Tract Data Center,USA Parkway,Silver Springs,NV,89429.0,Storey,39.47083,-119.40618,Approved/Permitted/Under construction,High,Fleet,1200,"Mega campus (>1,000 MW)",,1500.0,Unknown,Media Monitoring,11/09/2025,05/28/2026,planned
Apple Data Center,21905 Reno Technology Pkwy E,Sparks,NV,89434.0,Washoe,39.56298,-119.551,Operating,High,,,,,,Unknown,Media Monitoring,08/14/2025,08/14/2025,operating
NV11–NV14 Data Center Campus,100 Electric Ave,Sparks,NV,89437.0,Storey,39.55287,-119.474,Proposed,High,,224,Hyperscale (100-999 MW),"1,000,000",137.0,Unknown,Media Monitoring,07/22/2025,07/22/2025,planned
Peru Ridge/ Peru Shelf Data Centers,1995 Peru Dr,Sparks,NV,89434.0,Storey,39.540768,-119.49811,Proposed,High,Tract/ Fleet,810-2000,"Mega campus (>1,000 MW)",,517.0,Unknown,Media Monitoring,09/20/2025,06/14/2026,planned
South Valley Technology Park Data Center,9000 USA Pkwy,Sparks,NV,89434.0,Storey,39.51259,-119.435585,Proposed,High,Tract,1200,"Mega campus (>1,000 MW)",,1500.0,Unknown,Media Monitoring,06/14/2026,06/14/2026,planned
"STAMP Data Center ""Project Double Reed""",1249 Stamp Dr,Alabama,NY,14013.0,Genesee,43.08677,-78.3978,Proposed,High,Genesee County Economic Development Corporation (GCEDC)/Plug Power/Edwards Vaccum,500,Hyperscale (100-999 MW),"2,200,000",1263.0,Yes,Media Monitoring,09/23/2025,04/28/2026,planned
Kenwood Commons,100 Kenwood Rd,Albany,NY,12202.0,Albany,42.628124,-73.77215,Proposed,High,Edge,100,Hyperscale (100-999 MW),,76.0,Yes,Crowdsourced,04/28/2026,04/28/2026,planned
Lake Mariner Data Center,7725 Lake Rd,Barker,NY,14012.0,Niagara,43.35908,-78.6068,Expanding,High,TeraWulf/Fluidstack/Google/Core42,500,Hyperscale (100-999 MW),,,Unknown,Media Monitoring,08/18/2025,06/07/2026,operating
Camp Monterey Data Center,2150 Evergreen Hill Rd,Beaver Dams,NY,14812.0,Schuyler,42.337475,-77.019035,Proposed,High,FLX Gateway,,,,,Unknown,Media Monitoring,05/28/2026,05/28/2026,planned
DataVerge/ Industry City Data Center,882 3rd Avenue,Brooklyn,NY,11232.0,Kings,40.65775,-74.004974,Operating,High,DataVerge,10,Small (0-10 MW),"50,000",,Unknown,Media Monitoring,11/14/2025,03/04/2026,operating
Holtec Decommissioning International Data Center,450 Broadway,Buchanan,NY,10511.0,Westchester,41.265106,-73.9493,Proposed,High,,200,Hyperscale (100-999 MW),,,Unknown,Media Monitoring,11/14/2025,11/14/2025,planned
H5 Data Centers Buffalo," 350 Main Street, 18th/19th Floors, Suite 102",Buffalo,NY,14202.0,Erie,42.88409,-78.875725,Operating,High,,1,Small (0-10 MW),"341,000",,Unknown,Media Monitoring,03/04/2026,03/04/2026,operating
Tesla Dojo Supercomputer,1339 South Park Ave,Buffalo,NY,14220.0,Erie,42.86061,-78.84132,Cancelled,High,,,,,,Unknown,Media Monitoring,01/15/2026,01/15/2026,stalled
Vulcan Infrastructure and Power Inc (formerly Greenidge Generation Yates County facility),590 Plant Rd,Dresden,NY,14441.0,Yates,42.67687,-76.94491,Operating,High,,55,Large (51-99 MW),,150.0,Yes,Media Monitoring,11/16/2025,11/16/2025,operating
Global AI,1701 North St,Endicott,NY,13760.0,Broome,42.104294,-76.04444,Operating,High,,32,Medium (11-50 MW),,,Unknown,Media Monitoring,03/04/2026,03/04/2026,operating
Treetop Development Project,near 7 Donovan Dr,Hopewell Junction,NY,12533.0,Dutchess,41.523403,-73.81024,Suspended,High,Donovan Drive Holdings LLC,1000,"Mega campus (>1,000 MW)","800,000",,Unknown,Media Monitoring,02/16/2026,06/29/2026,stalled
Former Remington Gun Factory Data Center,14 Hoefler Ave,Ilion,NY,13357.0,Herkimer,43.01354,-75.033745,Proposed,High,,200,Hyperscale (100-999 MW),"500,000",32.0,Yes,Media Monitoring,04/22/2026,04/22/2026,planned
Lake Hawkeye Data Center,Miliken Station Rd,Lansing,NY,14882.0,Tompkins,42.60211,-76.635,Proposed,High,TeraWulf,150,Hyperscale (100-999 MW),"1,360,000",183.0,Yes,Crowdsourced,08/14/2025,05/11/2026,planned
H5 Data Center,5365 Crown Dr and 5319 Enterprise Dr,Lockport,NY,14094.0,Niagara,43.169827,-78.74797,Operating,High,,44,Medium (11-50 MW),"409,200",43.0,Unknown,Media Monitoring,11/14/2025,11/14/2025,operating
"Ranalli Super DC, LLC Data Center",Hencle Blvd and Rt 48,Lysander,NY,13027.0,Onondaga,43.18687,-76.35703,Proposed,High,,300,Hyperscale (100-999 MW),,124.0,Yes,Media Monitoring,11/26/2025,04/26/2026,planned
Former Sears Data Center,6100 St Lawrence Centre SR 37,Massena,NY,13662.0,St. Lawrence,44.948536,-74.84243,Proposed,High,,,,,,Unknown,Media Monitoring,11/14/2025,11/14/2025,planned
New York State Artificial Intelligence Data Center,Rt 42 and Horton Rd,Massena,NY,13662.0,St. Lawrence,44.95557,-74.853615,Cancelled,Medium,,300,Hyperscale (100-999 MW),,,Unknown,Media Monitoring,02/16/2026,02/16/2026,stalled
North Country Colocation Services Data Center,194 County Rd 45 ,Massena,NY,13662.0,St. Lawrence,44.961773,-74.75057,Expanding,High,Coinmint/NYDIG,635,Hyperscale (100-999 MW),"1,050,000",1375.0,Yes,Media Monitoring,11/14/2025,07/10/2026,operating
St Lawrence Data and Agricultural Center,417 County Route 42,Massena,NY,13662.0,St. Lawrence,44.954838,-74.84906,Proposed,High,ZeroC Data Centers/Petawatt Holdings,200,Hyperscale (100-999 MW),"900,000",14.0,Unknown,Media Monitoring,11/14/2025,07/10/2026,planned
LGA1,60 Hudson Street Suite #1903,New York,NY,10013.0,New York,40.717728,-74.00832,Operating,High,DataBank,1,Small (0-10 MW),"23,940",,Unknown,Media Monitoring,11/14/2025,11/14/2025,operating
LGA2,111 8th Avenue,New York,NY,10011.0,New York,40.740993,-74.00215,Operating,High,DataBank,1,Small (0-10 MW),,,Unknown,Media Monitoring,11/14/2025,11/14/2025,operating
Oxford Quantum Circuits Data Center,111 8th Avenue,New York,NY,10011.0,New York,40.74102,-74.0021,Operating,High,,,,,,Unknown,Media Monitoring,09/19/2025,09/19/2025,operating
Telehouse: Chelsea,85 10th Ave,New York,NY,10011.0,New York,40.743084,-74.007866,Operating,High,,4,Small (0-10 MW),"63,500",,Unknown,Media Monitoring,11/14/2025,11/14/2025,operating
9Lives Data Center,3807 Highland Ave,Niagara Falls,NY,14305.0,Erie,43.12389,-79.04118,Proposed,High,,600,Hyperscale (100-999 MW),,11.0,Unknown,Media Monitoring,01/14/2026,07/10/2026,planned
BlockFusion aka North East Data Center LLC,5380 Frontier Ave.,Niagara Falls,NY,14304.0,Niagara,43.083187,-79.00317,Operating,High,,50,Large (51-99 MW),,,Unknown,Media Monitoring,11/17/2025,09/22/2026,operating
Niagara Digital Campus,Rainbow Blvd & John B Daly Blvds,Niagara Falls,NY,14303.0,Niagara,43.084515,-79.05135,Approved/Permitted/Under construction,High,Urbacon,140,Hyperscale (100-999 MW),"600,000",53.0,Yes,Media Monitoring,11/14/2025,07/10/2026,planned
North Tonawanda Data Center,1070 Erie Ave,North Tonawanda,NY,14120.0,Niagara,43.06086,-78.85376,Operating,High,,46,Medium (11-50 MW),,,Yes,Media Monitoring,11/17/2025,04/08/2026,operating
Oneonta Data Center,357 County Highway 9,Oneonta,NY,13820.0,Otsego,42.45303,-75.1168,Suspended,High,,,Small (0-10 MW),,,Yes,Media Monitoring,11/26/2025,03/24/2026,stalled
Bloomberg-RDC 8/ Sentinel NY-1,155 Corporate Dr,Orangeburg,NY,10962.0,Rockland,41.03556,-73.9866,Operating,High,,7,Small (0-10 MW),"130,000",15.0,Unknown,Media Monitoring,11/14/2025,11/14/2025,operating
DataBank LGA3 and LGA4,2000 Corporate Dr,Orangeburg,NY,10962.0,Rockland,41.03986,-73.9899,Operating,High,,40,Medium (11-50 MW),"220,000",34.0,Unknown,Media Monitoring,05/24/2025,11/14/2025,operating
Orangeburg Data Center,1 Ramland Rd,Orangeburg,NY,10962.0,Rockland,41.0345,-73.9758,Operating,High,,24,Medium (11-50 MW),"232,000",,Unknown,Media Monitoring,06/09/2025,06/09/2025,operating
IBM Quantum Data Center,2455 South Road (Route 9),Poughkeepsie,NY,12601.0,Dutchess,41.660404,-73.93994,Approved/Permitted/Under construction,High,IBM,100,Hyperscale (100-999 MW),"3,600,000",400.0,Unknown,Media Monitoring,03/04/2026,03/04/2026,planned
Telehouse: Teleport,7 Teleport Dr,Staten Island,NY,10311.0,Richmond,40.60713,-74.174934,Operating,High,,10,Small (0-10 MW),"162,000",,Unknown,Media Monitoring,11/14/2025,11/14/2025,operating
Riverview Innovation & Technology Campus,3800-3875 River Rd,Tonawanda,NY,14150.0,Erie,42.978775,-78.93396,Suspended,High,,600,Hyperscale (100-999 MW),"500,000",140.0,Yes,Media Monitoring,11/14/2025,03/27/2026,stalled
Brookhaven Logistics Center,1001 Expressway Dr N,Yaphank,NY,11980.0,Suffolk,40.82991,-72.94618,Pre-proposal,High,,176,Hyperscale (100-999 MW),"550,000",71.0,yes,Media Monitoring,11/14/2025,07/10/2026,planned
Aberdeen Data Center,"Former Dayton Power and Light Stuart landfill, 745 US-52",Aberdeen,OH,45101.0,Adams,38.638145,-83.69277,Proposed,High,AWS,1300,"Mega campus (>1,000 MW)",,,Yes,Media Monitoring,03/13/2026,07/11/2026,planned
Viking Data Centers,428 Seiberling St,Akron,OH,44306.0,Summit,41.050426,-81.4743,Operating,High,,150-400,Hyperscale (100-999 MW),"380,000",,Unknown,Crowdsourced,03/25/2026,03/25/2026,operating
Cervenka Development Partners Data Center (pre-proposal),100-300 Nordson Dr,Amherst,OH,44001.0,Lorain,41.391575,-82.21306,Pre-proposal,High,,,,,36.0,Unknown,Media Monitoring,07/22/2026,07/22/2026,planned
EdgeConneX Ashville Data Center,Btwn Rt 752 and Weigand Rd,Ashville,OH,43103.0,Pickaway,39.733818,-82.97449,Approved/Permitted/Under construction,High,EdgeConneX,200,Hyperscale (100-999 MW),,195.0,Yes,Media Monitoring,02/15/2026,07/11/2026,planned
Project Triton,3700 Limestone Dr,Barberton,OH,44203.0,Summit,41.014168,-81.6502,Cancelled,High,Norton,,Hyperscale (100-999 MW),"485,000",90.0,Yes,Media Monitoring,10/15/2025,07/11/2026,stalled
Meta Bowling Green Data Center/ Project Accordion,20750 Midstar Dr,Bowling Green,OH,43402.0,Wood,41.45447,-83.6489,Approved/Permitted/Under construction,High,Meta,514,Hyperscale (100-999 MW),"715,000",280.0,Yes,Media Monitoring,09/10/2025,07/11/2026,planned
Canton Data Center,4726 Hills and Dales Rd NW,Canton,OH,44708.0,Stark,40.8489,-81.4408,Operating,High,Ark Data Centers,1.5-3,Small (0-10 MW),"29,960",2.0,Yes,Media Monitoring,02/25/2026,02/25/2026,operating
DartPoints Data Center,302 W. Third St.,Cincinnati,OH,45202.0,Hamilton,39.09831,-84.5179,Expanding,High,DartPoints,,Small (0-10 MW),"14,715",,Unknown,Media Monitoring,09/18/2025,07/12/2026,operating
H5 Data Center,925 Dalton Avenue,Cincinnati,OH,45203.0,Hamilton,39.10586,-84.5366,Operating,High,,2-6,Small (0-10 MW),"107,000",,Unknown,Media Monitoring,06/05/2025,06/05/2025,operating
CLE1,15166 Neo Pkwy,Cleveland,OH,44128.0,Cuyahoga,41.42835,-81.574,Operating,High,,5,Small (0-10 MW),"66,800",,Unknown,Media Monitoring,09/01/2025,09/01/2025,operating
CLE2,15248 NEO Parkway,Cleveland,OH,44128.0,Cuyahoga,41.42939,-81.5739,Operating,High,,2,Small (0-10 MW),"24,850",,Unknown,Media Monitoring,09/01/2025,09/01/2025,operating
Lakeland Equity Group Data Center,3560 E 55th St,Cleveland,OH,44105.0,Cuyahoga,41.461937,-81.65161,Cancelled,High,,150,Hyperscale (100-999 MW),"300,000",35.0,Yes,Media Monitoring,05/12/2026,05/20/2026,stalled
Slavic Village Data Center,3560 E. 55th St.,Cleveland,OH,44105.0,Cuyahoga,41.4646,-81.6521,Proposed,High,Lakeland Equity Group,150,Hyperscale (100-999 MW),"300,000",35.0,Yes,Media Monitoring,05/08/2026,07/12/2026,planned
COL 1 (Cologix) Data Center,535 Scherers Ct,Columbus,OH,43085.0,Franklin,40.11592,-83.0025,Operating,High,,30,Medium (11-50 MW),"44,000",,Unknown,Media Monitoring,08/30/2025,08/30/2025,operating
COL 2 (Cologix) Data Center,555 Scherers Ct,Columbus,OH,43085.0,Franklin,40.11582,-83.0025,Operating,High,,30,Medium (11-50 MW),"44,000",,Unknown,Media Monitoring,08/30/2025,08/30/2025,operating
COL 3 (Cologix) Data Center,585 Scherers Ct,Columbus,OH,43085.0,Franklin,40.11585,-83.0023,Operating,High,,18,Medium (11-50 MW),"160,000",,Unknown,Media Monitoring,08/30/2025,08/30/2025,operating
COL 4 (Cologix) Data Center,7500 Alta View Blvd,Columbus,OH,43085.0,Franklin,40.11852,-82.9993,Operating,High,,33,Medium (11-50 MW),"256,000",,Unknown,Media Monitoring,08/30/2025,08/30/2025,operating
Columbus Data Center,5076 S High St,Columbus,OH,43207.0,Franklin,39.85241,-82.9974,Operating,High,Google,,,,,Unknown,Media Monitoring,05/26/2025,05/26/2025,operating
Microsoft Licking County Data Center,,Columbus,OH,,Franklin,39.96418,-83.0171,Cancelled,Low,Microsoft,,,,,Unknown,Media Monitoring,,,stalled
Aligned Data Center,"Conesville Industrial Park, 47201 Co Rd 273",Conesville,OH,43811.0,Coshocton,40.18911,-81.8728,Proposed,High,,,"Mega campus (>1,000 MW)",,197.0,Unknown,Media Monitoring,08/01/2025,07/12/2026,planned
CMH2,5700 Innovation Dr,Dublin,OH,43016.0,Franklin,40.09205,-83.1436,Operating,High,,5,Small (0-10 MW),"29,208",,Unknown,Media Monitoring,09/01/2025,09/01/2025,operating
DartPoints Data Center,565 Metro Pl S #300,Dublin,OH,43017.0,Franklin,40.09327,-83.1337,Operating,High,,,,"40,000",,Unknown,Media Monitoring,09/18/2025,09/18/2025,operating
Microsoft Columbus Data Center,,Eaton,OH,43228.0,Franklin,39.96418,-83.0171,Suspended,Low,Microsoft,,,,,Unknown,Media Monitoring,,,stalled
PRSM Data Center,"Off Orphans Rd, South of I-70",Eaton,OH,45320.0,Preble,39.8307,-84.7197,Cancelled,High,,,Hyperscale (100-999 MW),,300.0,Yes,Media Monitoring,09/08/2025,07/12/2026,stalled
Project Dazzler,Franklin Furnace Area,Franklin Furnace,OH,,Scioto,38.6067,-82.839195,Approved/Permitted/Under construction,High,Google,,,"500,000",,Yes,Media Monitoring,01/23/2026,07/12/2026,planned
Amazon Sunbury Data Center,11793 Vans Valley Rd,Galena,OH,43021.0,Delaware,40.21813,-82.8478,Suspended,High,AWS,,,"450,000",,Yes,Media Monitoring,05/26/2025,07/15/2026,stalled
AWS Data Center,Betw Wayne Madison and Hawkins Rds,Hamilton,OH,45011.0,Butler,39.442387,-84.486824,Proposed,High,AWS,,Hyperscale (100-999 MW),"3,960,000",601.0,Unknown,Media Monitoring,08/17/2026,08/17/2026,planned
Logistix Data Center,1380 University Blvd,Hamilton,OH,45011.0,Butler,39.38385,-84.56061,Proposed,High,Logistix Property Group,200,Hyperscale (100-999 MW),"310,640",29.0,Yes,Media Monitoring,09/09/2025,07/15/2026,planned
Mara Holdings,"Long Ridge Energy Station, 43840 OH-7",Hannibal,OH,43931.0,Monroe,39.704994,-80.8452,Proposed,High,,200,Hyperscale (100-999 MW),,1600.0,Unknown,Media Monitoring,05/05/2026,07/15/2026,planned
Amazon Hilliard Data Center,5109 Hayden Run Rd,Hilliard,OH,43026.0,Franklin,40.06241,-83.1344,Expanding,High,Amazon,73,Large (51-99 MW),,142.0,Yes,Media Monitoring,05/26/2025,07/15/2026,operating
Ravel Data Center,1476 County Rd 1A,Ironton,OH,45638.0,Lawrence,38.56767,-82.782684,Proposed,High,Strata,,,,,Yes,Media Monitoring,01/13/2026,07/15/2026,planned
Amazon Jeffersonville Data Center,along Interstate 71 between State Route 729 and U.S. 35,Jeffersonville,OH,43128.0,Fayette,39.62815,-83.57187,Operating,High,Amazon,1184,"Mega campus (>1,000 MW)",,590.0,Unknown,Media Monitoring,05/26/2025,07/15/2026,operating
CyrusOne COL-1,12181 Jug St ,Johnstown,OH,43031.0,Licking,40.09545,-82.7181,Approved/Permitted/Under construction,High,CyrusOne,,Hyperscale (100-999 MW),,114.0,Unknown,Media Monitoring,09/18/2025,07/15/2026,planned
EdgeConneX New Albany Data Center,9850 Innovation Campus Way W,Johnstown,OH,43031.0,Licking,40.08851,-82.7583,Approved/Permitted/Under construction,High,EdgeConneX,120-766,Hyperscale (100-999 MW),"1,225,000",270.0,Unknown,Media Monitoring,07/15/2025,07/15/2026,planned
Johnstown Data Center (Beech Rd.),4200 Beech Rd NW,Johnstown,OH,43031.0,Licking,40.11718,-82.7506,Proposed,High,,,,,439.0,Unknown,Media Monitoring,05/26/2025,05/26/2025,planned
Johnstown Data Center (Beech Rd),2801 Beech Rd NW,Johnstown,OH,43031.0,Licking,40.09769,-82.7533,Proposed,High,Amazon,,,,112.0,Unknown,Media Monitoring,05/26/2025,05/26/2025,planned
Johnstown Data Center (Beech Rd NW),2570 Beech Rd NW,Johnstown,OH,43031.0,Licking,40.09421,-82.7514,Operating,High,Amazon,,,"459,000",439.0,Unknown,Media Monitoring,05/26/2025,07/26/2026,operating
Johnstown Data Center (Harrison Rd),2186 Harrison Rd NW,Johnstown,OH,43031.0,Licking,40.08953,-82.7346,Proposed,High,Amazon,,,"170,000",100.0,Unknown,Media Monitoring,05/26/2025,05/26/2025,planned
Karis Critical Data Center,4500 Beech Rd NW,Johnstown,OH,43031.0,Licking,40.12115,-82.7517,Approved/Permitted/Under construction,High,,36,Medium (11-50 MW),"211,000",115.0,Unknown,Media Monitoring,09/03/2025,07/26/2026,planned
Lancaster Data Center,105 Whiley Rd.,Lancaster,OH,43130.0,Fairfield,39.72647,-82.6823,Proposed,High,Google,,,,120.0,yes,Media Monitoring,05/26/2025,07/15/2026,planned
CMH3,281 E. Powell Rd,Lewis Center,OH,43085.0,Delaware,40.15455,-83.0143,Operating,High,,7,Small (0-10 MW),"102,000",,Unknown,Media Monitoring,09/01/2025,09/01/2025,operating
COL 5 (Cologix) Data Center,6787 Green Meadows Drive,Lewis Center,OH,43085.0,Delaware,40.19086,-83.0113,Proposed,High,,120,Hyperscale (100-999 MW),135000,28.0,Unknown,Media Monitoring,08/30/2025,07/16/2026,planned
Project BOSC,1108 W Bluelick Rd,Lima,OH,45801.0,Allen,40.80032,-84.11909,Approved/Permitted/Under construction,High,Google,,,,200.0,yes,Media Monitoring,03/20/2026,07/16/2026,planned
Guernsey County Data Center,"near Cadiz Rd, likely",Lore City,OH,43755.0,Guernsey,40.11321,-81.391945,Proposed,Medium,Smart Energy Partners,,,,425.0,Yes,Media Monitoring,06/29/2026,07/16/2026,planned
Bitdeer Technologies Data Center,"3960-4350 Township Hwy 213,",Mantua,OH,44255.0,Portage,41.250813,-81.24765,Proposed,High,Bitdeer,150,Hyperscale (100-999 MW),"720,000",257.0,Yes,Media Monitoring,06/22/2026,07/16/2026,planned
Project Cosmos,14684 Industrial Pkwy,Marysville,OH,43040.0,Union,40.2203,-83.3259,Approved/Permitted/Under construction,High,Amazon,,,,55.0,yes,Media Monitoring,05/26/2025,07/16/2026,planned
Bitdeer Crypto Mine,1115 Industrial Ave SW,Massillon,OH,44647.0,Stark,40.772533,-81.53784,Operating,High,Bitdeer,221,Hyperscale (100-999 MW),,19.0,Unknown,Media Monitoring,06/22/2026,06/22/2026,operating
OH2 Data Center,State Routes 204 and 37/ 11894-11998 Lancaster-Newark Rd NE,Millersport,OH,43046.0,Fairfield,39.89945,-82.5619,Proposed,High,Vantage,800,Hyperscale (100-999 MW),"2,500,000",345.0,Unknown,Media Monitoring,06/05/2025,07/16/2026,planned
Monclova Data Center,,Monclova Township,OH,43537.0,Lucas,41.546165,-83.71574,Suspended,Medium,,,,,,Yes,FOIA/ public records request,05/06/2026,07/16/2026,stalled
Pacifico Data Center,London Rd,Muhlenberg,OH,,Pickaway,39.697655,-83.11986,Suspended,Medium,,,,,,Yes,Media Monitoring,02/24/2026,07/16/2026,stalled
Google New Albany Data Center,4632 Babbitt Rd (likely Beech Rd),New Albany,OH,43054.0,Franklin,40.058273,-82.766945,Approved/Permitted/Under construction,High,Google,543-679,Hyperscale (100-999 MW),,,Unknown,Media Monitoring,01/01/2026,07/16/2026,planned
New Albany Meta Data Center/Prometheus,1 Community Cir,New Albany,OH,43054.0,Darke,40.06873,-82.75027,Operating,High,Meta,"691-1,400","Mega campus (>1,000 MW)","27,878,400",345.0,Unknown,Media Monitoring,05/26/2025,04/23/2026,operating
Oregon Data Center,Corduroy and N. Wynn Rds,Oregon,OH,43616.0,Lucas,41.66384,-83.4237,Proposed,High,,500,Hyperscale (100-999 MW),,168.0,Yes,Media Monitoring,09/03/2025,07/16/2026,planned
Aligned Data Center,corner OH-16 and Mink St SW,Pataskala,OH,43062.0,Licking,39.99121,-82.726845,Proposed,High,Aligned Data Centers,,,,90.0,Yes,Media Monitoring,07/14/2026,07/14/2026,planned
Mink East Data Center,South of Hwy 20/ Jug St Rd NW,Pataskala,OH,43062.0,Licking,40.09228,-82.69978,Proposed,High,,,,"1,660,000",323.0,Unknown,Media Monitoring,07/14/2026,07/14/2026,planned
SoftBank Data Center/PORTS Technology Campus,Former Portsmouth Gaseous Diffusion Site,Piketon,OH,45661.0,Pike,39.01315,-83.00055,Approved/Permitted/Under construction,Medium,Softbank/Open AI (unconfirmed),9200,"Mega campus (>1,000 MW)",,640.0,Unknown,Media Monitoring,04/02/2026,08/17/2026,planned
J5 LLC Data Center,Farrington and Washington Rds,Piqua,OH,45356.0,Miami,40.10546,-84.259926,Proposed,Medium,Cleanview,,Hyperscale (100-999 MW),"700,000",607.0,Unknown,Media Monitoring,02/03/2026,02/03/2026,planned
Aligned NEO-01,2509 Hayes Avenue,Sandusky,OH,44870.0,Erie,41.43093,-82.7172,Proposed,High,,,,,130.0,Unknown,Media Monitoring,06/19/2025,06/19/2025,planned
Amazon Project Galaxy,North side of West Millcreek Rd,Sidney,OH,45365.0,Shelby,40.26942,-84.19626,Proposed,High,Amazon,,,,,Unknown,Media Monitoring,11/03/2025,11/03/2025,planned
Sammis Power Plant Data Center,OH-7,Stratton,OH,43961.0,Jefferson,40.528168,-80.62949,Proposed,High,,,,,,Unknown,Crowdsourced,05/19/2026,05/19/2026,planned
Project Mila,Kennel Rd Corridor,Trenton,OH,45067.0,Butler,39.455215,-84.45998,Proposed,High,Prologis,240,Hyperscale (100-999 MW),"1,000,000",142.0,Yes,Crowdsourced,12/29/2025,03/23/2026,planned
CMH1,"5000 Arlington Centre Blvd Building One, Arlington Centre Blvd",Upper Arlington,OH,43220.0,Franklin,40.05789,-83.0785,Operating,High,,1.6,Small (0-10 MW),"21,591",,Unknown,Media Monitoring,09/01/2025,09/01/2025,operating
Urbana Technology Hub,Lewis B Moore Dr,Urbana,OH,43078.0,Champaign,40.08692,-83.77341,Proposed,High,Thor Equities,100,Hyperscale (100-999 MW),"460,000",48.0,Yes,Crowdsourced,05/05/2026,05/05/2026,planned
Stargate Data Center,2369 Ellsworth Bailey Rd,Warren,OH,44481.0,Trumbull,41.15324,-80.8803,Proposed,High,Bristolville 25 Developer LLC,1500,"Mega campus (>1,000 MW)",,,Yes,Media Monitoring,09/26/2025,03/23/2026,planned
Waterville Data Center Land Advertisement,,Waterville,OH,43566.0,Lucas,41.498295,-83.75243,Pre-proposal,Medium,,,Hyperscale (100-999 MW),,,Yes,FOIA/ public records request,05/06/2026,05/06/2026,planned
Wilmington Data Center,1488 US-68,Wilmington,OH,45177.0,Clinton,39.42304,-83.845474,Suspended,High,Amazon,400-600,Hyperscale (100-999 MW),,471.0,Yes,Media Monitoring,12/08/2025,03/23/2026,stalled
Broken Arrow Data Center,Creek Tpke and Hwy 51,Broken Arrow,OK,74014.0,Wagoner,36.03942,-95.74154,Proposed,Medium,,,,,,Unknown,Media Monitoring,05/12/2026,05/12/2026,planned
Project Anthem,E 11th St,Cartoosa,OK,74015.0,Wagoner,36.14817,-95.7338,Approved/Permitted/Under construction,High,,,,,340.0,Unknown,Media Monitoring,05/26/2025,03/31/2026,planned
Project Mustang,Claremore Industrial Park,Claremore,OK,74017.0,Rogers,36.343464,-95.60581,Proposed,High,,,,,,Yes,Media Monitoring,01/06/2026,02/11/2026,planned
Google Pryor Data Center,4581 Webb St,Lusta,OK,74361.0,Mayes,36.240967,-95.33059,Operating,High,Google,195-584,Hyperscale (100-999 MW),,,Unknown,Media Monitoring,01/01/2026,01/01/2026,operating
Luther Data Center,NE 206th St corridor,Luther,OK,73054.0,Oklahoma,35.684746,-97.21583,Proposed,Medium,Beltline Energy,,,,400.0,Yes,Media Monitoring,01/06/2026,08/12/2026,planned
Cerebras Systems Data Center,600 NW 62nd St,Oklahoma City,OK,73118.0,Oklahoma,35.53575,-97.5223,Operating,High,,10,Small (0-10 MW),"82,000",,Unknown,Media Monitoring,09/25/2025,09/25/2025,operating
Valor C3 Data Center,4442 Newcastle Rd,Oklahoma City,OK,73119.0,Oklahoma,35.42508,-97.5998,Operating,High,,,,,,Unknown,Media Monitoring,05/26/2025,05/26/2025,operating
Google Project Clydesdale,SW of E 86th St N and Sheridan Ave,Owasso,OK,74055.0,Tulsa,36.27376,-95.90849,Approved/Permitted/Under construction,High,"Beale Infrastructure, Google",,Hyperscale (100-999 MW),,506.0,Unknown,Media Monitoring,05/21/2025,08/20/2026,planned
Cloverleaf Data Center/Project Open Sky,"Azalea Road NW, Richland Road NW, and Moffat Road NW",Piedmont,OK,73078.0,Canadian,35.72121,-97.787,Proposed,Medium,Cloverleaf Infrastructure,1400,,"2,116,800",633.0,Yes,Media Monitoring,05/18/2026,07/13/2026,planned
Project Atlas,6192 State Highway 51B,Porter,OK,74454.0,Wagoner,35.89665,-95.60666,Cancelled,High,Beale Infrastructure,,,,,Yes,Media Monitoring,01/06/2026,04/01/2026,stalled
Lambda Data Center,MidAmerica Industrial Park,Pryor,OK,74361.0,Mayes,36.246696,-95.286156,Proposed,Medium,Lambda,,,,,Unknown,Media Monitoring,09/30/2026,09/30/2026,planned
Project Spring,5615 OK-97,Sand Springs,OK,74063.0,Osage,36.24621,-96.10993,Approved/Permitted/Under construction,High,,,Hyperscale (100-999 MW),"565,000",827.0,Yes,Media Monitoring,11/28/2025,02/15/2026,planned
Cherokee Data Center,7400 N Lakewood Ave,Tulsa,OK,74117.0,Tulsa,36.26277,-95.9097,Operating,High,,,,,,Unknown,Media Monitoring,05/21/2025,05/21/2025,operating
Tierpoint Data Center,12151 E. State Farm Blvd,Tulsa,OK,74146.0,Tulsa,36.09664,-95.8402,Operating,High,,,,"16,000",,Unknown,Media Monitoring,05/26/2025,05/26/2025,operating
Arlington Data Center,mesa above Arlington,Arlington,OR,97812.0,Gilliam,45.72153,-120.189,Proposed,Low,Amazon,,,,400.0,Unknown,Media Monitoring,08/16/2025,08/16/2025,planned
Amazon Boardman Data Center,79388 Olson Rd,Boardman,OR,97818.0,Morrow,45.836727,-119.689735,Proposed,High,Amazon,,Hyperscale (100-999 MW),,1300.0,Unknown,Media Monitoring,04/01/2026,04/24/2026,planned
Roundhouse Data Center,Cascade Locks area,Cascade Locks,OR,97014.0,Hood River,45.67192,-121.886,Cancelled,Medium,,,,,,Yes,Media Monitoring,05/23/2025,05/23/2025,stalled
Crane Data Centers,2975 Heather St,Forest Grove,OR,97113.0,Washington,45.51555,-123.07915,Approved/Permitted/Under construction,High,,,,"357,500",35.0,Unknown,Media Monitoring,07/16/2025,06/26/2026,planned
Amazon Data Center,OR-207,Heppner,OR,97836.0,Morrow,45.604702,-119.573364,Proposed,High,Amazon,"1,200","Mega campus (>1,000 MW)",,,Unknown,Media Monitoring,01/19/2026,01/19/2026,planned
Adobe Data Center,4455 NE Dawson Creek Dr,Hillsboro,OR,97124.0,Washington,45.550182,-122.93266,Operating,High,,,,,,Unknown,Media Monitoring,02/20/2026,02/20/2026,operating
Flexential Hillsboro 1,"7273, 3935 NE NW Aloclek Pl",Hillsboro,OR,97124.0,Washington,45.55948,-122.938,Operating,High,,12,Medium (11-50 MW),"120,000",,Unknown,Media Monitoring,09/09/2025,09/09/2025,operating
Flexential Hillsboro 2,5737 NE Huffman St,Hillsboro,OR,97124.0,Washington,45.54989,-122.891,Operating,High,,12–20,Medium (11-50 MW),,,Unknown,Media Monitoring,09/09/2025,09/09/2025,operating
Flexential Hillsboro 3,5419 NE Starr Blvd,Hillsboro,OR,97124.0,Washington,45.55947,-122.938,Operating,High,,12–20,Medium (11-50 MW),,,Unknown,Media Monitoring,09/09/2025,09/09/2025,operating
Flexential Hillsboro 4,4915 NE Starr Blvd,Hillsboro,OR,97124.0,Washington,45.55543,-122.939,Operating,High,,12–20,Medium (11-50 MW),,,Unknown,Media Monitoring,09/09/2025,09/09/2025,operating
Flexential Hillsboro 5,4975 NE Starr Blvd,Hillsboro,OR,97124.0,Washington,45.55651,-122.939,Operating,High,,36,Medium (11-50 MW),"358,000",,Unknown,Media Monitoring,09/09/2025,09/09/2025,operating
Flexential Hillsboro 6,,Hillsboro,OR,97124.0,Washington,45.54841,-122.89,Proposed,Medium,,27,Medium (11-50 MW),"350,000",,Unknown,Media Monitoring,09/09/2025,09/09/2025,planned
Portland Edge Data Center (EDC) campus,"6327 NE Evergreen Pkwy, Bldg C, Suite C-300",Hillsboro,OR,97124.0,Washington,45.55167,-122.915,Operating,High,,9,Small (0-10 MW),"35,550",,Unknown,Media Monitoring,08/04/2025,08/04/2025,operating
Stack Infrastructure POR01A,3145 NE Brookwood Pkwy,Hillsboro,OR,97124.0,Washington,45.54944,-122.92765,Expanding,High,Stack,4,Small (0-10 MW),,,Unknown,Media Monitoring,02/20/2026,02/20/2026,operating
Stack Infrastructure POR01 and POR02,NE 30th Ave. & NE Evergreen Rd,Hillsboro,OR,97124.0,Washington,45.55085,-122.94846,Proposed,Medium,Stack,108,Hyperscale (100-999 MW),,,Unknown,Media Monitoring,08/12/2026,08/12/2026,planned
Stack Infrastructure POR03A Flagship Campus,25300 NE Evergreen Rd,Hillsboro,OR,97124.0,Washington,45.5502,-122.941696,Expanding,High,Stack,25,Hyperscale (100-999 MW),,,Unknown,Media Monitoring,02/20/2026,02/20/2026,operating
La Pine Data Center,William Foss Rd/ Reed Rd,La Pine,OR,97739.0,Deschutes,43.66909,-121.4879,Suspended,Medium,Box Miner,20,,,20.0,Yes,Media Monitoring,05/23/2026,05/23/2026,stalled
Apple Prineville Data Center,,Prineville,OR,97754.0,Crook,44.28842,-120.876,Operating,Low,,,,,,Unknown,Media Monitoring,08/14/2025,08/14/2025,operating
Meta Prineville Data Center,735 SW Connect Way,Prineville,OR,97754.0,Crook,44.295624,-120.88721,Operating,High,Meta,,Hyperscale (100-999 MW),"3,200,000",,Unknown,Crowdsourced,12/24/2025,12/24/2025,operating
Verrus Data Center,Deer Park Dr SE and Turner Rd SE,Salem,OR,97317.0,Marion,44.87692,-122.97173,Suspended,Medium,Sidewalk Infrastructure Partners,,,,75.0,Unknown,Media Monitoring,07/16/2026,08/03/2026,stalled
Google Dalles Data Center,4200 Columbia Road,The Dalles,OR,97058.0,Wasco,45.63318,-121.2,Proposed,High,Google,,,,,Unknown,Media Monitoring,07/01/2025,07/01/2025,planned
Sabey Data Center,Beach Access Rd,Umatilla,OR,97882.0,Umatilla,45.927284,-119.27303,Approved/Permitted/Under construction,Medium,Sabey,120,Hyperscale (100-999 MW),,60.0,Unknown,Media Monitoring,07/23/2026,07/23/2026,planned
Aliquippa Data Center Land Advertisement,71 Woodlawn Road,Aliquippa,PA,15001.0,Beaver,40.630177,-80.23629,Pre-proposal,High,Five 9s Digital/Fezzik Energy,496,Hyperscale (100-999 MW),"250,000",86.0,Yes,Media Monitoring,01/29/2026,08/05/2026,planned
Atlas Industrial Data Center,2493 N Cedar Crest Blvd,Allentown,PA,18104.0,Lehigh,40.643616,-75.53651,Proposed,High,,,Hyperscale (100-999 MW),"1,500,000",410.0,Yes,Media Monitoring,01/04/2026,03/23/2026,planned
J.G. Petrucci Data Center,1024 N. Bradford St,Allentown,PA,18109.0,Lehigh,40.62556,-75.45471,Proposed,High,,100,Hyperscale (100-999 MW),"146,000",,Unknown,Media Monitoring,08/24/2026,08/24/2026,planned
West Emaus Avenue Data Center/ Quantum Group,2401 West Emaus Ave,Allentown,PA,18103.0,Lehigh,40.567394,-75.47429,Proposed,High,"Quantm Group, LLC",80,Large (51-99 MW),"247,342",,Unknown,Crowdsourced,07/29/2026,08/24/2026,planned
Data Centric LLC Data Center,18000 Russell Rd,Allenwood,PA,17810.0,Union,41.13256,-76.9053,Suspended,Medium,,,,,37.0,Unknown,Media Monitoring,08/17/2025,08/17/2025,stalled
Archbald Data Center,Former Highway Auto Parts site,Archbald Borough,PA,18403.0,Lackawanna,41.51232,-75.5583,Proposed,High,PDC Realty LLC,,,"620,000",84.0,Yes,Media Monitoring,05/19/2025,03/22/2026,planned
Project Gravity Data Center,near Scranton-Carbondale Hwy,Archbald Borough,PA,18403.0,Lackawanna,41.52497,-75.561554,Proposed,High,Archbald 25 Developer LLC,,Hyperscale (100-999 MW),"1,600,000",186.0,Yes,Media Monitoring,10/06/2025,05/18/2026,planned
Project Green Mountain Data Center,"North of Salem Rd, east of Casey Hwy",Archbald Borough,PA,18403.0,Lackawanna,41.51297,-75.52613,Proposed,High,,,,"966,000",270.0,Unknown,Media Monitoring,03/20/2026,03/20/2026,planned
Project North,South of Gibson St,Archbald Borough,PA,18403.0,Lackawanna,41.524982,-75.554184,Proposed,High,,,,,,Unknown,Media Monitoring,03/20/2026,03/20/2026,planned
Project Scott,Btwn Eynon-Jermyn Rd and Scranton-Carbondale Hwy,Archbald Borough,PA,18403.0,Lackawanna,41.516857,-75.564445,Proposed,Medium,,,"Mega campus (>1,000 MW)","2,592,000",474.0,Unknown,Media Monitoring,03/20/2026,03/20/2026,planned
Wildcat Ridge Data Center,Scranton-Carbondale Hwy corridor,Archbald Borough,PA,18403.0,Lackawanna,41.50318,-75.58995,Suspended,High,,,"Mega campus (>1,000 MW)","17,200,000",574.0,Yes,Media Monitoring,10/06/2025,03/23/2026,stalled
Nautilus crypto mine,1375 Electron Ave,Berwick,PA,18603.0,Luzerne,41.08303,-76.1527,Operating,High,,50,Medium (11-50 MW),,,Unknown,Media Monitoring,05/19/2025,05/19/2025,operating
QTS Salem,West of Susquehanna Nuclear Power Plant,Berwick,PA,18603.0,Luzerne,41.092793,-76.16732,Proposed,Medium,,,Hyperscale (100-999 MW),,1700.0,Unknown,Media Monitoring,04/02/2026,07/29/2026,planned
Tierpoint Bethlehem Data Center,"3864 Courtney Street, Ste 130",Bethlehem,PA,18017.0,Northampton,40.67062,-75.37491,Operating,High,Tierpoint,,,"25,000",,Unknown,Other,11/24/2025,11/24/2025,operating
Tierpoint Lehigh Valley Data Center,3949 Schelden Circle,Bethlehem,PA,18107.0,Northampton,40.675163,-75.37803,Operating,High,Tierpoint,,,"27,000",,Unknown,Other,11/24/2025,11/24/2025,operating
Blakely Data Center,Terrace Dr corridor,Blakely Borough,PA,18447.0,Lackawanna,41.48713,-75.59684,Cancelled,High,,1500,"Mega campus (>1,000 MW)","1,200,000",121.0,Yes,Media Monitoring,08/11/2025,03/23/2026,stalled
Iron Mountain Data Center,1137 Branchton Rd,Boyers,PA,16020.0,Butler,41.09156,-79.913376,Operating,High,,16,Medium (11-50 MW),"330,000",315.0,Unknown,Other,11/21/2025,11/21/2025,operating
Tierpoint Allentown TekPark Data Center,9999 Hamilton Blvd,Breinigsville,PA,18031.0,Lehigh,40.543934,-75.649666,Operating,High,Tierpoint,,,"122,000",,Unknown,Other,11/24/2025,11/24/2025,operating
Starpointe Industrial Park Data Center,Starpointe Blvd,Burgettstown,PA,15021.0,Washington,40.428024,-80.42856,Proposed,Medium,Prime Data Centers LLC,450,Hyperscale (100-999 MW),"500,000",152.0,Yes,Media Monitoring,04/07/2026,08/05/2026,planned
PAX-1 Data Center,Country Club Rd corridor,Carlisle,PA,17015.0,Cumberland,40.2481,-77.1092,Approved/Permitted/Under construction,Medium,PowerHouse Data Centers / Pennsylvania Data Center Partners,1350-1800,"Mega campus (>1,000 MW)","5,000,000",700.0,Unknown,Media Monitoring,08/09/2025,04/29/2026,planned
Clarks Summit Data Center,near 980 Newton Rd,Clarks Summit,PA,18411.0,Lackawanna,41.450073,-75.7125,Proposed,High,,,,"290,400",76.0,Unknown,Media Monitoring,04/23/2026,04/23/2026,planned
Project Gold Data Center,along Rt 380 between Covington and Clifton,Clifton Township,PA,18424.0,Lackawanna,41.24829,-75.5166,Proposed,Medium,,"1,500","Mega campus (>1,000 MW)","9,400,000",1000.0,Yes,Media Monitoring,07/18/2025,03/20/2026,planned
Flexential Collegeville Data Center,101 Troutman Rd,Collegeville,PA,19426.0,Montgomery,40.152084,-75.476875,Operating,High,Flexential,7.2,Small (0-10 MW),"203,703",,Unknown,Other,11/24/2025,11/21/2025,operating
Energy Capital Partners,near 1055 Pikes Peak Rd,Delta,PA,17314.0,York,39.75768,-76.2754,Proposed,Medium,Calpine (Energy Capital Parners),828,Hyperscale (100-999 MW),,,Unknown,Media Monitoring,08/19/2025,08/19/2025,planned
Dickson City Development LLC s,Above Business Rte 6,Dickson City,PA,18508.0,Lackawanna,41.47686,-75.638275,Proposed,Medium,,,,"588,000",,Unknown,Media Monitoring,03/20/2026,05/28/2026,planned
MRP,"Betw Amity Rd, Susquehanna Trail, and Hwy 322/22",Duncannon,PA,17020.0,Perry,40.432003,-77.006775,Proposed,Medium,,,Hyperscale (100-999 MW),"1,380,000",,Unknown,Media Monitoring,05/12/2026,05/12/2026,planned
Smithfield Gateway Data Center,"Mosier Farm Dr corridor, Smithfield Township",East Stroudsburg,PA,18301.0,Monroe,41.00482,-75.14695,Proposed,High,Gateway Development,,Hyperscale (100-999 MW),"500,000",,Yes,Media Monitoring,03/13/2026,03/13/2026,planned
Pennhurst Data Center,1205 Commonwealth Dr,East Vincent Township,PA,19475.0,Chester,40.194553,-75.56007,Proposed,High,Pennhurst Holdings LLC,,Hyperscale (100-999 MW),"1,300,000",,Yes,Media Monitoring,10/21/2025,03/22/2026,planned
viLogics Ebensburg,378 Industrial Park Rd,Ebensburg,PA,15931.0,Cambria,40.45876,-78.758766,Operating,High,viLogics,3,Small (0-10 MW),"15,000",,Unknown,Other,11/21/2025,11/21/2025,operating
Misty Hollow Energy and Data Campus,614 Prospect Rd,Evans City,PA,16033.0,Butler,40.808056,-80.05584,Proposed,Medium,,,Hyperscale (100-999 MW),"1,000,000",274.0,Unknown,Crowdsourced,09/22/2026,09/22/2026,planned
Sentinel Data Center,"Swedesford Rd, east of Valley Creek Blvd",Exton,PA,19341.0,Chester,40.039886,-75.5847,Proposed,High,Sentinel,,,"887,000",,Unknown,Media Monitoring,04/23/2026,04/23/2026,planned
Fairview Crossroads Data Center,I-83 & Lewisberry Rd,Fairview Township,PA,17070.0,York,40.206436,-76.871,Proposed,Medium,Fairview Crossroads LLC,,,"750,000",82.0,Unknown,Other,11/21/2025,11/21/2025,planned
Ark Pittsburgh Data Center,161 Armstrong Drive,Freeport,PA,16229.0,Armstrong,40.752384,-79.63733,Operating,High,Ark Data Centers,1.5,Small (0-10 MW),"11,200",,Unknown,Other,11/21/2025,11/21/2025,operating
Project Hummingbird,Alicia Road,Greensboro,PA,15338.0,Greene,39.830643,-79.93389,Approved/Permitted/Under construction,High,Essential Utilities/ International Electric Power of Pittsburgh,900-1000,"Mega campus (>1,000 MW)",,1400.0,Yes,Crowdsourced,11/10/2025,08/05/2026,planned
CloudHQ Berks 61 Hyperscale Campus,Berks 61 Industrial Park (near PA-61/I-78),Hamburg,PA,19526.0,Berks,40.57368,-76.01037,Proposed,Medium,CloudHQ,,Hyperscale (100-999 MW),,,Unknown,Other,11/24/2025,11/24/2025,planned
Harrisburg Data Center,650 S Harrisburg St,Harrisburg,PA,17113.0,Dauphin,40.22755,-76.8093,Proposed,High,"Provident Realty (Harrisburg I, LLC)",,,,250.0,Unknown,Media Monitoring,08/25/2025,03/22/2026,planned
Project Hazelnut,"Humboldt North Industrial Park, N Park Dr",Hazle Township,PA,18202.0,Luzerne,40.9272,-76.0426,Cancelled,High,NorthPoint Development,,,,1280.0,Yes,Media Monitoring,08/04/2025,08/20/2026,stalled
Homer City Energy Campus,1750 Power Plant Rd,Homer City,PA,15748.0,Indiana,40.51395,-79.1967,Approved/Permitted/Under construction,High,Homer City Redevelopment (with Kiewit as contractor/partner),"4,500","Mega campus (>1,000 MW)",,3200.0,Yes,Media Monitoring,09/17/2025,04/02/2026,planned
HCI DP Land Acquisition Data Center,off Wagner St,Hummelstown,PA,17036.0,Dauphin,40.278946,-76.70091,Proposed,Medium,,,,"596,800",250.0,Unknown,Media Monitoring,06/24/2026,06/24/2026,planned
Breaker Street Associates LLC Data Center,off Breaker St,Jessup Borough,PA,18434.0,Lackawanna,41.47588,-75.5564,Proposed,Medium,Breaker Street Associates LLC,600,Hyperscale (100-999 MW),"1,100,000",131.0,Unknown,Media Monitoring,08/11/2025,08/11/2025,planned
Catalyst Commercial Development LLC,Sunnyside Rd and Alberigi Dr,Jessup Borough,PA,18435.0,Lackawanna,41.46812,-75.5516,Proposed,High,,,,"487,000",48.0,Unknown,Media Monitoring,09/17/2025,09/17/2025,planned
Jim Thorpe Data Center,460 Maury Rd,Jim Thorpe,PA,8229.0,Carbon,40.895737,-75.68105,Proposed,High,,,,,750.0,Yes,Media Monitoring,02/05/2026,02/05/2026,planned
Keel Infrastructure Scrubgrass,2151 Lisbon Road,Kennerdell,PA,16374.0,Venango,41.26942,-79.81057,Operating,High,Keel Infrastructure,63,Large (51-99 MW),,,Unknown,Media Monitoring,11/17/2025,08/20/2026,operating
CoreWeave Lancaster 1,216 Greenfield Rd,Lancaster,PA,17601.0,Lancaster,40.0485,-76.2598,Proposed,High,Chirisa Technology Parks and Machine Investment Group/CoreWeave,100-300,Hyperscale (100-999 MW),"450,000",78.0,Yes,Media Monitoring,07/16/2025,04/20/2026,planned
CoreWeave Lancaster 2,1375 Harrisburg Pike,Lancaster,PA,17601.0,Lancaster,40.05947,-76.33,Proposed,High,Chirisa Technology Parks and Machine Investment Group/CoreWeave,100-300,Hyperscale (100-999 MW),"825,000",66.0,Yes,Media Monitoring,07/16/2025,04/20/2026,planned
Lumen: Lancaster 1 Data Center,1720 Hempstead Rd,Lancaster,PA,17601.0,Lancaster,40.049385,-76.25195,Operating,High,Lumen,,,"5,000",,Unknown,Other,11/21/2025,11/21/2025,operating
PA Data Center Partners,"Miflin County Industrial Park, Loop Rd",Lewistown,PA,17044.0,Mifflin,40.568882,-77.61606,Proposed,High,,,,,,Unknown,Media Monitoring,07/14/2026,07/14/2026,planned
Kline Township Data Center Campus,Lofty Rd,McAdoo/ Kline Township,PA,18237.0,Schuylkill,40.86813,-76.024254,Proposed,Medium,Amazon,,Hyperscale (100-999 MW),"2,500,000",346.0,Unknown,Media Monitoring,01/26/2026,01/26/2026,planned
Fort Cherry Development District,Fort Cherry Road,McDonald,PA,15057.0,Washington,40.366688,-80.25504,Approved/Permitted/Under construction,High,Liberty Energy/Imperial Land Corporation,250-1000,"Mega campus (>1,000 MW)","6,000,000",875.0,Yes,Media Monitoring,06/30/2026,08/05/2026,planned
Northern Data/ Ardent Data Center,615 McMichael Rd,McKees Rock,PA,15136.0,Allegheny,40.43956,-80.1421,Operating,High,Northern Data,20,Medium (11-50 MW),"41,000",,Unknown,Media Monitoring,08/11/2025,08/11/2025,operating
Big Digital Energy Midland,950 10th St,Midland,PA,15059.0,Beaver,40.632965,-80.4518,Expanding,High,Mawson Infrastructure Group/Big Digital Energy,120-144,Hyperscale (100-999 MW),,,Unknown,Media Monitoring,02/20/2026,08/05/2026,operating
Amazon Falls Township Data Center,1000 S Pennsylvania Ave,Morrisville,PA,19067.0,Bucks,40.15494,-74.744415,Proposed,High,Amazon,,Hyperscale (100-999 MW),,,Unknown,Media Monitoring,07/24/2025,07/29/2026,planned
Dorrance Township Data Center,S Main Rd corridor,Mountain Top,PA,18707.0,Luzerne,41.080692,-75.95785,Proposed,Medium,"Brewster Land Company, LLC",,Hyperscale (100-999 MW),"918,000",155.0,Yes,Media Monitoring,11/16/2025,03/22/2026,planned
Slate Belt Data Centers,River Rd,Mount Bethel,PA,18343.0,Northampton,40.90595,-75.08598,Proposed,Medium,,,Hyperscale (100-999 MW),"4,634,500",754.0,Unknown,Crowdsourced,07/29/2026,07/29/2026,planned
Muncy Data Center,572-824 John Brady Dr,Muncy,PA,17756.0,Lycoming,41.22825,-76.81257,Approved/Permitted/Under construction,High,Danko Holdings II LP and Fishlips LLC,,,,72.0,Unknown,Media Monitoring,06/09/2026,07/19/2026,planned
Keel Infrastructure AI,Industrial Rd,Nesquehoning,PA,18240.0,Carbon,40.85592,-75.87033,Proposed,Medium,Keel Infrastructure,,Hyperscale (100-999 MW),"1,260,000",,Unknown,Media Monitoring,11/24/2025,11/24/2025,planned
Keel Infrastructure Panther Creek,4 Dennison Rd,Nesquehoning,PA,18240.0,Carbon,40.8556,-75.8781,Approved/Permitted/Under construction,High,Keel Infrastructure,350,Hyperscale (100-999 MW),,,Unknown,Crowdsourced,08/06/2025,08/20/2026,planned
Mahoning Township Data Center,3478 Howard Dr,New Castle,PA,16102.0,Lawrence,40.989223,-80.42953,Proposed,High,Stonebridge,,,,569.0,Yes,Media Monitoring,07/16/2026,08/03/2026,planned
KRNL Data Center,Constellation Energy,New Castle Twp,PA,17931.0,Schuylkill,40.7742,-76.235,Proposed,Medium,,,,"850,000",,Unknown,Media Monitoring,09/08/2025,09/08/2025,planned
Upper Burrell Data Center/TECfusions Keystone Connect,100 Technical Ln,New Kensington (Upper Burrell),PA,15068.0,Westmoreland,40.54624,-79.64745,Expanding,High,TECfusions/TensorWave,"12-3,000","Mega campus (>1,000 MW)","500,000",1395.0,Yes,Media Monitoring,07/24/2025,08/05/2026,operating
Tierpoint Valley Forge Data Center,1000 Adams Ave,Norristown,PA,19403.0,Montgomery,40.1223,-75.42087,Operating,High,Tierpoint,,,"137,000",,Unknown,Other,11/24/2025,11/24/2025,operating
365 Data Centers Philadelphia Data Center,1500 Spring Garden Street,Philadelphia,PA,19103.0,Philadelphia,39.962574,-75.16374,Operating,High,365 Data Centers,10,Small (0-10 MW),"135,100",,Unknown,Other,11/24/2025,11/24/2025,operating
H5 Philadelphia Data Center,"1500 Spring Garden St., Suite 520",Philadelphia,PA,19103.0,Philadelphia,39.96254,-75.16369,Operating,High,H5 Data Centers,,,"72,000",,Unknown,Other,11/24/2025,11/24/2025,operating
Lumen Philadelphia 1,401 N Broad Street,Philadelphia,PA,19108.0,Philadelphia,39.959843,-75.160965,Operating,High,Lumen,,,,,Unknown,Other,11/24/2025,11/24/2025,operating
Lumen Philadelphia 2,701 Market Street,Philadelphia,PA,19106.0,Philadelphia,39.951508,-75.15258,Operating,High,Lumen,,,,,Unknown,Other,11/24/2025,11/24/2025,operating
Lumen Philadelphia 3,3020 Market Street,Philadelphia,PA,19104.0,Philadelphia,39.95495,-75.1846,Operating,High,Lumen,,,,,Unknown,Other,11/24/2025,11/24/2025,operating
Lumen Philadelphia 4,2401 Locust St,Philadelphia,PA,19103.0,Philadelphia,39.95055,-75.18009,Operating,High,Lumen,,,,,Unknown,Other,11/24/2025,11/24/2025,operating
Netrality Philadelphia Data Center,401 N Broad Street Suite 990,Philadelphia,PA,19108.0,Philadelphia,39.960106,-75.161545,Operating,High,Netrality,,,,,Unknown,Other,11/24/2025,11/24/2025,operating
Philadelphia IBX Data Center,"401 N Broad Street, Suite 990",Philadelphia,PA,19108.0,Philadelphia,39.959885,-75.16155,Operating,High,Equinix,,,,,Unknown,Other,11/24/2025,11/24/2025,operating
Philadelphia Vanguard Data Center,2000 Kubach Rd,Philadelphia,PA,19116.0,Philadelphia,40.116432,-75.00086,Operating,High,The Vanguard Group,,,"121,000",,Unknown,Other,11/24/2025,11/24/2025,operating
Tierpoint Philadelphia Navy Yard Data Center,4775 League Island Blvd,Philadelphia,PA,19112.0,Philadelphia,39.892517,-75.166374,Operating,High,Tierpoint,,,"25,000",,Unknown,Other,11/24/2025,11/24/2025,operating
365 Data Centers Philadelphia Data Center,3701 Market Street,Philadephia,PA,19104.0,Philadelphia,39.956966,-75.19623,Operating,High,365 Data Centers,,,"20,500",,Unknown,Other,11/24/2025,11/24/2025,operating
Ascent Data,90 Beta Dr,Pittsburgh,PA,15238.0,Allegheny,40.49623,-79.866455,Operating,High,,,,,,Unknown,Other,12/02/2025,12/02/2025,operating
Consolidated Communications Pittsburgh Data Center,115 Evergreen Heights Dr,Pittsburgh,PA,15229.0,Allegheny,40.5186,-80.0152,Operating,High,,4,Small (0-10 MW),"65,000",,Unknown,Media Monitoring,08/04/2025,12/02/2025,operating
DataBank Downtown Pittsburgh Campus,100 S Commons #126,Pittsburgh,PA,15212.0,Allegheny,40.451286,-80.00508,Operating,High,DataBank,1.9,Small (0-10 MW),"30,760",,Unknown,Other,11/21/2025,11/21/2025,operating
DataBank Summit Park Campus,35 Summit Park Dr,Pittsburgh,PA,15275.0,Allegheny,40.45133,-80.1902,Operating,High,DataBank,5,Small (0-10 MW),"47,100",17.0,Unknown,Media Monitoring,08/04/2025,08/04/2025,operating
Expedient PIT1,810 Parish St,Pittsburgh,PA,15220.0,Allegheny,40.42745,-80.0425,Operating,High,Expedient,1.8,Small (0-10 MW),"26,000",,Unknown,Media Monitoring,08/04/2025,08/04/2025,operating
Expedient PIT2,100 S Commons Suite 001,Pittsburgh,PA,15212.0,Allegheny,40.45128,-80.0056,Operating,High,Expedient,4.2,Small (0-10 MW),"50,700",,Unknown,Media Monitoring,08/04/2025,08/04/2025,operating
H5 Pittsburgh,2202 Liberty Ave,Pittsburgh,PA,15222.0,Allegheny,40.451946,-79.980896,Operating,High,H5 Data Centers,,,"30,000",,Unknown,Other,11/21/2025,11/21/2025,operating
Lumen: Pittsburgh Data Center 1,143 25th Street,Pittsburgh,PA,15023.0,Allegheny,40.45482,-79.98007,Operating,High,Lumen,,,"3,661",,Unknown,Other,11/21/2025,11/21/2025,operating
Lumen: Pittsurgh Data Center 2,200 Technology Drive,Pittsburgh,PA,15219.0,Allegheny,40.430367,-79.95969,Operating,High,Lumen,,,"30,966",,Unknown,Other,11/21/2025,11/21/2025,operating
Plymouth Township Data Center,900 Conshohocken Rd,Plymouth Township,PA,19428.0,Montgomery,40.087204,-75.31887,Cancelled,High,,,Hyperscale (100-999 MW),"2,000,000",66.0,Yes,Media Monitoring,10/21/2025,08/20/2026,stalled
Pottstown Data Center,2345 New Schuylkill Rd and Sanatoga Rds,Pottstown,PA,19465.0,Chester,40.21353,-75.596565,Proposed,High,,,Hyperscale (100-999 MW),"2,250,000",,Unknown,Media Monitoring,01/19/2026,03/22/2026,planned
Project Laurel,"Sanatoga Rd, Possum Hollow Rd, Evergreen Rd",Pottstown,PA,19464.0,Montgomery,40.234047,-75.5769,Proposed,High,MCD 7 LLC,750,Hyperscale (100-999 MW),"1,400,000",,Yes,Media Monitoring,01/19/2026,01/19/2026,planned
Mudiita Infra Data Center,Btwn Ransom Rd and South Keyser Ave,Ransom Township,PA,18518.0,Lackawanna,41.388218,-75.75709,Proposed,Medium,,750,Hyperscale (100-999 MW),,1460.0,Unknown,Media Monitoring,07/24/2026,07/24/2026,planned
Ransom Township Data Center,819 Newton Rd,Ransom Township,PA,18504.0,Lackawanna,41.44154,-75.704315,Suspended,High,,,,,251.0,Yes,Media Monitoring,01/22/2026,03/22/2026,stalled
DaSTOR (Reading) Data Center,2561 Bernville Road,Reading,PA,19605.0,Berks,40.380787,-75.98114,Operating,High,DaSTOR,6,Small (0-10 MW),"110,000",,Unknown,Other,11/24/2025,11/24/2025,operating
Direct LTx Cloud Data Center,2561 Bernville Rd,Reading,PA,19605.0,Berks,40.381546,-75.98202,Operating,High,Directlink Technologies,6,Small (0-10 MW),"110,000",,Unknown,Other,11/24/2025,11/24/2025,operating
Omega Systems Reading Data Center,1121 Snyder Road,Reading,PA,19609.0,Berks,40.34144,-76.00547,Operating,High,Omega,,,,,Unknown,Other,11/24/2025,11/24/2025,operating
Champion Data Center Land Advertisement,near Pittsburgh International Airport,Robinson Township,PA,15057.0,Allegheny,40.41735,-80.30181,Pre-proposal,Low,Next Generation Land Company,,,,1000.0,Unknown,Media Monitoring,06/30/2026,08/05/2026,planned
Sharon Data Center,201 Clark St,Sharon,PA,16146.0,Mercer,41.24472,-80.50655,Approved/Permitted/Under construction,High,,30,Hyperscale (100-999 MW),,,Unknown,Media Monitoring,03/04/2026,08/20/2026,planned
Shippingport Bruce Mansfield Data Center/ Project Phoenix,1312 Church St,Shippingport,PA,15001.0,Beaver,40.632652,-80.41808,Approved/Permitted/Under construction,High,Aligned Data Centers,"2,550-3,600","Mega campus (>1,000 MW)","2,000,000",543.0,Yes,Media Monitoring,08/11/2025,09/22/2026,planned
South Annville Data Center,Mt Pleasant Rd,South Annville Township,PA,17003.0,Lebanon,40.32545,-76.526855,Cancelled,High,Inch & Company,,,"640,000",100.0,Yes,Media Monitoring,04/22/2026,05/17/2026,stalled
Zediker Station Data Center Land Advertisement,off Zediker Station Rd,South Strabane Township,PA,15330.0,Washington,40.177643,-80.16159,Pre-proposal,Medium,CNX Resources/Jones Lang LaSalle (JLL),400-700,Hyperscale (100-999 MW),,400.0,Yes,Media Monitoring,11/10/2025,08/05/2026,planned
Springdale/ Dynamo Data Center,151 Porter St,Springdale,PA,15144.0,Allegheny,40.53948,-79.79057,Approved/Permitted/Under construction,High,Allegheny DC Property Co,350,Hyperscale (100-999 MW),"565,000",47.0,Yes,Media Monitoring,08/04/2025,08/05/2026,planned
Centre WISP SCDC1,2038 Sandy Dr,State College,PA,16803.0,Centre,40.785908,-77.90064,Operating,High,"Centre WISP Venture Company, LLC",,,,,Unknown,Other,11/21/2025,11/21/2025,operating
LBT Investment Group LLC Data Center,near 42 Tomhicken Rd,Sugarloaf,PA,18249.0,Luzerne,40.97039,-76.0435,Proposed,Medium,,,,"1,200,000",185.0,Unknown,Media Monitoring,08/11/2025,08/11/2025,planned
Tarentum (Rockpointe) Data Center,400 MSA Dr,Tarentum,PA,15084.0,Allegheny,40.60163,-79.8196,Operating,High,,,,,,Unknown,Media Monitoring,08/04/2025,08/04/2025,operating
Soltier Cryptomine,133 Sullivan St,Towanda,PA,18848.0,Bradford,41.76507,-76.42684,Proposed,High,Soltier,,,,3.0,Unknown,Media Monitoring,06/24/2026,06/24/2026,planned
Cetronia Road Data Center,7300 Cetronia Road,Upper Macungie,PA,18106.0,Lehigh,40.55624,-75.59831,Cancelled,High,,,Hyperscale (100-999 MW),"2,600,000",194.0,Yes,"Other, Media Monitoring",11/24/2025,08/14/2026,stalled
DaSTOR Data Center,3400 Horizon Drive,Upper Merion Township,PA,19406.0,Montgomery,40.08822,-75.339264,Operating,High,DaSTOR,4,Small (0-10 MW),"22,000",,Unknown,Other,11/24/2025,11/24/2025,operating
MLP Ventures Data Centers,411 Swedeland Rd/ Renaissance Park and Innovation Data Center Campus,Upper Merion Township,PA,19406.0,Montgomery,40.075893,-75.333725,Suspended,High,,,Hyperscale (100-999 MW),"4,600,000",,Yes,Media Monitoring,08/20/2026,08/20/2026,stalled
Switch Pitt Race Data Center,201 Penndale Road,Wampum,PA,16157.0,Beaver,40.848797,-80.34609,Proposed,High,Switch LTD,,,"603,000",382.0,Yes,Crowdsourced,12/08/2025,08/24/2026,planned
Salem Township Amazon Data Center,off US-11,Wapwallopen,PA,18603.0,Luzerne,41.109283,-76.14361,Suspended,High,Talen Energy/Amazon,960,Hyperscale (100-999 MW),,1582.0,Yes,Media Monitoring,07/24/2025,03/18/2026,stalled
Comcast West Chester Data Center,1354 Boot Rd,West Chester,PA,19380.0,Chester,39.9987,-75.5737,Operating,High,Comcast,,,,,Unknown,Media Monitoring,08/12/2025,12/04/2025,operating
Wyalusing Data Center,near 44170 US-6,Wyalusing,PA,18853.0,Bradford,41.653572,-76.23531,Proposed,High,New Fortress Energy,248,Hyperscale (100-999 MW),,,Yes,Media Monitoring,11/12/2025,03/18/2026,planned
Contegix Wyomissing Data Center,One Meridian Blvd,Wyomissing,PA,19610.0,Berks,40.354046,-75.98731,Operating,High,Contegix,2,Small (0-10 MW),"14,780",,Unknown,Other,11/24/2025,11/24/2025,operating
Fairview Crossroads LLC Data Center,Intersection I-83 and Lewisberry Rd,York,PA,17404.0,York,40.00698,-76.7439,Proposed,Medium,,,,"750,000",,Unknown,Media Monitoring,08/14/2025,08/14/2025,planned
Terra Nexus Ventures Data Center,771 State Rd S-28-331,Camden,SC,29020.0,Kershaw,34.29839,-80.534,Proposed,High,,,,,162.0,Unknown,Media Monitoring,09/18/2025,09/18/2025,planned
Cielo Digital Infrastructure,000 Ford Rd,Gaffney,SC,29340.0,Cherokee,35.07913,-81.5961,Proposed,Medium,,300,Hyperscale (100-999 MW),"1,600,000",,Unknown,Media Monitoring,06/24/2025,06/24/2025,planned
Meta Data Center,Sage Mill Industrial Park,Graniteville,SC,29829.0,Aiken,33.62525,-81.83863,Approved/Permitted/Under construction,Medium,Meta,100,Hyperscale (100-999 MW),"715,000",2400.0,Unknown,Media Monitoring,07/22/2025,07/22/2025,planned
DC Blox,33 Global Dr,Greenville,SC,29607.0,Greenville,34.8071,-82.3455,Operating,High,,,,,,Yes,Media Monitoring,08/25/2025,08/25/2025,operating
Project Liberty,Industrial Park Rd,Marion,SC,29571.0,Marion,34.197998,-79.352036,Cancelled,High,Stream,,Hyperscale (100-999 MW),"2,000,000",400.0,Yes,Crowdsourced,04/07/2026,06/22/2026,stalled
Project Spero,389 Tyger River Industrial Dr/ Tyger River Industrial Park-North,Moore,SC,29369.0,Spartanburg,34.85631,-82.00952,Cancelled,Medium,TigerDC,100-500,Hyperscale (100-999 MW),,,Yes,Media Monitoring,01/29/2026,06/22/2026,stalled
DC Blox: Camp Hall,114 Three Point Dr,Ridgeville,SC,29472.0,Berkeley,33.13228,-80.2672,Proposed,Medium,,45,Medium (11-50 MW),"200,000",28.0,Unknown,Media Monitoring,08/25/2025,08/25/2025,planned
York 1 Data Center,2107 Hands Mill Hwy,Rock Hill,SC,29732.0,York,35.03438,-81.1071,Operating,High,,,,,,Unknown,Media Monitoring,05/24/2025,05/24/2025,operating
Google Winding Woods Data Center,US-78 (Winding Woods Commerce Park),St. George,SC,29477.0,Dorchester,33.168,-80.5438,Approved/Permitted/Under construction,Medium,Google,,,,206.0,Yes,Media Monitoring,07/24/2026,07/24/2026,planned
Project Alpaca,"Midway Green Industrial Park, 265 Midway Drive",Union,SC,29379.0,Union,34.709877,-81.664665,Proposed,High,Volt Edge Energy,49,Medium (11-50 MW),,,Yes,Crowdsourced,04/20/2026,04/20/2026,planned
Walterboro Data Center,Near Cooks Hill Rd,Walterboro,SC,29488.0,Colleton,32.84068,-80.60291,Proposed,High,Eagle Rock Partners,"1,000","Mega campus (>1,000 MW)",,859.0,Yes,Media Monitoring,01/04/2026,03/17/2026,planned
Sequitor Edge Data Center,South of Hwy 16,Rapid City,SD,57702.0,Pennington,44.03367,-103.18849,Proposed,Medium,,2-15,Medium (11-50 MW),"30,000",10.0,Unknown,"Media Monitoring, Crowdsourced",03/04/2026,07/24/2026,planned
Gemini Data Center SD LLC,"south of E Rice St, east of Veteran's Parkway",Sioux Falls,SD,57110.0,Minnehaha,43.59399,-96.64092,Proposed,High,,500,Hyperscale (100-999 MW),,160.0,Yes,"Media Monitoring, Crowdsourced",08/09/2025,07/24/2026,planned
Applied Digital Data Center,East of Toronto (Scandanavia Twp) near gas turbine tower,Toronto,SD,57268.0,Deuel,44.583656,-96.56283,Suspended,Medium,Applied Digital,430,Hyperscale (100-999 MW),"1,800,000",150.0,Yes,Media Monitoring,11/19/2025,03/16/2026,stalled
DC Blox,807 E 16th St,Chattanooga,TN,37408.0,Hamilton,35.03158,-85.2973,Operating,High,,,,,,Unknown,Media Monitoring,08/25/2025,08/25/2025,operating
Jailhouse Studios Data Center,601 Walnut St,Chattanooga,TN,37402.0,Hamilton,35.049557,-85.30803,Approved/Permitted/Under construction,High,,,Small (0-10 MW),,,Yes,Media Monitoring,01/19/2026,01/19/2026,planned
Cielo Digital Infrastructure,,Clarksville,TN,37040.0,Montgomery,36.57269,-87.3423,Proposed,Low,,350,Hyperscale (100-999 MW),,107.0,Unknown,Media Monitoring,06/24/2025,06/24/2025,planned
Google Clarksville Data Center,1000 Boolean Dr,Clarksville,TN,37040.0,Montgomery,36.62078,-87.2622,Operating,High,Google,,,,,Unknown,Media Monitoring,05/27/2025,05/27/2025,operating
Gallatin Data Center,One Meta Lp,Gallatin,TN,37066.0,Sumner,36.41011,-86.3724,Operating,High,Meta,,,"1,900,000",,Unknown,Media Monitoring,08/11/2025,08/11/2025,operating
Arnold Air Force Base Data Center,,Manchester,TN,37355.0,Coffee,35.37539,-86.07293,Proposed,Medium,,,,,274.0,Unknown,Media Monitoring,10/21/2025,10/21/2025,planned
Hixson Data Center,possibly Bybee Branch Rd,McMinnville,TN,37110.0,Warren,35.718937,-85.83887,Proposed,Low,,25,Medium (11-50 MW),"96,065",,Unknown,Media Monitoring,05/28/2026,05/28/2026,planned
xAI Colossus 1,3231 Riverport Rd/ Paul Lowry Rd,Memphis,TN,38109.0,Shelby,35.05983,-90.1562,Operating,High,xAI,498,Hyperscale (100-999 MW),,,Yes,Media Monitoring,07/05/2025,01/05/2026,operating
xAI Colossus 2,5420 Tulane Rd,Memphis,TN,38109.0,Shelby,34.998074,-90.03507,Expanding,High,xAI,1400,Hyperscale (100-999 MW),"1,000,000",,Yes,Media Monitoring,07/05/2025,07/31/2026,operating
DC Blox Data Center,648 Grassmere Park,Nashville,TN,37211.0,Davidson,36.090492,-86.74721,Proposed,High,,,,"69,220",,Yes,Media Monitoring,06/07/2026,06/12/2026,planned
H5 Data Center,147 Fourth Ave,Nashville,TN,37219.0,Davidson,36.1628,-86.77863,Proposed,High,,,,"19,700",,Unknown,Media Monitoring,03/04/2026,03/04/2026,planned
Quantum Leap Data Center/ Fisk University,,Nashville,TN,37208.0,Davidson,36.168316,-86.805565,Proposed,Medium,,30,Medium (11-50 MW),"70,000",,Unknown,Media Monitoring,05/20/2026,05/20/2026,planned
Google Abernathy Data Center,,Abernathy,TX,79311.0,Hale,33.8333,-101.85482,Proposed,Low,Fluidstack/TeraWulf/Google,168-240 ,Hyperscale (100-999 MW),,120.0,Unknown,Media Monitoring,01/05/2026,01/05/2026,planned
Project Caprock Data Center,1498 County Road 315,Abernathy,TX,79311.0,Hale,33.86355,-101.85285,Approved/Permitted/Under construction,High,Aligned,540,Hyperscale (100-999 MW),"1,650,000",313.0,Unknown,Media Monitoring,04/15/2026,04/15/2026,planned
Frontier Vantage Data Center,Intersection Hwy 351 and Hwy 604,Abilene,TX,79601.0,Shackelford,32.55212,-99.5651,Approved/Permitted/Under construction,High,,1400,"Mega campus (>1,000 MW)","3,700,000",1200.0,Unknown,Media Monitoring,09/16/2025,12/15/2025,planned
Open AI/ SoftBank Stargate Data Center (Lancium Clean Campus),5502 Spinks Rd,Abilene,TX,79601.0,Taylor,32.50204,-99.7907,Operating,High,Microsoft (previously Open AI/Oracle),1200,"Mega campus (>1,000 MW)","4,000,000",,Unknown,Media Monitoring,09/26/2025,04/22/2026,operating
Helios Data Center,984 Co Rd 112,Afton,TX,79220.0,Dickens,33.77858,-100.86909,Expanding,High,Galaxy Digital,800,Hyperscale (100-999 MW),,160.0,Unknown,Media Monitoring,08/16/2025,07/29/2026,operating
Centersquare Allen DFW2 Data Center,800 Guardians Way,Allen,TX,75013.0,Collin,33.09598,-96.6816,Operating,High,Centersquare,14,Medium (11-50 MW),,,Unknown,Other,08/05/2025,08/05/2025,operating
Experian Allen Data Center,601 Experian Parkway,Allen,TX,75013.0,Collin,33.08641,-96.6802,Operating,High,,,,,,Unknown,Other,08/05/2025,08/05/2025,operating
AIG Amarillo Data Center,2401 S Osage St,Amarillo,TX,79103.0,Potter,35.18739,-101.812,Operating,High,,,,,,Unknown,Media Monitoring,08/05/2025,08/05/2025,operating
Fermi America HyperGrid/ Project Matador,"near Pantex Plant, and Hwy 60",Amarillo,TX,79068.0,Carson,35.28762,-101.554,Approved/Permitted/Under construction,Medium,Fermi America and Texas Tech,"11,000-17,000","Mega campus (>1,000 MW)","18,000,000",5769.0,Yes,Media Monitoring,07/06/2025,08/17/2026,planned
Data Foundry 01,4100 Smith School Rd,Austin,TX,78744.0,Travis,30.1991,-97.7134,Operating,High,Data Foundry,24,Medium (11-50 MW),"130,000",40.0,Unknown,Other,08/05/2025,08/05/2025,operating
Giga Texas Datacenter,1 Tesla Rd,Austin,TX,78725.0,Travis,30.22492,-97.6196,Operating,High,,,,,,Unknown,Media Monitoring,08/05/2025,08/05/2025,operating
Oracle Austin Data Center,11400 N Lamar Blvd,Austin,TX,78753.0,Travis,30.38364,-97.6863,Operating,High,Oracle,,,,,Unknown,Other,08/05/2025,08/05/2025,operating
CleanSpark Sealy Data Center,3 miles outside of Sealy,Austin County,TX,77474.0,Austin,29.884085,-96.219376,Proposed,Low,CleanSpark,285,Hyperscale (100-999 MW),,271.0,Yes,Media Monitoring,01/15/2026,08/26/2026,planned
PowerBridge/LandBridge,Close to Waha Gas Hub,Between Odessa and Pecos,TX,79772.0,Reeves,31.316566,-103.10906,Proposed,Low,,2000,"Mega campus (>1,000 MW)",,3400.0,Unknown,Media Monitoring,04/09/2026,04/09/2026,planned
Project Gladys (Soluna),,Bishop,TX,78343.0,Nueces,27.58049,-97.6401,Proposed,Low,,150,Hyperscale (100-999 MW),,,Unknown,Media Monitoring,08/30/2025,07/08/2026,planned
AWS Project Eagle,between the FM 1301 and FM 442,Boling,TX,77420.0,Wharton,29.264883,-95.951324,Proposed,Medium,Amazon,75,Large (51-99 MW),"756,000",2700.0,Unknown,Media Monitoring,07/14/2026,08/26/2026,planned
CleanSpark Data Center,Unknown,Brazoria County,TX,77415.0,Brazoria,29.182318,-95.47511,Proposed,Low,CleanSpark,300-600,Hyperscale (100-999 MW),,44.0,Unknown,Media Monitoring,01/15/2026,01/15/2026,planned
Viridien Data Center,2602 Longwood Drive,Brenham,TX,77833.0,Washington,30.140465,-96.40983,Proposed,high,Viridien,45,Medium (11-50 MW),"40,000",21.0,Yes,Media Monitoring,02/26/2026,02/26/2026,planned
Brownsville Data Center,7480 Padre Island Hwy,Brownsville,TX,78521.0,Cameron,25.94286,-97.42249,Cancelled,High,,,,,,Unknown,Media Monitoring,08/12/2026,08/12/2026,stalled
Project Freebird,2700 County Rd 133,Burlington,TX,76519.0,Milam,31.007189,-97.00925,Approved/Permitted/Under construction,High,SB Energy,1200,"Mega campus (>1,000 MW)","548,950",595.0,Yes,Media Monitoring,09/26/2025,07/07/2026,planned
CyrusOne Castroville,3397 US Highway 90 West,Castroville,TX,78009.0,Medina,29.349766,-98.951096,Proposed,Medium,CyrusOne,,,"460,000",,Unknown,Media Monitoring,07/21/2026,07/21/2026,planned
Microsoft Castroville Data Center,2995 US-90,Castroville,TX,78009.0,Medina,29.35138,-98.9406,Proposed,High,Microsoft,,,"489,400",,Unknown,Media Monitoring,08/05/2025,08/05/2025,planned
EdgeConneX AUS01,6752 FM535,Cedar Creek,TX,78612.0,Bastrop,30.00341,-97.43179,Approved/Permitted/Under construction,Medium,EdgeConneX,96,Large (51-99 MW),"578,000",112.0,Unknown,Media Monitoring,06/12/2026,08/28/2026,planned
EdgeConneX AUS02,6682 FM 535 and 6402 FM 535/ 8001 Wolf Ln,Cedar Creek,TX,78612.0,Bastrop,30.003672,-97.43082,Proposed,Medium,EdgeConneX,240,Hyperscale (100-999 MW),"1,460,000",951.0,Unknown,Media Monitoring,08/26/2026,08/28/2026,planned
EdgeConneX AUS03-04,6543 FM 535,Cedar Creek,TX,78612.0,Bastrop,30.002857,-97.435875,Expanding,Medium,EdgeConneX,,Hyperscale (100-999 MW),"1,154,000",400.0,Unknown,Media Monitoring,08/26/2026,08/28/2026,operating
Childress Data Center,620 FM1033,Childress,TX,79201.0,Childress,34.383278,-100.056885,Operating,High,IREN,750,Hyperscale (100-999 MW),,576.0,Unknown,Media Monitoring,08/05/2025,08/17/2026,operating
Lancium Childress,Co Rd AA,Childress,TX,79201.0,Childress,34.37564,-100.053,Proposed,High,,,,,3720.0,Unknown,Media Monitoring,08/05/2025,08/05/2025,planned
Goodnight Campus/Project Llano,10001 Lima Rd,Claude,TX,79019.0,Armstrong,35.018444,-101.311516,Expanding,High,Crusoe,1030,"Mega campus (>1,000 MW)","4,100,000",,Unknown,Media Monitoring,12/01/2025,09/30/2026,operating
Project Aggie,Midtown Business Park,College Station,TX,77802.0,Brazos,30.56981,-96.2592,Cancelled,Medium,Priority Power Management,600,Hyperscale (100-999 MW),,200.0,Yes,Media Monitoring,09/15/2025,09/15/2025,stalled
Fluidstack,951 Co Rd 204,Colorado City,TX,79512.0,Mitchell,32.396473,-100.91535,Operating,High,,300,Hyperscale (100-999 MW),,,Unknown,Media Monitoring,11/28/2025,11/28/2025,operating
Hut 8 Beacon Point Data Center,near Callicoatte Rd,Corpus Christi,TX,78410.0,Nueces,27.844814,-97.6115,Expanding,Medium,Hut 8,597,Hyperscale (100-999 MW),,525.0,Unknown,"Media Monitoring, Crowdsourced",05/12/2026,09/21/2026,operating
Riot Platforms,6980 Farm to Market Rd 709,Corsicana,TX,75110.0,Navarro,31.963621,-96.521034,Expanding,High,,400-1000,"Mega campus (>1,000 MW)",,890.0,Unknown,Media Monitoring,12/10/2025,06/12/2026,operating
Fort Hood Data Center,Fort Hood,Coryell,TX,76544.0,Coryell,31.155802,-97.80226,Proposed,Medium,,,,,207.0,Unknown,Media Monitoring,01/13/2026,01/13/2026,planned
Centersquare Dallas/Fort Worth Data Center,11830 Webb Chapel Rd #200,Dallas,TX,75234.0,Dallas,32.91178,-96.8711,Operating,High,,,,,,Unknown,Media Monitoring,08/05/2025,08/05/2025,operating
CleanArc/ Crow Holdings Data Center,"former Dallas Market Hall, 2200 N Stemmons Fwy",Dallas,TX,75207.0,Dallas,32.803303,-96.829346,Proposed,,,245,Hyperscale (100-999 MW),"202,000",40.0,Unknown,Media Monitoring,08/04/2026,08/04/2026,planned
Cologix Dallas Data Centers,1950 N Stemmons Fwy #1032,Dallas,TX,75207.0,Dallas,32.80122,-96.81958,Operating,High,,,,,,Unknown,Media Monitoring,08/05/2025,08/05/2025,operating
Dallas Data Center,1515 Round Table Dr,Dallas,TX,75247.0,Dallas,32.83822,-96.8789,Operating,High,,12,Medium (11-50 MW),"96,475",,Unknown,Media Monitoring,05/28/2025,05/28/2025,operating
Equinix: DA12-1 and DA12-2,1550 West Mockingbird Ln,Dallas,TX,75235.0,Dallas,32.821037,-96.85867,Proposed,High,Equinix,,Hyperscale (100-999 MW),"600,000",,Unknown,Media Monitoring,11/27/2025,11/27/2025,planned
Equinix Data Center,2323 Bryan St Suite 1400,Dallas,TX,75201.0,Dallas,32.78737,-96.7944,Operating,High,,,,,,Unknown,Media Monitoring,08/05/2025,08/05/2025,operating
Flexential Dallas - Richardson Data Center,3010 Waterview Pkwy,Dallas,TX,75252.0,Collin,32.99478,-96.7526,Operating,High,,3.75,Small (0-10 MW),"100,807",,Unknown,Media Monitoring,08/05/2025,08/05/2025,operating
Stemmons Corridor data campus,Stemmons Corridor district,Dallas,TX,75207.0,Dallas,32.805115,-96.83142,Proposed,Medium,CleanArc,70-245,Hyperscale (100-999 MW),,40.0,Unknown,Media Monitoring,01/22/2026,01/22/2026,planned
TierPoint - Dallas Data Center,3004 Irving Blvd,Dallas,TX,75247.0,Dallas,32.80838,-96.8576,Operating,High,,,,,,Unknown,Media Monitoring,08/05/2025,08/05/2025,operating
Denton Data Center,8171 Jim Christal Rd,Denton,TX,76207.0,Denton,33.21948,-97.2129,Operating,High,,391,Hyperscale (100-999 MW),"423,831",79.0,Unknown,Media Monitoring,08/05/2025,08/05/2025,operating
Qumulus AI,"South of Jim Cristal Rd, east of Western Blvd",Denton,TX,76207.0,Denton,33.20929,-97.180824,Proposed,High,Qumulus AI,20,Medium (11-50 MW),,4.0,Yes,Media Monitoring,02/15/2026,08/06/2026,planned
Bitter Blue Data Center,12807 Donop Rd,Elmendorf,TX,78112.0,Bexar,29.292835,-98.38842,Proposed,High,,,,,,Unknown,Media Monitoring,03/19/2026,03/19/2026,planned
Meta Project Seafox,7001 Stan Roberts Sr Ave,El Paso,TX,79934.0,El Paso,31.98718,-106.369095,Proposed,High,Wurldwide LLC/ Meta/ Blackrock,1000,"Mega campus (>1,000 MW)","25,900,000",600.0,Unknown,Media Monitoring,04/23/2026,07/29/2026,planned
Athlon Blockchain Technology,801 Jensen Rd W,El Reno,TX,73036.0,Canadian,35.492172,-97.962364,Operating,High,Athlon Blockchain Technology,,Small (0-10 MW),,,Unknown,Media Monitoring,09/09/2026,09/09/2026,operating
CyrusOne Fairfield,"adjacent to Freestone Energy Center, 1366 FM488",Fairfield,TX,75840.0,Freestone,31.893915,-96.11786,Approved/Permitted/Under construction,Medium,CyrusOne,380,Hyperscale (100-999 MW),"918,650",506.0,Unknown,Media Monitoring,02/20/2026,07/31/2026,planned
Cawley Partners,"near Hwy 45, between Ellis and Dallas Cos.",Ferris,TX,75125.0,Ellis,32.53902,-96.6347,Proposed,Medium,,,,,5200.0,Unknown,Media Monitoring,06/21/2025,06/21/2025,planned
Amazon/ Floydada Data Center,1120 County Road 312 (Floyada Country Club Golf Course),Floydada,TX,79235.0,Floyd,33.883636,-101.37104,Proposed,High,Amazon,,Hyperscale (100-999 MW),"567,180",,Unknown,Media Monitoring,08/17/2026,08/17/2026,planned
Fort Bliss Data Center,Fort Bliss army base,Fort Bliss,TX,79906.0,El Paso,31.82617,-106.4042,Proposed,Medium,,,,,1384.0,Unknown,Media Monitoring,01/13/2026,01/13/2026,planned
Amazon Data Center,6000 TX-18,Fort Stockton,TX,79735.0,Pecos,31.05237,-102.88877,Proposed,High,Amazon,,Hyperscale (100-999 MW),"567,180",,Unknown,Media Monitoring,08/10/2026,08/10/2026,planned
Project Horizon,King Rd,Fort Stockton,TX,79735.0,Pecos,30.421732,-102.509315,Proposed,Medium,Poolside/CoreWeave,"2,000","Mega campus (>1,000 MW)",,568.0,Unknown,Media Monitoring,10/21/2025,08/17/2026,planned
Black Mountain Data Center,near 7600 Anglin Dr,Fort Worth,TX,76140.0,Tarrant,32.64334,-97.25621,Proposed,Medium,,,Hyperscale (100-999 MW),,419.0,Unknown,Media Monitoring,12/13/2025,03/17/2026,planned
Centersquare Dallas/Fort Worth Data Center,14901 FAA Blvd,Fort Worth,TX,76155.0,Tarrant,32.83233,-97.0405,Operating,High,,,,,,Unknown,Media Monitoring,08/05/2025,08/05/2025,operating
Colovore Data Center DFW02,14700 Heritage Pkwy,Fort Worth,TX,76177.0,Denton,32.998272,-97.29837,Proposed,High,Colovore,32,Medium (11-50 MW),"156,500",,Unknown,Media Monitoring,09/30/2026,09/30/2026,planned
CyrusOne/Eolian Data Center,Asphalt Dr,Fort Worth,TX,76179.0,Tarrant,32.90195,-97.39384,Approved/Permitted/Under construction,High,CyrusOne/Eolian,70,Large (51-99 MW),"1,900,000",,Yes,Media Monitoring,01/14/2026,02/17/2026,planned
Edged Energy Outpost Data Center,9999 Chapin School Rd,Fort Worth,TX,76126.0,Tarrant,32.67766,-97.49922,Proposed,High,Edged,,,"488,770",186.0,Unknown,Media Monitoring,06/12/2026,06/12/2026,planned
Edged Fort Worth Data Center,Chapin School Rd,Fort Worth,TX,76126.0,Tarrant,32.689224,-97.4945,Proposed,High,Edged,,,,186.0,Unknown,Media Monitoring,03/14/2026,03/14/2026,planned
Meta Forth Worth Data Center,4500 Like Wy,Fort Worth,TX,76177.0,Tarrant,32.98489,-97.262,Operating,High,Meta,,,"2,500,000",170.0,Unknown,Media Monitoring,08/05/2025,08/05/2025,operating
QTS- Fort Worth-Dallas,14100 Park Vista Blvd,Fort Worth,TX,76177.0,Tarrant,32.98912,-97.2622,Expanding,High,,,,,,Unknown,Media Monitoring,08/05/2025,06/24/2026,operating
Digital Realty DFW37,1502-05 Ferris Rd,Garland,TX,75044.0,Dallas,32.975216,-96.65113,Proposed,Medium,Digital Realty,,,,,Unknown,Media Monitoring,09/22/2026,09/22/2026,planned
Digital Realty DFW45,1602 Ferris Rd,Garland,TX,75044.0,Dallas,32.975227,-96.65243,Proposed,High,Digital Realty,80,Large (51-99 MW),"672,000",,Unknown,Media Monitoring,09/22/2026,09/22/2026,planned
NTT Global Data Centers Americas - Dallas TX1,2008 Lookout Dr,Garland,TX,75044.0,Dallas,32.98221,-96.6574,Operating,High,,,,,,Unknown,Media Monitoring,08/05/2025,08/05/2025,operating
Blueprint Project,1201 Westinghouse Rd,Georgetown,TX,78626.0,Williamson,30.584257,-97.672676,Approved/Permitted/Under construction,High,Blueprint Project,35,Medium (11-50 MW),"45,000",20.0,Unknown,Media Monitoring,04/01/2026,04/01/2026,planned
Georgetown Data Center,201 Blue Ridge Dr,Georgetown,TX,78626.0,Williamson,30.60149,-97.6773,Operating,High,,,,,,Unknown,Other,08/05/2025,08/05/2025,operating
Lone Star Project,,Glasscock County,TX,79739.0,Glasscock,31.788517,-101.581985,Proposed,Low,Pace,100,Hyperscale (100-999 MW),,,Unknown,Media Monitoring,05/05/2026,05/05/2026,planned
Project Saltworks,"Betw FM 61 and 209, south of Lake Graham",Graham,TX,76450.0,Young,33.116802,-98.64048,Proposed,Medium,Stream,,Hyperscale (100-999 MW),,867.0,Unknown,Media Monitoring,07/18/2026,07/18/2026,planned
MARA Bitcoin Mining Data Center,2001 Mitchell Bend Hwy,Granbury,TX,76048.0,Hood,32.341797,-97.731636,Operating,High,Marathon Digital Holdings (MARA),,Hyperscale (100-999 MW),,,Yes,Media Monitoring,02/05/2026,03/17/2026,operating
Eneus Energy,Near Valley International Airport,Harlingen,TX,78550.0,Cameron,26.226423,-97.63307,Proposed,Medium,,"2,000","Mega campus (>1,000 MW)",,1785.0,Yes,Media Monitoring,02/15/2026,06/08/2026,planned
Journey 1A and 2A Data Centers,1362 Red Creek Rd,Haskell,TX,79521.0,Haskell,33.13765,-99.56995,Proposed,High,Google,,,"495,700",,Unknown,Media Monitoring,07/14/2026,07/14/2026,planned
Project Aquilla: Abbott Holding Data Center,"Along I-35 corridor, 1 miles from schools, adjacent to Lake Aquilla",Hill County,TX,76622.0,Hill,31.96484,-97.123825,Proposed,Medium,RCM Hill,"1,235","Mega campus (>1,000 MW)",,800.0,Yes,Media Monitoring,06/04/2026,06/04/2026,planned
Provident Data Center,1000 Airport Blvd,Hillsboro,TX,76645.0,Hill,32.08659,-97.09979,Proposed,Medium,,,,,300.0,Yes,Media Monitoring,05/12/2026,05/12/2026,planned
CyrusOne LLC - Houston West III Data Center,1003 Corporate Centre Dr,Houston,TX,77041.0,Harris,29.84402,-95.5609,Operating,High,CyrusOne,,,,,Unknown,Media Monitoring,08/05/2025,08/05/2025,operating
"Serverfarm Data Center (CTX 1, CTX 2)",15555 Cutten Rd,Houston,TX,77070.0,Harris,29.996,-95.5633,Expanding,High,,40-100,Hyperscale (100-999 MW),"500,000",,Unknown,Media Monitoring,08/05/2025,03/04/2026,operating
Nexus Data Center: Apex DFW HB1 and HB2,357 HCR 3372,Hubbard,TX,76648.0,Hill,31.823338,-96.74779,Proposed,High,,600,"Mega campus (>1,000 MW)","983,000",2900.0,Unknown,Media Monitoring,12/08/2025,07/14/2026,planned
Colovore Data Center AUS01/ Project Raptor,2401 Innovation Blvd,Hutto,TX,78634.0,Williamson,30.545383,-97.57354,Proposed,High,Colovore,40,Medium (11-50 MW),"192,695",,Unknown,Media Monitoring,09/22/2026,09/22/2026,planned
Iron Mountain Data Center,FM3499,Hutto,TX,78634.0,Williamson,30.512888,-97.489456,Proposed,Medium,,,Hyperscale (100-999 MW),,500.0,Unknown,Media Monitoring,03/20/2026,03/20/2026,planned
Project Hutto,County Road 119 and Limmer Loop,Hutto,TX,78634.0,Williamson,30.556295,-97.55823,Cancelled,High,,70,Large (51-99 MW),"950,000",40.0,Yes,Media Monitoring,04/15/2026,04/22/2026,stalled
Project Raptor,2351 Innovation Blvd,Hutto,TX,78634.0,Williamson,30.54322,-97.57,Proposed,High,Colovore,,,"180,000",,Unknown,Media Monitoring,08/03/2025,08/03/2025,planned
Skybox Hutto PowerCampus Data Center,4200 County Rd 132,Hutto,TX,78634.0,Williamson,30.53681,-97.5178,Approved/Permitted/Under construction,High,,,Hyperscale (100-999 MW),,160.0,Yes,Media Monitoring,09/05/2025,03/17/2026,planned
CoreSite Data Center DA1,2701 E. Grauwyler,Irving,TX,75061.0,Dallas,32.831276,-96.903534,Proposed,High,CoreSite,,,"230,000",50.0,Unknown,Media Monitoring,09/22/2026,09/22/2026,planned
Edged (DFW01-1) Data Center,505 N Wildwood Dr,Irving,TX,75061.0,Dallas,32.817696,-96.91813,Operating,High,Edged,24,Medium (11-50 MW),"168,610",11.0,Unknown,Media Monitoring,03/14/2026,03/14/2026,operating
Powerhouse Data Center,111 Customer Way,Irving,TX,75039.0,Dallas,32.88689,-96.93974,Proposed,Medium,,201,Hyperscale (100-999 MW),"946,000",50.0,Unknown,Media Monitoring,08/12/2026,08/12/2026,planned
QTS-Irving,6431 Longhorn Dr,Irving,TX,75063.0,Dallas,32.89704,-96.9832,Operating,High,,147,Hyperscale (100-999 MW),,,Unknown,Media Monitoring,08/05/2025,04/15/2026,operating
Jarrell Data Center,FM 487,Jarrell,TX,76537.0,Williamson,30.81534,-97.6328,Proposed,High,Mesones,200,Hyperscale (100-999 MW),,151.0,Yes,Media Monitoring,09/02/2025,03/17/2026,planned
Houston One Data Center,22000 Franz Rd,Katy,TX,77449.0,Harris,29.803122,-95.75579,Operating,High,Element Critical,26,Medium (11-50 MW),"118,248",,Unknown,Media Monitoring,11/26/2025,11/26/2025,operating
Powerhouse Data Center,13580 Denton Hwy,Keller,TX,76262.0,Tarrant,32.974518,-97.24286,Proposed,High,,300,Hyperscale (100-999 MW),"1,200,000",88.0,Unknown,Media Monitoring,08/12/2026,08/12/2026,planned
Onmine Data Center,6509 S. Fort Hood St,Killen,TX,76542.0,Bell,31.062225,-97.76623,Suspended,High,,,,,3.0,Yes,Media Monitoring,04/29/2026,05/05/2026,stalled
Lacy Lakeview Data Center,just west of Elm Mott,Lacy Lakeview,TX,76705.0,McLennan,31.66293,-97.110344,Approved/Permitted/Under construction,Low,InfraKey Capital,1000,"Mega campus (>1,000 MW)",,520.0,Yes,Media Monitoring,12/11/2025,03/17/2026,planned
Digital Bridge Data Center,unknown location,Lancaster,TX,75146.0,Dallas,32.57545,-96.6995,Proposed,Low,,550,Hyperscale (100-999 MW),,163.0,Unknown,Media Monitoring,08/19/2025,08/19/2025,planned
Project Labrador,1401 Greene Rd,Lancaster,TX,75146.0,Dallas,32.59966,-96.7302,Proposed,High,,,,"1,040,000",419.0,Unknown,Media Monitoring,08/19/2025,08/19/2025,planned
Project Oranger,201 Sunrise Rd,Lancaster,TX,75146.0,Dallas,32.57294,-96.6993,Proposed,High,,252,Hyperscale (100-999 MW),"1,500,000",116.0,Unknown,Media Monitoring,08/19/2025,08/19/2025,planned
QTS Wilmer  (DFW2 and DC1),1341 Sunrise Rd,Lancaster,TX,75146.0,Dallas,32.580692,-96.70294,Expanding,High,,,,"777,225",,Unknown,Media Monitoring,04/15/2026,04/15/2026,operating
Skybox PowerCampus Dallas,1000 Bear Creek Rd,Lancaster,TX,75146.0,Dallas,32.56777,-96.7739,Operating,Medium,,300,Hyperscale (100-999 MW),,,Unknown,Media Monitoring,08/05/2025,08/05/2025,operating
Digital Realty Data Center,2501 State Hwy 121 #400D,Lewisville,TX,75067.0,Denton,32.9994,-96.9996,Operating,High,,,,,,Unknown,Media Monitoring,08/05/2025,08/05/2025,operating
BaRupOn Data Center,Near Hwy 90/ Liberty American Multi-Sourced Power and Innovation Hub (LAMP),Liberty,TX,77575.0,Liberty,30.04849,-94.67973,Proposed,Medium,,240,"Mega campus (>1,000 MW)",4500000,701.0,Unknown,Media Monitoring,06/11/2026,06/11/2026,planned
Tract Data Centers,Caldwell Technology Park. near 2859 FM2720,Lockhart,TX,78644.0,Caldwell,29.91816,-97.7668,Proposed,High,,360-1600,"Mega campus (>1,000 MW)",,3000.0,Unknown,Media Monitoring,05/13/2025,01/14/2026,planned
Texas Solarworks LLC,E Municipal Dr,Lubbock,TX,79403.0,Lubbock,33.62028,-101.7919,Proposed,Medium,,,,,936.0,Unknown,Media Monitoring,01/19/2026,01/19/2026,planned
Data Center THM1A,Bean Rd,Lueders,TX,79533.0,Haskell,32.98045,-99.5673,Proposed,Medium,,,,"280,000",,Unknown,Media Monitoring,06/21/2025,06/21/2025,planned
HyperDataGrid Data Center,Ben Dunn Rd and Hwy 103,Lufkin,TX,75901.0,Angelina,31.378511,-94.87004,Proposed,Medium,,20,Medium (11-50 MW),,40.0,Unknown,Media Monitoring,07/11/2026,07/11/2026,planned
Project LufKin: Amp Z Data Center,Near's Peoples St,Lufkin,TX,75901.0,Angelina,31.3579,-94.677475,Proposed,High,,175-2100,"Mega campus (>1,000 MW)",,1041.0,Unknown,Media Monitoring,02/15/2026,02/15/2026,planned
North East Data Center LLC,TX-132 & Co Rd 683,Lytle,TX,78052.0,Medina,29.219524,-98.82438,Proposed,High,Rowan,300,Hyperscale (100-999 MW),,440.0,Unknown,Media Monitoring,02/16/2026,02/16/2026,planned
Legacy Data Center,1000 Bolton Rd,Marion,TX,78124.0,Guadalupe,29.520437,-98.154655,Proposed,High,,50,Large (51-99 MW),"100,000",39.0,Unknown,Media Monitoring,06/12/2026,06/12/2026,planned
Kahla Project,near Long Hollow Rd,Marquez,TX,77865.0,Leon,31.319128,-96.26737,Proposed,Medium,Belltown Power,1500,"Mega campus (>1,000 MW)",,900.0,Unknown,Media Monitoring,07/12/2026,07/12/2026,planned
Matagorda County Data Centers,,Matagora County,TX,77414.0,Matagorda,28.74159,-95.9322,Proposed,Low,,20,Medium (11-50 MW),,,Unknown,Media Monitoring,08/16/2025,08/16/2025,planned
Edged Austin,11255 Hwy 142,Maxwell,TX,78656.0,Caldwell,29.86609,-97.8132,Proposed,High,Edged,,,"869,685",,Unknown,Media Monitoring,05/18/2026,05/18/2026,planned
Prime DC AUS01 and AUS02,1395 Bob White Rd,Maxwell,TX,78657.0,Caldwell,29.92406,-97.7511,Proposed,High,Prime DC,,,"380,000",,Unknown,Media Monitoring,05/18/2026,05/18/2026,planned
Chase Tower McAllen Data Center,200 S 10th St,McAllen,TX,78501.0,Hidalgo,26.20193,-98.2316,Operating,High,,1.5-5,Small (0-10 MW),"24,000",,Unknown,Media Monitoring,08/09/2025,08/09/2025,operating
Galaxy Digital Data Center,Judith Dr,McGregor,TX,76657.0,McLennan,31.414452,-97.40335,Proposed,High,Galaxy Digital,75,Large (51-99 MW),,,Unknown,Media Monitoring,07/29/2026,07/29/2026,planned
Project Merlin,near Spacex Rocket Development site,McGregor,TX,76657.0,McLennan,31.392729,-97.446846,Proposed,Medium,,,,,500.0,Unknown,Media Monitoring,06/29/2026,06/29/2026,planned
Experian McKinney Data Center,3400 S Stonebridge Dr,McKinney,TX,75070.0,Collin,33.17172,-96.7252,Operating,High,,,,"74,500",,Unknown,Other,08/05/2025,08/05/2025,operating
SAT 93 and SAT94,County Rd 381,Medina/ Castroville,TX,78253.0,Medina,29.424786,-98.81255,Proposed,Medium,Microsoft,,,"490,000",,Unknown,Media Monitoring,04/22/2026,04/22/2026,planned
Colovore Data Center DFW01,200 Long Creek Rd,Mesquite,TX,75149.0,Dallas,32.768143,-96.57164,Operating,High,,45,Medium (11-50 MW),,,Unknown,Media Monitoring,09/30/2026,09/30/2026,operating
Project Pumpkin 2A,8830 Co. Rd 21,Miami,TX,79059.0,Roberts,35.691273,-100.6382,Proposed,Medium,Google,,,"761,000",,Unknown,Media Monitoring,03/04/2026,03/04/2026,planned
FO Permian Partners and HiVolt Energy Data Center,30 minutes SE of Midland,Midland County,TX,79706.0,Midland,31.76912,-101.898,Proposed,Low,,,,,320.0,Unknown,Media Monitoring,09/16/2025,09/16/2025,planned
AREP PowerHouse Grand Prairie,881 Miller Rd,Midlothian,TX,76065.0,Ellis,32.47629,-97.0691,Approved/Permitted/Under construction,High,PowerHouse Data Centers,1800,"Mega campus (>1,000 MW)","8,500,000",810.0,Unknown,Crowdsourced,04/06/2026,04/06/2026,planned
Google Project Sharka,3441 Railport Parkway,Midlothian,TX,76065.0,Ellis,32.444714,-97.05485,Approved/Permitted/Under construction,High,,,,"288,000",,Unknown,Other,02/20/2026,03/19/2026,planned
Milam County Data Center,,Milam County,TX,76519.0,Milam,30.99355,-97.0035,Proposed,Medium,Google,,,,,Unknown,Media Monitoring,,,planned
Project Mockingbird,,Mustang Ridge,TX,78610.0,Travis,30.05179,-97.6772,Proposed,Low,Cielo Digital Infrastructure,500,Hyperscale (100-999 MW),,472.0,Yes,Media Monitoring,06/24/2025,07/07/2026,planned
Project Fei,,near Childress,TX,79201.0,Childress,34.37431,-100.094,Approved/Permitted/Under construction,Medium,,100,Hyperscale (100-999 MW),,,Unknown,Media Monitoring,08/30/2025,08/30/2025,planned
Project Hedy,,near Lyford,TX,78569.0,Willacy,26.32319,-97.585,Approved/Permitted/Under construction,Low,,120,Hyperscale (100-999 MW),,,Unknown,Media Monitoring,08/30/2025,08/30/2025,planned
Project Ellen,,near Rio Hondo,TX,78583.0,Cameron,26.2517,-97.4894,Approved/Permitted/Under construction,Low,,100,Hyperscale (100-999 MW),,,Unknown,Media Monitoring,08/30/2025,08/30/2025,planned
Project Rosa,,near Santa Rosa,TX,78593.0,Cameron,26.2419,-97.8223,Approved/Permitted/Under construction,Low,,187,Hyperscale (100-999 MW),,,Unknown,Media Monitoring,08/30/2025,08/30/2025,planned
Project Big Pine,"107 Chapel Lane, TexAmericas Center",New Boston,TX,75570.0,Bowie,33.462067,-94.3338,Proposed,Medium,,300,Hyperscale (100-999 MW),,450.0,Unknown,Media Monitoring,08/17/2026,08/17/2026,planned
CloudBurst Data Center,2955 Francis Harris Lane,New Braunfels,TX,78130.0,Hays,29.76201,-97.9909,Approved/Permitted/Under construction,High,CloudBurst,1200,"Mega campus (>1,000 MW)",3 million,706.0,Yes,Media Monitoring,05/24/2025,07/08/2026,planned
Texas Critical Data Centers,"adjacent to Vistra Generating plant, 2200 I‑20 East",Odessa,TX,79766.0,Ector,31.839325,-102.33004,Proposed,Medium,,"250-1,000","Mega campus (>1,000 MW)",,438.0,Unknown,Media Monitoring,08/02/2025,09/22/2026,planned
Project Rise 1A and Project Rise 2A,FM 2897,Oklaunion,TX,76373.0,Wilbarger,34.118053,-99.1521,Proposed,Medium,,,Hyperscale (100-999 MW),"1,982,000",,Unknown,Media Monitoring,07/21/2026,07/21/2026,planned
APR Energy Data Center,Unknown location,Pampa,TX,79065.0,Gray,35.54431,-101.004,Approved/Permitted/Under construction,Low,APR Energy,400,Hyperscale (100-999 MW),,800.0,Yes,Media Monitoring,06/20/2025,07/12/2026,planned
Project Annie,near 4210 Old Bonham Rd,Paris,TX,75460.0,Lamar,33.65263,-95.6048,Approved/Permitted/Under construction,Medium,,75,Large (51-99 MW),,,Unknown,Media Monitoring,08/30/2025,08/30/2025,planned
Core Scientific,1939 Farm to Market 2119,Pecos,TX,79772.0,Reeves,31.533497,-103.80071,Expanding,High,Core Scientific,300,"Mega campus (>1,000 MW)","125,000",200.0,Unknown,Media Monitoring,05/05/2026,07/13/2026,operating
GW Ranch Project,6000 Texas State Highway 18,Pecos County,TX,79772.0,Pecos,31.147247,-102.89146,Approved/Permitted/Under construction,Low,Pacifico Energy,1000,"Mega campus (>1,000 MW)",,8000.0,Unknown,Media Monitoring,08/25/2025,07/13/2026,planned
Skybox Austin Data Center Campus,600 New Meister Ln / 2515 S Kenney Fort Blvd,Pflugerville,TX,78660.0,Travis,30.48241,-97.6246,Approved/Permitted/Under construction,High,Skybox Datacenters,30,Small (0-10 MW),"289,740",25.0,Unknown,Media Monitoring,09/05/2025,07/13/2026,planned
Aligned DFW Plano Data Center Campus,2800 Summit Avenue,Plano,TX,75074.0,Collin,33.00918,-96.6745,Expanding,High,Aligned Data Centers,46,Medium (11-50 MW),"800,500",19.0,Unknown,Media Monitoring,06/19/2025,07/14/2026,operating
CoreWeave Plano,1000 Coit Rd,Plano,TX,75075.0,Collin,33.01469,-96.7651,Operating,High,,30,Medium (11-50 MW),"454,421",24.0,Unknown,Media Monitoring,08/05/2025,08/05/2025,operating
DataBank Legacy Park Plano Data Center,8375 Dominion Pkwy,Plano,TX,75024.0,Collin,33.08736,-96.8139,Operating,High,,,,,,Unknown,Media Monitoring,08/05/2025,08/05/2025,operating
DFW-04 Data Center,401 North Star Rd,Plano,TX,75074.0,Collin,33.00439,-96.6502,Operating,High,,,,"425,500",,Unknown,Media Monitoring,05/24/2025,05/24/2025,operating
Equinix DA7 Data Center,6653 Pinecrest Dr,Plano,TX,75024.0,Collin,33.06499,-96.8109,Operating,High,,,,"37,910",,Unknown,Media Monitoring,08/05/2025,08/05/2025,operating
Evocative DAL6,1221 Coit Rd,Plano,TX,75076.0,Collin,33.01578,-96.7688,Operating,High,,12,Medium (11-50 MW),"111,000",,Unknown,Media Monitoring,08/05/2025,08/05/2025,operating
Skybox Atlantic Station,2300 W Plano Pkwy,Plano,TX,75075.0,Collin,33.00508,-96.7421,Operating,High,,100,Hyperscale (100-999 MW),,,Unknown,Media Monitoring,08/05/2025,08/05/2025,operating
Pyote Data Center,Near intersection of I-20 and FM 1927,Pyote,TX,79777.0,Ward,31.52544,-103.117,Operating,Medium,,300,Hyperscale (100-999 MW),,,Unknown,Media Monitoring,08/05/2025,08/05/2025,operating
Core Scientific Hunt County Data Center,4642 County Road 3508,Quinlan,TX,75474.0,Hunt,32.988132,-96.08421,Approved/Permitted/Under construction,Medium,Core Scientific,285,Hyperscale (100-999 MW),,265.0,Yes,Media Monitoring,03/19/2026,07/15/2026,planned
"Databank Red Oak Campus (DFW9, DFW10, DFW11, and DFW12)",Batchler Rd and Stainback Rd,Red Oak,TX,75154.0,Ellis,32.53618,-96.734024,Expanding,High,DataBank,240,Hyperscale (100-999 MW),"1,600,000",292.0,Yes,Media Monitoring,06/21/2025,09/22/2026,operating
Red Oak Data Center 2,156 N. Austin Blvd,Red Oak,TX,75154.0,Ellis,32.53665,-96.79767,Operating,High,Google,,,"285,000",166.0,Unknown,Media Monitoring,02/24/2026,02/24/2026,operating
Red Oak Data Center Campus,481 Austin Blvd,Red Oak,TX,75154.0,Ellis,32.54188,-96.7998,Approved/Permitted/Under construction,High,,350,Hyperscale (100-999 MW),"981,000",225.0,Unknown,Media Monitoring,05/25/2025,05/25/2025,planned
Red Oak Google Data Center,330 Austin Boulevard,Red Oak,TX,75154.0,Ellis,32.53763,-96.7968,Operating,High,Google,,,"285,000",,Unknown,Media Monitoring,05/25/2025,07/16/2026,operating
365 Data Centers - Richardson,1001 East Campbell Rd,Richardson,TX,75081.0,Dallas,32.97615,-96.7073,Operating,High,,6.2,Small (0-10 MW),"75,100",,Unknown,Media Monitoring,08/05/2025,08/05/2025,operating
Digital Realty Dallas DFW16,1232 Alma Road,Richardson,TX,75081.0,Dallas,32.96619,-96.7159,Operating,High,,6.7,Small (0-10 MW),"105,726",,Unknown,Media Monitoring,08/05/2025,08/05/2025,operating
Digital Realty Dallas DFW18,1210 Integrity Dr,Richardson,TX,75081.0,Dallas,32.96639,-96.7138,Proposed,High,,100,Hyperscale (100-999 MW),,8.0,Unknown,Media Monitoring,08/05/2025,08/05/2025,planned
Digital Realty Dallas DFW28,850 E. Collins Boulevard,Richardson,TX,75081.0,Dallas,32.96746,-96.7132,Operating,High,,6.8,Small (0-10 MW),"121,000",,Unknown,Media Monitoring,08/05/2025,08/05/2025,operating
Richardson Data Center,1501 E Lookout Dr,Richardson,TX,75082.0,Dallas,32.98529,-96.6969,Operating,High,,24,Medium (11-50 MW),"130,000",,Unknown,Media Monitoring,05/28/2025,05/28/2025,operating
Cipher Data Center,near Sandy Creek Power Plant,Riesel,TX,76682.0,McLennan,31.47631,-96.96844,Proposed,Medium,Cipher,500,Hyperscale (100-999 MW),,,Unknown,Media Monitoring,06/11/2026,06/11/2026,planned
Cornerstone Southwest Data Center,931 Litsey Rd,Roanoke,TX,76262.0,Denton,33.00576,-97.2459,Operating,High,,,,,,Unknown,Other,08/05/2025,08/05/2025,operating
Beacon Point Data Center,Nueces County (near Robstown),Robstown,TX,78380.0,Nueces,27.7903,-97.67,Proposed,Low,Hut 8,352,Hyperscale (100-999 MW),,525.0,Yes,Media Monitoring,05/08/2026,07/17/2026,planned
Hut 8 Data Center/ Beacon Point Data Center Project,1694 FM Rd,Robstown,TX,78380.0,Nueces,27.793886,-97.6184,Proposed,High,Hut 8,,Hyperscale (100-999 MW),"657,130",,Unknown,Media Monitoring,09/22/2026,09/22/2026,planned
Bitdeer AI,3291 Charles Martin Hall Rd,Rockdale,TX,76567.0,Milam,30.569382,-97.07353,Proposed,High,Bitdeer,563,Hyperscale (100-999 MW),,200.0,Unknown,Media Monitoring,09/05/2026,09/05/2026,planned
Riot Platforms Rockdale Data Center Campus,2721 Charles Martin Hall Road,Rockdale,TX,76567.0,Milam,30.573387,-97.07707,Expanding,High,Riot Platforms,700,Hyperscale (100-999 MW),"40,000",200.0,Unknown,Media Monitoring,01/19/2026,07/17/2026,operating
Sabey Data Center,1300 Louis Henna Blvd,Round Rock,TX,78664.0,Williamson,30.48796,-97.6468,Operating,High,,,,,,Unknown,Media Monitoring,08/05/2025,08/05/2025,operating
Skybox Round Rock Data Center,2601 E. Old Settlers Boulevard,Round Rock,TX,78665.0,Williamson,30.5489,-97.6441,Approved/Permitted/Under construction,High,Skybox Datacenters,40,Medium (11-50 MW),"250,000",30.0,Yes,Crowdsourced,02/13/2026,07/20/2026,planned
BT Gateway Data Center,4989 Co Rd 2656,Royse City,TX,75189.0,Hunt,33.01387,-96.29096,Proposed,High,,,,"100,000",,Unknown,Media Monitoring,07/12/2026,07/12/2026,planned
Emergent Data Center,"South of US-67, West of City Farm Road",San Angelo,TX,76905.0,Tom Green,31.52764,-100.33235,Proposed,High,"Skybox Datacenters, Emergent",,Hyperscale (100-999 MW),"3,200,000",350.0,Yes,Media Monitoring,01/06/2026,07/20/2026,planned
Amazon San Antonio Data Center,1535 NW Crossroads,San Antonio,TX,78251.0,Bexar,29.450628,-98.637535,Proposed,High,COPT,,,"141,979",,Unknown,Media Monitoring,03/19/2026,07/21/2026,planned
AWS Rockfish 1,11625 Old Corpus Christi Hwy,San Antonio,TX,78223.0,Bexar,29.3019,-98.3888,Approved/Permitted/Under construction,High,,,,"109,600",,Unknown,Media Monitoring,07/28/2025,07/28/2025,planned
AWS Rockfish 2,7400 Potranco Road,San Antonio,TX,78251.0,Bexar,29.45094,-98.6388,Approved/Permitted/Under construction,High,,,,"109,600",,Unknown,Media Monitoring,07/28/2025,07/28/2025,planned
AWS Rockfish 3,TX-211 & Potranco Road,San Antonio,TX,78245.0,Bexar,29.42085,-98.7818,Approved/Permitted/Under construction,Medium,,,,"109,600",,Unknown,Media Monitoring,07/28/2025,07/28/2025,planned
Chevron Data Center,5200 Rogers Rd,San Antonio,TX,78251.0,Bexar,29.48045,-98.6963,Operating,High,,,,,,Unknown,Other,06/24/2025,06/24/2025,operating
Citicorp Data Systems,100 Citibank Dr,San Antonio,TX,78245.0,Bexar,29.41341,-98.7773,Operating,High,,,,,,Unknown,Media Monitoring,08/05/2025,08/05/2025,operating
CloudHQ SAT Campus,15255 Lambda Drive,San Antonio,TX,78245.0,Bexar,29.41681,-98.79809,Proposed,High,CloudHQ,84-600,Hyperscale (100-999 MW),"3,023,300",,Unknown,Media Monitoring,07/24/2026,07/24/2026,planned
CyrusOne: SAT1,9999 Westover Hills Blvd,San Antonio,TX,78251.0,Bexar,29.46661,-98.68811,Operating,High,CyrusOne,9,Small (0-10 MW),,,Unknown,Media Monitoring,07/21/2026,07/21/2026,operating
CyrusOne: SAT2-SAT3,9554 Westover Hills Blvd,San Antonio,TX,78251.0,Bexar,29.47104,-98.67294,Operating,High,CyrusOne,36,Medium (11-50 MW),,,Unknown,Media Monitoring,07/21/2026,07/21/2026,operating
CyrusOne: SAT4,9655 Raba Dr,San Antonio,TX,78251.0,Bexar,29.471006,-98.67035,Operating,High,CyrusOne,,,,,Unknown,Media Monitoring,07/21/2026,07/21/2026,operating
CyrusOne: SAT5-SAT6,14719 Omicron Dr,San Antonio,TX,78245.0,Bexar,29.418684,-98.78819,Operating,High,CyrusOne,18,Medium (11-50 MW),,,Unknown,Media Monitoring,07/21/2026,07/21/2026,operating
H5 Data Center,100 Taylor St,San Antonio,TX,78205.0,Bexar,29.42938,-98.4868,Operating,High,,,,,,Unknown,Media Monitoring,08/05/2025,08/05/2025,operating
Lowes San Antonio Data Center,10045 Rogers Rd,San Antonio,TX,78251.0,Bexar,29.47334,-98.69,Operating,High,,,,,,Unknown,Other,08/05/2025,08/05/2025,operating
Microsoft Data Center,3543 W Loop 1604 N Acc Rd,San Antonio,TX,78253.0,Bexar,29.46696,-98.7134,Proposed,Medium,Microsoft,,,"390,000",90.0,Unknown,Media Monitoring,09/23/2025,09/23/2025,planned
Microsoft Data Center: SAT14,3545 Wiseman Blvd,San Antonio,TX,78251.0,Bexar,29.47118,-98.6785,Proposed,High,Microsoft,,,"350,000",,Unknown,Media Monitoring,07/28/2025,07/28/2025,planned
Microsoft Data Center: SAT15,3555 Westover Link,San Antonio,TX,78251.0,Bexar,29.46977,-98.7015,Proposed,High,Microsoft,,,"245,000",,Unknown,Media Monitoring,07/28/2025,07/28/2025,planned
Microsoft Data Center: SAT46,15000 Lambda Drive,San Antonio,TX,78245.0,Bexar,29.41427,-98.8029,Operating,High,Microsoft,,,"1,000,000",,Unknown,Media Monitoring,07/28/2025,10/16/2025,operating
Microsoft San Antonio Data Center,5150 Rogers Rd,San Antonio,TX,78251.0,Bexar,29.47843,-98.693,Operating,High,Microsoft,,,,,Unknown,Other,08/05/2025,08/05/2025,operating
NSA Texas Cryptology Center,Sony Place,San Antonio,TX,78251.0,Bexar,29.44724,-98.6421,Approved/Permitted/Under construction,High,NSA/CSS,,,"953,000",100.0,Unknown,Media Monitoring,08/05/2025,07/21/2026,planned
QTS San Antonio,8535 Potranco Rd,San Antonio,TX,78251.0,Bexar,29.44862,-98.6509,Operating,High,,,,,,Unknown,Media Monitoring,08/05/2025,08/05/2025,operating
SAT 80-82 Data Center Campus,8844 FM1957 (Potranco Rd),San Antonio,TX,78253.0,Medina,29.43363,-98.8263,Proposed,High,Microsoft,,,,206.0,Unknown,Media Monitoring,08/05/2025,08/05/2025,planned
Stream Data Center,"9550 Westover Hills Blvd, San Antonio, TX",San Antonio,TX,78251.0,Bexar,29.47177,-98.6716,Operating,High,,,,,,Unknown,Media Monitoring,08/05/2025,08/05/2025,operating
TX11: Vantage Data Center,14720 Omicron Drive,San Antonio,TX,78245.0,Bexar,29.4181,-98.7897,Proposed,High,,32,Medium (11-50 MW),"242,667",58.0,Unknown,Media Monitoring,07/28/2025,07/28/2025,planned
TX12: Vantage Data Center,17420 Omicron Drive,San Antonio,TX,78245.0,Medina,29.42026,-98.8087,Proposed,High,,96,Large (51-99 MW),"432,800",,Unknown,Media Monitoring,09/23/2025,09/23/2025,planned
TX21: Vantage Data Center,Intersection Hwy 151 and Wiseman Blvd,San Antonio,TX,78251.0,Bexar,29.47603,-98.6976,Proposed,High,,,,"360,000",31.0,Unknown,Media Monitoring,07/28/2025,10/16/2025,planned
TX22: Vantage Data Center,5207 Rogers Rd,San Antonio,TX,78251.0,Bexar,29.479109,-98.697105,Proposed,High,,,,"214,525",,Unknown,Media Monitoring,10/16/2025,10/16/2025,planned
San Marcos Data Center,904 Francis Harris Ln,San Marcos,TX,78666.0,Hays,29.79031,-97.9952,Cancelled,High,Highlander SM One LLC,,,,180.0,Unknown,Media Monitoring,08/21/2025,07/25/2026,stalled
Project Kati 1 and 2,WC County Line Rd & FM 1420,Santa Monica,TX,78965.0,Willacy,26.37778,-97.5874,Approved/Permitted/Under construction,Medium,,166,Hyperscale (100-999 MW),,50.0,Unknown,Media Monitoring,08/30/2025,01/19/2026,planned
Project Dorothy 1A and 1B,9985 Co Rd F,Silverton,TX,79257.0,Briscoe,34.39186,-101.315926,Operating,High,,2-18,Medium (11-50 MW),,,Unknown,Media Monitoring,08/30/2025,05/28/2026,operating
Project Dorothy 2,9981 Co Rd F,Silverton,TX,79258.0,Briscoe,34.39169,-101.314964,Approved/Permitted/Under construction,High,,48,Medium (11-50 MW),,,Unknown,Media Monitoring,08/30/2025,05/28/2026,planned
Oppidan Data Center,9879 N Loop Drive,Socorro,TX,79927.0,El Paso,31.67769,-106.289,Proposed,High,Oppidan,5,Small (0-10 MW),"61,555",,Unknown,Media Monitoring,08/12/2025,07/22/2026,planned
Sugar Land Data Center,8306 Hwy 90 Alt,Sugar Land,TX,77478.0,Fort Bend,29.62003,-95.6306,Operating,High,,,,"38,370",,Unknown,Media Monitoring,05/27/2025,05/27/2025,operating
MSB Global Services Matrix Data Center,,Sulphur Springs,TX,75482.0,Hopkins,33.08515,-95.546,Proposed,Medium,MSB Global Services,3000,"Mega campus (>1,000 MW)",,1677.0,Yes,Media Monitoring,09/23/2025,07/22/2026,planned
IREN Sweetwater Hub,Fisher County,Sweetwater,TX,79556.0,Fisher,32.533386,-100.40961,Approved/Permitted/Under construction,Medium,IREN,2000,"Mega campus (>1,000 MW)",,2200.0,Unknown,Media Monitoring,11/24/2025,07/22/2026,planned
Flexential Data Center,Outskirts of town,Talty,TX,75160.0,Kaufman,32.713158,-96.38066,Proposed,Medium,Flexential,108,Hyperscale (100-999 MW),"375,000",110.0,Unknown,Media Monitoring,07/29/2026,07/29/2026,planned
Blueprint Projects,1601 Martin Luther King Jr. Drive,Taylor,TX,76574.0,Williamson,30.56745,-97.38766,Approved/Permitted/Under construction,High,BPP Projects LLC,30,Large (51-99 MW),"135,000",52.0,Yes,Media Monitoring,04/01/2026,07/22/2026,planned
Project Comal,1051 County Road 401,Taylor,TX,76574.0,Williamson,30.546633,-97.4439,Approved/Permitted/Under construction,High,KDC Real Estate,360,Hyperscale (100-999 MW),,220.0,Unknown,Media Monitoring,04/01/2026,07/22/2026,planned
Rowan AUS01,1601 Bob White Rd,Temple,TX,76501.0,Bell,31.06445,-97.2875,Approved/Permitted/Under construction,High,Rowan,300,Hyperscale (100-999 MW),,700.0,Yes,Media Monitoring,09/17/2025,06/12/2026,planned
Rowan AUS02,1855 Bob White Rd,Temple,TX,76501.0,Bell,31.065372,-97.29487,Proposed,High,Rowan,,Hyperscale (100-999 MW),"500,000",,Unknown,Media Monitoring,07/29/2026,07/29/2026,planned
Temple Meta Data Center,3103 Industrial Boulevard,Temple,TX,76504.0,Bell,31.13252,-97.3644,Operating,High,Meta,152,Hyperscale (100-999 MW),"760,000",393.0,Yes,Media Monitoring,08/14/2025,07/24/2026,operating
Texarkana Data center,507 Olive St,Texarkana,TX,75501.0,Bowie,33.4248,-94.044,Operating,High,,,,"67,500",,Unknown,Media Monitoring,05/27/2025,05/27/2025,operating
Comanche Circle Data Centers,near Comanche Peak Nuclear Power Plant,Tolar,TX,76476.0,Hood,32.312485,-97.827065,Approved/Permitted/Under construction,Medium,Sailfish Digital Ventures,600,"Mega campus (>1,000 MW)","5,500,000",2000.0,Yes,Media Monitoring,07/01/2026,07/01/2026,planned
Diode Ventures Data Center,Hwy 274/ Key Ranch Rd,Trinidad,TX,75163.0,Henderson,32.205753,-96.11986,Cancelled,High,Diode Ventures,150,Hyperscale (100-999 MW),,,Yes,Media Monitoring,07/28/2026,07/28/2026,stalled
Vulcan Core LLC Bitcoin,1105 W. Erwin St,Tyler,TX,75702.0,Smith,32.35096,-95.31266,Cancelled,High,Vulcan Core LLC,12,Medium (11-50 MW),"8,090",2.0,Yes,Media Monitoring,07/12/2026,07/12/2026,stalled
PowerHouse Data Centers,"Caldwell Valley Technology Park, Farm to Market Road 2720",Uhland,TX,78640.0,Caldwell,29.919367,-97.772064,Proposed,Medium,,,Hyperscale (100-999 MW),,500.0,Unknown,Media Monitoring,05/12/2026,05/12/2026,planned
Black Mountain Power Data Center,Watson Rd,Van Ormy/ San Antonio,TX,78073.0,Bexar,29.270124,-98.57086,Proposed,Medium,Black Mountain Power,,,,432.0,Unknown,Media Monitoring,02/15/2026,02/15/2026,planned
Midlothian 1 Data Center,Farm-to-Market 157,Venus,TX,76084.0,Ellis,32.4049,-97.0522,Proposed,High,,,,,,Unknown,Media Monitoring,05/25/2025,05/25/2025,planned
Midlothian 2 Data Center,Farm-to-Market 157,Venus,TX,76084.0,Ellis,32.3897,-97.05,Proposed,High,,,,,,Unknown,Media Monitoring,05/25/2025,05/25/2025,planned
Midlothian 3 Data Center,Farm-to-Market 157,Venus,TX,76084.0,Ellis,32.3862,-97.064,Proposed,High,,,,,,Unknown,Media Monitoring,05/25/2025,05/25/2025,planned
Midlothian 4 Data Center,Farm-to-Market 157,Venus,TX,76084.0,Ellis,32.3862,-97.064,Proposed,High,,,,,,Unknown,Media Monitoring,05/25/2025,05/25/2025,planned
Midlothian 5 Data Center,Farm-to-Market 157,Venus,TX,76084.0,Ellis,32.3757,-97.0817,Proposed,High,,,,,,Unknown,Media Monitoring,05/25/2025,05/25/2025,planned
Midlothian 6 Data Center,Farm-to-Market 157,Venus,TX,76084.0,Johnson,32.3797,-97.0997,Proposed,High,,,,,,Unknown,Media Monitoring,05/25/2025,05/25/2025,planned
Venus Data Center,900 E County Rd 109,Venus,TX,76084.0,Ellis,32.43176,-97.0869,Proposed,High,,,,,217.0,Unknown,Media Monitoring,05/25/2025,05/25/2025,planned
Rowdy Data Center,,Vernon,TX,76384.0,Wilbarger,34.08236,-99.1772,Operating,High,,60-400,Hyperscale (100-999 MW),,,Unknown,Media Monitoring,07/24/2025,07/24/2025,operating
Crusoe/ Blue Energy Data Center,Port of Victoria,Victoria,TX,77905.0,Victoria,28.689142,-96.96172,Proposed,Medium,Crusoe,1500,"Mega campus (>1,000 MW)",,1600.0,Unknown,Crowdsourced,12/08/2025,12/08/2025,planned
CyrusOne: DFW10,adjacent to Thad Hill Energy Center,Whitney,TX,76692.0,Bosque,31.860664,-97.35856,Approved/Permitted/Under construction,Medium,"CyrusOne, Calpine",400,Hyperscale (100-999 MW),"700,000",,Unknown,Media Monitoring,02/20/2026,03/19/2026,planned
Willis Data Center,606 TX-75,Willis,TX,77378.0,Montgomery,30.43083,-95.4817,Proposed,High,,,,"5,200",,Unknown,Media Monitoring,08/12/2025,08/12/2025,planned
Black Pearl Data Center,11786 Co Rd 209,Wink,TX,79789.0,Winkler,31.694809,-103.08312,Approved/Permitted/Under construction,High,Cipher/Amazon,300,Hyperscale (100-999 MW),"19,579",,Unknown,Crowdsourced,06/19/2026,06/19/2026,planned
Palomino Alpha Data Center,Highway 123 (approx. 0.3 miles southwest of the intersection of FM 1979 and N State Highway 123),Zorn,TX,78666.0,Guadalupe,29.74312,-97.98925,Proposed,High,"PALOMINO ALPHA, LLC",,Hyperscale (100-999 MW),"4,000,000",438.0,Yes,Media Monitoring,07/24/2026,07/24/2026,planned
Antelope Data Center,West Antelope Springs Rd,Cedar City,UT,84721.0,Iron,37.795376,-113.37061,Approved/Permitted/Under construction,Medium,,1500,"Mega campus (>1,000 MW)","1,350,000",640.0,Yes,Media Monitoring,04/15/2026,06/12/2026,planned
BluSky AI,near Intermountain Power Plant,Delta,UT,84624.0,Millard,39.50757,-112.601,Proposed,Medium,,50,Medium (11-50 MW),,25.0,Unknown,Media Monitoring,08/02/2025,08/02/2025,planned
Creekstone Gigasite Data Center,11000 McCornick Rd,Delta,UT,84624.0,Millard,39.19891,-112.36232,Proposed,High,,,,,4000.0,Unknown,Media Monitoring,08/06/2025,08/06/2025,planned
Fibernet MercuryDelta Campus/Delta Gigasite,Hwy 50,Delta,UT,84624.0,Millard,39.28873,-112.465,Proposed,High,Fibernet MercuryDelta,2000-10000,"Mega campus (>1,000 MW)","20,000,000",1200.0,Unknown,Media Monitoring,06/22/2025,06/05/2026,planned
Dugway Proving Ground Data Center,near Starks Rd,Dugway,UT,84022.0,Tooele,40.218567,-112.74486,Proposed,Medium,,,,,3466.0,Unknown,Media Monitoring,01/13/2026,01/13/2026,planned
Meta Eagle Mountain Data Center,1275 N Community Cir,Eagle Mountain,UT,84005.0,Utah,40.26618,-112.0166,Expanding,High,,,Hyperscale (100-999 MW),"4,400,000",,Unknown,Media Monitoring,09/22/2026,09/22/2026,operating
Google Data Center,E Jon Cristian Dr,Milford,UT,84751.0,Beaver,38.498005,-112.91599,Proposed,Medium,Fervo Energy,396,Hyperscale (100-999 MW),,,Unknown,Media Monitoring,09/27/2026,09/27/2026,planned
Joule Power AI Data Center Campus,11000 N McCornick Road,Millard County,UT,84624.0,Millard,39.199276,-112.37303,Proposed,Low,Joule Power,455-12000,"Mega campus (>1,000 MW)",,4000.0,Yes,Media Monitoring,04/08/2026,04/08/2026,planned
Project Beehive,,near Price,UT,,Carbon,39.61103,-110.69218,Proposed,Medium,Valar Atomics,9600,"Mega campus (>1,000 MW)",,9000.0,Unknown,Media Monitoring,10/01/2026,10/01/2026,planned
Provo Data Center,1507 S 180 E,Provo,UT,84606.0,Utah,40.214104,-111.65521,Suspended,High,,5,Medium (11-50 MW),"66,000",,Unknown,Media Monitoring,03/04/2026,03/20/2026,stalled
Summit Ridge Data Center,15372 S. Ridge Farms Rd,Santaquin,UT,84655.0,Utah,39.946636,-111.80722,Proposed,High,Data Center Power Company,20,Medium (11-50 MW),,,Unknown,Media Monitoring,03/04/2026,03/04/2026,planned
Project Stratos Eastern,Hansel Valley Rd,Snowville,UT,84336.0,Box Elder,41.786148,-112.64388,Approved/Permitted/Under construction,High,,9000,"Mega campus (>1,000 MW)",,40000.0,Yes,Media Monitoring,04/27/2026,05/12/2026,planned
Project Stratos Western,Locomotive Springs Rd,Snowville,UT,84336.0,Box Elder,41.784256,-112.898346,Approved/Permitted/Under construction,High,,,"Mega campus (>1,000 MW)",,40000.0,Yes,Media Monitoring,04/27/2026,05/12/2026,planned
"SLC Data Center Campus, SLC-01, 02, 03",3333 9000 S,West Jordan,UT,84088.0,Salt Lake,40.58617,-111.97,Expanding,High,,200,Hyperscale (100-999 MW),"950,000",55.0,Unknown,Media Monitoring,06/19/2025,05/14/2026,operating
Bull Church Data Center,"Bull Church Road, east of I-95 near the Ladysmith interchange",,VA,22546.0,Caroline,38.009125,-77.49331,Proposed,Medium,,,,"792,000",88.0,Unknown,PEC,07/16/2025,10/17/2025,planned
Green Energy Ventures Data Center,Graves Corner Northwest of the intersection of Bloomsbury Road and Kings HWY,,VA,22485.0,King George,38.256557,-77.29122,Proposed,Medium,,,,"6,500,000",352.0,Unknown,PEC,07/17/2025,10/17/2025,planned
Ladysmith Technology Park,"Ladysmith Road, northwest of I-95 & Ladysmith Road Intersection",,VA,22546.0,Caroline,38.0269,-77.50431,Proposed,Medium,,,,"1,684,480",165.0,Unknown,PEC,07/17/2025,10/17/2025,planned
Amazon AWS IAD - Quail Campus,24244 QUAIL RIDGE LN,Aldie,VA,20105.0,Loudoun,38.94905,-77.56043,Operating,High,Amazon,,,"412,400",23.0,Unknown,PEC,04/10/2024,10/17/2025,operating
Allegro North Campus,41567 BRIARFIELD LN,ALDIE,VA,20105.0,Loudoun,38.95632,-77.54516,Proposed,High,,,,"1,260,000",49.0,Unknown,PEC,08/06/2025,10/17/2025,planned
Allegro South Campus,24171 YOUNGWOOD LN,ALDIE,VA,20105.0,Loudoun,38.949844,-77.54914,Operating,High,YONDR JK 2 LLC,,,"335,638",34.0,Unknown,PEC,04/10/2024,10/17/2025,operating
Plaza 500,6295 Edsall Rd,Alexandria,VA,22312.0,Fairfax,38.802273,-77.142525,Proposed,High,,,,"461,444",,Unknown,PEC,09/12/2025,10/17/2025,planned
Avaio Digital Partners,1296 CONFEDERATE BLVD,Appomattox,VA,24522.0,Appomattox,37.355537,-78.82243,Proposed,High,Avaio Digital,300,Hyperscale (100-999 MW),"250,000",450.0,Unknown,PEC,01/15/2025,10/17/2025,planned
ACC11 Digital Realty,Corner of Gresham and Waxpool,Ashburn,VA,20147.0,Loudoun,39.014893,-77.46363,Expanding,Medium,Digital Realty,,,"395,829",9.0,Unknown,PEC,08/11/2025,02/10/2026,operating
ACC4 Digital Realty,44480 HASTINGS DR,Ashburn,VA,20147.0,Loudoun,39.017944,-77.46266,Expanding,High,Digital Realty,,,"286,865",17.0,Unknown,PEC,08/11/2025,02/10/2026,operating
ACC5 ACC6 Digital Realty,44521 HASTINGS DR,Ashburn,VA,20147.0,Loudoun,39.020702,-77.46347,Operating,High,FOX PROPERTIES LLC,,,"518,449",30.0,Unknown,PEC,04/10/2024,10/17/2025,operating
ACC7 Digital Realty,21625 GRESHAM DR,Ashburn,VA,20147.0,Loudoun,39.01753,-77.465675,Operating,High,ALSHAIN VENTURES LLC,,,"446,500",23.0,Unknown,PEC,04/10/2024,10/17/2025,operating
AID1 DataBank,21625 RED RUM DR,Ashburn,VA,20147.0,Loudoun,39.015617,-77.48247,Proposed,High,GI TC ASHBURN LLC,70,Large (51-99 MW),"355,330",18.0,Unknown,PEC,08/11/2025,10/17/2025,planned
Aligned Data Center AID01,21890 UUNET DR,Ashburn,VA,20147.0,Loudoun,39.013935,-77.46997,Operating,High,Aligned Data Centers,,,"368,600",9.0,Unknown,PEC,04/10/2024,10/17/2025,operating
Aligned Data Centers - Ashburn IAD-02,21821 UUNET DR,Ashburn,VA,20147.0,Loudoun,39.010254,-77.474976,Operating,High,Aligned Data Centers,,,"438,460",11.0,Unknown,PEC,04/10/2024,10/17/2025,operating
ALIGNED ENERGY DATA CENTERS ASHBURN,21838 UUNET DR,Ashburn,VA,20147.0,Loudoun,39.01321,-77.47297,Operating,High,Aligned Data Centers,,,"107,253",6.0,Unknown,PEC,04/10/2024,10/17/2025,operating
Amazon AWS IAD114 Data Center,20945 LOUDOUN COUNTY PKWY,Ashburn,VA,20147.0,Loudoun,39.03563,-77.450935,Operating,High,BEAUMEADE LC PHASE III LLC,,,"147,600",11.0,Unknown,PEC,04/10/2024,10/17/2025,operating
Amazon AWS IAD-169/179,21310 BEAUMEADE CIR,Ashburn,VA,20147.0,Loudoun,39.01585,-77.45341,Operating,High,BEAUMEADE DC BUILDING LLC,,,"190,250",9.0,Unknown,PEC,04/10/2024,10/17/2025,operating
Amazon AWS IAD50 Data Center,21271 SMITH SWITCH RD,Ashburn,VA,20147.0,Loudoun,39.02908,-77.45896,Operating,High,DC 8 9 10 DE LLC,,,"429,711",35.0,Unknown,PEC,04/10/2024,10/17/2025,operating
AREP Beaumeade Data Center,Corner of Beaumeade Circle and Waxpool Rd,Ashburn,VA,20147.0,Loudoun,39.011536,-77.452644,Proposed,Medium,Equinix,,,"265,000",16.0,Unknown,PEC,04/10/2024,10/17/2025,planned
ASH1-BRODERICK DC2,22280 RANDOLPH DR,Ashburn,VA,20166.0,Loudoun,38.99814,-77.44936,Proposed,High,,,,"189,890",7.0,Unknown,PEC,08/08/2025,10/17/2025,planned
ASH3 DC2,22271 SHELLHORN RD,Ashburn,VA,20147.0,Loudoun,38.998657,-77.47419,Operating,High,QTS Data Centers,,,"302,180",11.0,Unknown,PEC,04/10/2024,10/17/2025,operating
Ashburn Data Center,21300 COACH GIBBS DR,Ashburn,VA,20147.0,Loudoun,39.02697,-77.44413,Proposed,High,,,,"1,176,000",44.0,Unknown,PEC,08/10/2025,10/17/2025,planned
AWS Bridgefield Tech Center,Virginia Science and Tech Campus/ 45085 University Dr,Ashburn,VA,20147.0,Loudoun,39.058155,-77.44354,Proposed,Medium,AWS,,Hyperscale (100-999 MW),"800,000",122.0,Unknown,Media Monitoring,07/31/2026,07/31/2026,planned
BCORE COPT DC-15,44862 INTERCONNECTION PL,Ashburn,VA,20147.0,Loudoun,39.026398,-77.45115,Operating,High,BCORE COPT DC-15 LLC,,,"446,732",38.0,Unknown,PEC,04/10/2024,10/17/2025,operating
BEAUMEADE LC PHASE III LLC,20935 LOUDOUN COUNTY PKWY,Ashburn,VA,20147.0,Loudoun,39.03638,-77.44979,Operating,High,BEAUMEADE LC PHASE III LLC,,,"147,600",10.0,Unknown,PEC,04/10/2024,10/17/2025,operating
Belmont Innovation Campus,43121 GOOSE GLEN LN,Ashburn,VA,20147.0,Loudoun,39.072826,-77.50972,Proposed,High,LOUDOUN GC LLC,,,"1,300,000",112.0,Unknown,PEC,04/10/2024,10/17/2025,planned
BLUE SLING ACC 9,21745 SIR TIMOTHY DR,Ashburn,VA,20147.0,Loudoun,39.01549,-77.46758,Operating,High,BLUE SLING ACC 9 LLC,,,"362,100",19.0,Unknown,PEC,04/10/2024,10/17/2025,operating
BRAMBLETON SHREVEPORT SOUTH DATA CENTER,Evergreen Mills and Belmont Ridge Rd,Ashburn,VA,20148.0,Loudoun,38.95967,-77.52909,Proposed,Medium,,,,"1,317,531",114.0,Unknown,PEC,08/06/2025,10/17/2025,planned
Centersquare Washington DC Data Center,21571 BEAUMEADE CIR,Ashburn,VA,20147.0,Loudoun,39.021942,-77.45329,Operating,High,MONTEREY DC ASSETS LLC,,,"164,455",14.0,Unknown,PEC,04/10/2024,10/17/2025,operating
CloudHQ LC1 Data Center,21955 Loudoun County Pkwy,Ashburn,VA,20147.0,Loudoun,39.01003,-77.46274,Operating,High,CloudHQ,144,Hyperscale (100-999 MW),"983,994",30.0,Unknown,Media Monitoring,04/10/2024,02/13/2026,operating
CloudHQ LC2,44621 WAXPOOL RD,Ashburn,VA,20147.0,Loudoun,39.01214,-77.46291,Operating,High,KAVEH VENTURES LLC,,,"493,504",16.0,Unknown,PEC,04/10/2024,10/17/2025,operating
CLOUD HQ LC3,44631 WAXPOOL RD,Ashburn,VA,20147.0,Loudoun,39.011154,-77.45961,Operating,High,LOHRASP VENTURES LLC,,,"585,593",15.0,Unknown,PEC,04/10/2024,10/17/2025,operating
Cologix ASH1 Scalelogix Data Center,21745 BEAUMEADE CIR,Ashburn,VA,20147.0,Loudoun,39.018513,-77.4589,Operating,High,21673 BEAUMEADE CIRCLE LLC,,,"455,793",23.0,Unknown,PEC,04/10/2024,10/17/2025,operating
Cologix Ashburn (ASH1 & ASH2),21673 BEAUMEADE CIRCLE,Ashburn,VA,20147.0,Loudoun,39.019413,-77.45795,Expanding,High,Cologix,,,"544,207",,Unknown,PEC,04/10/2024,02/10/2026,operating
CYRUSONE BROADLANDS DATA CENTER,Belmont Road and Dulles Greenway,Ashburn,VA,20148.0,Loudoun,39.033375,-77.521706,Proposed,Medium,CyrusOne,,,"784,600",58.0,Unknown,PEC,08/11/2025,10/17/2025,planned
DARAB VENTURES SIX,22235 LOUDOUN COUNTY PKWY,Ashburn,VA,20147.0,Loudoun,39.005962,-77.47724,Proposed,High,,,,"1,538,288",63.0,Unknown,PEC,08/10/2025,10/17/2025,planned
Databank Data Centers - Intergate.Ashburn Building B,21630 RED RUM DR,Ashburn,VA,20147.0,Loudoun,39.01779,-77.48172,Operating,High,ZCOLO LLC,40,Medium (11-50 MW),"286,800",11.0,Unknown,PEC,04/10/2024,10/17/2025,operating
DBT-DATA ASHBURN HOLDING I,44610 GUILFORD DR,Ashburn,VA,20147.0,Loudoun,39.0249,-77.45765,Operating,High,NTT GLOBAL DATA CENTERS AMERICAS INC,,,"123,200",5.0,Unknown,PEC,04/10/2024,10/17/2025,operating
Digital Filigree,21780 FILIGREE CT,Ashburn,VA,20147.0,Loudoun,39.013676,-77.45641,Proposed,High,Digital Realty,,,"342,003",13.0,Unknown,PEC,04/10/2024,10/17/2025,planned
DIGITAL-GCEAR1 ASHBURN,43915 DEVIN SHAFRON DR,Ashburn,VA,20147.0,Loudoun,39.00286,-77.48192,Operating,High,GI TC DEVIN SHAFRON LLC,,,"138,600",8.0,Unknown,PEC,04/10/2024,10/17/2025,operating
DIGITAL REALTY ACC10,21744 SIR TIMOTHY DR,Ashburn,VA,20147.0,Loudoun,39.013275,-77.46602,Operating,High,BLUE SLING ACC 10 LLC,,,"288,400",17.0,Unknown,PEC,04/10/2024,10/17/2025,operating
Digital Realty ACC2,44490 CHILUM PL,Ashburn,VA,20147.0,Loudoun,39.02134,-77.4583,Operating,High,BLUE SLING ACC 2 LLC,,,"87,560",,Unknown,PEC,04/10/2024,10/17/2025,operating
Digital Realty IAD13,43831 DEVIN SHAFRON DR,Ashburn,VA,20147.0,Loudoun,39.002693,-77.485344,Operating,High,Digital Realty,,,"117,000",7.0,Unknown,PEC,04/10/2024,10/17/2025,operating
Digital Realty Northern Virginia ACC3,44520 HASTINGS DR,Ashburn,VA,20147.0,Loudoun,39.019936,-77.45989,Operating,High,QUILL EQUITY LLC,,,"148,717",,Unknown,PEC,04/10/2024,10/17/2025,operating
Digital Realty Northern Virginia IAD12,43881 DEVIN SHAFRON DR,Ashburn,VA,20147.0,Loudoun,39.001984,-77.48332,Operating,High,Digital Realty,,,"180,000",10.0,Unknown,PEC,04/10/2024,10/17/2025,operating
Digital Realty Northern Virginia IAD14,43791 DEVIN SHAFRON DR,Ashburn,VA,20147.0,Loudoun,39.003296,-77.48721,Operating,High,Digital Realty,,,"135,000",8.0,Unknown,PEC,04/10/2024,10/17/2025,operating
Digital Realty Northern Virginia IAD24,43830 DEVIN SHAFRON DR,Ashburn,VA,20147.0,Loudoun,39.00466,-77.48497,Operating,High,DIGITAL LOUDOUN II LLC,,,"266,742",16.0,Unknown,PEC,04/10/2024,10/17/2025,operating
Digital Realty Northern Virginia IAD35,43940 DIGITAL LOUDOUN PLZ,Ashburn,VA,20147.0,Loudoun,39.000828,-77.4792,Operating,High,Digital Realty,,,"1,137,740",38.0,Unknown,PEC,04/10/2024,10/17/2025,operating
Digital Realty Northern Virginia IAD41,44757 ROUND TABLE PLZ,Ashburn,VA,20147.0,Loudoun,39.008408,-77.45795,Operating,High,DIGITAL LOUDOUN 3 LLC,,,"789,300",32.0,Unknown,PEC,04/10/2024,10/17/2025,operating
DULLES BERRY LC4,22200 LOUDOUN COUNTY PKWY,Ashburn,VA,20147.0,Loudoun,39.00252,-77.47228,Operating,High,,,,"1,434,706",94.0,Unknown,PEC,04/10/2024,10/17/2025,operating
EQUINEX DC13,21830 UUNET DR,Ashburn,VA,20147.0,Loudoun,39.012604,-77.475334,Operating,High,Equinix,,,"108,300",6.0,Unknown,PEC,04/10/2024,10/17/2025,operating
EQUINIX ASHBURN EAST,22165 BEAUMEADE CIR,Ashburn,VA,20147.0,Loudoun,39.01383,-77.45399,Proposed,High,Equinix,,,"361,600",10.0,Unknown,PEC,08/06/2025,10/17/2025,planned
Equinix Data Center,21551 Beaumeade Cir,Ashburn,VA,20147.0,Loudoun,39.02129,-77.4518,Operating,High,,,,"152,400",11.0,Unknown,Media Monitoring,05/28/2025,05/28/2025,operating
Equinix DC12 International Business Exchange,44790 PERFORMANCE CIR,Ashburn,VA,20147.0,Loudoun,39.02357,-77.450905,Operating,High,Equinix,,,"672,244",45.0,Unknown,PEC,04/10/2024,10/17/2025,operating
EQUINIX DC21,22175 BEAUMEADE CIR,Ashburn,VA,20147.0,Loudoun,39.011864,-77.45481,Operating,High,Equinix,,,"156,458",10.0,Unknown,PEC,04/10/2024,10/17/2025,operating
Equinix DC3 Data Center,44470 CHILUM PL,Ashburn,VA,20147.0,Loudoun,39.02221,-77.46144,Operating,High,Equinix,,,"100,121",22.0,Unknown,PEC,04/10/2024,10/17/2025,operating
Filigree Ct Campus,21701 FILIGREE CT,Ashburn,VA,20147.0,Loudoun,39.015854,-77.459885,Operating,High,Equinix,,,"679,455",32.0,Unknown,PEC,04/10/2024,10/17/2025,operating
H5 Data Center,21800 Beaumeade Cir,Ashburn,VA,20147.0,Loudoun,39.01393,-77.4516,Operating,High,,42,Medium (11-50 MW),"228,816",5.0,Unknown,Media Monitoring,05/28/2025,05/28/2025,operating
IAD Round Table Campus,44274 ROUND TABLE PLZ,Ashburn,VA,20147.0,Loudoun,39.00663,-77.466194,Operating,High,DIGITAL LOUDOUN 3 LLC,,,"1,564,173",94.0,Unknown,PEC,04/10/2024,10/17/2025,operating
JK Land Freedom Trail Road Data Center,19508 Freedom Trail Road,Ashburn,VA,20147.0,Loudoun,39.076466,-77.49912,Proposed,High,JK Land Holdings,,,"1,100,000",108.0,Unknown,PEC,04/10/2024,10/17/2025,planned
NTT Global Data Centers,44245 GIGABIT PLZ,Ashburn,VA,20147.0,Loudoun,39.018154,-77.47289,Expanding,High,NTT GLOBAL DATA CENTERS VA LLC,32,Medium (11-50 MW),"1,376,853",78.0,Unknown,PEC,08/11/2025,02/10/2026,operating
PowerHouse/AREP ABX-1,21529 BEAUMEADE CIR,Ashburn,VA,20147.0,Loudoun,39.01958,-77.45049,Operating,High,AREP BEAUMEADE LLC,,,"259,194",10.0,Unknown,PEC,04/10/2024,10/17/2025,operating
QTS DATA CENTER ASH3-DC1,22291 SHELLHORN RD,Ashburn,VA,20147.0,Loudoun,38.998035,-77.47548,Operating,High,QTS Data Centers,,,"310,717",14.0,Unknown,PEC,04/10/2024,10/17/2025,operating
RAGING WIRE VA1,44664 GUILFORD DR,Ashburn,VA,20147.0,Loudoun,39.02266,-77.45487,Operating,High,RAGINGWIRE DATA CENTERS INC,,,"109,300",7.0,Unknown,PEC,04/10/2024,10/17/2025,operating
Regency HOA area,Asburn Village Blvd and Waxpool Rd,Ashburn,VA,20147.0,Loudoun,39.011425,-77.485016,Proposed,Medium,,432,Hyperscale (100-999 MW),,130.0,Unknown,Media Monitoring,04/02/2026,04/02/2026,planned
Sabey Data Center,21741 Red Rum Drive,Ashburn,VA,20147.0,Loudoun,39.0155,-77.4783,Approved/Permitted/Under construction,High,,85,Large (51-99 MW),"645,000",,Unknown,Media Monitoring,07/15/2025,07/15/2025,planned
Sabey Data Centers - Building B ,21745 Red Rum Dr,Ashburn,VA,20147.0,Loudoun,39.014496,-77.47998,Proposed,High,Sabey,23,Medium (11-50 MW),"262,642",,Unknown,Crowdsourced,09/22/2026,09/22/2026,planned
Sabey Data Centers - Intergate.Ashburn Building C,21735 RED RUM DR,Ashburn,VA,20147.0,Loudoun,39.0147,-77.478455,Operating,High,INTERGATE ASHBURN I LLC,,,"400,232",34.0,Unknown,PEC,04/10/2024,10/17/2025,operating
SDC ASHBURN I,44351 IMPORT PLZ,Ashburn,VA,20147.0,Loudoun,38.99621,-77.47164,Expanding,High,SDC ASHBURN ALPHA I LLC,,,"531,592",50.0,Unknown,PEC,08/10/2025,02/10/2026,operating
STACK NVA04,22285 LOCKRIDGE RD,Ashburn,VA,20166.0,Loudoun,39.000748,-77.460304,Operating,High,STACK INFRASTRUCTURE,,,"371,941",9.0,Unknown,PEC,08/06/2025,10/17/2025,operating
STACK NVA04,22295 LOCKRIDGE RD,Ashburn,VA,20166.0,Loudoun,39.002777,-77.46116,Expanding,High,STACK INFRASTRUCTURE,,,"371,941",,Unknown,PEC,08/06/2025,02/10/2026,operating
STACK NVA04,22271 LOCKRIDGE RD,Ashburn,VA,20166.0,Loudoun,38.999165,-77.460785,Operating,High,STACK INFRASTRUCTURE,,,"371,211",9.0,Unknown,PEC,08/06/2025,10/17/2025,operating
Tech Park at Brambleton,23896 BELMONT RIDGE RD,Ashburn,VA,20148.0,Loudoun,38.956566,-77.53436,Proposed,High,BlackChamber Group,,,"1,700,000",89.0,Unknown,PEC,04/10/2024,10/17/2025,planned
TELOS DATA CENTER,19886 ASHBURN RD,Ashburn,VA,20147.0,Loudoun,39.067024,-77.47857,Proposed,High,,,,"180,000",25.0,Unknown,PEC,08/11/2025,10/17/2025,planned
Vantage VA 3,43321 DATA DR,Ashburn,VA,20147.0,Loudoun,39.077393,-77.506165,Expanding,High,VANTAGE DATA CENTERS VA3 LLC/Jeff Tench,,,"385,398",30.0,Unknown,PEC,08/06/2025,02/10/2026,operating
Vantage VA 3,19509 BELMONT RIDGE RD,Ashburn,VA,20147.0,Loudoun,39.079758,-77.506546,Proposed,High,VANTAGE DATA CENTERS VA3 LLC/Jeff Tench,,,"2,329,165",105.0,Unknown,PEC,08/06/2025,10/17/2025,planned
VISA USA INC,44901 RUSSELL BRANCH PKWY,Ashburn,VA,20147.0,Loudoun,39.049206,-77.445564,Operating,High,VISA USA INC,,,"365,855",41.0,Unknown,PEC,04/10/2024,10/17/2025,operating
Zebra East,22130 LOUDOUN COUNTY PKWY,Ashburn,VA,20147.0,Loudoun,39.00505,-77.471504,Proposed,High,CloudHQ,,,"723,779",106.0,Unknown,PEC,08/06/2025,10/17/2025,planned
Brambleton Business Campus Data Center,42842 ARCOLA BLVD,ASHBURN,VA,20166.0,Loudoun,38.95391,-77.51837,Proposed,High,,,,"936,191",48.0,Unknown,PEC,08/06/2025,10/17/2025,planned
Hanover-Ashland Data Center,13058 Mount Hermon Road,Ashland,VA,23005.0,Hanover,37.75563,-77.449936,Proposed,High,Tradeport Ashland Land LLC,,,,78.0,Unknown,PEC,10/23/2024,10/17/2025,planned
Ironhorse East Ashland,10171 East Patrick Henry Road,Ashland,VA,23005.0,Hanover,37.759018,-77.4508,Proposed,High,"Harris and Douglass Properties, LLC",,,"3,300,000",234.0,Unknown,PEC,08/08/2024,10/17/2025,planned
LS Power,10165 Old Ridge Rd,Ashland,VA,23005.0,Hanover,37.810474,-77.4485,Proposed,High,LS Power,,,,205.0,Unknown,Media Monitoring,03/19/2026,03/19/2026,planned
Pixel Factory,9680 ATLEE COMMONS DRIVE,Ashland,VA,23005.0,Hanover,37.69901,-77.43627,Operating,High,PIXEL FACTORY DEVELOPMENT LLC,,,"6,000",1.0,Unknown,PEC,04/10/2024,10/17/2025,operating
Tract Technology Campus,Hickory Hill Rd,Ashland,VA,23005.0,Hanover,37.786198,-77.4404,Proposed,Medium,VALCO HANOVER COUNTY,2400,"Mega campus (>1,000 MW)","11,000,000",1212.0,Unknown,PEC,04/10/2024,10/17/2025,planned
WestDulles Data Center,Iron Horse Business Park/ Betw Mt Hermon Rd and Rt 54,Ashland,VA,23005.0,Hanover,37.75533,-77.44565,Proposed,High,WestDulles Properties,,Hyperscale (100-999 MW),"3,000,000",230.0,Unknown,Media Monitoring,06/07/2026,06/07/2026,planned
Brush Mountain Blacksburg,2200 KRAFT DR STE 2025,Blacksburg,VA,24060.0,Montgomery,37.203728,-80.4118,Operating,High,BRUSH MOUNTAIN DATA CENTER LLC,,,"1,886",,Unknown,PEC,04/10/2024,10/17/2025,operating
Microsoft Azure,101 Herbert Drive,Boydton,VA,23917.0,Mecklenburg,36.69652,-78.36116,Expanding,High,Microsoft,,,"1,625,704",855.0,Unknown,PEC,04/10/2024,10/17/2025,operating
Microsoft Data Center,101 Herbert Dr,Boydton,VA,23917.0,Mecklenburg,36.67847,-78.3752,Operating,High,Microsoft,,,,,Unknown,Media Monitoring,09/16/2025,09/16/2025,operating
Microsoft Ridge Road Campus,925 Ridge Rd,Boydton,VA,23917.0,Mecklenburg,36.69182,-78.3648,Proposed,High,Microsoft,,,,,Unknown,Media Monitoring,09/16/2025,09/16/2025,planned
Bristow Campus,11480 NOKESVILLE RD,Bristow,VA,20137.0,Prince William,38.73797,-77.54125,Proposed,High,,,,"540,000",40.0,Unknown,PEC,07/14/2025,10/17/2025,planned
Delvin Technology Park,8900 DEVLIN RD,Bristow,VA,20136.0,Prince William,38.767223,-77.57575,Proposed,High,"STANLEY MARTIN HOMES, LLC",,,"3,530,000",270.0,Unknown,PEC,04/10/2024,10/17/2025,planned
Gainsville Tech Park,13050 HANSEN FARM RD,Bristow,VA,20136.0,Prince William,38.780186,-77.568985,Proposed,High,Microsoft,,,"2,982,000",83.0,Unknown,PEC,04/10/2024,10/17/2025,planned
Hunter Property,8613 LINTON HALL RD,Bristow,VA,20136.0,Prince William,38.773407,-77.59043,Proposed,High,LHR GAINESVILLE LLC,,,"3,650,157",196.0,Unknown,PEC,04/10/2024,10/17/2025,planned
MICROSOFT CORPORATION,7745 Piney Branch Ln,Bristow,VA,20136.0,Prince William,38.784103,-77.567726,Proposed,High,Microsoft,,,"200,000",2.0,Unknown,PEC,04/10/2024,10/17/2025,planned
Nova Mango Farms Data Center,13001 ROLLINS FORD RD,Bristow,VA,20136.0,Prince William,38.77619,-77.583405,Operating,High,"NOVA MANGO FARMS LLC
 C/O CORPORATION SERVICE COMPANY",,,"578,290",254.0,Unknown,PEC,04/10/2024,10/17/2025,operating
or the SES Americom Inc. Data Center,8000 GAINSFORD CT,Bristow,VA,20136.0,Prince William,38.78381,-77.57232,Operating,High,SES AMERICOM INC,,,"20,534",8.0,Unknown,PEC,04/10/2024,10/17/2025,operating
Project Industry,8001 INDUSTRIAL PARK CT,Bristow,VA,20136.0,Prince William,38.781742,-77.579185,Proposed,High,,,,"1,838,000",42.0,Unknown,PEC,07/12/2025,10/17/2025,planned
Sharpless Enterprises LLC,6201 WELLINGTON RD,Bristow,VA,20136.0,Prince William,38.786884,-77.57505,Proposed,High,Sharpless Enterprises LLC,,,"2,400,000",181.0,Unknown,PEC,04/10/2024,10/17/2025,planned
Stack Infrastructure Bristow Campus,11859 HAZEL CIRCLE DR,Bristow,VA,20136.0,Prince William,38.734524,-77.54742,Proposed,High,STACK INFRASTRUCTURE,,,"637,282",,Unknown,PEC,04/10/2024,10/17/2025,planned
MANUCHEHR VENTURES LLC,10900 AIRMAN AVE,Buckhall,VA,20112.0,Prince William,38.715088,-77.49477,Operating,High,MANUCHEHR VENTURES LLC,,,"139,000",10.0,Unknown,PEC,04/10/2024,10/17/2025,operating
Compton Property SUP,8750 RIXLEW LN,Bull Run,VA,20107.0,Prince William,38.775803,-77.51027,Proposed,High,Amazon,,,"1,062,000",,Unknown,PEC,04/10/2024,10/17/2025,planned
Dulles Cloud South Data Center,"Betw Logmill Rd, Sudley Rd, Sanders Ln",Catharpin,VA,20143.0,Prince William,38.863514,-77.57885,Suspended,High,,,,"43,000,000",1940.0,Unknown,Media Monitoring,07/14/2026,07/14/2026,stalled
Catlett Data Center Park,3154 GASKINS LN,Catlett,VA,20119.0,Fauquier,38.661777,-77.63222,Proposed,High,Catlett Station II LLC,,,"1,400,000",69.0,Unknown,PEC,04/10/2024,10/17/2025,planned
Headwaters Site Development LLC,Catlett Rd & Gaskins Ln,Catlett,VA,20119.0,Fauquier,38.66282,-77.6317,Suspended,High,,,,,,Unknown,Media Monitoring,05/23/2025,05/23/2025,stalled
Warrenton Amazon Data Center,719 BLACKWELL RD,Catlett,VA,20186.0,Fauquier,38.729473,-77.78753,Approved/Permitted/Under construction,High,Amazon,,,"220,000",42.0,Yes,PEC,04/10/2024,03/17/2026,planned
Amazon Web Services Mallory,14501 AVION PKWY,Chantilly,VA,20151.0,Fairfax,38.904926,-77.45381,Expanding,High,Amazon,,,"440,870",48.0,Unknown,PEC,04/10/2024,02/10/2026,operating
Chantilly Premier Data Center,Lee Jackson Memorial HWY,Chantilly,VA,20151.0,Fairfax,38.903057,-77.46525,Proposed,Medium,PDCREF 2 CHANTILLY LLC,,,"402,000",79.0,Unknown,PEC,04/10/2024,10/17/2025,planned
Independence Center I,15036 CONFERENCE CENTER DR,Chantilly,VA,20151.0,Fairfax,38.880272,-77.462234,Operating,High,TFG INDEPENDENCE CENTER I PROPERTY LLC,,,"293,514",11.0,Unknown,PEC,04/10/2024,10/17/2025,operating
Lee Road Property,14558 LEE RD,Chantilly,VA,20151.0,Fairfax,38.890537,-77.453674,Operating,High,LEE ROAD PROPERTY LLC,,,"20,118",1.0,Unknown,PEC,04/10/2024,10/17/2025,operating
Parkstone Tech Park,Conference Center Dr,Chantilly,VA,20151.0,Fairfax,38.87255,-77.46563,Proposed,Medium,"PARKSTONE TECH PARK, LLC",,,"500,000",19.0,Unknown,PEC,04/10/2024,10/17/2025,planned
Penzance Development Data Center,Stonecroft Rd and,Chantilly,VA,20151.0,Fairfax,38.90522,-77.4554,Approved/Permitted/Under construction,Medium,,,,"402,000",,Unknown,Media Monitoring,07/29/2025,10/15/2025,planned
SCG Global Holdings LLC Data Center,3721 Stonecroft Blvd,Chantilly,VA,20151.0,Fairfax,38.91267,-77.451675,Proposed,High,,,,,42.0,Unknown,Media Monitoring,03/04/2026,03/04/2026,planned
AWS IAD61-IAD63 South Riding,25316 PREDICTION LN,Chantily,VA,20152.0,Loudoun,38.916767,-77.4938,Operating,High,Amazon,,,"778,426",48.0,Unknown,PEC,04/10/2024,10/17/2025,operating
AWS Westfax A,4101 WESTFAX DR,Chantily,VA,20151.0,Fairfax,38.897987,-77.454025,Operating,High,Amazon,,,"95,000",6.0,Unknown,PEC,04/10/2024,10/17/2025,operating
AWS Westfax B,4100 WESTFAX DR,Chantily,VA,20151.0,Fairfax,38.899593,-77.45344,Operating,High,Amazon,,,"95,000",7.0,Unknown,PEC,04/10/2024,10/17/2025,operating
CHANTILLY TECHNOLOGY PARTNERS,4030 LAFAYETTE CENTER DR,Chantily,VA,20151.0,Fairfax,38.91007,-77.472694,Operating,High,CHANTILLY TECHNOLOGY PARTNERS LLC,,,"145,409",12.0,Unknown,PEC,04/10/2024,10/17/2025,operating
Diode Ventures Data Center,2043 State Rte 622,Charles City,VA,23030.0,Charles City,37.46036,-77.1559,Cancelled,Medium,,,,,515.0,Unknown,Media Monitoring,08/25/2025,08/25/2025,stalled
LYH03 Bailey – Microsoft,313-A HIGH STREET,Chase City,VA,23924.0,Mecklenburg,36.780624,-78.467834,Proposed,High,Microsoft,,,,369.0,Unknown,PEC,04/10/2024,10/17/2025,planned
Pittsylvania County Data Center,Chalk Level Rd near Mill Creek Rd,Chatham,VA,24531.0,Pittsylvania,36.84796,-79.370255,Cancelled,Medium,Balico LLC,3500,"Mega campus (>1,000 MW)","4,752,000",763.0,Yes,PEC,01/15/2025,03/16/2026,stalled
Chesterfield Google Data Center,2700 Bermuda Hundred Rd,Chester,VA,23836.0,Chesterfield,37.34593,-77.3102,Proposed,High,Google,200,Hyperscale (100-999 MW),"856,000",300.0,Unknown,Media Monitoring,08/27/2025,03/16/2026,planned
CoreWeave,1401 Meadowville Technology Pkwy,Chester,VA,23836.0,Chesterfield,37.36344,-77.3273,Proposed,Medium,,,,,,Unknown,Media Monitoring,06/05/2025,06/05/2025,planned
Digital Fortress: Richmond,1401 MEADOWVILLE TECH PARKWAY,Chester,VA,23836.0,Chesterfield,37.36048,-77.32741,Operating,High,CHIRISA RICHMOND LLC,25,Medium (11-50 MW),"242,042",75.0,Unknown,PEC,04/10/2024,10/17/2025,operating
Project Peanut,2700 Bermuda Hundred Road,Chester,VA,23836.0,Chesterfield,37.34457,-77.30399,Proposed,High,,,,,300.0,Unknown,PEC,09/12/2025,10/17/2025,planned
Tract Data Center,16100 Branders Bridge Rd,Chester,VA,23831.0,Chesterfield,37.29442,-77.453,Suspended,High,,,,,744.0,Unknown,Media Monitoring,07/06/2025,07/06/2025,stalled
Virginia Information Technologies Agency,11751 MEADOWVILLE LANE,Chester,VA,23836.0,Chesterfield,37.360416,-77.33178,Operating,High,SLK GLOBAL SOLUTIONS AMERICA,,,"192,195",28.0,Unknown,PEC,04/10/2024,10/17/2025,operating
Clarksville Data Center Campus,Commerce Dr,Clarksville,VA,23927.0,Mecklenburg,36.63564,-78.5181,Proposed,High,Microsoft,,,,259.0,Unknown,Media Monitoring,05/27/2025,05/27/2025,planned
Cielo Digital Infrastructure,,Culpeper,VA,22701.0,Culpeper,38.466785,-77.96353,Proposed,Medium,Cielo Digital Infrastructure,,,"1,400,000",121.0,Unknown,PEC,04/10/2024,10/17/2025,planned
CloudHQ,14521 MCDEVITT DR,Culpeper,VA,22701.0,Culpeper,38.46164,-77.977615,Proposed,High,CloudHQ,,,"2,100,000",99.0,Unknown,PEC,04/10/2024,10/17/2025,planned
Copper Ridge,Corner of E. Chandler and McDevitt Drive,Culpeper,VA,22701.0,Culpeper,38.465294,-77.98739,Proposed,Medium,,,,"2,200,000",117.0,Unknown,PEC,07/18/2025,10/17/2025,planned
Culpeper Data Center,Nalles Mill Rd,Culpeper,VA,22701.0,Culpeper,38.47151,-77.9693,Proposed,Medium,,215-432,Hyperscale (100-999 MW),"1,400,000",,Unknown,Media Monitoring,06/24/2025,08/04/2026,planned
Culpeper Technology Campus,Corner of Germanna HWY and McDevitt Drive,Culpeper,VA,22701.0,Culpeper,38.46024,-77.98773,Proposed,Medium,,,,"2,100,000",155.0,Unknown,PEC,07/18/2025,10/17/2025,planned
DataBank,14601 GERMANNA HWY,Culpeper,VA,22701.0,Culpeper,38.44996,-77.97819,Proposed,High,,,,"1,299,804",85.0,Unknown,PEC,07/18/2025,10/17/2025,planned
Equinix Data Center,18155 Technology Dr,Culpeper,VA,22701.0,Culpeper,38.45487,-77.9783,Operating,High,Equinix,,,"370,000",30.0,Unknown,Media Monitoring,06/24/2025,06/24/2025,operating
Keyser Farm/ Blue Owl Data Center,15140 KEYSER RD,Culpeper,VA,22701.0,Culpeper,38.46971,-77.973755,Proposed,High,Stack,,,"1,506,582",62.0,Unknown,PEC,07/18/2025,08/05/2026,planned
Swift Culpeper Data Center,Corner of McDevitt Dr and Technology Drive,Culpeper,VA,22701.0,Culpeper,38.45554,-77.98348,Operating,Medium,,,,"90,000",30.0,Unknown,PEC,07/18/2025,10/17/2025,operating
XX Tech Park,15170 HOFFMAN LN,Culpeper,VA,22701.0,Culpeper,38.49927,-77.8971,Proposed,High,,,,"4,638,704",352.0,Unknown,PEC,07/18/2025,10/17/2025,planned
Greenfield,INTERNATIONAL PKWY,Daleville,VA,24083.0,Botetourt,37.441696,-79.9127,Proposed,High,,,,,312.0,Unknown,PEC,07/09/2025,10/17/2025,planned
Stack Data Center,6100 Berry Hill Rd/ Berry Hill Southern Virginia Megasite,Danville,VA,24541.0,Pittsylvania,36.5541,-79.59838,Proposed,High,Stack,299,Hyperscale (100-999 MW),,2990.0,Unknown,Media Monitoring,05/20/2026,05/20/2026,planned
Duffield Premier Data Center Site,158 Advanced Technology Dr,Duffield,VA,24244.0,Scott,36.712566,-82.802505,Operating,High,ONEPARTNER LLC,,,"9,200",2.0,Unknown,PEC,04/10/2024,10/17/2025,operating
Scott County Regional Business & Technology Park,372 Technology Trail Ln,Duffield,VA,24244.0,Scott,36.715855,-82.80459,Proposed,High,SCOTT COUNTY INDUSTRIAL DEV.,,,,55.0,Unknown,PEC,04/10/2024,10/17/2025,planned
DIGITAL LOUDOUN IV,22125 BRODERICK DR,Dulles,VA,20166.0,Loudoun,39.005142,-77.451195,Operating,High,DIGITAL LOUDOUN IV LLC,,,"800,702",112.0,Unknown,PEC,04/10/2024,10/17/2025,operating
Fadeley Campus,42949 FADELEY LN,Dulles,VA,20166.0,Loudoun,38.948956,-77.52148,Operating,High,Amazon,,,"695,321",64.0,Unknown,PEC,04/10/2024,10/17/2025,operating
Farah-Naples Data Center,Loudoun County Parkway and Old Ox Road,Dulles,VA,20166.0,Loudoun,38.95731,-77.51306,Proposed,Medium,,,,"100,000",11.0,Unknown,PEC,08/06/2025,10/17/2025,planned
IAD44,43704 EFFICIENCY DR,Dulles,VA,20166.0,Loudoun,38.96118,-77.490524,Operating,High,Digital Realty,,,"784,204",18.0,Unknown,PEC,08/06/2025,10/17/2025,operating
Northwoods Property,43649 LIGHT SPEED PLZ,Dulles,VA,20166.0,Loudoun,38.980717,-77.49382,Expanding,High,Amazon,,,"263,340",80.0,Unknown,PEC,08/06/2025,02/10/2026,operating
SENTINEL ASHBURN II,22262 CLOUD PLZ,Dulles,VA,20166.0,Loudoun,39.000603,-77.43986,Operating,High,GI TC LOUDOUN LLC,,,"234,100",24.0,Unknown,PEC,04/10/2024,10/17/2025,operating
WATERSIDE AWS,22900 PLATFORM PLZ,Dulles,VA,20166.0,Loudoun,38.98125,-77.41793,Operating,High,WATERSIDE I LLC,,,"976,046",74.0,Unknown,PEC,04/10/2024,10/17/2025,operating
WHEELER SURVEY COMPANY,24400 HOWLING ROOSTER LN,Dulles,VA,20166.0,Loudoun,38.942364,-77.52864,Expanding,High,WHEELER SURVEY COMPANY LLC,,,"538,565",135.0,Unknown,PEC,08/06/2025,02/10/2026,operating
Mid-Atlantic Advanced Manufacturing Center,1781 Greensville County Cir,Emporia,VA,23847.0,Greensville,36.736736,-77.514694,Proposed,High,Arup Americas Inc,,,,930.0,Unknown,PEC,12/19/2024,10/17/2025,planned
BIT HOLDINGS FIFTY-FOUR,12902 FEDERAL SYSTEMS PARK DR,Fairfax,VA,22033.0,Fairfax,38.860844,-77.39341,Operating,High,BIT HOLDINGS FIFTY-FOUR INC,,,"338,364",14.0,Unknown,PEC,04/10/2024,10/17/2025,operating
COPT STONECROFT,4850 STONECROFT BLVD,Fairfax,VA,22033.0,Fairfax,38.876263,-77.46178,Operating,High,COPT STONECROFT LLC,,,"320,330",64.0,Unknown,PEC,04/10/2024,10/17/2025,operating
Data center,8132 US-29,Falls Church,VA,22042.0,Fairfax,38.846428,-77.36562,Proposed,High,"Black Chamber Partners, LLC",,,,38.0,Unknown,Media Monitoring,10/21/2025,10/21/2025,planned
Northrop Grumman Systems Corporation,7555 COLSHIRE DR,Falls Church,VA,22042.0,Fairfax,38.92188,-77.20684,Operating,High,NORTHROP GRUMMAN SYSTEMS CORP,,,"602,257",12.0,Unknown,PEC,04/10/2024,10/17/2025,operating
Northrop Grummon Systems Corporation,2980 FAIRVIEW PARK DR,Falls Church,VA,22042.0,Fairfax,38.867813,-77.21562,Operating,High,NORTHROP GRUMMAN SYSTEMS CORP,,,"358,898",6.0,Unknown,PEC,04/10/2024,10/17/2025,operating
Heartland Innovative Technology (HIT) Park,230 KELLY LANE,Farmville,VA,23901.0,Prince Edward,37.288517,-78.35012,Proposed,High,Prince Edward County Industrial Development Authority,,,"1,300,000",280.0,Unknown,PEC,04/10/2024,10/17/2025,planned
Amazon AWS IAD450 - Cosner Tech Campus,"4049 Massaponax Church Rd,",Fredericksburg,VA,22408.0,Spotsylvania,38.19853,-77.475,Proposed,High,Amazon,,,,,Unknown,Media Monitoring,09/19/2025,09/19/2025,planned
Amazon Data Services: Carter's Store Tech Campus,8432 Flippo Dr,Fredericksburg,VA,22408.0,Spotsylvania,38.191605,-77.47005,Proposed,High,Amazon,,Hyperscale (100-999 MW),"2,600,000",315.0,Unknown,Media Monitoring,01/23/2026,01/23/2026,planned
Amazon Data Services: Cosner Tech Campus,4049 Massaponax Church Rd,Fredericksburg,VA,22408.0,Spotsylvania,38.198624,-77.47505,Proposed,High,Amazon,,Hyperscale (100-999 MW),"1,900,000",329.0,Unknown,Media Monitoring,01/23/2026,01/23/2026,planned
Amazon Summit Crossing Data Center,3001 Summit Crossing Rd,Fredericksburg,VA,22408.0,Spotsylvania,38.19338,-77.43845,Approved/Permitted/Under construction,High,Amazon,,,"2,100,000",231.0,Unknown,Media Monitoring,09/20/2025,01/23/2026,planned
Blaisdell Property Data Center,Old Forge Drive,Fredericksburg,VA,22405.0,Stafford,38.33172,-77.48733,Proposed,Medium,,,,"1,480,000",181.0,Unknown,PEC,04/28/2025,10/17/2025,planned
Carter's Store Tech Campus,,Fredericksburg,VA,22408.0,Spotsylvania,38.18951,-77.45481,Proposed,Medium,Amazon,,,"2,600,000",313.0,Unknown,PEC,04/10/2024,10/17/2025,planned
Cosner Tech Campus,4049 Massaponax Church Road,Fredericksburg,VA,22408.0,Spotsylvania,38.209717,-77.48423,Proposed,High,Amazon,,,"1,900,000",329.0,Unknown,PEC,04/10/2024,10/17/2025,planned
Cranes Corner Data Center,"east of U.S. 1 and about 1,400 feet north of the Centreport Parkway intersection",Fredericksburg,VA,22405.0,Stafford,38.371296,-77.45144,Proposed,Medium,,,,"900,000",46.0,Unknown,PEC,04/28/2025,10/17/2025,planned
Enon Road Technology Park,south of Enon Road near the intersection with Wyatt Lane,Fredericksburg,VA,22406.0,Stafford,38.36789,-77.47358,Proposed,Medium,,,,"2,000,000",162.0,Unknown,PEC,04/28/2025,10/17/2025,planned
Forest Lane Data Center,Between Caisson Rd and Kings Hwy,Fredericksburg,VA,22405.0,Stafford,38.26742,-77.3867,Proposed,Medium,,,,"7,068,000",850.0,Unknown,Media Monitoring,08/02/2025,08/02/2025,planned
George Washington Village Data Center,"Courthouse Rd/Interstate 95, Hartwood District",Fredericksburg,VA,22406.0,Stafford,38.40892,-77.44693,Proposed,Medium,,,,"7,900,000",1042.0,Unknown,PEC,04/28/2025,10/17/2025,planned
Hunters Ridge LLC Data Center,4110 Overview Dr,Fredericksburg,VA,22408.0,Spotsylvania,38.22135,-77.47741,Proposed,High,,,Hyperscale (100-999 MW),"300,000",127.0,Unknown,Media Monitoring,01/23/2026,01/23/2026,planned
Hunter's Ridge South,Industrial and Fleet Dr,Fredericksburg,VA,22580.0,Spotsylvania,38.12168,-77.504196,Proposed,High,"AREP SOF III HRS LLC C/O AMERICAN REAL ESTATE PARTNERS, LLC",,,"2,549,131",73.0,Unknown,PEC,07/18/2025,10/17/2025,planned
Hunters Ridge South Data Center (Amazon Data Services),9300 Cosner Dr,Fredericksburg,VA,22401.0,Spotsylvania,38.21137,-77.4848,Approved/Permitted/Under construction,High,Amazon,,,"2,200,000",,Unknown,Media Monitoring,09/19/2025,09/19/2025,planned
Neon Project at Celebrate Virginia South,3050 GORDON W SHELTON,Fredericksburg,VA,22401.0,Fredericksburg,38.318707,-77.51735,Proposed,High,STACK INFRASTRUCTURE,,,,250.0,Unknown,PEC,08/11/2025,10/17/2025,planned
Oasis Data Center,"Dahlgren West, north side of James Madison Parkway",Fredericksburg,VA,22485.0,King George,38.30967,-77.1084,Approved/Permitted/Under construction,Medium,,1200,"Mega campus (>1,000 MW)","6,800,000",485.0,Unknown,Media Monitoring,08/27/2025,08/27/2025,planned
Penzance Development Data Center,1500 Gateway Boulevard,Fredericksburg,VA,22401.0,Fredericksburg,38.29463,-77.5023,Suspended,High,,,,"2,100,000",,Unknown,Media Monitoring,07/29/2025,07/29/2025,stalled
PowerHouse95,0 Overview DR,Fredericksburg,VA,22408.0,Spotsylvania,38.222046,-77.4771,Expanding,High,,150-900,Hyperscale (100-999 MW),"3,500,000",145.0,Unknown,PEC,04/10/2024,02/15/2026,operating
Sisson North,1301 KINGS HWY,Fredericksburg,VA,22405.0,Stafford,38.25873,-77.38705,Proposed,High,,,,"1,140,000",106.0,Unknown,PEC,08/11/2025,10/17/2025,planned
Stack Infrastructure Data Center,Hilton Dr,Fredericksburg,VA,22401.0,Fredericksburg,38.31828,-77.5166,Proposed,Medium,,,,,250.0,Unknown,Media Monitoring,07/29/2025,07/29/2025,planned
Summit Crossing Tech Campus,Summit Crossing Road,Fredericksburg,VA,22408.0,Spotsylvania,38.188473,-77.44053,Proposed,Medium,,,,"2,100,000",231.0,Unknown,PEC,07/18/2025,10/17/2025,planned
Summit Technology Park,2901 Summit Crossing RD,Fredericksburg,VA,22408.0,Spotsylvania,38.19514,-77.43207,Proposed,High,,,,"2,200,000",125.0,Unknown,PEC,07/18/2025,10/17/2025,planned
Vantage Data Center,225 Centreport Parkway,Fredericksburg,VA,22406.0,Stafford,38.39153,-77.46516,Operating,High,,,,,,Unknown,Media Monitoring,11/09/2025,11/09/2025,operating
COPT DC 19 LLC,8170 BETHLEHEM RD,Gainesville,VA,20155.0,Prince William,38.779423,-77.54248,Operating,High,COPT DC 19 LLC,,,"719,742",62.0,Unknown,PEC,04/10/2024,10/17/2025,operating
Corscale Gainesville - Building 1,13760 UNIVERSITY BLVD,Gainesville,VA,20109.0,Prince William,38.802406,-77.58256,Expanding,High,GCDC PURCHASER PHASE 1 LLC,,,"482,223",28.0,Unknown,PEC,04/10/2024,02/10/2025,operating
Digital Realty Linton Hall data center,8217 LINTON HALL RD,Gainesville,VA,20155.0,Prince William,38.778057,-77.59468,Operating,High,PORPOISE VENTURES LLC (Digital Realty Trust),,,"227,465",32.0,Unknown,PEC,04/10/2024,10/17/2025,operating
Gainesville Crossing Data Campus,13700 UNIVERSITY BLVD,Gainesville,VA,20155.0,Prince William,38.801327,-77.5803,Expanding,High,CORSCALE,306,Hyperscale (100-999 MW),"1,817,777",130.0,Unknown,PEC,04/10/2024,02/10/2025,operating
Gainsville East AWS IAD,5945 WELLINGTON RD,Gainesville,VA,20155.0,Prince William,38.790676,-77.587975,Proposed,High,Amazon,,Hyperscale (100-999 MW),"2,200,000",117.0,Unknown,PEC,04/10/2024,10/17/2025,planned
Gardner Property,14414 MCGRAWS CORNER,Gainesville,VA,20155.0,Prince William,38.7958,-77.62219,Proposed,High,JK Land Holdings,,Hyperscale (100-999 MW),"1,787,266",82.0,Unknown,PEC,07/15/2025,08/20/2026,planned
John Marshall CommonsTech Park,14392 JOHN MARSHALL HWY,Gainesville,VA,20155.0,Prince William,38.803947,-77.61687,Proposed,High,CTP-1 LLC,,,"530,000",23.0,Unknown,PEC,04/10/2024,10/17/2025,planned
NTT Data Center,7253 Grove Hill Blvd,Gainesville,VA,20155.0,Prince William,38.800114,-77.60961,Proposed,High,,96,Large (51-99 MW),"300,000",,Unknown,Media Monitoring,03/19/2026,03/19/2026,planned
NTT Gainesville Data Center Campus,14300 JOHN MARSHALL HWY,Gainesville,VA,20155.0,Prince William,38.8008,-77.61256,Proposed,High,NTT Global Data Centers,,,"2,957,680",102.0,Unknown,PEC,04/10/2024,10/17/2025,planned
Prince William Digital Gateway,Pageland Ln,Gainesville,VA,20155.0,Prince William,38.82437,-77.56874,Cancelled,High,"Compass, QTS Data Centers",,"Mega campus (>1,000 MW)","22,000,000",1760.0,Yes,Media Monitoring,04/10/2024,07/03/2026,stalled
Village Place at Gainesville Technology Park,14403 JOHN MARSHALL HWY,Gainesville,VA,20155.0,Prince William,38.801834,-77.6206,Proposed,High,CTP-I LLC,,,"1,188,143",45.0,Unknown,PEC,04/10/2024,10/17/2025,planned
Wellington Data Center / University Business Park,13490 UNIVERSITY BLVD,Gainesville,VA,20155.0,Prince William,38.79446,-77.58242,Proposed,High,Microsoft,,Hyperscale (100-999 MW),"3,800,000",131.0,Unknown,PEC,04/10/2024,09/22/2026,planned
Cavalier Innsbrook Data Center,4551 COX RD,Glen Allen,VA,23060.0,Henrico,37.660877,-77.57392,Operating,High,HIGHWOODS PROP,,,,,Unknown,PEC,04/10/2024,10/17/2025,operating
Hunter Hawking Data Center,15201 Ashland Rd,Glen Allen,VA,23059.0,Hanover,37.71385,-77.6231,Cancelled,High,,900,Hyperscale (100-999 MW),"4,000,000",400.0,Yes,Media Monitoring,09/10/2025,03/16/2026,stalled
Tract Data Center,Rt 33/ Mountain Rd/ Mountain Road Technology Park,Glen Allen,VA,23059.0,Hanover,37.688793,-77.54134,Suspended,High,Tract,900,Hyperscale (100-999 MW),,430.0,Yes,Media Monitoring,06/07/2026,06/07/2026,stalled
Gretna Data Center,6321 Rockford School Rd,Gretna,VA,24557.0,Pittsylvania,36.98035,-79.35187,Proposed,High,,,,"2,280,801",52.0,Unknown,PEC,01/15/2025,10/17/2025,planned
DBT Data Cyber Integration Center,139 TYCO ST,Harrisonburg,VA,22802.0,Harrisonburg,38.462486,-78.8568,Expanding,High,AC 139 TYCO STREET LLC,,,"95,500",12.0,Unknown,PEC,04/10/2024,02/10/2026,operating
Amazon AWS IAD55,15395 JOHN MARSHALL HWY,Haymarket,VA,20169.0,Prince William,38.815174,-77.64868,Operating,High,Amazon,,,"236,082",28.0,Unknown,PEC,07/15/2025,10/17/2025,operating
Amazon AWS IAD - John Marshall Campus,15435 JOHN MARSHALL HWY,Haymarket,VA,20169.0,Prince William,38.815937,-77.652245,Operating,High,Amazon,,,"453,174",39.0,Unknown,PEC,07/15/2025,10/17/2025,operating
EdgeConneX Richmond - EDCRIC01,1450 E PARHAM RD,Henrico,VA,23228.0,Henrico,37.63892,-77.46779,Operating,High,"EdgeConnex, NORTH RUN LH LLC",,,"17,888",10.0,Unknown,PEC,04/10/2024,10/17/2025,operating
Lumen Richmond 2,8145 Staples Mill Road,Henrico,VA,23228.0,Henrico,37.623894,-77.50267,Operating,High,LEVEL 3 COMMUNICATIONS LLC,,,"5,522",,Unknown,PEC,04/10/2024,10/17/2025,operating
Tuckahoe Technology Park Data Centers,between Hockett Rd and Hwy 288,Henrico,VA,23238.0,Goochland,37.61871,-77.680115,Proposed,Medium,"Tract/ VALCO Goochland, LLC ",900,Hyperscale (100-999 MW),,872.0,Yes,Crowdsourced,06/29/2026,06/29/2026,planned
Equinix Washinton (DC97),460 SPRINGPARK PL,Herndon,VA,20170.0,Fairfax,38.96167,-77.37743,Operating,High,LDI PROPCO 2 LLC,,,"63,912",3.0,Unknown,PEC,04/10/2024,10/17/2025,operating
Renaissance Technology Park,13850 PARK CENTER RD,Herndon,VA,20171.0,Fairfax,38.932446,-77.42387,Proposed,High,RP INDUSTRIAL OWNER II LLC,,,"2,136,040",13.0,Unknown,PEC,04/10/2024,10/17/2025,planned
Hopewell Data Center,701 S 6th Ave,Hopewell,VA,23860.0,Hopewell,37.2963,-77.28919,Pre-proposal,High,,20,Medium (11-50 MW),"70,000",,Unknown,Media Monitoring,07/14/2026,07/14/2026,planned
Iron Mountain VA-4,10680 UNIVERSITY BLVD,Innovation,VA,20109.0,Prince William,38.75263,-77.5165,Proposed,High,QTS MANASSAS I DC4 LLC,,,"323,526",19.0,Unknown,PEC,04/10/2024,10/17/2025,planned
EdgeCore Data Center,5735 State Rte 653,Kents Store,VA,23084.0,Goochland,37.88311,-78.0388,Approved/Permitted/Under construction,Medium,,1100,"Mega campus (>1,000 MW)","3,900,000",697.0,Unknown,Media Monitoring,06/26/2025,08/04/2026,planned
Amazon King George Data Center,10900 Birchwood Dr,King George,VA,22485.0,King George,38.266403,-77.317726,Suspended,High,Amazon,,,"7,250,000",869.0,Yes,PEC,04/10/2024,07/27/2026,stalled
Dahlgren West,6113 James Madison Pkwy,King George,VA,22485.0,King George,38.30963,-77.11264,Proposed,Medium,,,,"6,800,000",156.0,Unknown,PEC/WP,07/17/2025,07/14/2026,planned
Cochran Mill Road,42277 COCHRAN MILL RD,Leesburg,VA,20175.0,Loudoun,39.074635,-77.51654,Proposed,High,,,,"811,129",97.0,Unknown,PEC/WP,08/11/2025,07/31/2026,planned
COMPASS DATACENTERS IAD I,42247 THUNDERBALL DR,Leesburg,VA,20175.0,Loudoun,39.04382,-77.5376,Operating,High,COMPASS DATACENTERS IAD I LLC,,,"551,029",97.0,Unknown,PEC,08/11/2025,10/17/2025,operating
Cross Mill Center,20040 SYCOLIN RD,Leesburg,VA,20175.0,Loudoun,39.06295,-77.550476,Proposed,High,"Kuhn, Charles C/JK Holdings II LLC",,,"546,500",21.0,Unknown,PEC,04/10/2024,10/17/2025,planned
Cross Mill Center Data Center,Skycolin Rd,Leesburg,VA,20175.0,Loudoun,39.06358,-77.5522,Proposed,High,,,,"556,746",22.0,Unknown,Media Monitoring,08/02/2025,08/02/2025,planned
Curata Partners Leesburg Data Center,"west side of Gulick Mill Road, south of Leesburg",Leesburg,VA,20175.0,Loudoun,39.03693,-77.56153,Proposed,High,Curata Partners,,,,87.0,Unknown,Media Monitoring,05/05/2026,05/05/2026,planned
Greenlin Park,41453 HOGELAND MILL RD,Leesburg,VA,20175.0,Loudoun,39.056362,-77.55221,Proposed,High,Charles S Kuhn/JK Landholdings II LLC,,,"3,702,600",85.0,Unknown,PEC,08/11/2025,10/17/2025,planned
HAYDEN TECHNOLOGIES,20491 GOOSE LANDING LN,Leesburg,VA,20175.0,Loudoun,39.051716,-77.53956,Expanding,High,HAYDEN TECHNOLOGIES LLC,,,"563,584",119.0,Unknown,PEC,08/11/2025,02/10/2026,operating
IAD 01-04,19540 COMPASS CREEK PKWY,Leesburg,VA,20175.0,Loudoun,39.067856,-77.56021,Operating,High,Microsoft,,,"809,314",323.0,Unknown,PEC,04/10/2024,10/17/2025,operating
Leesburg Data Center,"41789 Cochran Mill Rd, Leesburg, VA 20175",Leesburg,VA,20175.0,Loudoun,39.06878,-77.5313,Proposed,High,Amazon,,,,100.0,Unknown,Media Monitoring,05/13/2025,05/13/2025,planned
Leesburg Gateway,481 POTOMAC STATION DR,Leesburg,VA,20176.0,Loudoun,39.103153,-77.536385,Proposed,High,Google,,,"281,800",99.0,Unknown,PEC,04/10/2024,10/17/2025,planned
Leesburg Gateway,Betw East Market St and Potomac Station Dr,Leesburg,VA,20176.0,Loudoun,39.105076,-77.536705,Proposed,High,,,,"600,000",,Yes,Media Monitoring,05/05/2026,05/05/2026,planned
NVA06 Campus,19275 COMPASS CREEK PKWY SE,Leesburg,VA,20175.0,Loudoun,39.082626,-77.56523,Operating,High,STACK INFRASTRUCTURE,48,Medium (11-50 MW),"232,886",5.0,Unknown,PEC,08/06/2025,10/17/2025,operating
NVA06 Campus,19265 COMPASS CREEK PKWY,Leesburg,VA,20175.0,Loudoun,39.080227,-77.56473,Operating,High,STACK INFRASTRUCTURE,24,Medium (11-50 MW),"388,150",9.0,Unknown,PEC,08/06/2025,10/17/2025,operating
Oaklawn,101 OAKLAWN DR,Leesburg,VA,20175.0,Loudoun,39.091972,-77.56057,Proposed,High,,,,"700,000",26.0,Unknown,PEC,08/28/2024,10/17/2025,planned
Orme Farm Rezoning,41451 SHREVE MILL RD,Leesburg,VA,20175.0,Loudoun,39.059395,-77.55797,Proposed,High,Van Metre Communities LLC/Roy Barnett,,,"508,000",11.0,Unknown,PEC,08/11/2025,10/17/2025,planned
Project Celtic Phase 1,20680 CELTIC PARK DR,Leesburg,VA,20175.0,Loudoun,39.056915,-77.54663,Expanding,High,Google,,,"743,608",145.0,Unknown,PEC,08/11/2025,02/10/2026,operating
Project Celtic Phase 2,20649 ENERGY PARK DR,Leesburg,VA,20175.0,Loudoun,39.0539,-77.54465,Expanding,High,Google,,,"1,190,996",,Unknown,PEC,08/11/2025,02/10/2026,operating
Spring Valley Technology Park,22532 EVERGREEN MILLS RD,Leesburg,VA,20175.0,Loudoun,39.001057,-77.57126,Suspended,High,,,Hyperscale (100-999 MW),"3,483,902",362.0,Unknown,PEC,08/06/2025,07/27/2026,stalled
Tuscarora Crossing Landbay 3,19560 CROSSTRAIL BLVD,Leesburg,VA,20175.0,Loudoun,39.077232,-77.533745,Proposed,High,BlackChamber Group,,,"701,400",38.0,Unknown,PEC,04/10/2024,10/17/2025,planned
Villages at Leesburg,42830 GOLF CLUB RD,Leesburg,VA,20176.0,Loudoun,39.087734,-77.5195,Proposed,High,STACK INFRASTRUCTURE,,,"250,000",34.0,Unknown,PEC,08/06/2025,10/17/2025,planned
Wilderness Crossing,4447 GERMANNA HWY,Locust Grove,VA,22508.0,Orange,38.33316,-77.73109,Proposed,High,Amazon,,,"5,000,000",2600.0,Unknown,PEC,04/10/2024,10/17/2025,planned
Amazon Data Center,Hwy 33,Louisa,VA,23093.0,Louisa,37.98242,-77.9511,Proposed,Medium,Amazon,,,"3,800,000",374.0,Unknown,Media Monitoring,06/10/2025,06/10/2025,planned
North Creek Tech Campus,Mount Airy Rd,Louisa,VA,23093.0,Louisa,37.968376,-77.95334,Proposed,Medium,Amazon,,,"8,700,000",1400.0,Unknown,PEC,04/10/2024,10/17/2025,planned
Amazon Louisa County Data Center,between Kennon and School Bus Rds,Louisa County,VA,23117.0,Louisa,38.00263,-77.94,Cancelled,High,Amazon,,,"7,200,000",1374.0,Yes,Media Monitoring,07/28/2025,07/27/2026,stalled
Desper Creek Technology Campus - AWS Data Center,Betw Mt Airy Rd and US-33,Louisa County,VA,23093.0,Louisa,37.97047,-77.9546,Proposed,High,,,,,140.0,Unknown,Media Monitoring,09/19/2025,09/19/2025,planned
Cabin Field Road Data Center,Cabin Field Rd and Richmond Hwy,Lynchburg,VA,24504.0,Campbell,37.3761,-79.0327,Cancelled,High,,,,"450,000",57.0,Unknown,Media Monitoring,09/19/2025,11/16/2025,stalled
Airport Gateway Commerce Center,10850 Airman Ave,Manassas,VA,20110.0,Prince William,38.72144,-77.49643,Proposed,High,"UNICORN HOTEL LLC, C/O DUPONT FABROS DEVELOPMENT, PCL D",,,,7.0,Unknown,PEC,04/10/2024,10/17/2025,planned
Airport Gateway Commerce Center,10940 AIRMAN AVE,Manassas,VA,20110.0,Prince William,38.715843,-77.49836,Proposed,High,"UNICORN INTERESTS LLC, PCL F1",,,"369,600",36.0,Unknown,PEC,04/10/2024,10/17/2025,planned
Alexandria Technology Center,10600 PYRAMID PL,Manassas,VA,20110.0,Prince William,38.756546,-77.51377,Proposed,High,QTS MANASSAS I LAND LLC C/O BLACKSTONE PROPERTY ADVISORS,,,,12.0,Unknown,PEC,04/10/2024,10/17/2025,planned
Aligned Manassas Campus,10920 BALLS FORD RD,Manassas,VA,20109.0,Prince William,38.799274,-77.52802,Proposed,High,PROPCO LLC,,,"1,275,141",28.0,Unknown,PEC,04/10/2024,10/17/2025,planned
Amazon - AWS Bethlehem Road Campus,7500 BETHLEHEM RD,Manassas,VA,20109.0,Prince William,38.792118,-77.53619,Proposed,High,Amazon,,,,10.0,Unknown,PEC,04/10/2024,10/17/2025,planned
Amazon AWS - Brewers Spring Road,11800 BREWERS SPRING RD,Manassas,VA,20109.0,Prince William,38.79109,-77.54837,Operating,High,Amazon,,,"123,534",8.0,Unknown,PEC,04/10/2024,10/17/2025,operating
Amazon AWS IAD104 Data Center,,Manassas,VA,20110.0,Manassas,38.733845,-77.51592,Proposed,Medium,Amazon,,,,,Unknown,PEC,04/10/2024,10/17/2025,planned
Amazon AWS IAD11,7510 MASON KING CT,Manassas,VA,20109.0,Prince William,38.790344,-77.54118,Operating,High,Amazon,,,"150,000",10.0,Unknown,PEC,04/10/2024,10/17/2025,operating
Amazon AWS IAD14 Data Center,11801 BREWERS SPRING RD,Manassas,VA,20109.0,Prince William,38.789906,-77.54799,Operating,High,Amazon,,,"115,600",10.0,Unknown,PEC,04/10/2024,10/17/2025,operating
Amazon AWS IAD44 Data Center,7600 DOANE DR,Manassas,VA,20109.0,Prince William,38.792156,-77.54833,Operating,High,Amazon,,,"127,700",8.0,Unknown,PEC,04/10/2024,10/17/2025,operating
Amazon AWS IAD73,7056 WELLINGTON RD,Manassas,VA,20109.0,Prince William,38.778107,-77.558235,Operating,High,DC 12 14 DE LLC (Amazon),,,"311,198",24.0,Unknown,PEC,04/10/2024,10/17/2025,operating
Amazon AWS IAD7- Mason Campus,7505 MASON KING CT,Manassas,VA,20109.0,Prince William,38.791252,-77.53829,Operating,High,MANASSAS TECHNOLOGY PARTNERS LLC (Amazon),,,"109,543",8.0,Unknown,PEC,04/10/2024,10/17/2025,operating
Amazon AWS IAD81,11120 THOMASSON BARN RD,Manassas,VA,20109.0,Prince William,38.74406,-77.529854,Operating,High,COPT DC INNOVATION LLC,,,"352,030",21.0,Unknown,PEC,04/10/2024,10/17/2025,operating
Amazon AWS IAD83,9001 HORNBAKER RD,Manassas,VA,20109.0,Prince William,38.762554,-77.53385,Proposed,High,,,,"871,518",40.0,Unknown,PEC,07/12/2025,10/17/2025,planned
Amazon AWS Tanner Way Campus,10201 TANNER WAY,Manassas,VA,20110.0,Prince William,38.734943,-77.504524,Operating,High,Amazon,,,,83.0,Unknown,PEC,04/10/2024,10/17/2025,operating
Amazon Data Center- Centuty Park Campus,7101 CENTURY PARK DR,Manassas,VA,20109.0,Prince William,38.7977,-77.54477,Proposed,High,Amazon,,,,17.0,Unknown,PEC,04/10/2024,10/17/2025,planned
Ashwood Addition Data Center Project,10400 HARRY J PARRISH BLVD,Manassas,VA,20110.0,Prince William,38.731693,-77.51026,Proposed,High,,,,"800,000",85.0,Unknown,PEC,07/12/2025,10/17/2025,planned
Black Chamber Partners Data Center,10047 Nokesville Rd,Manassas,VA,20110.0,Manassas,38.748226,-77.49985,Proposed,High,Amazon,,,,,Unknown,Media Monitoring,06/29/2026,06/29/2026,planned
CloudHQ Manassas Campus,10880 AIRMAN AVE,Manassas,VA,20110.0,Prince William,38.716854,-77.49974,Operating,High,ABTEEN VENTURES LLC (CloudHQ),,,"394,593",28.0,Unknown,PEC,04/10/2024,10/17/2025,operating
CloudHQ MCC2 Data Center,10100 HARRY J PARRISH BLVD,Manassas,VA,20110.0,Prince William,38.72298,-77.49923,Operating,High,CloudHQ,,,"347,876",23.0,Unknown,PEC,04/10/2024,10/17/2025,operating
CloudHQ MCC3 - Manassas Corporate Center Campus,10849 AIRMAN AVE,Manassas,VA,20110.0,Prince William,38.719288,-77.496185,Proposed,High,UNICORN INTERESTS LLC,,,"250,144",17.0,Unknown,PEC,04/10/2024,10/17/2025,planned
Cloud HQ MCC5 Data Center,10740 AIRMAN AVE,Manassas,VA,20112.0,Prince William,38.719757,-77.49309,Proposed,High,"UNICORN INTERESTS LLC, CLOUD HQ",,,"400,000",24.0,Unknown,PEC,04/10/2024,10/17/2025,planned
Digital Second Manassas,10000 BRICKYARD WAY,Manassas,VA,20110.0,Prince William,38.737873,-77.508286,Proposed,High,DIGITAL CARVER BRICKYARD LLC,,,"1,759,136",61.0,Unknown,PEC,04/10/2024,10/17/2025,planned
EQUINIX LLC,7400 INFANTRY RIDGE RD,Manassas,VA,20109.0,Prince William,38.80344,-77.510796,Operating,High,Equinix,,,"109,800",7.0,Unknown,PEC,04/10/2024,10/17/2025,operating
Freedom I-66 Business Center (Parcel 8),7300 CENTURY PARK DR,Manassas,VA,20109.0,Prince William,38.7956,-77.54214,Proposed,High,Amazon,,,,11.0,Unknown,PEC,04/10/2024,10/17/2025,planned
INNOVATION EXECUTIVE CENTER DC-3,9420 GODWIN DR,Manassas,VA,20109.0,Prince William,38.75278,-77.51228,Proposed,High,QTS MANASSAS I DC2 LLC,,,"174,719",,Unknown,PEC,04/10/2024,10/17/2025,planned
Iron Mountain Building 7,8328 BETHLEHEM RD,Manassas,VA,20109.0,Prince William,38.775063,-77.539795,Proposed,High,IRON MOUNTAIN DATA CENTERS VA 7 LLC,,,"304,000",24.0,Unknown,PEC,04/10/2024,10/17/2025,planned
Iron Mountain Data Center VA-1,11680 Hayden Rd,Manassas,VA,20109.0,Prince William,38.77727,-77.5477,Operating,High,,280,Hyperscale (100-999 MW),"165,230",12.0,Unknown,Media Monitoring,05/26/2025,05/26/2025,operating
Iron Mountain Data Center VA-5,7729 Wellington Glen Dr,Manassas,VA,20109.0,Prince William,38.77139,-77.5423,Approved/Permitted/Under construction,High,,,,"165,428",15.0,Unknown,Media Monitoring,08/03/2025,08/03/2025,planned
Iron Mountain VA-5,11650 HAYDEN RD,Manassas,VA,20109.0,Prince William,38.7768,-77.54394,Operating,High,"KH DATA CAPITAL DEVELOPMENT LAND LLC
 C/O IRON MOUNTAIN GLOBAL REAL ESTATE",,,"597,590",41.0,Unknown,PEC,04/10/2024,10/17/2025,operating
KH Data Capital Development,11560 HAYDEN RD,Manassas,VA,20109.0,Prince William,38.77393,-77.54234,Operating,High,IRON MOUNTAIN DATA CENTERS VA 4/5 SUBSIDIARY LLC,,,"201,083",17.0,Unknown,PEC,04/10/2024,10/17/2025,operating
Manassas Corporate Center MCC-7 PRA,10101 HARRY J PARRISH BLVD,Manassas,VA,20110.0,Prince William,38.722412,-77.50135,Proposed,High,UNICORN INTERESTS LLC,,,"1,082,231",,Unknown,PEC,04/10/2024,10/17/2025,planned
Manassas Data Center,11101 University Blvd,Manassas,VA,20110.0,Prince William,38.75382,-77.5245,Proposed,High,,,,"577,000",18.0,Yes,Media Monitoring,07/29/2025,03/16/2026,planned
MANASSAS NCP LLC,9000 FREEDOM CENTER BLVD,Manassas,VA,20110.0,Prince William,38.760582,-77.51869,Operating,High,MANASSAS NCP LLC,,,"409,252",19.0,Unknown,PEC,04/10/2024,10/17/2025,operating
Manassas Point,7816 BETHLEHEM RD,Manassas,VA,20109.0,Prince William,38.783833,-77.53779,Proposed,High,,,,"1,739,350",40.0,Unknown,PEC,07/14/2025,10/17/2025,planned
MCI COMMUNICATION SERVICES LLC VERIZON GLOBAL REAL ESTATE,7777 INFANTRY RIDGE RD,Manassas,VA,20109.0,Prince William,38.80486,-77.51249,Operating,High,MCI COMMUNICATION SERVICES LLC VERIZON GLOBAL REAL ESTATE,,,"227,465",20.0,Unknown,PEC,04/10/2024,10/17/2025,operating
Mid-County Industrial Park,14901 DUMFRIES RD,Manassas,VA,20112.0,Prince William,38.63156,-77.41153,Proposed,High,,,,"664,715",64.0,Unknown,PEC,07/11/2025,10/17/2025,planned
NVA05A & NVA05B Proffer Amendment and Rezoning,9101 FREEDOM CENTER BLVD,Manassas,VA,20109.0,Prince William,38.760544,-77.51536,Proposed,High,,,,"814,777",37.0,Unknown,PEC,07/14/2025,10/17/2025,planned
NVA05C,8860 WELLINGTON RD,Manassas,VA,20109.0,Prince William,38.761223,-77.511635,Proposed,High,,,,"261,312",24.0,Unknown,PEC,07/12/2025,10/17/2025,planned
NVA15 LLC,9650 HORNBAKER RD,Manassas,VA,20109.0,Prince William,38.74385,-77.53758,Proposed,High,STACK INFRASTRUCTURE,48,Medium (11-50 MW),"24,000",32.0,Unknown,PEC,04/10/2024,10/17/2025,planned
NVA16 LLC,9530 HORNBAKER RD,Manassas,VA,20109.0,Prince William,38.748554,-77.53744,Proposed,High,Amazon,48,Medium (11-50 MW),"24,000",31.0,Unknown,PEC,04/10/2024,10/17/2025,planned
PARSONS BUSINESS PARK LLC,14237 DUMFRIES RD,Manassas,VA,20112.0,Prince William,38.645596,-77.4416,Proposed,High,,,,"2,628,411",91.0,Unknown,PEC,07/11/2025,10/17/2025,planned
Potomac Technology Park/ Quantico Ridge,14854 DUMFRIES RD,Manassas,VA,20112.0,Prince William,38.630245,-77.42247,Cancelled,High,Plaza Realty Management Inc,,,"1,600,000",52.0,Unknown,PEC,04/10/2024,05/17/2026,stalled
POWERLOFT @ INNOVATION I,9651 HORNBAKER RD,Manassas,VA,20109.0,Prince William,38.74736,-77.53177,Operating,High,POWERLOFT @ INNOVATION I,,,"247,608",20.0,Unknown,PEC,04/10/2024,10/17/2025,operating
Project Well,6894 WELLINGTON RD,Manassas,VA,20109.0,Prince William,38.780552,-77.56264,Proposed,High,,,,"1,341,019",44.0,Unknown,PEC,07/12/2025,10/17/2025,planned
QTS Manassas DC 2,9400 GODWIN DR,Manassas,VA,20110.0,Prince William,38.752438,-77.513145,Operating,High,QTS Manassas DC 2,,,"127,000",12.0,Unknown,PEC,04/10/2024,10/17/2025,operating
QTS Manassas DC 5,9301 FREEDOM CENTER BLVD,Manassas,VA,20109.0,Prince William,38.75485,-77.51758,Operating,High,QTS Manassas DC 5,,,"305,510",23.0,Unknown,PEC,04/10/2024,10/17/2025,operating
QTS MANASSAS I DC3 LLC,9480 GODWIN DR,Manassas,VA,20110.0,Prince William,38.753265,-77.510345,Expanding,High,QTS MANASSAS I DC3 LLC,,,"269,091",32.0,Unknown,PEC,04/10/2024,02/10/2026,operating
QTS MANASSAS I DC6 LLC,9540 GODWIN DR,Manassas,VA,20110.0,Prince William,38.75438,-77.509895,Expanding,High,QTS MANASSAS I DC6 LLC C/O BLACKSTONE PROPERTY ADVISORS,,,"269,091",,Unknown,PEC,04/10/2024,02/10/2026,operating
South Point Phase II Data Center Campus,8300 BUCKEYE TIMBER DR,Manassas,VA,20109.0,Prince William,38.77665,-77.5567,Proposed,High,South Point Phase II LLC,,,"530,000",22.0,Unknown,PEC,04/10/2024,10/17/2025,planned
Stack Infrastructure NVA02A,9720 HORNBAKER RD,Manassas,VA,20109.0,Prince William,38.74435,-77.53293,Operating,High,STACK INFRASTRUCTURE,,,"224,652",12.0,Unknown,PEC,04/10/2024,10/17/2025,operating
Stack Infrastructure NVA02B,9750 HORNBAKER RD,Manassas,VA,20109.0,Prince William,38.743156,-77.53342,Operating,High,STACK INFRASTRUCTURE,,,"241,249",13.0,Unknown,PEC,04/10/2024,10/17/2025,operating
Stack Infrastructure NVA04,9590 HORNBAKER RD,Manassas,VA,20109.0,Prince William,38.74576,-77.53817,Operating,High,STACK INFRASTRUCTURE,,,"281,000",11.0,Unknown,PEC,04/10/2024,10/17/2025,operating
Stack Infrastructure NVA05,9680 INNOVATION DR,Manassas,VA,20110.0,Prince William,38.748386,-77.521545,Operating,High,STACK INFRASTRUCTURE,,,"213,320",31.0,Unknown,PEC,04/10/2024,10/17/2025,operating
Stack Infrastructure NVA06,9700 INNOVATION DR,Manassas,VA,20110.0,Prince William,38.747314,-77.51989,Operating,High,STACK INFRASTRUCTURE,,,"223,757",16.0,Unknown,PEC,04/10/2024,10/17/2025,operating
Stack Infrastructure NVA07,9720 INNOVATION DR,Manassas,VA,20110.0,Prince William,38.746647,-77.51876,Operating,High,STACK INFRASTRUCTURE,,,"233,757",16.0,Unknown,PEC,04/10/2024,10/17/2025,operating
Stack Infrastructure NVA08,9740 INNOVATION DR,Manassas,VA,20110.0,Prince William,38.746067,-77.51748,Operating,High,STACK INFRASTRUCTURE,,,"216,067",16.0,Unknown,PEC,04/10/2024,10/17/2025,operating
Stoneview Data Center,8625 Wellington Rd,Manassas,VA,20109.0,Prince William,38.76551,-77.51943,Proposed,High,,,,"149,558",12.0,Unknown,PEC,07/11/2025,10/17/2025,planned
VA6B1 and VA6B2,7749 WELLINGTON RD,Manassas,VA,20109.0,Prince William,38.76804,-77.53841,Operating,High,IRON MOUNTAIN DATA CENTERS LLC,,,"230,706",14.0,Unknown,PEC,04/10/2024,10/17/2025,operating
Vulcan Data Center,8501 VULCAN LN,Manassas,VA,20109.0,Prince William,38.77115,-77.51435,Proposed,High,Amazon,,,"1,071,000",165.0,Unknown,PEC,04/10/2024,10/17/2025,planned
WELLINGTON GLEN TECHNOLOGY PARK,11901 SUDLEY MANOR DR,Manassas,VA,20109.0,Prince William,38.764816,-77.54452,Proposed,High,,,,"645,000",51.0,Unknown,PEC,07/14/2025,10/17/2025,planned
Wellington Road PRA,8819 Wellington Rd,Manassas,VA,20109.0,Prince William,38.763477,-77.513535,Proposed,High,,,,"370,175",9.0,Unknown,PEC,07/11/2025,10/17/2025,planned
Westview 66,11314 BALLS FORD RD,Manassas,VA,20109.0,Prince William,38.79625,-77.53552,Proposed,High,Microsoft,,,"623,360",40.0,Unknown,PEC,04/10/2024,10/17/2025,planned
Roosevelt Building,1755 OLD MEADOW RD,McLean,VA,22102.0,Fairfax,38.919983,-77.211754,Operating,High,YOSEMITE DC ASSETS LLC,,,"72,546",4.0,Unknown,PEC,04/10/2024,10/17/2025,operating
Middletown Data Center,8209 Valley Pike,MIddletown,VA,22645.0,Frederick,39.01765,-78.29093,Operating,High,MIDDLETOWN DATA CENTER LLC,6.7,Small (0-10 MW),"33,483",6.0,Unknown,PEC,04/10/2024,10/17/2025,operating
Project Loch,750 Watkins Centre Pkwy,Midlothian,VA,23114.0,Chesterfield,37.49932,-77.6884,Proposed,High,Google,,,,340.0,Unknown,Media Monitoring,07/15/2025,07/15/2025,planned
Project Loch,751 WATKINS CENTRE PKWY,Midlothian,VA,23114.0,Chesterfield,37.499065,-77.69161,Proposed,High,,,,,350.0,Unknown,PEC,09/12/2025,10/17/2025,planned
Province Group @Powhatan Technology Park,1318 PAGE RD,Midlothian,VA,23113.0,Powhatan,37.50839,-77.73239,Approved/Permitted/Under construction,High,Province Group,"365-2,400","Mega campus (>1,000 MW)","2,000,000",180.0,Unknown,PEC,08/22/2024,01/15/2026,planned
Lake Anna Tech Campus,Intersection of Haley Dr and Kentucky Springs Rd,Mineral,VA,23117.0,Louisa,38.04825,-77.80991,Proposed,Medium,Amazon,,,"1,700,000",150.0,Unknown,PEC,04/10/2024,10/17/2025,planned
Project Skye,4200 Moseley R,Moseley,VA,23120.0,Chesterfield,37.44824,-77.781,Proposed,High,Google,,,,890.0,Unknown,Media Monitoring,07/15/2025,07/15/2025,planned
Upper Magnolia Green East,18100 DUVAL RD,Moseley,VA,23120.0,Chesterfield,37.42037,-77.75997,Proposed,High,,,,,744.0,Unknown,PEC,06/27/2025,10/17/2025,planned
Upper Magnolia Green West Tract A and Tract B,4401 MOSELEY RD,Moseley,VA,23120.0,Chesterfield,37.444225,-77.77384,Proposed,High,,,,,979.0,Unknown,PEC,06/27/2025,10/17/2025,planned
EdgeConneX Norfolk,3800 VILLAGE AVENUE,Norfolk,VA,23502.0,Norfolk,36.86186,-76.235344,Operating,High,"EdgeConnex, Warehouse 888, Llc",,,"4,610",5.0,Unknown,PEC,04/10/2024,10/17/2025,operating
Perspecta Datacenter Campus,13600 EDS DR,Oak Hill,VA,20171.0,Fairfax,38.923347,-77.426834,Expanding,High,Amazon,,,"1,046,632",48.0,Unknown,PEC,04/10/2024,02/10/2026,operating
Menlo Equities MD-VA3 Data Center,2255 Jamestown Dr,Petersburg,VA,23803.0,Petersburg,37.21294,-77.36116,Approved/Permitted/Under construction,High,,104,Hyperscale (100-999 MW),,74.0,Unknown,Media Monitoring,07/22/2026,07/22/2026,planned
NuVu Data Center,betw County Dr and I-95,Petersburg,VA,23803.0,Petersburg,37.2091,-77.36406,Approved/Permitted/Under construction,Medium,,,,,,Unknown,Media Monitoring,07/22/2026,07/22/2026,planned
Wagner Properties Data Center,1161 Wagner Rd,Petersburg,VA,23805.0,Petersburg,37.198917,-77.33572,Proposed,High,,,,,,Unknown,Media Monitoring,07/22/2026,07/22/2026,planned
Warrenton Group Data Center,2233 Halifax Rd,Petersburg,VA,23805.0,Petersburg,37.18926,-77.41653,Proposed,High,,,,,174.0,Unknown,Media Monitoring,07/22/2026,07/22/2026,planned
Convergent Technology Park,James Madison St,Remington,VA,22734.0,Fauquier,38.546986,-77.80626,Proposed,High,Convergent VA LLC,,,"1,056,000",139.0,Unknown,PEC,08/22/2024,10/17/2025,planned
Gigaland Remington Data Center,12270 Lucky Hill Road,Remington,VA,22734.0,Fauquier,38.5367,-77.7811,Proposed,High,Gigaland Data Centers,136,Hyperscale (100-999 MW),"847,400",,Yes,Media Monitoring,09/02/2025,08/11/2026,planned
Remington Innovation Campus,11462 REMINGTON RD,Remington,VA,22734.0,Fauquier,38.56304,-77.77671,Proposed,High,,,,"2,221,560",204.0,Unknown,PEC,07/17/2025,10/17/2025,planned
Remington Technology Park,6980 HELM DR,Remington,VA,22734.0,Fauquier,38.54051,-77.78908,Proposed,High,REMINGTON TECHNOLOGY PARK LTD PTNRSHP,300,Hyperscale (100-999 MW),"1,700,000",234.0,Unknown,PEC,04/10/2024,10/17/2025,planned
SAMX Data Center,11825 REMINGTON RD,Remington,VA,22734.0,Fauquier,38.543182,-77.7834,Proposed,High,SAMX Data,,,"1,140,000",55.0,Unknown,PEC,04/10/2024,10/17/2025,planned
Coresite 12100 SV & 12098 SV,12379 A SUNRISE VALLEY DR,Reston,VA,20191.0,Fairfax,38.948456,-77.371704,Expanding,High,Coresite,,,"610,643",13.0,Unknown,PEC,04/10/2024,02/10/2026,operating
LEMUR PROPERTIES LLC,1780 BUSINESS CENTER DR,Reston,VA,20190.0,Fairfax,38.948555,-77.32714,Operating,High,Digital Realty,,,"264,888",9.0,Unknown,PEC,04/10/2024,10/17/2025,operating
RDC-1807 MICHAEL FARADAY COURT,1807 MICHAEL FARADAY CT,Reston,VA,20190.0,Fairfax,38.948864,-77.32922,Operating,High,RDC-1807 MICHAEL FARADAY COURT LLC,,,"30,609",2.0,Unknown,PEC,04/10/2024,10/17/2025,operating
Science Applications International Corp (SAIC),12010 SUNSET HILLS RD,Reston,VA,20190.0,Fairfax,38.952652,-77.34998,Operating,High,DISCOVERY SQUARE LLC,,,,6.0,Unknown,PEC,04/10/2024,10/17/2025,operating
SUNRISE TECHNOLOGY PARK,12098 SUNRISE VALLEY DR,Reston,VA,20191.0,Fairfax,38.950703,-77.36489,Operating,High,Coresite,,,"423,341",14.0,Unknown,PEC,04/10/2024,10/17/2025,operating
Azalea,5209 WILKINSON RD,Richmond,VA,23227.0,Henrico,37.604717,-77.423416,Proposed,High,BWS Enterprises,10,Small (0-10 MW),"456,108",31.0,Unknown,PEC,08/28/2024,10/17/2025,planned
Infotel Systems Data Center,6008 HERMITAGE RD,Richmond,VA,23228.0,Henrico,37.61285,-77.47348,Operating,High,Infotel,,,572,1.0,Unknown,PEC,04/10/2024,10/17/2025,operating
Lumen Richmond 1,8851 PARK CENTRAL DR,Richmond,VA,23227.0,Henrico,37.646786,-77.438446,Operating,High,LEVEL 3 COMMUNICATIONS LLC,,,"36,508",6.0,Unknown,PEC,04/10/2024,10/17/2025,operating
Richmond Data Center,5209 Wilkinson Rd,Richmond,VA,23227.0,Henrico,37.60576,-77.4211,Operating,High,,,,"65,000",,Unknown,Media Monitoring,05/23/2025,05/23/2025,operating
Wagner Urban Logistics LLC Data Center,near 2248 Darbytown Rd,Richmond,VA,23231.0,Henrico,37.48448,-77.3579,Suspended,Medium,,,,,195.0,Unknown,Media Monitoring,09/16/2025,09/16/2025,stalled
Google Data Center: Center for Research and Technology,near Thirlane Rd,Roanoke,VA,24019.0,Roanoke,37.33734,-79.9992,Proposed,High,Google,,,,,Unknown,Media Monitoring,07/18/2025,07/18/2025,planned
"Google Data Center: Summit View Business Park ""Project Flash""",east and west of Brick Church Rd,Rocky Mount,VA,24151.0,Franklin,37.07742,-79.9252,Proposed,Medium,Crusoe,50-100,Hyperscale (100-999 MW),,150.0,Unknown,Media Monitoring,07/18/2025,07/16/2026,planned
Green Energy Center,HOG ISLAND ROAD,Rushmere,VA,23883.0,Surry,37.152023,-76.685074,Proposed,Medium,Green Energy Partners,,,,641.0,Unknown,PEC,04/10/2024,10/17/2025,planned
ADP Ladysmith Data Hub,18577 GREEN RD,Ruther Glen,VA,22546.0,Caroline,38.00433,-77.50445,Proposed,High,,,,"1,600,000",140.0,Unknown,PEC,07/16/2025,10/17/2025,planned
Airlee Industrial and Data Center Site,Intersection of Rt. 1 and CCC Road,Ruther Glen,VA,22546.0,Caroline,37.997375,-77.50243,Proposed,High,,,,"1,500,000",184.0,Unknown,PEC,07/16/2025,10/17/2025,planned
Carmel Church Data Hub,Welcom Way Dr,Ruther Glen,VA,22546.0,Caroline,37.939327,-77.477974,Proposed,Medium,W & F PARTNERS,,,"1,600,000",97.0,Unknown,PEC,04/10/2024,10/17/2025,planned
Carmel Technology & Enterprise Center,"Jericho Road, west of the intersection
 of Jericho Road, Rogers Clark Blvd. & U.S. Route 1",Ruther Glen,VA,22546.0,Caroline,37.924026,-77.50552,Proposed,Medium,,,,"5,600,000",1196.0,Unknown,PEC,07/16/2025,10/17/2025,planned
Caroline Center for Innovation,23286 CARNEAL LN,Ruther Glen,VA,22546.0,Caroline,37.942783,-77.41627,Proposed,High,,,,"3,000,000",278.0,Unknown,PEC,07/16/2025,10/17/2025,planned
Caroline Center for Innovation - North,13039 Mickey's Wy,Ruther Glen,VA,22546.0,Caroline,37.95119,-77.42421,Proposed,High,,,,"1,500,000",95.0,Unknown,PEC,07/16/2025,10/17/2025,planned
CleanArc VA1 Data Center Campus,8436 Ladysmith Rd,Ruther Glen,VA,22546.0,Caroline,38.01594,-77.4973,Approved/Permitted/Under construction,High,CleanArc,300-600,Hyperscale (100-999 MW),,650.0,Unknown,Media Monitoring,09/19/2025,11/26/2025,planned
Thornberry Data Center Campus,23202 Carneal Lane,Ruther Glen,VA,22546.0,Caroline,37.95416,-77.40686,Proposed,High,,,,"3,300,000",1002.0,Unknown,PEC,07/16/2025,10/17/2025,planned
VALCO Data Center Park,Mt Airy Road,Ruther Glen,VA,22546.0,Caroline,37.924103,-77.54387,Proposed,Medium,VALCO CAROLINE COUNTY,,,"1,216,000",855.0,Unknown,PEC,04/10/2024,10/17/2025,planned
VALCO Data Center Park,5499 Mt Airy Dr,Ruther Glen,VA,22546.0,Caroline,37.93823,-77.54898,Proposed,High,,,Hyperscale (100-999 MW),"2,500,000",855.0,Unknown,Media Monitoring,01/24/2026,01/24/2026,planned
Valo Park,7950 JONES BRANCH DR,Ruther Glen,VA,22546.0,Fairfax,38.932384,-77.21859,Operating,High,TAMARES 7950 OWNER LLC,,,"842,366",17.0,Unknown,PEC,04/10/2024,10/17/2025,operating
Google Botetourt County Data Center Campus.,Glenmary Dr,Salem,VA,24153.0,Roanoke,37.2685,-80.1678,Proposed,Medium,Google,,,,,Unknown,Media Monitoring,07/18/2025,07/18/2025,planned
Atlantic Crossing,2801 OLD WILLIAMSBURG RD,Sandston,VA,23150.0,Henrico,37.504288,-77.26043,Proposed,High,ATLANTIC CROSSING LLC,,,,662.0,Unknown,PEC,05/16/2024,10/17/2025,planned
Bank of America,6050 TECHNOLOGY CREEK DR,Sandston,VA,23150.0,Henrico,37.495663,-77.23808,Operating,High,Bank of America,,,"382,408",65.0,Unknown,PEC,04/10/2024,10/17/2025,operating
Meta Henrico Data Center,6200 TECHNOLOGY BLVD,Sandston,VA,23150.0,Henrico,37.48185,-77.236465,Operating,High,Meta,,,"320,459",172.0,Unknown,PEC,04/10/2024,10/17/2025,operating
Meta Richmond Data Center,7301 TECHNOLOGY BLVD,Sandston,VA,23150.0,Henrico,37.47831,-77.22688,Operating,High,Meta,,,"338,899",129.0,Unknown,PEC,04/10/2024,10/17/2025,operating
Project Tropical,3951 PORTUGEE RD,Sandston,VA,23150.0,Henrico,37.4738,-77.23478,Expanding,High,Meta,,,"675,000",475.0,Unknown,PEC,04/10/2024,02/10/2026,operating
QTS Richmond Data Center (RIC1),6000 TECHNOLOGY BLVD,Sandston,VA,23150.0,Henrico,37.489464,-77.24603,Operating,High,QTS Data Centers,,Hyperscale (100-999 MW),"769,186",210.0,Unknown,PEC,04/10/2024,06/12/2026,operating
Sandston Data Center Campus,5900 Technology Blvd,Sandston,VA,23150.0,Henrico,37.47669,-77.2329,Operating,High,,200,Hyperscale (100-999 MW),"1,000,000",66.0,Unknown,Media Monitoring,05/26/2025,06/12/2026,operating
Hillcrest Data Center,49 COUNTRY LANE,South Hill,VA,23970.0,Mecklenburg,36.70315,-78.12708,Proposed,High,Microsoft,,,,153.0,Unknown,PEC,04/10/2024,10/17/2025,planned
Microsoft South Hill Campus,260 Butts St,South Hill,VA,23970.0,Mecklenburg,36.70687,-78.1278,Approved/Permitted/Under construction,High,Microsoft,,,,,Unknown,Crowdsourced,09/16/2025,09/16/2025,planned
South Hill Data Center Campus,Tunstall Rd,South Hill,VA,23970.0,Mecklenburg,36.74631,-78.1018,Proposed,Medium,Microsoft,,,,132.0,Unknown,Media Monitoring,05/27/2025,05/27/2025,planned
Amazon AWS IAD - H&M Property Campus,25500 MEADOWDALE DR,South Riding,VA,20152.0,Loudoun,38.92111,-77.4863,Expanding,High,Amazon,,,"274,000",82.0,Unknown,PEC,08/06/2025,02/10/2026,operating
Amazon AWS IAD - Sutton Bay Campus,25800 SUTTON BAY PLZ,South Riding,VA,20152.0,Loudoun,38.91631,-77.47834,Operating,High,Amazon,,,"508,000",43.0,Unknown,PEC,04/10/2024,10/17/2025,operating
Firefox Dulles Data Center,44150 WADE DR,South Riding,VA,20152.0,Loudoun,38.920612,-77.472885,Proposed,High,Brian Clifford/DLA PIPER LLP (US),,,"641,451",18.0,Unknown,PEC,04/10/2024,10/17/2025,planned
Gateway Commerce Center,5654 Hickory Ridge RD,Spotsylvania,VA,22551.0,Spotsylvania,38.165024,-77.529495,Proposed,High,,,,"2,200,000",203.0,Unknown,PEC,07/18/2025,10/17/2025,planned
SpotsyTech Campus,"West of I-95, east of N Roxbury Mill Rd",Spotsylvania Courthouse,VA,22551.0,Spotsylvania,38.159935,-77.51494,Proposed,High,,800,Hyperscale (100-999 MW),"2,900,000",315.0,Unknown,Media Monitoring,01/24/2026,01/24/2026,planned
AWS Loisdale Station,7961 Loisdale Rd,Springfield,VA,22150.0,Fairfax,38.742268,-77.186424,Proposed,High,Amazon,,,"240,000",23.0,Unknown,PEC,04/10/2024,10/17/2025,planned
VA 95 BUILDING NINE LP,7600 BOSTON BLVD,Springfield,VA,22153.0,Fairfax,38.739193,-77.20798,Operating,High,VA 95 BUILDING NINE LP,,,"69,832",4.0,Unknown,PEC,04/10/2024,10/17/2025,operating
Accokeek Center,RT 1/Interstate 95 South of Rappahannock Regional Jail,Stafford,VA,22554.0,Stafford,38.403713,-77.427,Proposed,Medium,,,,"520,000",80.0,Unknown,PEC,04/28/2025,10/17/2025,planned
Austin Ridge Logisitics Center,"End of Cedar Lane, Hartwood",Stafford,VA,22554.0,Stafford,38.4145,-77.43574,Proposed,Medium,,,,"1,600,000",183.0,Unknown,PEC,04/28/2025,10/17/2025,planned
George Washington Village Data Center,"Ramoth Church Rd, Courthouse Road, and 95",Stafford,VA,22554.0,Stafford,38.419758,-77.44698,Proposed,Medium,,,,"7,900,000",1042.0,Unknown,PEC,10/15/2025,10/17/2025,planned
Old Potomac Church Data Center,Old Potomac Church Road,Stafford,VA,22554.0,Stafford,38.411324,-77.40424,Proposed,Medium,,,,"510,000",50.0,Unknown,PEC,04/10/2024,10/17/2025,planned
Stack Data Center,350 Eskimo Hill Rd,Stafford,VA,22554.0,Stafford,38.38504,-77.4276,Proposed,High,,1100,"Mega campus (>1,000 MW)",,500.0,Unknown,Media Monitoring,07/29/2025,07/29/2025,planned
Stafford Technology Campus,"east side of Richmond Highway, across from Sage Lane",Stafford,VA,22554.0,Stafford,38.38512,-77.43162,Proposed,Medium,,"1,000","Mega campus (>1,000 MW)","5,500,000",524.0,Unknown,PEC,04/10/2024,10/17/2025,planned
Aligned Data Centers Ashburn Campus - Building IAD-01,22580 RELOCATION DR,Sterling,VA,20166.0,Loudoun,38.993076,-77.43411,Operating,High,Aligned Data Centers,,,"180,355",13.0,Unknown,PEC,08/06/2025,10/17/2025,operating
Aligned Data Centers Ashburn Campus - Building IAD-03,22715 Relocation Dr,Sterling,VA,20166.0,Loudoun,38.98857,-77.4409,Operating,High,Vantage Data Centers VA2 LLC; Ryan Dorsett,72,Large (51-99 MW),"430,000",10.0,Unknown,Media Monitoring,06/19/2025,06/19/2025,operating
Amazon AWS IAD - 21641 Charles View Data Center,21641 CHARLES VIEW DR,Sterling,VA,20166.0,Loudoun,39.017963,-77.43968,Operating,High,Amazon,,,"685,682",54.0,Unknown,PEC,04/10/2024,10/17/2025,operating
Amazon AWS IAD - 22350 Kipper Drive Data Center,22350 KIPPER DR,Sterling,VA,20166.0,Loudoun,38.99509,-77.43511,Operating,High,Amazon,,,"203,460",11.0,Unknown,PEC,04/10/2024,10/17/2025,operating
Amazon AWS IAD - 22370 Kipper Drive Data Center,22370 KIPPER DR,Sterling,VA,20166.0,Loudoun,38.996964,-77.43581,Operating,High,Amazon,,,"203,460",14.0,Unknown,PEC,04/10/2024,10/17/2025,operating
Amazon AWS IAD - 22520 Randolph Drive Data Center,22520 RANDOLPH DR,Sterling,VA,20166.0,Loudoun,38.994057,-77.45023,Operating,High,FR RANDOLPH DRIVE LLC,,,"138,900",14.0,Unknown,PEC,04/10/2024,10/17/2025,operating
Amazon AWS IAD - 22745 Relocation Drive Data Center,22745 Relocation Dr,Sterling,VA,20166.0,Loudoun,38.98633,-77.4419,Operating,High,,,,"251,091",17.0,Unknown,Media Monitoring,06/19/2025,06/19/2025,operating
Amazon AWS IAD - 22760 Pacific Blvd Data Center,22760 PACIFIC BLV,Sterling,VA,20166.0,Loudoun,38.986732,-77.43558,Operating,High,,,,"226,456",17.0,Unknown,PEC,08/07/2025,10/17/2025,operating
Amazon AWS IAD - 22945 International Drive Data Center,22945 INTERNATIONAL DR,Sterling,VA,20166.0,Loudoun,38.98216,-77.42751,Operating,High,Amazon,,,"147,900",17.0,Unknown,PEC,04/10/2024,10/17/2025,operating
Amazon AWS IAD - 23005 International Drive Data Center,23005 INTERNATIONAL DR,Sterling,VA,20166.0,Loudoun,38.98,-77.42562,Operating,High,DULLES NCP II LLC,,,"169,960",8.0,Unknown,PEC,04/10/2024,10/17/2025,operating
Amazon AWS IAD - Severn & Squire Campus,1304 SQUIRE CT,Sterling,VA,20166.0,Loudoun,39.02153,-77.43476,Operating,High,ELECTRIC BUILDING LLC,,,"36,000",3.0,Unknown,PEC,04/10/2024,10/17/2025,operating
Amazon AWS - Manekin Plaza Data Center,46000 MANEKIN PLZ,Sterling,VA,20166.0,Loudoun,39.023773,-77.40789,Proposed,High,Amazon,,,"313,000",7.0,Unknown,PEC,04/10/2024,10/17/2025,planned
Arcola Pacific Campus,22020 BRODERICK DR,Sterling,VA,20166.0,Loudoun,39.004864,-77.44699,Proposed,High,PowerHouse Data Centers,,,"1,100,000",43.0,Unknown,PEC,04/10/2024,10/17/2025,planned
C1 NORTHERN VA - STERLING I-III,21111 Ridgetop,Sterling,VA,20166.0,Loudoun,39.026066,-77.414536,Operating,High,CyrusOne,48,Medium (11-50 MW),"420,000",14.0,Unknown,PEC,04/10/2024,10/17/2025,operating
CORSCALE VA2 BLDG 1,45695 RUSSELL BRANCH PKWY,Sterling,VA,20166.0,Loudoun,39.03804,-77.433716,Proposed,High,,,,"460,000",24.0,Unknown,PEC,08/10/2025,10/17/2025,planned
CPUS STERLING LP,45900 PATHFINDER PLZ,Sterling,VA,20164.0,Loudoun,38.987747,-77.410866,Operating,High,CPUS STERLING LP,,,"441,780",33.0,Unknown,PEC,04/10/2024,10/17/2025,operating
Csquare Northern Virginia Data Center,45845 NOKES BLVD,Sterling,VA,20166.0,Loudoun,39.02387,-77.41527,Operating,High,MEDINA DC 2 ASSETS LLC,,,"79,300",6.0,Unknown,PEC,04/10/2024,10/17/2025,operating
CyrusOne Northern Virginia Sterling V & VI Data,21340 PACIFIC BLVD,Sterling,VA,20166.0,Loudoun,39.02435,-77.434105,Operating,High,CyrusOne,,,"1,178,308",27.0,Unknown,PEC,08/10/2025,10/17/2025,operating
CYXTERA COLOCATION,21110 RIDGETOP CIR,Sterling,VA,20166.0,Loudoun,39.0248,-77.41234,Operating,High,MEDINA DC 2 ASSETS LLC,,,"135,500",8.0,Unknown,PEC,04/10/2024,10/17/2025,operating
CYXTERA DC2 COLOCATION,45901 NOKES BLVD,Sterling,VA,20166.0,Loudoun,39.023247,-77.413185,Operating,High,MEDINA DC 2 ASSETS LLC,,,"89,072",6.0,Unknown,PEC,04/10/2024,10/17/2025,operating
DATA CENTER BUILDING C,22631 DULLES SUMMIT CT,Sterling,VA,20166.0,Loudoun,38.99172,-77.448555,Operating,High,DCT DULLES PHASE II LLC,,,"103,000",7.0,Unknown,PEC,04/10/2024,10/17/2025,operating
DC 21/IAD 98,45305 W SEVERN WAY,Sterling,VA,20166.0,Loudoun,39.01946,-77.434006,Operating,High,BCORE COPT DC-21 LLC,,,"296,380",24.0,Unknown,PEC,04/10/2024,10/17/2025,operating
DCT DULLES DOWNS Land Bay A,45111 LOUDOUN DOWNS LN,Sterling,VA,20166.0,Loudoun,38.991177,-77.44137,Operating,High,DCT DULLES DOWNS LLC,,,"287,460",23.0,Unknown,PEC,08/08/2025,10/17/2025,operating
DCT DULLES DOWNS Land Bay B,22685 RELOCATION DR,Sterling,VA,20166.0,Loudoun,38.98938,-77.43785,Proposed,High,DCT DULLES DOWNS LLC,,,"670,953",,Unknown,PEC,08/08/2025,10/17/2025,planned
DCT DULLES DOWNS Land Bay B,45220 PROLOGIS PLZ,Sterling,VA,20166.0,Loudoun,38.990135,-77.437294,Operating,High,DCT DULLES DOWNS LLC,,,"143,563",19.0,Unknown,PEC,08/08/2025,10/17/2025,operating
DCT DULLES PHASE II,22651 DULLES SUMMIT CT,Sterling,VA,20166.0,Loudoun,38.988132,-77.450516,Operating,High,DCT DULLES PHASE II LLC,,,"75,800",6.0,Unknown,PEC,08/08/2025,10/17/2025,operating
DIGITAL STERLING PREMIER,22574 PACIFIC BLVD,Sterling,VA,20166.0,Loudoun,38.99004,-77.43468,Operating,High,DIGITAL STERLING PREMIER LLC,,,"258,252",14.0,Unknown,PEC,04/10/2024,10/17/2025,operating
Dulles 2000 Redevelopment,,Sterling,VA,20166.0,Loudoun,38.975124,-77.42687,Proposed,Medium,BCG JV Sterling LLC; Phil Tager,,,"530,550",15.0,Unknown,PEC,04/10/2024,10/17/2025,planned
Dulles 28 Technology Park,45870 MEMPHIS PLZ,Sterling,VA,20166.0,Loudoun,39.0084,-77.44291,Proposed,High,BlackChamber Group,,,"685,000",26.0,Unknown,PEC,08/06/2025,10/17/2025,planned
Dulles Commerce,23700 PEBBLE RUN PL,Sterling,VA,20166.0,Loudoun,38.961967,-77.49829,Expanding,High,PROLOGIS-EXCHANGE 43461 OLD OX ROAD LLC,,,"441,175",17.0,Unknown,PEC,08/06/2025,02/10/2026,operating
DULLES DISTRIBUTION Landbay A,45055 UNDERWOOD LN,Sterling,VA,20166.0,Loudoun,38.980274,-77.441475,Proposed,High,,,,"305,000",16.0,Unknown,PEC,08/08/2025,10/17/2025,planned
DULLES DISTRIBUTION Landbay B,45085 OLD OX RD,Sterling,VA,20166.0,Loudoun,38.978138,-77.4419,Proposed,High,,,,"660,000",16.0,Unknown,PEC,08/08/2025,10/17/2025,planned
Dulles Electric Data Centers,22570 SHAW RD 100,Sterling,VA,20166.0,Loudoun,38.99133,-77.42659,Proposed,High,,,,"371,732",17.0,Unknown,PEC,08/07/2025,10/17/2025,planned
DULLES NCP LLC,22916 INTERNATIONAL DR,Sterling,VA,20166.0,Loudoun,38.9824,-77.42485,Operating,High,DULLES NCP LLC,,,"203,200",13.0,Unknown,PEC,04/10/2024,10/17/2025,operating
DULLES NORTH CORPORATE PARK 8,,Sterling,VA,20166.0,Loudoun,38.995342,-77.432556,Proposed,Medium,John Collich/BF SAUL REAL ESTATE INVESTMENT,,,"262,000",10.0,Unknown,PEC,04/10/2024,10/17/2025,planned
Dulles Trade Center West,42670 TRADE WEST DR,Sterling,VA,20166.0,Loudoun,38.95402,-77.52864,Proposed,High,10 Trade West Drive LLC/Charles S Kuhn Manager,,,"386,800",15.0,Unknown,PEC,04/10/2024,10/17/2025,planned
EdgeCore Ashburn AS02 Data Center,1501 Moran Road,Sterling,VA,20166.0,Loudoun,38.995197,-77.44623,Proposed,High,EdgeCore Digital/Partners Group,,,"285,000",8.0,Unknown,PEC,04/10/2024,10/17/2025,planned
EdgeCore Horseshoe Drive Data Center,45925 HORSESHOE DR,Sterling,VA,20166.0,Loudoun,39.026024,-77.411606,Proposed,High,,,,"481,220",11.0,Unknown,PEC,08/10/2025,10/17/2025,planned
FR SUMMIT AWS,22630 DULLES SUMMIT CT,Sterling,VA,20166.0,Loudoun,38.98871,-77.44765,Operating,High,FR SUMMIT LLC,,,"149,200",10.0,Unknown,PEC,04/10/2024,10/17/2025,operating
GI TC 45360 SEVERN WAY LLC,45360 W SEVERN WAY,Sterling,VA,20166.0,Loudoun,39.021675,-77.432915,Operating,High,GI TC 45360 SEVERN WAY LLC,,,"126,900",8.0,Unknown,PEC,04/10/2024,10/17/2025,operating
Google Arcola Data Center Campus,,Sterling,VA,20166.0,Loudoun,38.94413,-77.5357,Proposed,Medium,PowerHouse Data Centers,,,"614,300",30.0,Unknown,PEC,04/10/2024,10/17/2025,planned
IAD2 Evoque Cyxtera,22810 INTERNATIONAL DR,Sterling,VA,20166.0,Loudoun,38.984196,-77.42402,Operating,High,22810-22860 INTERNATIONAL DRIVE LLC,,,"118,541",12.0,Unknown,PEC,04/10/2024,10/17/2025,operating
IAD3 Evoque Cyxtera,22995 WILDER CT,Sterling,VA,20166.0,Loudoun,38.98106,-77.444336,Operating,High,22995 WILDER COURT LLC,,,"130,400",12.0,Unknown,PEC,04/10/2024,10/17/2025,operating
IAD57 Data Center,22755 Relocation Dr,Sterling,VA,20166.0,Loudoun,38.98704,-77.4426,Operating,High,,,,,,Unknown,Media Monitoring,06/19/2025,06/19/2025,operating
JK Technology Park #3 Data Center Campus,24393 STONE SPRINGS BLVD,Sterling,VA,20166.0,Loudoun,38.945557,-77.54126,Proposed,High,,,,"184,080",21.0,Unknown,PEC,08/06/2025,10/17/2025,planned
Loudoun Commerce Center,45975 Nokes Blvd,Sterling,VA,20166.0,Loudoun,39.0224,-77.41007,Proposed,High,Amazon,,,"311,670",14.0,Unknown,PEC,04/10/2024,10/17/2025,planned
MARIES TECH PARK LLC,45761 MARIES RD,Sterling,VA,20166.0,Loudoun,39.024,-77.4195,Operating,High,Amazon,,,"426,710",20.0,Unknown,PEC,04/10/2024,10/17/2025,operating
MECP1 ASHBURN 1 LLC,21215 ATLANTIC BLVD,Sterling,VA,20166.0,Loudoun,39.028484,-77.42769,Operating,High,,,,"258,716",6.0,Unknown,PEC,08/07/2024,10/17/2025,operating
MECP 1 ASHBURN 2 LLC,45831 MARIES RD,Sterling,VA,20166.0,Loudoun,39.02199,-77.415115,Proposed,High,EdgeCore Digital/Partners Group,,,"348,000",10.0,Unknown,PEC,08/01/2025,10/17/2025,planned
MECP2 ASHBURN 2 LLC,21205 ATLANTIC BLVD,Sterling,VA,20166.0,Loudoun,39.03041,-77.429016,Operating,High,,,,"258,716",6.0,Unknown,PEC,08/07/2024,10/17/2025,operating
MECP3 ASHBURN 3 LLC,21195 ATLANTIC BLVD,Sterling,VA,20166.0,Loudoun,39.03235,-77.42991,Operating,High,,,,"258,716",6.0,Unknown,PEC,08/06/2025,10/17/2025,operating
ME-DC Pacific,22255 PACIFIC BLVD,Sterling,VA,20166.0,Loudoun,38.999855,-77.445175,Proposed,High,,,,"589,400",33.0,Unknown,PEC,08/08/2025,10/17/2025,planned
MERCURE BUSINESS PARK LOT 22,44211 MERCURE CIR,Sterling,VA,20166.0,Loudoun,38.98593,-77.478325,Proposed,High,,,,"95,658",5.0,Unknown,PEC,08/06/2025,10/17/2025,planned
MERCURE BUSINESS PARK LOT 4A1B,44122 MERCURE CIR,Sterling,VA,20166.0,Loudoun,38.98479,-77.48216,Proposed,High,,,,"101,579",6.0,Unknown,PEC,08/06/2025,10/17/2025,planned
MERCURE BUSINESS PARK LOTS 19 AND 20,44083 MERCURE CIR,Sterling,VA,20166.0,Loudoun,38.985,-77.47932,Proposed,High,,,,"178,648",11.0,Unknown,PEC,08/06/2025,10/17/2025,planned
NV-4 CYRUSONE LLC,22811 INTERNATIONAL DR,Sterling,VA,20166.0,Loudoun,38.984684,-77.42581,Operating,High,CyrusOne,13,Medium (11-50 MW),"128,500",10.0,Unknown,PEC,04/10/2024,10/17/2025,operating
NV-8 CYRUSONE,45905 MARIES RD,Sterling,VA,20166.0,Loudoun,39.021248,-77.41337,Operating,High,CyrusOne,,,"154,100",10.0,Unknown,PEC,04/10/2024,10/17/2025,operating
NV-9 CYRUSONE,43290 OLD OX RD,Sterling,VA,20166.0,Loudoun,38.958664,-77.50507,Expanding,High,CyrusOne,135,Hyperscale (100-999 MW),"525,482",40.0,Unknown,PEC,08/06/2025,02/10/2026,operating
NVA01 STACK INFRASTRUCTURE,22080 PACIFIC BLVD,Sterling,VA,20166.0,Loudoun,39.004543,-77.44198,Operating,High,"SI NVA01, LLC",,,"180,000",16.0,Unknown,PEC,04/10/2024,10/17/2025,operating
Paragon Park Lot 3B,Intersection of Pacific Blvd and Charles View Dr,Sterling,VA,20166.0,Loudoun,39.01517,-77.43475,Proposed,Medium,BlackChamber Group,,,"405,611",50.0,Unknown,PEC,08/06/2025,10/17/2025,planned
PROLOGIS-EXCHANGE 43461 OLD OX ROAD Data center,23845 ERINS RUN DR,Sterling,VA,20166.0,Loudoun,38.95745,-77.49768,Expanding,High,PROLOGIS-EXCHANGE 43461 OLD OX ROAD LLC,,,"474,570",38.0,Unknown,PEC,08/06/2025,02/10/2026,operating
PROLOGIS-EXCHANGE 43461 OLD OX ROAD Data center,23965 CARTERS SCHOOL RD,Sterling,VA,20166.0,Loudoun,38.95321,-77.49552,Expanding,High,,,,"2,023,449",40.0,Unknown,PEC,08/06/2025,02/10/2026,operating
Prologis Executive Dr Data Center Campus,22660 Executive Dr,Sterling,VA,20166.0,Loudoun,38.989754,-77.44206,Proposed,High,Prologis,,,,8.0,Unknown,PEC,04/10/2024,10/17/2025,planned
Prologis Executive Drive Data Center Campus,113 EXECUTIVE DR,Sterling,VA,20166.0,Loudoun,38.99067,-77.44434,Proposed,High,Prologis,,,"750,000",9.0,Unknown,PEC,04/10/2024,10/17/2025,planned
Prologis Glenn Drive North & South Data Center Campus,22815 GLENN DR 101,Sterling,VA,20164.0,Loudoun,38.988274,-77.416306,Proposed,High,,,,"1,668,261",42.0,Unknown,PEC,08/07/2025,10/17/2025,planned
Prologis NOVA 1,22675 DULLES SUMMIT CT,Sterling,VA,20166.0,Loudoun,38.98944,-77.44955,Expanding,High,Prologis,,,"500,000",20.0,Unknown,PEC,04/10/2024,02/10/2026,operating
PROLOGIS PARK GATEWAY II,45180 GLOBAL PLZ,Sterling,VA,20166.0,Loudoun,38.98795,-77.43817,Proposed,High,Prologis,,,"294,000",11.0,Unknown,PEC,04/10/2024,10/17/2025,planned
QTS Ashburn Data Center - Building 1 (ASH1),44675 QUALITY TECH LN,Sterling,VA,20166.0,Loudoun,38.995537,-77.455315,Operating,High,ASHBURN ACQUISITION CO II LLC,,,"308,630",14.0,Unknown,PEC,04/10/2024,10/17/2025,operating
QTS Ashburn Data Center - Building 2 (ASH2),44655 QUALITY TECH LN,Sterling,VA,20166.0,Loudoun,38.995434,-77.456924,Operating,High,QTS Data Centers,,,"252,473",9.0,Unknown,PEC,04/10/2024,10/17/2025,operating
QTS Ashburn-Moran,1506 MORAN RD,Sterling,VA,20166.0,Loudoun,38.99446,-77.44814,Operating,High,QTS DULLES LLC,,,"65,058",3.0,Unknown,PEC,04/10/2024,10/17/2025,operating
QTS BRODERICK ACQUISITION CO LLC,22271 BRODERICK DR,Sterling,VA,20166.0,Loudoun,38.999104,-77.44982,Operating,High,QTS INVESTMENT PROPERTIES ASHBURN LLC,,,"427,300",16.0,Unknown,PEC,04/10/2024,10/17/2025,operating
RIDGETOP CENTER,21670 RIDGETOP CIR,Sterling,VA,20166.0,Loudoun,39.024727,-77.409904,Proposed,High,,,,"268,339",12.0,Unknown,PEC,08/10/2025,10/17/2025,planned
Shaw Road Business Park Data Center,22930 SHAW RD,Sterling,VA,20166.0,Loudoun,38.98132,-77.42225,Proposed,High,,,,,10.0,Unknown,PEC,08/06/2025,10/17/2025,planned
Sterling Data Center,45110 Loudoun Downs Lane,Sterling,VA,20166.0,Loudoun,38.99129,-77.4414,Operating,High,,,,,,Unknown,Media Monitoring,06/19/2025,06/19/2025,operating
TA Digital Sterling Thayer Road Data Center,45564 THAYER RD,Sterling,VA,20166.0,Loudoun,39.026966,-77.42448,Proposed,High,,,,"305,593",10.0,Unknown,PEC,08/10/2025,07/14/2026,planned
Vantage Data Centers Ashburn I Campus - Building VA16,22321 PACIFIC BLVD,Sterling,VA,20166.0,Loudoun,38.99909,-77.44114,Operating,High,,,,"255,935",10.0,Unknown,PEC,08/08/2025,10/17/2025,operating
Vantage Data Centers Ashburn II Campus,22435 GLENN DR,Sterling,VA,20164.0,Loudoun,38.997974,-77.43019,Operating,High,VANTAGE DATA CENTERS VA2 LLC,,,"565,680",18.0,Unknown,PEC,08/01/2025,10/17/2025,operating
VANTAGE DATA CENTERS VA11,45200 VANTAGE DATA PLZ,Sterling,VA,20166.0,Loudoun,39.002132,-77.43738,Operating,High,VANTAGE DATA CENTERS VA11 LLC,,,"253,352",18.0,Unknown,PEC,04/10/2024,10/17/2025,operating
VANTAGE DATA CENTERS VA12,45194 VANTAGE DATA PLZ,Sterling,VA,20166.0,Loudoun,39.003056,-77.4401,Operating,High,VANTAGE DATA CENTERS VA12 LLC,,,"228,606",19.0,Unknown,PEC,04/10/2024,10/17/2025,operating
VERISIGN INC,22340 DRESDEN ST,Sterling,VA,20166.0,Loudoun,38.997738,-77.44368,Operating,High,VERISIGN INC,,,"64,300",14.0,Unknown,PEC,04/10/2024,10/17/2025,operating
Western Lands,43616 CAPACITY DR,Sterling,VA,20166.0,Loudoun,38.954502,-77.48892,Proposed,High,Digital Realty,,,"10,916,000",221.0,Unknown,PEC,08/06/2025,10/17/2025,planned
108 Carpenter Drive Data Center,108 CARPENTER DR,STERLING,VA,20164.0,Loudoun,38.99123,-77.42243,Proposed,High,,,,"52,744",3.0,Unknown,PEC,08/07/2025,10/17/2025,planned
Marvell Developments,20420 GERMANNA HWY,Stevensburg,VA,22741.0,Culpeper,38.435802,-77.87576,Proposed,High,Amazon,,,"445,000",223.0,Unknown,PEC,04/10/2024,10/17/2025,planned
Amazon AWS IAD - 42090 Reeds Farm Ln Data Center,42090 REEDS FARM LN,Stone Ridge,VA,20105.0,Loudoun,38.944927,-77.549866,Proposed,High,Amazon,,,"429,213",90.0,Unknown,PEC,04/10/2024,10/17/2025,planned
Amazon AWS IAD - Quail Campus,24214 QUAIL RIDGE LN,Stone Ridge,VA,20105.0,Loudoun,38.94839,-77.55884,Operating,High,,,,"505,200",33.0,Unknown,PEC,04/10/2024,10/17/2025,operating
Microsoft Growth Mindset Campus - Building IAD11,41840 GROWTH MINDSET LN,Stone Ridge,VA,20105.0,Loudoun,38.948166,-77.55538,Operating,High,Microsoft,,,"759,405",65.0,Unknown,PEC,04/10/2024,10/17/2025,operating
Project Tallmadge,north of 671 Borden Mowery Dr,Strasburg,VA,22657.0,Shenandoah,39.012093,-78.35856,Proposed,High,Takanock,180,Hyperscale (100-999 MW),,87.0,Unknown,Media Monitoring,06/22/2026,06/22/2026,planned
Google Botetourt County Data Center Campus,south of Storelea Dr,Troutville,VA,24175.0,Botetourt,37.44555,-79.9223,Proposed,High,Google,,Hyperscale (100-999 MW),"900,000",344.0,Unknown,Media Monitoring,09/14/2025,03/19/2026,planned
ELIAS DC ASSETS,1764 A OLD MEADOW LN,Tysons,VA,22102.0,Fairfax,38.91998,-77.21348,Operating,High,ELIAS DC ASSETS LLC,,,"69,089",2.0,Unknown,PEC,04/10/2024,10/17/2025,operating
Tysons Enterprise West,7980 and 7990 Quantum Dr,Vienna,VA,22182.0,Fairfax,38.909004,-77.2205,Expanding,High,Equinix,,,"202,500",,Unknown,PEC,04/10/2024,02/15/2026,operating
Globalinx Virginia Beach,1632 Corporate Landing Pkwy,Virginia Beach,VA,23454.0,Virginia Beach,36.783707,-76.00894,Expanding,High,LANDING 888 LLC,25,Medium (11-50 MW),"95,000",16.0,Unknown,PEC,04/10/2024,08/20/2026,operating
Telxius Cable Landing Station Virginia Beach,1900 Corporate Landing Pkwy Cm,Virginia Beach,VA,23454.0,Virginia Beach,36.777546,-76.00713,Expanding,High,Telxius,,,"10,750",12.0,Unknown,PEC,04/10/2024,02/10/2026,operating
CyrusOne Vint Hill Data Center,Vint Hill Pkwy,Warrenton,VA,20117.0,Fauquier,38.75228,-77.67349,Proposed,Medium,CyrusOne,,,"981,000",48.0,Unknown,PEC,10/10/2025,10/17/2025,planned
DATA CENTER VINT HILL,6872 WATSON CT,Warrenton,VA,20187.0,Fauquier,38.747417,-77.674255,Expanding,High,DATA CENTER VINT HILL LLC,,,"84,199",9.0,Unknown,PEC,04/10/2024,02/10/2026,operating
Maple Tree Farm,8275 MAPLE TREE LN,Warrenton,VA,20187.0,Fauquier,38.691586,-77.77973,Proposed,High,,,,,43.0,Unknown,PEC,04/10/2024,10/17/2025,planned
Vint Hill Corners,4295 AIKEN DR,Warrenton,VA,20187.0,Fauquier,38.744583,-77.68534,Proposed,High,Vint Hill Corners LLC,,,"360,000",46.0,Unknown,PEC,08/22/2024,10/17/2025,planned
Mineral Gap Data Center,5978 WINDSWEPT BLVD,Wise,VA,24293.0,Wise,36.978065,-82.52703,Expanding,High,DP FACILITIES INC SOUTH LLC,,,"65,000",22.0,Unknown,PEC,04/10/2024,02/10/2026,operating
Mattameade Tech Campus- Caroline ,"6009 Mallard Road, Woodford, VA 22580",Woodford,VA,22580.0,Spotsylvania,38.12168,-77.504196,Proposed,Medium,Amazon,,,,162.0,Unknown,PEC,07/18/2025,10/17/2025,planned
Mattameade Tech Campus - Spotsylvania,Stonewall Jackson Road just east of the Mudd Tavern,Woodford,VA,22580.0,Caroline,38.114647,-77.49115,Proposed,Medium,Amazon,,Hyperscale (100-999 MW),"4,500,000",916.0,Unknown,"PEC, Media Monitoring",04/10/2024,10/17/2025,planned
Blue Fern Data Center,off Saddleback Dr,Cle Elum,WA,98922.0,Kittitas,47.200222,-120.970375,Proposed,High,Blue Fern,20,Medium (11-50 MW),"100,000",75.0,Yes,Media Monitoring,08/17/2026,08/17/2026,planned
Sabey Data Centers - Columbia,4405 Grant Rd,East Wenatchee,WA,98802.0,Douglas,47.4067,-120.187,Operating,High,,,,,,Unknown,Media Monitoring,08/14/2025,08/14/2025,operating
Equinix Data Center,6906 S 204th St,Kent,WA,98032.0,King,47.42195,-122.247,Operating,High,,,,,,Unknown,Media Monitoring,08/14/2025,08/14/2025,operating
TierPoint - Spokane Data Center (SPO03),23017 E Mission Ave,Liberty Lake,WA,99019.0,Spokane,47.67205,-117.096,Operating,High,,,,,,Unknown,Media Monitoring,08/14/2025,08/14/2025,operating
Csquare Seattle Data Center,17300 Hwy 99,Lynnwood,WA,98037.0,Snohomish,47.84165,-122.302,Operating,High,,,,,,Unknown,Media Monitoring,08/14/2025,08/14/2025,operating
Digital Fortress Data Center,4200 194th St SW,Lynnwood,WA,98036.0,Snohomish,47.82266,-122.289,Operating,High,,,,,,Unknown,Media Monitoring,08/14/2025,08/14/2025,operating
Microsoft Malaga Campus,5375 Malaga Alcoa Hwy,Malaga,WA,98828.0,Chelan,47.3591,-120.159,Operating,High,Microsoft,,,,103.0,Unknown,Media Monitoring,06/19/2025,06/19/2025,operating
Keel Infrastucture Grant Node Data Center,7906 Randolph Rd NE,Moses Lake,WA,98837.0,Grant,47.19689,-119.293205,Approved/Permitted/Under construction,High,Keel Infrastructure,18,Medium (11-50 MW),"60,000",6.0,Unknown,Media Monitoring,11/17/2025,08/20/2026,planned
State Data Center,1500 Jefferson St SE,Olympia,WA,98504.0,Thurston,47.03483,-122.895,Operating,High,,,,,,Unknown,Media Monitoring,08/14/2025,08/14/2025,operating
North Olympic Peninsula Data Centers,213 W Patison St B,Port Hadlock-Irondale,WA,98339.0,Jefferson,48.04007,-122.785,Operating,High,,,,,,Unknown,Media Monitoring,08/14/2025,08/14/2025,operating
CyrusOne Quincy,1025 D St NW,Quincy,WA,98848.0,Grant,47.24391,-119.87,Operating,High,CyrusOne,,,,,Unknown,Media Monitoring,08/14/2025,08/14/2025,operating
H5 Data Center,1500 M Street NE,Quincy,WA,98848.0,Grant,47.247917,-119.82491,Operating,High,H5 Data Centers,82,Large (51-99 MW),"452,300",63.0,Unknown,Media Monitoring,08/14/2025,11/14/2025,operating
Vantage Data Center,2101 M St NE,Quincy,WA,98848.0,Grant,47.24988,-119.814,Operating,High,,,,,,Unknown,Media Monitoring,08/14/2025,08/14/2025,operating
Atlas Agro,2100 Horn Rapids Rd,Richland,WA,99354.0,Benton,46.355118,-119.3108,Proposed,High,,,Hyperscale (100-999 MW),"2,500,000",275.0,Unknown,Media Monitoring,12/08/2025,12/08/2025,planned
Digital Fortress Seattle Data Center,12101 Tukwila International Blvd,Seattle,WA,98168.0,King,47.49397,-122.294,Operating,High,,,,,,Unknown,Media Monitoring,08/14/2025,08/14/2025,operating
Digital Reality Data Center,301 Virginia Street/1930 3rd Ave,Seattle,WA,98101.0,King,47.61257,-122.340096,Proposed,High,Digital Reality,,Small (0-10 MW),"58,000",,Unknown,Media Monitoring,06/11/2026,06/11/2026,planned
Digital Reality Data Center,2001 6th Ave,Seattle,WA,98121.0,King,47.614384,-122.33889,Operating,High,Digital Reality,13,Medium (11-50 MW),"400,400",,Unknown,Media Monitoring,06/11/2026,06/11/2026,operating
H5 Data Centers,1000 Denny Wy,Seattle,WA,98109.0,King,47.61901,-122.337,Operating,High,,,,,,Unknown,Media Monitoring,08/14/2025,08/14/2025,operating
Seattle EdgeConneX Edge Data Center,"3425 S 116th Street, Building 6, Suite 133",Seattle,WA,98168.0,King,47.49822,-122.29,Operating,High,EdgeConnex,4.5,Small (0-10 MW),"47,000",,Unknown,Media Monitoring,08/04/2025,08/04/2025,operating
Starbucks Data Center,2401 Utah Ave S,Seattle,WA,98134.0,King,47.580997,-122.335686,Proposed,High,Starbucks,20,Medium (11-50 MW),"20,000",,Unknown,Media Monitoring,06/24/2026,06/24/2026,planned
TierPoint - Seattle Data Center,100 4th Ave N #400,Seattle,WA,98109.0,King,47.61893,-122.349,Operating,High,,,,,,Unknown,Media Monitoring,08/14/2025,08/14/2025,operating
Csquare Seattle SEA2-A Data Center,6101 S 180th St,Tukwila,WA,98188.0,King,47.44046,-122.256,Operating,High,,,,,,Unknown,Media Monitoring,08/14/2025,08/14/2025,operating
Beaver Dam Meta Data Center,8715–8773 County Road A,Beaver Dam,WI,53916.0,Dodge,43.51469,-88.8214,Approved/Permitted/Under construction,Medium,Meta,,Hyperscale (100-999 MW),"700,000",520.0,Yes,Media Monitoring,05/28/2025,05/20/2026,planned
Edge Data Center,Hwy 151 and Hemlock Rd,Beaver Dam,WI,53916.0,Dodge,43.502884,-88.8095,Proposed,Medium,,,,"90,000",13.0,Unknown,Media Monitoring,03/04/2026,03/04/2026,planned
Meta Data Center,"between Town Line Rd, South Prairie Ave, and East Philhower Rd",Beloit,WI,53511.0,Rock,42.57651,-88.99512,Proposed,High,Meta,,,,430.0,Yes,Media Monitoring,03/14/2026,03/14/2026,planned
Carlton Cloverleaf Data Center,,Carlton,WI,54216.0,Kewaunee,44.42317,-87.53463,Cancelled,Medium,Cloverleaf,100,Hyperscale (100-999 MW),,800.0,Yes,Media Monitoring,02/16/2026,02/16/2026,stalled
Driftless Area Data Center,,Cassville,WI,53806.0,Grant,42.725117,-90.98868,Cancelled,Medium,,400,Hyperscale (100-999 MW),,500.0,Yes,Media Monitoring,06/28/2026,06/28/2026,stalled
DeForest QTS Data Center,,DeForest,WI,53532.0,Dane,43.231842,-89.33042,Cancelled,Medium,,,Hyperscale (100-999 MW),,1400.0,Yes,Media Monitoring,11/03/2025,02/06/2026,stalled
Expedient Milwaukee (MKE1) Data Center,4777 W Ironwood,Franklin,WI,53132.0,Milwaukee,42.86316,-87.9779,Operating,High,,1.6,Small (0-10 MW),"27,000",,Unknown,Media Monitoring,09/02/2025,09/02/2025,operating
Fredonia Data Center,"near 117 Meadowlark Rd, Fredonia, WI 53021",Fredonia,WI,53074.0,Ozaukee,43.45566,-87.9353,Proposed,High,,,,,,Unknown,Media Monitoring,05/14/2025,05/14/2025,planned
Cloverleaf Data Center,"West of Hwy 57, south of Mallard Rd",Greenleaf,WI,54126.0,Brown,44.32815,-88.110405,Cancelled,Medium,,,,,500.0,Yes,Media Monitoring,01/06/2026,01/14/2026,stalled
Janesville Data Center,1000 General Motors Dr,Janesville,WI,53546.0,Rock,42.65851,-89.0211,Proposed,High,,25-200,Hyperscale (100-999 MW),"4,800,000",240.0,Yes,Media Monitoring,07/22/2025,02/11/2026,planned
Project Cornmaze,,Janesville,WI,53546.0,Rock,42.57651,-88.999855,Proposed,High," Cambrin LLC., Meta?",,,,430.0,Yes,Media Monitoring,06/11/2026,06/11/2026,planned
Kenosha Microsoft Data Center,12990 Burlington Rd,Kenosha,WI,53144.0,Kenosha,42.62348,-87.9679,Proposed,High,Microsoft,,Hyperscale (100-999 MW),"1,000,000",240.0,Yes,Media Monitoring,05/24/2025,03/16/2026,planned
AFS Milwaukee Midtown Data Center,5825 W. Hope Ave,Milwaukee,WI,53216.0,Milwaukee,43.09332,-87.9846,Cancelled,High,,,,"19,000",,Unknown,Media Monitoring,05/12/2026,07/11/2026,stalled
Microsoft Fairwater Data Center,90th St and County Rd KR,Mount Pleasant,WI,53177.0,Racine,42.68015,-87.90021,Operating,High,Microsoft,"450-3,300","Mega campus (>1,000 MW)","1,200,000",315.0,Unknown,Media Monitoring,09/16/2025,06/24/2026,operating
Vantage Data Centers Lighthouse Campus,Between Lake and Dixie Rds,Port Washington,WI,53074.0,Ozaukee,43.44933,-87.8525,Approved/Permitted/Under construction,Medium,Vantage Data Centers/Open AI/Oracle/ Cloverleaf Infrastructure,"1,300-3,599","Mega campus (>1,000 MW)",,2000.0,Yes,Media Monitoring,08/06/2025,07/14/2026,planned
Caledonia Data Center,8676-8642 WI-32,Racine/ Caledonia,WI,53402.0,Racine,42.83487,-87.8458,Suspended,Medium,Microsoft,,,,244.0,Yes,Media Monitoring,08/01/2025,03/16/2026,stalled
Menomonie Data Center,Between 650th and 690th Ave,Red Cedar/ Elk Mound,WI,54751.0,Dunn,44.92341,-91.8447,Suspended,Medium,,,Hyperscale (100-999 MW),,324.0,Yes,Crowdsourced,09/23/2025,08/27/2026,stalled
Microsoft Fairwater Campus,11508 Braun Rd,Sturtevant,WI,53178.0,Racine,42.68763,-87.9269,Proposed,High,Microsoft,,,"4,400,000",791.0,Unknown,Media Monitoring,09/19/2025,09/19/2025,planned
Microsoft International Drive Campus,12721 Louis Sorenson Rd,Sturtevant,WI,53177.0,Racine,42.70384,-87.9382,Proposed,High,Microsoft,,,,230.0,Unknown,Media Monitoring,09/20/2025,09/20/2025,planned
Digital Power Optimization,west of Hwy 34 near water quality plant,Wisconsin Rapids,WI,94495.0,Wood,44.41945,-89.8253,Cancelled,Medium,,20,Medium (11-50 MW),,15.0,Unknown,Media Monitoring,07/24/2025,07/24/2025,stalled
Google Buffalo Data Center,Charleston Rd,Buffalo,WV,25033.0,Putnam,38.635235,-81.96641,Proposed,Medium,Google,,,,1700.0,Unknown,Media Monitoring,03/28/2026,03/28/2026,planned
Ridgeline Microgrid,"Off of US-48, near the City of Thomas",Davis,WV,26260.0,Tucker,39.13851,-79.4867,Approved/Permitted/Under construction,Medium,Fundamental Data LLC,"1,656","Mega campus (>1,000 MW)",,10000.0,Yes,Crowdsourced,08/24/2025,12/08/2025,planned
Hog Lick Aggregates,Hoglick Hollow Run,Fairmont,WV,26554.0,Marion,39.420273,-80.213455,Proposed,High,Hog Lick Aggregates,200,Hyperscale (100-999 MW),"3,220,000",277.0,Unknown,Crowdsourced,05/11/2026,05/11/2026,planned
NOAA Environmental Security Computing Center,"NASA Blvd, I-79 Technology Park",Fairmont,WV,26554.0,Marion,39.430576,-80.196,Proposed,Medium,,,,,,Unknown,Crowdsourced,05/11/2026,05/11/2026,planned
Adams Fork Harless Data Center,Off Twentytwo Mine Rd,Holden,WV,25625.0,Mingo,37.75417,-82.1179,Proposed,High,"TransGas Development, LLC",2398.5,"Mega campus (>1,000 MW)",,,Yes,Crowdsourced,08/05/2025,04/22/2026,planned
Alpha Technologies Data Center,1125 6th Ave,Huntington,WV,25701.0,Cabell,38.41845,-82.4386,Approved/Permitted/Under construction,High,,,,"60,000",,Unknown,Media Monitoring,08/05/2025,08/05/2025,planned
QTS Kearneysville Data Center,between Route 115 and CSX railroad,Kearneysville,WV,25438.0,Jefferson,39.33659,-77.85235,Proposed,Medium,QTS Data Centers,,,,90.0,Unknown,Other,11/24/2025,11/24/2025,planned
Penzance Management,near Bedington and Berkeley Station Rds,Martinsburg,WV,25404.0,Berkeley,39.526875,-77.89455,Proposed,Medium,,600,Hyperscale (100-999 MW),"1,900,000",548.0,Unknown,Media Monitoring,03/14/2026,03/14/2026,planned
NETL’s Computational Science & Engineering Center,3610 Collins Ferry Rd,Morgantown,WV,26505.0,Monongalia,39.67102,-79.975006,Approved/Permitted/Under construction,High,National Energy Technology Laboratory,,,,50.0,Unknown,Other,11/24/2025,11/24/2025,planned
Mountaineer Gigasystem/ Monarch Cloud Campus,Airport Rd and Hwy 62,Point Pleasant,WV,25550.0,Mason,38.9132,-82.1103,Proposed,High,Fidelis/Nscale,2000-8000,"Mega campus (>1,000 MW)",,2250.0,Unknown,Crowdsourced,08/05/2025,04/22/2026,planned
Adams Fork Wharncliffe Data Center,2002 Twisted Gun Rd,Wharncliffe,WV,25651.0,Mingo,37.59904,-81.9545,Proposed,High,"TransGas Development, LLC",2398.5,"Mega campus (>1,000 MW)",,,Yes,Crowdsourced,08/04/2025,04/22/2026,planned
Stokes Data Center,74 Warwood Ave,Wheeling,WV,26003.0,Ohio,40.101234,-80.70349,Proposed,High,,100,Hyperscale (100-999 MW),"60,000",15.0,Unknown,Media Monitoring,06/24/2026,06/24/2026,planned
Meta Data Center,High Plains Business Park,Cheyenne,WY,82007.0,Laramie,41.08515,-104.833,Proposed,Medium,Meta,,,"800,000",945.0,Unknown,Media Monitoring,08/11/2025,08/11/2025,planned
Microsoft Azure Data Center,644 Logistics Dr,Cheyenne,WY,82009.0,Laramie,41.12372,-104.901,Approved/Permitted/Under construction,High,Microsoft,,,,,Unknown,Media Monitoring,08/11/2025,08/11/2025,planned
Microsoft Cheyenne Data Center,Near Wapiti Trail,Cheyenne,WY,82007.0,Laramie,41.06447,-104.77278,Proposed,Medium,Microsoft,,Hyperscale (100-999 MW),,3200.0,Unknown,Media Monitoring,04/15/2026,04/15/2026,planned
Project Tembo/ now Project Braid,"Switchgrass Industrial Park, west of I-85. 2 miles south of Terry Ranch Rd",Cheyenne,WY,82007.0,Laramie,41.031693,-104.7964,Suspended,High,Google,"10,000","Mega campus (>1,000 MW)",,1375.0,Yes,Crowdsourced,12/08/2025,09/10/2026,stalled
Related Digital Cheyenne Data Center,"Cheyenne Business Parkway, Campstool Rd, north side of I-80",Cheyenne,WY,82007.0,Laramie,41.137573,-104.71874,Proposed,Medium,Related Digital/CoreWeave,250,Hyperscale (100-999 MW),,113.0,Unknown,Crowdsourced,12/08/2025,12/08/2025,planned
Wyoming Hyperscale Whitebox,north face of Aspen Mountain,Evanston,WY,82930.0,Uinta,41.18535,-110.7719,Approved/Permitted/Under construction,Medium,Prometheus Hyperscale,"1,250","Mega campus (>1,000 MW)",,506.0,Unknown,Media Monitoring,06/22/2026,06/22/2026,planned
