Utility ID,Utility Name,Plant Code,Plant Name,State,County,Generator ID,Technology,Prime Mover,Unit Code,Ownership,Duct Burners,Can Bypass Heat Recovery Steam Generator?,RTO/ISO LMP Node Designation,RTO/ISO Location Designation for Reporting Wholesale Sales Data to FERC,Nameplate Capacity (MW),Nameplate Power Factor,Summer Capacity (MW),Winter Capacity (MW),Status,Effective Month,Effective Year,Current Month,Current Year,Associated with Combined Heat and Power System,Sector Name,Sector,Previously Canceled,Energy Source 1,Energy Source 2,Energy Source 3,Energy Source 4,Energy Source 5,Energy Source 6,Turbines or Hydrokinetic Buoys,Fluidized Bed Technology?,Pulverized Coal Technology?,Stoker Technology?,Other Combustion Technology?,Subcritical Technology?,Supercritical Technology?,Ultrasupercritical Technology?,Solid Fuel Gasification System?,Carbon Capture Technology?,Multiple Fuels?,Switch Between Oil and Natural Gas?,Cofire Fuels?
189,PowerSouth Energy Cooperative,56,Lowman Energy Center,AL,Washington,LEC3,Natural Gas Fired Combustion Turbine,GT,,S,X,X,,,438,0.85,409,448,L,11,2029,11,2029,N,Electric Utility,1,N,NG,,,,,, ,,,,,,,,,,N,,
7490,Grand River Dam Authority,165,GREC,OK,Mayes,4,Natural Gas Fired Combustion Turbine,GT,,S,X,X,,,594,0.9,416,436,V,4,2026,9,2026,,Electric Utility,1,N,NG,,,,,, ,,,,,,,,,,N,,
807,Arkansas Electric Coop Corp,201,Thomas Fitzhugh,AR,Franklin,3,Natural Gas Fired Combustion Turbine,GT,,S,X,X,AECC_FITZHUGH,SWPP,71.2,0.85,46.5,46.5,V,11,2025,5,2026,,Electric Utility,1,N,NG,DFO,,,,, ,,,,,,,,,,Y,Y,Y
807,Arkansas Electric Coop Corp,201,Thomas Fitzhugh,AR,Franklin,4,Natural Gas Fired Combustion Turbine,GT,,S,X,X,AECC_FITZHUGH,SWPP,69.3,0.85,46.5,46.5,V,11,2025,9,2026,,Electric Utility,1,N,NG,DFO,,,,, ,,,,,,,,,,Y,Y,Y
7294,City of Glendale - (CA),377,Grayson,CA,Los Angeles,10,Batteries,BA,,S,X,X,,,75, ,75,75,V,9,2026,11,2026,,Electric Utility,1,N,MWH,,,,,, ,,,,,,,,,,,,
7294,City of Glendale - (CA),377,Grayson,CA,Los Angeles,11,Natural Gas Internal Combustion Engine,IC,,S,X,X,,,18.8,0.8,18.4,18.4,V,9,2026,11,2026,,Electric Utility,1,N,NG,,,,,, ,,,,,,,,,,N,,
7294,City of Glendale - (CA),377,Grayson,CA,Los Angeles,12,Natural Gas Internal Combustion Engine,IC,,S,X,X,,,18.8,0.8,18.4,18.4,V,9,2026,11,2026,,Electric Utility,1,N,NG,,,,,, ,,,,,,,,,,N,,
7294,City of Glendale - (CA),377,Grayson,CA,Los Angeles,13,Natural Gas Internal Combustion Engine,IC,,S,X,X,,,18.8,0.8,18.4,18.4,V,9,2026,11,2026,,Electric Utility,1,N,NG,,,,,, ,,,,,,,,,,N,,
9216,Imperial Irrigation District,389,El Centro Hybrid,CA,Imperial,RICE1,Natural Gas Internal Combustion Engine,IC,,S,X,X,,,18.8,0.8,18.6,18.8,P,9,2029,9,2029,,Electric Utility,1,N,NG,,,,,, ,,,,,,,,,,N,,
9216,Imperial Irrigation District,389,El Centro Hybrid,CA,Imperial,RICE2,Natural Gas Internal Combustion Engine,IC,,S,X,X,,,18.8,0.8,18.6,18.8,P,9,2029,9,2029,,Electric Utility,1,N,NG,,,,,, ,,,,,,,,,,N,,
9216,Imperial Irrigation District,389,El Centro Hybrid,CA,Imperial,RICE3,Natural Gas Internal Combustion Engine,IC,,S,X,X,,,18.8,0.8,18.6,18.8,P,9,2029,9,2029,,Electric Utility,1,N,NG,,,,,, ,,,,,,,,,,N,,
9216,Imperial Irrigation District,389,El Centro Hybrid,CA,Imperial,RICE4,Natural Gas Internal Combustion Engine,IC,,S,X,X,,,18.8,0.8,18.6,18.8,P,9,2029,9,2029,,Electric Utility,1,N,NG,,,,,, ,,,,,,,,,,N,,
9216,Imperial Irrigation District,389,El Centro Hybrid,CA,Imperial,RICE5,Natural Gas Internal Combustion Engine,IC,,S,X,X,,,18.8,0.8,18.6,18.8,P,9,2029,9,2029,,Electric Utility,1,N,NG,,,,,, ,,,,,,,,,,N,,
9216,Imperial Irrigation District,389,El Centro Hybrid,CA,Imperial,RICE6,Natural Gas Internal Combustion Engine,IC,,S,X,X,,,18.8,0.8,18.6,18.8,P,9,2029,9,2029,,Electric Utility,1,N,NG,,,,,, ,,,,,,,,,,N,,
7140,Georgia Power Co,708,Hammond,GA,Floyd,5,Batteries,BA,,S,X,X,,,57.5, ,57.5,57.5,U,9,2026,9,2026,,Electric Utility,1,N,MWH,,,,,, ,,,,,,,,,,,,
7140,Georgia Power Co,728,Yates,GA,Coweta,10,Natural Gas Fired Combustion Turbine,GT,,S,X,X,,,482.8,0.85,418.4,441.5,P,12,2027,12,2027,,Electric Utility,1,N,NG,DFO,,,,, ,,,,,,,,,,Y,,
7140,Georgia Power Co,728,Yates,GA,Coweta,8,Natural Gas Fired Combustion Turbine,GT,,S,X,X,,,482.8,0.85,418.4,441.5,P,12,2026,2,2027,,Electric Utility,1,N,NG,DFO,,,,, ,,,,,,,,,N,Y,,
7140,Georgia Power Co,728,Yates,GA,Coweta,9,Natural Gas Fired Combustion Turbine,GT,,S,X,X,,,482.8,0.85,418.4,441.5,P,12,2027,12,2027,,Electric Utility,1,N,NG,DFO,,,,, ,,,,,,,,,,Y,,
2634,City of Bushnell - (IL),935,Bushnell,IL,McDonough,8,Petroleum Liquids,IC,,S,X,X,,,2.5,0.8,2.5,2.5,L,9,2026,6,2027,N,Electric Utility,1,N,DFO,,,,,, ,,,,,,,,,,N,N,
20180,City of Waterloo - (IL),971,Waterloo,IL,Monroe,14,Natural Gas Fired Combustion Turbine,GT,,S,X,X,,,8,0.99,7.5,8,TS,12,2025,1,2026,,Electric Utility,1,N,NG,DFO,,,,, ,,,,,,,,,N,Y,,
59774,Crawfordsville Energy LLC,1024,Crawfordsville Power Plant,IN,Montgomery,8,Natural Gas Fired Combined Cycle,CS,,S,N,N,,,16.3,0.85,16.3,16.3,T,1,2025,3,2027,N,IPP Non-CHP,2,N,NG,,,,,, ,,,,,,,,,,N,N,N
13143,Board of Water Electric & Communications,1167,Muscatine Plant #1,IA,Muscatine,10,Natural Gas Fired Combustion Turbine,GT,,S,X,X,,,35,0.85,32.6,40,T,6,2027,9,2027,Y,Electric Utility,1,N,NG,,,,,, ,,,,,,,,,N,N,N,N
5860,Empire District Electric Co,1239,Riverton,KS,Cherokee,13,Natural Gas Fired Combustion Turbine,GT,,S,X,X,,,13.6,0.8,13.6,13.6,U,10,2026,8,2026,,Electric Utility,1,N,NG,JF,,,,, ,,,,,,,,,,Y,Y,N
5860,Empire District Electric Co,1239,Riverton,KS,Cherokee,14,Natural Gas Fired Combustion Turbine,GT,,S,X,X,,,13.6,0.8,13.6,13.6,U,10,2026,8,2026,,Electric Utility,1,N,NG,JF,,,,, ,,,,,,,,,,Y,Y,N
1512,City of Belleville - (KS),1263,Belleville,KS,Republic,7A,Petroleum Liquids,IC,,S,X,X,,,3,0.8,3,3,P,1,2028,1,2028,,Electric Utility,1,N,DFO,,,,,, ,,,,,,,,,,N,,N
1512,City of Belleville - (KS),1263,Belleville,KS,Republic,9,Petroleum Liquids,IC,,S,X,X,,,3,0.8,3,3,U,1,2025,3,2027,,Electric Utility,1,N,DFO,,,,,, ,,,,,,,,,,N,,N
3355,City of Chanute (KS),1267,Chanute 1,KS,Neosho,15,Petroleum Liquids,IC,,S,X,X,,,2.2,0.8,2,2,L,8,2026,11,2026,N,Electric Utility,1,N,DFO,,,,,, ,,,,,,,,,,N,N,N
3355,City of Chanute (KS),1267,Chanute 1,KS,Neosho,16,Petroleum Liquids,IC,,S,X,X,,,2.2,0.8,2,2,L,8,2026,11,2026,N,Electric Utility,1,N,DFO,,,,,, ,,,,,,,,,,N,N,N
3355,City of Chanute (KS),1267,Chanute 1,KS,Neosho,17,Petroleum Liquids,IC,,S,X,X,,,2.2,0.8,2,2,L,8,2026,11,2026,N,Electric Utility,1,N,DFO,,,,,, ,,,,,,,,,,N,N,N
9418,City of Iola - (KS),1291,Iola,KS,Allen,17,Petroleum Liquids,IC,,S,X,X,,,2,1,2,2,P,7,2026,10,2026,N,Electric Utility,1,N,DFO,,,,,, ,,,,,,,,,,N,,
9418,City of Iola - (KS),1291,Iola,KS,Allen,18,Petroleum Liquids,IC,,S,X,X,,,2,1,2,2,P,7,2026,10,2026,N,Electric Utility,1,N,DFO,,,,,, ,,,,,,,,,,N,,
9418,City of Iola - (KS),1291,Iola,KS,Allen,19,Petroleum Liquids,IC,,S,X,X,,,2,1,2,2,P,7,2026,10,2026,N,Electric Utility,1,N,DFO,,,,,, ,,,,,,,,,,N,,
9418,City of Iola - (KS),1291,Iola,KS,Allen,20,Petroleum Liquids,IC,,S,X,X,,,2,1,2,2,P,7,2026,10,2026,N,Electric Utility,1,N,DFO,,,,,, ,,,,,,,,,,N,,
14199,City of Osage City - (KS),1313,Osage City,KS,Osage,11,Petroleum Liquids,IC,,S,X,X,WROSAGE-3LD2,WROSAGE-3LD2,2,0.8,1.9,2,V,1,2026,6,2026,N,Electric Utility,1,,DFO,,,,,, ,,,,,,,,,,N,N,N
14199,City of Osage City - (KS),1313,Osage City,KS,Osage,12,Petroleum Liquids,IC,,S,X,X,WROSAGE-3LD2,WROSAGE-3LD2,2,0.8,1.9,2,V,1,2026,6,2026,N,Electric Utility,1,,DFO,,,,,, ,,,,,,,,,,N,N,N
20069,City of Wamego - (KS),1328,Wamego,KS,Pottawatomie,G10,Petroleum Liquids,IC,,S,X,X,,,3,0.8,3,3,U,6,2026,8,2026,,Electric Utility,1,N,DFO,,,,,, ,,,,,,,,,,N,N,N
20069,City of Wamego - (KS),1328,Wamego,KS,Pottawatomie,G11,Petroleum Liquids,IC,,S,X,X,,,3,0.8,3,3,U,6,2026,8,2026,,Electric Utility,1,N,DFO,,,,,, ,,,,,,,,,,N,N,N
20069,City of Wamego - (KS),1328,Wamego,KS,Pottawatomie,G12,Petroleum Liquids,IC,,S,X,X,,,3,0.8,3,3,U,6,2026,8,2026,,Electric Utility,1,N,DFO,,,,,, ,,,,,,,,,,N,N,N
10171,Kentucky Utilities Co,1355,E W Brown,KY,Mercer,BESS,Batteries,BA,,W,X,X,,,125,0.95,125,125,U,1,2027,5,2027,,Electric Utility,1,N,MWH,,,,,, ,,,,,,,,,,,,
11249,Louisville Gas & Electric Co,1364,Mill Creek (KY),KY,Jefferson,5,Natural Gas Fired Combined Cycle,CS,,J,Y,N,,,740,0.85,645,660,U,6,2027,6,2027,N,Electric Utility,1,N,NG,,,,,, ,,,,,,,,,,U,,
7570,Great River Energy,2038,Cambridge CT Hybrid,MN,Isanti,BA1,Batteries,BA,,S,X,X,,,0.8, ,0.8,0.8,U,9,2023,12,2026,,Electric Utility,1,N,MWH,,,,,, ,,,,,,,,,,,,
17833,City Utilities of Springfield - (MO),2161,James River Power Station,MO,Greene,BAT1,Batteries,BA,,S,X,X,,,31, ,31,31,U,1,2027,1,2027,,Electric Utility,1,N,MWH,,,,,, ,,,,,,,,,,,,
13902,NorthWestern Energy (MT Hydro),2185,Hauser,MT,Lewis and Clark,HAU12,Conventional Hydroelectric,HY,,S,X,X,,,3.5,0.9,3.5,3.5,P,6,2026,12,2029,,Electric Utility,1,N,WAT,,,,,, ,,,,,,,,,,,,
13902,NorthWestern Energy (MT Hydro),2185,Hauser,MT,Lewis and Clark,HAU9,Conventional Hydroelectric,HY,,S,X,X,,,3.5,0.9,3.5,3.5,P,6,2028,6,2028,,Electric Utility,1,N,WAT,,,,,, ,,,,,,,,,,,,
18525,City of Tecumseh - (NE),2308,Tecumseh,NE,Johnson,6,Petroleum Liquids,IC,,S,X,X,,,2.1,0.8,2.1,2.1,T,8,2027,8,2027,N,Electric Utility,1,N,DFO,,,,,, ,,,,,,,,,,N,,
18525,City of Tecumseh - (NE),2308,Tecumseh,NE,Johnson,7,Petroleum Liquids,IC,,S,X,X,,,2.1,0.8,2.1,2.1,T,8,2027,8,2027,N,Electric Utility,1,N,DFO,,,,,, ,,,,,,,,,,N,,
20880,City of Wisner (NE),2316,Wisner,NE,Cuming,6,Petroleum Liquids,IC,,S,X,X,,,1.5,0.9,1.5,1.5,P,1,2026,12,2026,N,Electric Utility,1,N,DFO,,,,,, ,,,,,,,,,,N,,
6775,Village of Freeport - (NY),2678,Plant No 1 Freeport,NY,Nassau,ENG13,Landfill Gas,IC,,S,X,X,,,3,0.8,3,3,U,1,2021,12,2026,,Electric Utility,1,N,LFG,,,,,, ,,,,,,,,,,N,,
14063,Oklahoma Gas & Electric Co,2951,Horseshoe Lake,OK,Oklahoma,11,Natural Gas Fired Combustion Turbine,GT,,S,X,X,,,224,0.85,224,224,V,10,2026,10,2026,,Electric Utility,1,,NG,,,,,, ,,,,,,,,,,N,,
14063,Oklahoma Gas & Electric Co,2951,Horseshoe Lake,OK,Oklahoma,12,Natural Gas Fired Combustion Turbine,GT,,S,X,X,,,224,0.85,224,224,V,10,2026,10,2026,,Electric Utility,1,,NG,,,,,, ,,,,,,,,,,N,,
14063,Oklahoma Gas & Electric Co,2951,Horseshoe Lake,OK,Oklahoma,13,Natural Gas Fired Combustion Turbine,GT,,S,X,X,,,224,0.85,224,224,T,2,2029,2,2029,,Electric Utility,1,N,NG,,,,,, ,,,,,,,,,,N,,
14063,Oklahoma Gas & Electric Co,2951,Horseshoe Lake,OK,Oklahoma,14,Natural Gas Fired Combustion Turbine,GT,,S,X,X,,,224,0.85,224,224,T,2,2029,2,2029,,Electric Utility,1,N,NG,,,,,, ,,,,,,,,,,N,,
58615,"Homer City Generation, L.P.",3122,Homer City Generating Station,PA,Indiana,CA1,Natural Gas Fired Combined Cycle,CA,1,S,Y,X,,,268,0.85,268,268,P,11,2029,11,2029,,IPP Non-CHP,2,N,NG,,,,,, ,,,,,,,,,,N,,
58615,"Homer City Generation, L.P.",3122,Homer City Generating Station,PA,Indiana,CA2,Natural Gas Fired Combined Cycle,CA,2,S,Y,X,,,268,0.85,268,268,P,11,2028,11,2028,,IPP Non-CHP,2,N,NG,,,,,, ,,,,,,,,,,N,,
58615,"Homer City Generation, L.P.",3122,Homer City Generating Station,PA,Indiana,CA3,Natural Gas Fired Combined Cycle,CA,3,S,Y,X,,,268,0.85,268,268,P,11,2028,11,2028,,IPP Non-CHP,2,N,NG,,,,,, ,,,,,,,,,,N,,
58615,"Homer City Generation, L.P.",3122,Homer City Generating Station,PA,Indiana,CA4,Natural Gas Fired Combined Cycle,CA,4,S,Y,X,,,268,0.85,268,268,P,7,2029,7,2029,,IPP Non-CHP,2,N,NG,,,,,, ,,,,,,,,,,N,,
58615,"Homer City Generation, L.P.",3122,Homer City Generating Station,PA,Indiana,CA5,Natural Gas Fired Combined Cycle,CA,5,S,Y,X,,,268,0.85,268,268,P,7,2028,7,2028,,IPP Non-CHP,2,N,NG,,,,,, ,,,,,,,,,,N,,
58615,"Homer City Generation, L.P.",3122,Homer City Generating Station,PA,Indiana,CA6,Natural Gas Fired Combined Cycle,CA,6,S,Y,X,,,268,0.85,268,268,P,7,2028,7,2028,,IPP Non-CHP,2,N,NG,,,,,, ,,,,,,,,,,N,,
58615,"Homer City Generation, L.P.",3122,Homer City Generating Station,PA,Indiana,CA7,Natural Gas Fired Combined Cycle,CA,7,S,Y,X,,,268,0.85,268,268,P,3,2029,3,2029,,IPP Non-CHP,2,N,NG,,,,,, ,,,,,,,,,,N,,
58615,"Homer City Generation, L.P.",3122,Homer City Generating Station,PA,Indiana,CT1,Natural Gas Fired Combined Cycle,CT,1,S,X,N,,,360,0.85,360,360,P,11,2029,11,2029,,IPP Non-CHP,2,N,NG,,,,,, ,,,,,,,,,,N,,
58615,"Homer City Generation, L.P.",3122,Homer City Generating Station,PA,Indiana,CT2,Natural Gas Fired Combined Cycle,CT,2,S,X,N,,,360,0.85,360,360,P,11,2028,11,2028,,IPP Non-CHP,2,N,NG,,,,,, ,,,,,,,,,,N,,
58615,"Homer City Generation, L.P.",3122,Homer City Generating Station,PA,Indiana,CT3,Natural Gas Fired Combined Cycle,CT,3,S,X,N,,,360,0.85,360,360,P,11,2028,11,2028,,IPP Non-CHP,2,N,NG,,,,,, ,,,,,,,,,,N,,
58615,"Homer City Generation, L.P.",3122,Homer City Generating Station,PA,Indiana,CT4,Natural Gas Fired Combined Cycle,CT,4,S,X,N,,,360,0.85,360,360,P,7,2029,7,2029,,IPP Non-CHP,2,N,NG,,,,,, ,,,,,,,,,,N,,
58615,"Homer City Generation, L.P.",3122,Homer City Generating Station,PA,Indiana,CT5,Natural Gas Fired Combined Cycle,CT,5,S,X,N,,,360,0.85,360,360,P,7,2028,7,2028,,IPP Non-CHP,2,N,NG,,,,,, ,,,,,,,,,,N,,
58615,"Homer City Generation, L.P.",3122,Homer City Generating Station,PA,Indiana,CT6,Natural Gas Fired Combined Cycle,CT,6,S,X,N,,,360,0.85,360,360,P,7,2028,7,2028,,IPP Non-CHP,2,N,NG,,,,,, ,,,,,,,,,,N,,
58615,"Homer City Generation, L.P.",3122,Homer City Generating Station,PA,Indiana,CT7,Natural Gas Fired Combined Cycle,CT,7,S,X,N,,,360,0.85,360,360,P,3,2029,3,2029,,IPP Non-CHP,2,N,NG,,,,,, ,,,,,,,,,,N,,
13809,NorthWestern Energy - (SD),3338,Aberdeen CT,SD,Brown,3,Natural Gas Fired Combustion Turbine,GT,,S,X,X,SPP,MRO,16,0.9,15,15,P,10,2026,10,2026,,Electric Utility,1,N,NG,,,,,, ,,,,,,,,,,N,,
13809,NorthWestern Energy - (SD),3338,Aberdeen CT,SD,Brown,4,Natural Gas Fired Combustion Turbine,GT,,S,X,X,SPP,MRO,16,0.9,15,15,P,10,2026,10,2026,,Electric Utility,1,N,NG,,,,,, ,,,,,,,,,,N,,
18642,Tennessee Valley Authority,3399,Cumberland (TN),TN,Stewart,CTG1,Natural Gas Fired Combined Cycle,CT,1,S,X,Y,,,454.8,0.85,372.9,409.3,U,12,2026,12,2034,,Electric Utility,1,N,NG,,,,,, ,,,,,,,,,,N,,
18642,Tennessee Valley Authority,3399,Cumberland (TN),TN,Stewart,CTG2,Natural Gas Fired Combined Cycle,CT,2,S,X,Y,,,454.8,0.85,372.9,409.3,P,1,2029,1,2029,,Electric Utility,1,N,NG,,,,,, ,,,,,,,,,,N,,
18642,Tennessee Valley Authority,3399,Cumberland (TN),TN,Stewart,STG1,Natural Gas Fired Combined Cycle,CA,1,S,Y,X,,,323,0.85,296.6,305.2,U,12,2026,12,2034,,Electric Utility,1,N,NG,,,,,, ,,,,,,,,,,N,,
18642,Tennessee Valley Authority,3399,Cumberland (TN),TN,Stewart,STG2,Natural Gas Fired Combined Cycle,CA,2,S,Y,X,,,323,0.85,296.6,305.2,P,1,2029,1,2029,,Electric Utility,1,N,NG,,,,,, ,,,,,,,,,,N,,
18642,Tennessee Valley Authority,3407,Kingston,TN,Roane,CTG1,Natural Gas Fired Combined Cycle,CT,1,S,X,Y,,,454.8,0.85,372.9,409.3,P,12,2027,12,2027,,Electric Utility,1,N,NG,,,,,, ,,,,,,,,,,N,,
18642,Tennessee Valley Authority,3407,Kingston,TN,Roane,G1,Natural Gas Fired Combustion Turbine,GT,,S,X,X,,,65.8,0.85,45,60,P,12,2027,12,2027,,Electric Utility,1,N,NG,,,,,, ,,,,,,,,,,N,,
18642,Tennessee Valley Authority,3407,Kingston,TN,Roane,G10,Natural Gas Fired Combustion Turbine,GT,,S,X,X,,,65.8,0.85,45,60,P,12,2027,12,2027,,Electric Utility,1,N,NG,,,,,, ,,,,,,,,,,N,,
18642,Tennessee Valley Authority,3407,Kingston,TN,Roane,G11,Natural Gas Fired Combustion Turbine,GT,,S,X,X,,,65.8,0.85,45,60,P,12,2027,12,2027,,Electric Utility,1,N,NG,,,,,, ,,,,,,,,,,N,,
18642,Tennessee Valley Authority,3407,Kingston,TN,Roane,G12,Natural Gas Fired Combustion Turbine,GT,,S,X,X,,,65.8,0.85,45,60,P,12,2027,12,2027,,Electric Utility,1,N,NG,,,,,, ,,,,,,,,,,N,,
18642,Tennessee Valley Authority,3407,Kingston,TN,Roane,G13,Natural Gas Fired Combustion Turbine,GT,,S,X,X,,,65.8,0.85,45,60,P,12,2027,12,2027,,Electric Utility,1,N,NG,,,,,, ,,,,,,,,,,N,,
18642,Tennessee Valley Authority,3407,Kingston,TN,Roane,G14,Natural Gas Fired Combustion Turbine,GT,,S,X,X,,,65.8,0.85,45,60,P,12,2027,12,2027,,Electric Utility,1,N,NG,,,,,, ,,,,,,,,,,N,,
18642,Tennessee Valley Authority,3407,Kingston,TN,Roane,G15,Natural Gas Fired Combustion Turbine,GT,,S,X,X,,,65.8,0.85,45,60,P,12,2027,12,2027,,Electric Utility,1,N,NG,,,,,, ,,,,,,,,,,N,,
18642,Tennessee Valley Authority,3407,Kingston,TN,Roane,G16,Natural Gas Fired Combustion Turbine,GT,,S,X,X,,,65.8,0.85,45,60,P,12,2027,12,2027,,Electric Utility,1,N,NG,,,,,, ,,,,,,,,,,N,,
18642,Tennessee Valley Authority,3407,Kingston,TN,Roane,G2,Natural Gas Fired Combustion Turbine,GT,,S,X,X,,,65.8,0.85,45,60,P,12,2027,12,2027,,Electric Utility,1,N,NG,,,,,, ,,,,,,,,,,N,,
18642,Tennessee Valley Authority,3407,Kingston,TN,Roane,G3,Natural Gas Fired Combustion Turbine,GT,,S,X,X,,,65.8,0.85,45,60,P,12,2027,12,2027,,Electric Utility,1,N,NG,,,,,, ,,,,,,,,,,N,,
18642,Tennessee Valley Authority,3407,Kingston,TN,Roane,G4,Natural Gas Fired Combustion Turbine,GT,,S,X,X,,,65.8,0.85,45,60,P,12,2027,12,2027,,Electric Utility,1,N,NG,,,,,, ,,,,,,,,,,N,,
18642,Tennessee Valley Authority,3407,Kingston,TN,Roane,G5,Natural Gas Fired Combustion Turbine,GT,,S,X,X,,,65.8,0.85,45,60,P,12,2027,12,2027,,Electric Utility,1,N,NG,,,,,, ,,,,,,,,,,N,,
18642,Tennessee Valley Authority,3407,Kingston,TN,Roane,G6,Natural Gas Fired Combustion Turbine,GT,,S,X,X,,,65.8,0.85,45,60,P,12,2027,12,2027,,Electric Utility,1,N,NG,,,,,, ,,,,,,,,,,N,,
18642,Tennessee Valley Authority,3407,Kingston,TN,Roane,G7,Natural Gas Fired Combustion Turbine,GT,,S,X,X,,,65.8,0.85,45,60,P,12,2027,12,2027,,Electric Utility,1,N,NG,,,,,, ,,,,,,,,,,N,,
18642,Tennessee Valley Authority,3407,Kingston,TN,Roane,G8,Natural Gas Fired Combustion Turbine,GT,,S,X,X,,,65.8,0.85,45,60,P,12,2027,12,2027,,Electric Utility,1,N,NG,,,,,, ,,,,,,,,,,N,,
18642,Tennessee Valley Authority,3407,Kingston,TN,Roane,G9,Natural Gas Fired Combustion Turbine,GT,,S,X,X,,,65.8,0.85,45,60,P,12,2027,12,2027,,Electric Utility,1,N,NG,,,,,, ,,,,,,,,,,N,,
18642,Tennessee Valley Authority,3407,Kingston,TN,Roane,STG1,Natural Gas Fired Combined Cycle,CA,1,S,N,X,,,323,0.85,296.6,305.2,P,12,2027,12,2027,,Electric Utility,1,N,NG,,,,,, ,,,,,,,,,,N,,
19876,Virginia Electric & Power Co,3797,Chesterfield,VA,Chesterfield,CERC1,Natural Gas Fired Combustion Turbine,GT,,S,X,X,,,250,0.85,233.9,243.8,L,6,2029,6,2029,N,Electric Utility,1,N,NG,DFO,,,,, ,,,,,,,,N,,Y,Y,N
19876,Virginia Electric & Power Co,3797,Chesterfield,VA,Chesterfield,CERC2,Natural Gas Fired Combustion Turbine,GT,,S,X,X,,,250,0.85,233.9,243.8,L,6,2029,6,2029,N,Electric Utility,1,N,NG,DFO,,,,, ,,,,,,,,N,,Y,Y,N
19876,Virginia Electric & Power Co,3797,Chesterfield,VA,Chesterfield,CERC3,Natural Gas Fired Combustion Turbine,GT,,S,X,X,,,250,0.85,233.9,243.8,L,6,2029,6,2029,N,Electric Utility,1,N,NG,DFO,,,,, ,,,,,,,,N,,Y,Y,N
19876,Virginia Electric & Power Co,3797,Chesterfield,VA,Chesterfield,CERC4,Natural Gas Fired Combustion Turbine,GT,,S,X,X,,,250,0.85,233.9,243.8,L,6,2029,6,2029,N,Electric Utility,1,N,NG,DFO,,,,, ,,,,,,,,N,N,Y,Y,N
13781,Northern States Power Co - Minnesota,4014,Wheaton,WI,Chippewa,WHT08,Natural Gas Fired Combustion Turbine,GT,,S,X,X,,,249.1,0.85,223.1,230.8,U,9,2025,2,2026,,Electric Utility,1,N,NG,DFO,,,,, ,,,,,,,,,,Y,Y,N
20847,Wisconsin Electric Power Co,4041,South Oak Creek,WI,Milwaukee,11,Natural Gas Fired Combustion Turbine,GT,,S,X,X,,,236.3,0.85,227.6,227.6,L,2,2028,2,2028,,Electric Utility,1,N,NG,,,,,, ,,,,,,,,,,N,,
20847,Wisconsin Electric Power Co,4041,South Oak Creek,WI,Milwaukee,12,Natural Gas Fired Combustion Turbine,GT,,S,X,X,,,236.3,0.85,227.6,227.6,L,2,2028,2,2028,,Electric Utility,1,N,NG,,,,,, ,,,,,,,,,,N,,
20847,Wisconsin Electric Power Co,4041,South Oak Creek,WI,Milwaukee,13,Natural Gas Fired Combustion Turbine,GT,,S,X,X,,,236.3,0.85,227.6,227.6,L,2,2028,2,2028,,Electric Utility,1,N,NG,,,,,, ,,,,,,,,,,N,,
20847,Wisconsin Electric Power Co,4041,South Oak Creek,WI,Milwaukee,14,Natural Gas Fired Combustion Turbine,GT,,S,X,X,,,236.3,0.85,227.6,227.6,L,2,2028,2,2028,,Electric Utility,1,N,NG,,,,,, ,,,,,,,,,,N,,
20847,Wisconsin Electric Power Co,4041,South Oak Creek,WI,Milwaukee,15,Natural Gas Fired Combustion Turbine,GT,,S,X,X,,,236.3,0.85,227.6,227.6,L,2,2028,2,2028,,Electric Utility,1,N,NG,,,,,, ,,,,,,,,,,N,,
20856,Wisconsin Power & Light Co,4050,Edgewater,WI,Sheboygan,BESS1,Batteries,BA,,S,X,X,ALTE.EDGE.ESR,ALTE.EDGE.ESR,99,0.95,99,99,T,12,2025,4,2027,,Electric Utility,1,N,MWH,,,,,, ,,,,,,,,,,N,N,N
13756,Northern Indiana Pub Serv Co,6085,R M Schahfer,IN,Jasper,19A,Natural Gas Fired Combustion Turbine,GT,,S,X,X,,,71.5,0.85,49.6,54.8,T,12,2027,12,2027,N,Electric Utility,1,N,NG,,,,,, ,,,,,,,,,,N,,
13756,Northern Indiana Pub Serv Co,6085,R M Schahfer,IN,Jasper,19B,Natural Gas Fired Combustion Turbine,GT,,S,X,X,,,71.5,0.85,49.6,54.8,T,12,2027,12,2027,N,Electric Utility,1,N,NG,,,,,, ,,,,,,,,,,N,,
13756,Northern Indiana Pub Serv Co,6085,R M Schahfer,IN,Jasper,19C,Natural Gas Fired Combustion Turbine,GT,,S,X,X,,,71.5,0.85,49.6,54.8,T,12,2027,12,2027,N,Electric Utility,1,N,NG,,,,,, ,,,,,,,,,,N,,
13756,Northern Indiana Pub Serv Co,6085,R M Schahfer,IN,Jasper,20,Natural Gas Fired Combustion Turbine,GT,,S,X,X,,,233.8,0.85,234.4,240.9,T,12,2027,12,2027,N,Electric Utility,1,N,NG,,,,,, ,,,,,,,,,,N,,
15466,Public Service Co of Colorado,6112,Fort St Vrain,CO,Weld,7,Natural Gas Fired Combustion Turbine,GT,,S,X,X,,,239,0.85,177.9,198.8,U,5,2027,12,2027,,Electric Utility,1,N,NG,,,,,, ,,,,,,,,,,N,N,N
15466,Public Service Co of Colorado,6112,Fort St Vrain,CO,Weld,8,Natural Gas Fired Combustion Turbine,GT,,S,X,X,,,239,0.85,177.9,198.8,U,5,2027,12,2027,,Electric Utility,1,N,NG,,,,,, ,,,,,,,,,,N,N,N
54803,"Dynegy Oakland, LLC",6211,Dynegy Oakland Power Plant,CA,Alameda,GEN4,Batteries,BA,,S,X,X,,,43.3,1,43.3,43.3,P,12,2022,5,2028,,IPP Non-CHP,2,N,MWH,,,,,, ,,,,,,,,,,N,,
17543,South Carolina Public Service Authority,6249,Winyah,SC,Georgetown,5,Petroleum Liquids,GT,,S,X,X,,,57,0.85,44,46,P,12,2027,12,2027,,Electric Utility,1,N,DFO,NG,,,,, ,,,,,,,,,,Y,,
17543,South Carolina Public Service Authority,6249,Winyah,SC,Georgetown,6,Petroleum Liquids,GT,,S,X,X,,,57,0.85,44,46,P,12,2027,12,2027,,Electric Utility,1,N,DFO,NG,,,,, ,,,,,,,,,,Y,,
29297,Pelican Utility,6702,Pelican,AK,Skagway Hoonah Angoon,IC10,Petroleum Liquids,IC,,W,X,X,,,0.4,0.9,0.4,0.4,P,11,2025,5,2026,N,Electric Utility,1,N,DFO,,,,,, ,,,,,,,,,N,N,,
15143,Platte River Power Authority,6761,Rawhide,CO,Larimer,G,Natural Gas Fired Combustion Turbine,GT,,S,X,X,,,44.6,0.85,44.6,44.6,P,3,2028,3,2028,,Electric Utility,1,N,NG,,,,,, ,,,,,,,,,N,N,N,N
15143,Platte River Power Authority,6761,Rawhide,CO,Larimer,H,Natural Gas Fired Combustion Turbine,GT,,S,X,X,,,44.6,0.85,44.6,44.6,P,3,2028,3,2028,,Electric Utility,1,N,NG,,,,,, ,,,,,,,,,,N,N,N
15143,Platte River Power Authority,6761,Rawhide,CO,Larimer,LM3,Natural Gas Fired Combustion Turbine,GT,,S,X,X,,,44.6,0.85,44.6,44.6,P,3,2028,3,2028,N,Electric Utility,1,N,NG,,,,,, ,,,,,,,,,,N,,
15143,Platte River Power Authority,6761,Rawhide,CO,Larimer,LM4,Natural Gas Fired Combustion Turbine,GT,,S,X,X,,,44.6,0.85,44.6,44.6,P,3,2028,3,2028,N,Electric Utility,1,N,NG,,,,,, ,,,,,,,,,,N,,
15143,Platte River Power Authority,6761,Rawhide,CO,Larimer,LM5,Natural Gas Fired Combustion Turbine,GT,,S,X,X,,,44.6,0.85,44.6,44.6,P,3,2028,3,2028,N,Electric Utility,1,N,NG,,,,,, ,,,,,,,,,,N,,
14600,Payson City Corporation,7408,Payson,UT,Utah,86-3C,Natural Gas Internal Combustion Engine,IC,,S,X,X,,,2.4,0.8,2.1,2.1,U,6,2026,8,2026,,Electric Utility,1,N,NG,,,,,, ,,,,,,,,,,N,,
14600,Payson City Corporation,7408,Payson,UT,Utah,86-4C,Natural Gas Internal Combustion Engine,IC,,S,X,X,,,2.4,0.8,2.1,2.1,U,6,2026,8,2026,,Electric Utility,1,N,NG,,,,,, ,,,,,,,,,,N,,
14600,Payson City Corporation,7408,Payson,UT,Utah,86-5C,Natural Gas Internal Combustion Engine,IC,,S,X,X,,,2.4,0.8,2.1,2.1,U,6,2026,8,2026,,Electric Utility,1,N,NG,,,,,, ,,,,,,,,,,N,,
14600,Payson City Corporation,7408,Payson,UT,Utah,86-6C,Natural Gas Internal Combustion Engine,IC,,S,X,X,,,2.4,0.8,2.1,2.1,U,6,2026,8,2026,,Electric Utility,1,N,NG,,,,,, ,,,,,,,,,,N,,
14600,Payson City Corporation,7408,Payson,UT,Utah,86-7C,Natural Gas Internal Combustion Engine,IC,,S,X,X,,,2.4,0.8,2.1,2.1,U,6,2026,8,2026,,Electric Utility,1,N,NG,,,,,, ,,,,,,,,,,N,,
14600,Payson City Corporation,7408,Payson,UT,Utah,86-8C,Natural Gas Internal Combustion Engine,IC,,S,X,X,,,2.4,0.8,2.1,2.1,U,6,2026,8,2026,,Electric Utility,1,N,NG,,,,,, ,,,,,,,,,,N,,
11018,Lincoln Electric System,7887,Terry Bundy Generating Station,NE,Lancaster,5,Natural Gas Fired Combustion Turbine,GT,,S,X,X,,,52, ,46.9,44.2,L,6,2029,6,2029,,Electric Utility,1,N,NG,DFO,,,,, ,,,,,,,,,,Y,Y,N
11018,Lincoln Electric System,7887,Terry Bundy Generating Station,NE,Lancaster,6,Natural Gas Fired Combustion Turbine,GT,,S,X,X,,,52, ,46.9,44.2,L,6,2029,6,2029,,Electric Utility,1,N,NG,DFO,,,,, ,,,,,,,,,,Y,Y,N
17833,City Utilities of Springfield - (MO),7903,McCartney,MO,Greene,MGS3,Natural Gas Fired Combustion Turbine,GT,,S,X,X,SPRM_MCCT2,,48.9,0.85,47.4,47.4,U,1,2027,1,2027,N,Electric Utility,1,N,NG,DFO,,,,, ,,,,,,,,,,Y,,
17833,City Utilities of Springfield - (MO),7903,McCartney,MO,Greene,MGS4,Natural Gas Fired Combustion Turbine,GT,,S,X,X,SPRM_MCCT2,,48.9,0.85,47.4,47.4,U,1,2027,1,2027,N,Electric Utility,1,N,NG,DFO,,,,, ,,,,,,,,,,Y,,
17833,City Utilities of Springfield - (MO),7903,McCartney,MO,Greene,MGS5,Natural Gas Fired Combustion Turbine,GT,,S,X,X,SPRM_MCCT2,,48.9,0.85,47.4,47.4,U,1,2027,1,2027,N,Electric Utility,1,N,NG,DFO,,,,, ,,,,,,,,,,Y,,
10325,Kings River Conservation Dist,7907,Pine Flat,CA,Fresno,4,Conventional Hydroelectric,HY,,S,X,X,,,3.8,0.9,3.8,3.8,T,5,2027,3,2028,N,Electric Utility,1,N,WAT,,,,,, ,,,,,,,,,,,,
13994,Oglethorpe Power Corporation,7916,Talbot County Energy,GA,Talbot,7,Natural Gas Fired Combustion Turbine,GT,,S,X,X,,,262,0.85,241,256,P,1,2029,1,2029,,Electric Utility,1,N,NG,DFO,,,,, ,,,,,,,,,,Y,Y,N
15474,Public Service Co of Oklahoma,8059,Comanche (OK),OK,Comanche,2G1,Natural Gas Fired Combined Cycle,CT,CC2,S,X,N,,,408.8,0.85,368.1,406.6,P,9,2029,9,2029,N,Electric Utility,1,N,NG,,,,,, ,,,,,,,,N,,N,,
15474,Public Service Co of Oklahoma,8059,Comanche (OK),OK,Comanche,2S1,Natural Gas Fired Combined Cycle,CA,CC2,S,Y,X,,,277.6,0.85,267,273.3,P,9,2029,9,2029,N,Electric Utility,1,N,NG,,,,,, ,,,,,,,,N,,N,,
15474,Public Service Co of Oklahoma,8059,Comanche (OK),OK,Comanche,3G1,Natural Gas Fired Combined Cycle,CT,CC3,S,X,N,,,408.8,0.85,368.1,406.6,P,9,2029,9,2029,N,Electric Utility,1,N,NG,,,,,, ,,,,,,,,N,,N,,
15474,Public Service Co of Oklahoma,8059,Comanche (OK),OK,Comanche,3S1,Natural Gas Fired Combined Cycle,CA,CC3,S,Y,X,,,277.6,0.85,267,273.3,P,9,2029,9,2029,N,Electric Utility,1,N,NG,,,,,, ,,,,,,,,N,N,N,,
12436,Michigan State University,10328,T B Simon Power Plant,MI,Ingham,GEN11,Natural Gas Fired Combustion Turbine,GT,,S,X,X,,,15, ,15,15,U,9,2027,1,2028,,Commercial CHP,5,N,NG,,,,,, ,,,,,,,,,,N,,
12869,Monterey Regional Waste Mgmt,10748,Marina Landfill Gas,CA,Monterey,FUTR1,Landfill Gas,IC,,S,X,X,,,1.6,0.8,1.6,1.6,P,12,2026,12,2027,N,Commercial Non-CHP,4,N,LFG,,,,,, ,,,,,,,,,,N,,
12869,Monterey Regional Waste Mgmt,10748,Marina Landfill Gas,CA,Monterey,FUTR2,Landfill Gas,IC,,S,X,X,,,1.6,0.8,1.6,1.6,P,12,2026,12,2027,N,Commercial Non-CHP,4,N,LFG,,,,,, ,,,,,,,,,,N,,
12869,Monterey Regional Waste Mgmt,10748,Marina Landfill Gas,CA,Monterey,FUTR3,Landfill Gas,IC,,S,X,X,,,1.6,0.8,1.6,1.6,P,12,2026,12,2027,N,Commercial Non-CHP,4,N,LFG,,,,,, ,,,,,,,,,,N,,
12869,Monterey Regional Waste Mgmt,10748,Marina Landfill Gas,CA,Monterey,FUTR4,Landfill Gas,IC,,S,X,X,,,1.6,0.8,1.6,1.6,P,12,2026,12,2027,N,Commercial Non-CHP,4,N,LFG,,,,,, ,,,,,,,,,,N,,
64843,"Dakota County, MN",50328,Byllesby,MN,Dakota,NOR-1,Conventional Hydroelectric,HY,,S,X,X,,,2,1,2,2,V,9,2022,6,2026,,Electric Utility,1,N,WAT,,,,,, ,,,,,,,,,,,,
64843,"Dakota County, MN",50328,Byllesby,MN,Dakota,SOU-2,Conventional Hydroelectric,HY,,S,X,X,,,2,1,2,2,V,9,2022,6,2026,,Electric Utility,1,N,WAT,,,,,, ,,,,,,,,,,,,
14519,Pasco County - (FL),50666,Pasco Cnty Solid Waste Resource Recovery,FL,Pasco,GEN2,Municipal Solid Waste,ST,,S,X,X,,,17,0.85,15,15,U,9,2026,4,2027,N,IPP Non-CHP,2,N,MSW,,,,,, ,,,,,,,,,,N,N,N
63599,Pure Hedge LLC,50736,Pure Hedge LLC,CT,Windham,FSS13,Batteries,BA,,S,X,X,,,20, ,20,20,U,9,2021,10,2027,,IPP Non-CHP,2,N,MWH,,,,,, ,,,,,,,,,,,,
63599,Pure Hedge LLC,50736,Pure Hedge LLC,CT,Windham,FSS17,Solar Photovoltaic,PV,,S,X,X,,,70, ,70,70,U,9,2021,10,2027,,IPP Non-CHP,2,N,SUN,,,,,, ,,,,,,,,,,,,
67060,"Hays Ranches, LLC",50964,Amedee Geothermal Venture I,CA,Lassen,NEW,Geothermal,BT,,S,X,X,,,1,1,0.7,0.7,P,3,2027,3,2027,,IPP Non-CHP,2,N,GEO,,,,,, ,,,,,,,,,,N,,
34359,Curators of the University of Missouri,50969,MU Combined Heat and Power Plant,MO,Boone,GEN10,Natural Gas Steam Turbine,ST,,S,X,X,CWLD.UMC,,9,0.85,8,8,V,11,2023,11,2026,,Commercial CHP,5,N,NG,WDS,BIT,DFO,,, ,,,,,,,,,N,Y,Y,Y
65792,"ITT Energy Tech Partners, LLC",52021,ITT Cogen Facility,IL,Cook,GEN3,Natural Gas Internal Combustion Engine,IC,,S,X,X,,,4.1,0.95,4.1,4.1,T,6,2025,3,2027,Y,Commercial CHP,5,N,NG,,,,,, ,,,,,,,,,,N,N,N
65792,"ITT Energy Tech Partners, LLC",52021,ITT Cogen Facility,IL,Cook,GEN4,Natural Gas Internal Combustion Engine,IC,,S,X,X,,,4.1,0.95,4.1,4.1,T,6,2025,3,2027,Y,Commercial CHP,5,N,NG,,,,,, ,,,,,,,,,,N,N,N
12303,Merck & Co Inc-West Point,52149,West Point (PA),PA,Montgomery,GEN21,Natural Gas Internal Combustion Engine,IC,,S,X,X,MERCK 13 KV MERCK1-2,MERCK 13 KV MERCK1-2,2.5,0.8,2.5,2.5,V,2,2026,10,2026,,Industrial CHP,7,N,NG,,,,,, ,,,,,,,,,,N,,N
6738,Franklin Heating Station,54224,Franklin Heating Station,MN,Olmsted,CTG1,Natural Gas Fired Combined Cycle,CT,,S,X,N,,,7.5,0.8,7.3,7.3,U,5,2027,5,2027,,Commercial CHP,5,N,NG,DFO,,,,, ,,,,,,,,,N,Y,Y,N
6738,Franklin Heating Station,54224,Franklin Heating Station,MN,Olmsted,DG9,Petroleum Liquids,IC,,S,X,X,,,3.1,0.8,3.1,3.1,T,1,2028,1,2028,,Commercial CHP,5,N,DFO,,,,,, ,,,,,,,,,,N,N,N
6738,Franklin Heating Station,54224,Franklin Heating Station,MN,Olmsted,EG11,Petroleum Liquids,IC,,S,X,X,,,3.4,0.8,3.4,3.4,U,5,2027,5,2027,,Commercial CHP,5,N,DFO,,,,,, ,,,,,,,,,,N,N,N
6738,Franklin Heating Station,54224,Franklin Heating Station,MN,Olmsted,EG12,Petroleum Liquids,IC,,S,X,X,,,3.4,0.8,3.4,3.4,U,5,2027,5,2027,,Commercial CHP,5,N,DFO,,,,,, ,,,,,,,,,,N,N,N
6738,Franklin Heating Station,54224,Franklin Heating Station,MN,Olmsted,EG13,Petroleum Liquids,IC,,S,X,X,,,3.4,0.8,3.4,3.4,U,5,2027,5,2027,,Commercial CHP,5,N,DFO,,,,,, ,,,,,,,,,,N,N,N
6738,Franklin Heating Station,54224,Franklin Heating Station,MN,Olmsted,EG14,Petroleum Liquids,IC,,S,X,X,,,3.4,0.8,3.4,3.4,U,5,2027,5,2027,,Commercial CHP,5,N,DFO,,,,,, ,,,,,,,,,,N,N,N
6738,Franklin Heating Station,54224,Franklin Heating Station,MN,Olmsted,EG15,Petroleum Liquids,IC,,S,X,X,,,3.4,0.8,3.4,3.4,U,5,2027,5,2027,,Commercial CHP,5,N,DFO,,,,,, ,,,,,,,,,,N,N,N
13491,New York University,54808,New York University Central Plant,NY,New York,GR1,Natural Gas Internal Combustion Engine,IC,,S,X,X,,,2.6, ,2.6,2.6,V,7,2021,9,2026,,Commercial Non-CHP,4,N,NG,,,,,, ,,,,,,,,,N,N,,N
13491,New York University,54808,New York University Central Plant,NY,New York,STG1,Natural Gas Fired Combined Cycle,CA,CC1,S,Y,X,,,2.9,1,1.8,2.4,U,10,2026,5,2027,,Commercial Non-CHP,4,N,NG,,,,,, ,,,,,,,,,,N,N,
6667,Ergon Refining Inc,54918,Ergon Refining Vicksburg,MS,Warren,TM02,Natural Gas Fired Combustion Turbine,GT,,S,X,X,,,7.9,0.98,7.9,7.9,U,2,2027,9,2027,Y,Industrial CHP,7,N,NG,,,,,, ,,,,,,,,,,N,N,N
6667,Ergon Refining Inc,54918,Ergon Refining Vicksburg,MS,Warren,TM03,Natural Gas Fired Combustion Turbine,GT,,S,X,X,,,7.9,0.98,7.9,7.9,U,2,2027,9,2027,Y,Industrial CHP,7,N,NG,,,,,, ,,,,,,,,,,N,N,N
24008,University of Oregon,54950,Univ of Oregon Central Power Station,OR,Lane,DG4,Petroleum Liquids,IC,,S,X,X,,,3,0.8,3,3,T,8,2026,8,2026,N,Commercial CHP,5,N,DFO,,,,,, ,,,,,,,,,,N,N,N
13157,City of Omaha - (NE),55027,Papillion Creek Wastewater,NE,Sarpy,1600B,Natural Gas Internal Combustion Engine,IC,,S,X,X,,,2.5,0.8,2.4,2.5,V,8,2026,11,2026,,Commercial CHP,5,N,NG,OBG,,,,, ,,,,,,,,,,Y,,
13157,City of Omaha - (NE),55027,Papillion Creek Wastewater,NE,Sarpy,1600C,Natural Gas Internal Combustion Engine,IC,,S,X,X,,,2.5,0.8,2.4,2.5,V,7,2025,11,2026,,Commercial CHP,5,N,NG,OBG,,,,, ,,,,,,,,,,Y,N,N
13157,City of Omaha - (NE),55027,Papillion Creek Wastewater,NE,Sarpy,1600D,Natural Gas Internal Combustion Engine,IC,,S,X,X,,,2.5,0.8,2.4,2.5,V,7,2025,11,2026,,Commercial CHP,5,N,NG,OBG,,,,, ,,,,,,,,,,Y,N,N
61213,Hamakua Energy LP,55369,Hamakua Energy Plant,HI,Hawaii,BESS1,Batteries,BA,,S,X,X,,,7.5, ,7.5,7.5,P,11,2030,11,2030,,IPP Non-CHP,2,N,MWH,,,,,, ,,,,,,,,,,,,
803,Arizona Public Service Co,55455,Red Hawk,AZ,Maricopa,CT10,Natural Gas Fired Combustion Turbine,GT,,S,X,X,,,49,0.85,45,49,U,10,2027,10,2027,N,Electric Utility,1,N,NG,,,,,, ,,,,,,,,,,N,,
803,Arizona Public Service Co,55455,Red Hawk,AZ,Maricopa,CT3,Natural Gas Fired Combustion Turbine,GT,,S,X,X,,,49,0.85,45,49,U,10,2027,10,2027,N,Electric Utility,1,N,NG,,,,,, ,,,,,,,,,,N,,
803,Arizona Public Service Co,55455,Red Hawk,AZ,Maricopa,CT4,Natural Gas Fired Combustion Turbine,GT,,S,X,X,,,49,0.85,45,49,U,10,2027,10,2027,N,Electric Utility,1,N,NG,,,,,, ,,,,,,,,,,N,,
803,Arizona Public Service Co,55455,Red Hawk,AZ,Maricopa,CT5,Natural Gas Fired Combustion Turbine,GT,,S,X,X,,,49,0.85,45,49,U,10,2027,10,2027,N,Electric Utility,1,N,NG,,,,,, ,,,,,,,,,,N,,
803,Arizona Public Service Co,55455,Red Hawk,AZ,Maricopa,CT6,Natural Gas Fired Combustion Turbine,GT,,S,X,X,,,49,0.85,45,49,U,10,2027,10,2027,N,Electric Utility,1,N,NG,,,,,, ,,,,,,,,,,N,,
803,Arizona Public Service Co,55455,Red Hawk,AZ,Maricopa,CT7,Natural Gas Fired Combustion Turbine,GT,,S,X,X,,,49,0.85,45,49,U,10,2027,10,2027,N,Electric Utility,1,N,NG,,,,,, ,,,,,,,,,,N,,
803,Arizona Public Service Co,55455,Red Hawk,AZ,Maricopa,CT8,Natural Gas Fired Combustion Turbine,GT,,S,X,X,,,49,0.85,45,49,U,10,2027,10,2027,N,Electric Utility,1,N,NG,,,,,, ,,,,,,,,,,N,,
803,Arizona Public Service Co,55455,Red Hawk,AZ,Maricopa,CT9,Natural Gas Fired Combustion Turbine,GT,,S,X,X,,,49,0.85,45,49,U,10,2027,10,2027,N,Electric Utility,1,N,NG,,,,,, ,,,,,,,,,,N,,
19545,"Black Hills Power, Inc.",55478,Lange Generating Station,SD,Pennington,IC01,Natural Gas Internal Combustion Engine,IC,,S,X,X,,,16.6,0.85,16.3,16.3,T,9,2026,12,2026,N,Electric Utility,1,N,NG,DFO,,,,, ,,,,,,,,,,Y,Y,N
19545,"Black Hills Power, Inc.",55478,Lange Generating Station,SD,Pennington,IC02,Natural Gas Internal Combustion Engine,IC,,S,X,X,,,16.6,0.85,16.3,16.3,T,9,2026,12,2026,N,Electric Utility,1,N,NG,DFO,,,,, ,,,,,,,,,,Y,Y,N
19545,"Black Hills Power, Inc.",55478,Lange Generating Station,SD,Pennington,IC03,Natural Gas Internal Combustion Engine,IC,,S,X,X,,,16.6,0.85,16.3,16.3,T,9,2026,12,2026,N,Electric Utility,1,N,NG,DFO,,,,, ,,,,,,,,,,Y,Y,N
19545,"Black Hills Power, Inc.",55478,Lange Generating Station,SD,Pennington,IC04,Natural Gas Internal Combustion Engine,IC,,S,X,X,,,16.6,0.85,16.3,16.3,T,9,2026,12,2026,N,Electric Utility,1,N,NG,DFO,,,,, ,,,,,,,,,,Y,Y,N
19545,"Black Hills Power, Inc.",55478,Lange Generating Station,SD,Pennington,IC05,Natural Gas Internal Combustion Engine,IC,,S,X,X,,,16.6,0.85,16.3,16.3,T,9,2026,12,2026,N,Electric Utility,1,N,NG,DFO,,,,, ,,,,,,,,,,Y,Y,N
19545,"Black Hills Power, Inc.",55478,Lange Generating Station,SD,Pennington,IC06,Natural Gas Internal Combustion Engine,IC,,S,X,X,,,16.6,0.85,16.3,16.3,T,9,2026,12,2026,N,Electric Utility,1,N,NG,DFO,,,,, ,,,,,,,,,,Y,Y,N
14127,Omaha Public Power District,55972,Cass County,NE,Cass,CT-3,Natural Gas Fired Combustion Turbine,GT,,S,X,X,,,264,0.85,221,221,T,2,2029,2,2029,,Electric Utility,1,N,NG,DFO,,,,, ,,,,,,,,,,Y,Y,N
14127,Omaha Public Power District,55972,Cass County,NE,Cass,CT-4,Natural Gas Fired Combustion Turbine,GT,,S,X,X,,,264,0.85,221,221,T,2,2029,2,2029,,Electric Utility,1,N,NG,DFO,,,,, ,,,,,,,,,,Y,Y,N
14127,Omaha Public Power District,55972,Cass County,NE,Cass,CT-5,Natural Gas Fired Combustion Turbine,GT,,S,X,X,,,264,0.85,221,221,T,2,2029,2,2029,,Electric Utility,1,N,NG,DFO,,,,, ,,,,,,,,,N,Y,Y,N
27075,San Diego County Water Auth,56615,Rancho Penasquitos,CA,San Diego,G200,Conventional Hydroelectric,HY,,S,X,X,CCRITA,,4.3,0.95,4.1,2.3,U,4,2023,10,2026,N,IPP Non-CHP,2,N,WAT,,,,,, ,,,,,,,,N,N,N,,
56101,AMERESCO Ox Mountain Energy LLC,56895,Ameresco Ox Mountain,CA,San Mateo,7,Landfill Gas,IC,,S,X,X,,,3,1,2.8,2.8,L,12,2024,9,2027,,IPP Non-CHP,2,N,LFG,,,,,, ,,,,,,,,,,N,N,N
56128,SAS Institute Inc,56915,SAS Solar Farm,NC,Wake,5,Solar Photovoltaic,PV,,S,X,X,,,1, ,1,1,U,12,2025,4,2026,N,IPP Non-CHP,2,N,SUN,,,,,, ,,,,,,,,,,N,,
16572,Salt River Project,56948,Coolidge Generation Station,AZ,Pinal,COE13,Natural Gas Fired Combustion Turbine,GT,,S,X,X,,,49.5,0.85,42,48,U,6,2026,6,2026,,Electric Utility,1,N,NG,,,,,, ,,,,,,,,,,N,,
16572,Salt River Project,56948,Coolidge Generation Station,AZ,Pinal,COE14,Natural Gas Fired Combustion Turbine,GT,,S,X,X,,,49.5,0.85,42,48,U,6,2026,6,2026,,Electric Utility,1,N,NG,,,,,, ,,,,,,,,,,N,,
16572,Salt River Project,56948,Coolidge Generation Station,AZ,Pinal,COE15,Natural Gas Fired Combustion Turbine,GT,,S,X,X,,,49.5,0.85,42,48,U,6,2026,6,2026,,Electric Utility,1,N,NG,,,,,, ,,,,,,,,,,N,,
16572,Salt River Project,56948,Coolidge Generation Station,AZ,Pinal,COE16,Natural Gas Fired Combustion Turbine,GT,,S,X,X,,,49.5,0.85,42,48,U,6,2026,6,2026,,Electric Utility,1,N,NG,,,,,, ,,,,,,,,,,N,,
16572,Salt River Project,56948,Coolidge Generation Station,AZ,Pinal,COE17,Natural Gas Fired Combustion Turbine,GT,,S,X,X,,,49.5,0.85,42,48,U,6,2026,6,2026,,Electric Utility,1,N,NG,,,,,, ,,,,,,,,,,N,,
16572,Salt River Project,56948,Coolidge Generation Station,AZ,Pinal,COE18,Natural Gas Fired Combustion Turbine,GT,,S,X,X,,,49.5,0.85,42,48,U,6,2026,6,2026,,Electric Utility,1,N,NG,,,,,, ,,,,,,,,,,N,,
16572,Salt River Project,56948,Coolidge Generation Station,AZ,Pinal,COE19,Natural Gas Fired Combustion Turbine,GT,,S,X,X,,,49.5,0.85,42,48,U,6,2026,7,2027,,Electric Utility,1,N,NG,,,,,, ,,,,,,,,,,N,,
16572,Salt River Project,56948,Coolidge Generation Station,AZ,Pinal,COE20,Natural Gas Fired Combustion Turbine,GT,,S,X,X,,,49.5,0.85,42,48,U,6,2026,7,2027,,Electric Utility,1,N,NG,,,,,, ,,,,,,,,,,N,,
16572,Salt River Project,56948,Coolidge Generation Station,AZ,Pinal,COE21,Natural Gas Fired Combustion Turbine,GT,,S,X,X,,,49.5,0.85,42,48,U,6,2026,7,2027,,Electric Utility,1,N,NG,,,,,, ,,,,,,,,,,N,,
16572,Salt River Project,56948,Coolidge Generation Station,AZ,Pinal,COE22,Natural Gas Fired Combustion Turbine,GT,,S,X,X,,,49.5,0.85,42,48,U,6,2026,7,2027,,Electric Utility,1,N,NG,,,,,, ,,,,,,,,,,N,,
16572,Salt River Project,56948,Coolidge Generation Station,AZ,Pinal,COE23,Natural Gas Fired Combustion Turbine,GT,,S,X,X,,,49.5,0.85,42,48,U,6,2026,7,2027,,Electric Utility,1,N,NG,,,,,, ,,,,,,,,,,N,,
16572,Salt River Project,56948,Coolidge Generation Station,AZ,Pinal,COE24,Natural Gas Fired Combustion Turbine,GT,,S,X,X,,,49.5,0.85,42,48,U,6,2026,7,2027,,Electric Utility,1,N,NG,,,,,, ,,,,,,,,,N,N,,
56771,Black Hills Service Company LLC,56998,Pueblo Airport Generating Station,CO,Pueblo,BA7,Batteries,BA,,W,X,X,,,50,0.95,50,50,L,12,2027,12,2027,,IPP Non-CHP,2,N,MWH,,,,,, ,,,,,,,,,,,,
56789,TBE Montgomery LLC,57472,TBE-Montgomery LLC,NY,Orange,CTG,Other Waste Biomass,CT,NA,S,X,N,G,G,12,0.8,11.6,12,U,12,2012,12,2039,,IPP Non-CHP,2,N,OBG,OTH,,,,, ,,,,,,,,,,N,N,N
56789,TBE Montgomery LLC,57472,TBE-Montgomery LLC,NY,Orange,STG,Other Waste Biomass,CA,NA,S,N,X,G,G,9,0.85,7.4,8.1,U,12,2012,12,2039,,IPP Non-CHP,2,N,OBG,OTH,,,,, ,,,,,,,,,N,N,N,N
56953,"Bos Dairy, LLC",57625,"Bos Dairy, LLC",IN,Jasper,BOS5,Natural Gas Internal Combustion Engine,IC,,S,X,X,,,1,1,0.9,0.9,U,5,2026,8,2026,N,Industrial Non-CHP,6,N,NG,,,,,, ,,,,,,,,,,N,,
67192,RWE Clean Energy,57679,Arlington Valley Solar Energy I,AZ,Maricopa,AVSE1,Solar Photovoltaic,PV,,S,X,X,,,127, ,125,125,V,12,2024,4,2026,,IPP Non-CHP,2,N,SUN,,,,,, ,,,,,,,,,N,,,
56771,Black Hills Service Company LLC,57703,Cheyenne Prairie Generating Station,WY,Laramie,02B,Natural Gas Fired Combustion Turbine,GT,,W,X,X,,,40,0.85,40,40,P,12,2028,12,2028,,Electric Utility,1,N,NG,,,,,, ,,,,,,,,,,N,N,N
56771,Black Hills Service Company LLC,57703,Cheyenne Prairie Generating Station,WY,Laramie,03A,Natural Gas Fired Combustion Turbine,GT,,W,X,X,,,40,0.85,40,40,P,12,2028,12,2028,,Electric Utility,1,N,NG,,,,,, ,,,,,,,,,N,N,N,N
56771,Black Hills Service Company LLC,57703,Cheyenne Prairie Generating Station,WY,Laramie,03B,Natural Gas Fired Combustion Turbine,GT,,W,X,X,,,40,0.85,40,40,P,12,2028,12,2028,,Electric Utility,1,N,NG,,,,,, ,,,,,,,,,,N,,
9128,Hurricane City Power - (UT),57899,Hurricane City Power,UT,Washington,9,Natural Gas Internal Combustion Engine,IC,,S,X,X,,,2,1,1.9,1.9,T,5,2025,5,2028,N,Electric Utility,1,N,NG,,,,,,0,,,,,,,,,N,N,N,N
58113,"Texas A&M, Utilities & Energy Services",58151,Central Utility Plant - Texas A&M,TX,Brazos,STG03,Natural Gas Fired Combined Cycle,CA,UES1,S,Y,X,North Load Zone,North Load Zone,5,0.9,5,5,P,2,2024,12,2027,Y,Commercial CHP,5,N,NG,DFO,,,,, ,,,,,,,,,N,Y,Y,N
58105,University of Redlands,58168,Energy Center,CA,San Bernardino,TURB4,Natural Gas Fired Combustion Turbine,GT,,S,X,X,,,0.3,0.8,0.3,0.3,P,12,2030,12,2030,Y,Commercial CHP,5,N,NG,,,,,, ,,,,,,,,,,N,N,N
58105,University of Redlands,58168,Energy Center,CA,San Bernardino,TURB5,Natural Gas Fired Combustion Turbine,GT,,S,X,X,,,0.3,0.8,0.3,0.3,P,12,2030,12,2030,Y,Commercial CHP,5,N,NG,,,,,, ,,,,,,,,,,N,N,N
58105,University of Redlands,58168,Energy Center,CA,San Bernardino,TURB6,Natural Gas Fired Combustion Turbine,GT,,S,X,X,,,0.3,0.8,0.3,0.3,P,12,2030,12,2030,Y,Commercial CHP,5,N,NG,,,,,, ,,,,,,,,,,N,N,N
63759,Triple Oak Power LLC,58175,Jawbone Wind Project,MT,Wheatland,JWPI,Onshore Wind Turbine,WT,,S,X,X,,,80, ,80,80,U,12,2014,12,2029,,IPP Non-CHP,2,N,WND,,,,,,33,,,,,,,,,,N,,
16572,Salt River Project,58413,Copper Crossing Energy and Research Cent,AZ,Pinal,CXS01,Solar Photovoltaic,PV,,S,X,X,,,17.6, ,16.5,17.6,U,1,2026,3,2026,,Electric Utility,1,N,SUN,,,,,, ,,,,,,,,,,,,
16572,Salt River Project,58413,Copper Crossing Energy and Research Cent,AZ,Pinal,CXS02,Solar Photovoltaic,PV,,S,X,X,,,17.6, ,16.4,17.6,U,1,2026,3,2026,,Electric Utility,1,N,SUN,,,,,, ,,,,,,,,,,,,
16572,Salt River Project,58413,Copper Crossing Energy and Research Cent,AZ,Pinal,CXS03,Solar Photovoltaic,PV,,S,X,X,,,19.2, ,18,19.2,U,1,2026,3,2026,,Electric Utility,1,N,SUN,,,,,, ,,,,,,,,,,,,
10071,Kauai Island Utility Cooperative,58639,KRS I Anahola Solar Hybrid,HI,Kauai,BESS8,Batteries,BA,,S,X,X,,,12,1,12,12,P,12,2025,7,2027,,Electric Utility,1,N,MWH,,,,,, ,,,,,,,,,,,,
10071,Kauai Island Utility Cooperative,58640,KRS II Koloa Solar,HI,Kauai,BESS7,Batteries,BA,,S,X,X,,,12,1,12,12,P,12,2025,7,2027,,Electric Utility,1,N,MWH,,,,,,0,,,,,,,,,,,,
58597,"Enviromission, Inc",58652,La Paz Solar Tower,AZ,La Paz,1,Solar Thermal without Energy Storage,OT,,S,X,X,,,200, ,200,200,P,5,2016,6,2030,N,IPP Non-CHP,2,N,SUN,,,,,, ,,,,,,,,,N,N,N,N
7349,"Golden Spread Electric Cooperative, Inc",58835,Elk Station,TX,Hale,ELK4,Natural Gas Fired Combustion Turbine,GT,,S,X,X,,,199.8,0.85,201,210,T,5,2027,3,2027,N,Electric Utility,1,N,NG,,,,,, ,,,,,,,,,,N,,
58783,Marseilles Land and Water Company,58903,Marseilles Lock and Dam Hydro,IL,LaSalle,UNIT1,Conventional Hydroelectric,HY,,S,X,X,n/a,n/a,2.6,0.95,2.6,2.6,U,12,2015,12,2027,,IPP Non-CHP,2,N,WAT,,,,,, ,,,,,,,,,,,,
58783,Marseilles Land and Water Company,58903,Marseilles Lock and Dam Hydro,IL,LaSalle,UNIT2,Conventional Hydroelectric,HY,,S,X,X,,,2.6,0.95,2.6,2.6,U,12,2015,12,2027,,IPP Non-CHP,2,N,WAT,,,,,, ,,,,,,,,,,,,
58783,Marseilles Land and Water Company,58903,Marseilles Lock and Dam Hydro,IL,LaSalle,UNIT3,Conventional Hydroelectric,HY,,S,X,X,,,2.6,0.95,2.6,2.6,U,12,2015,12,2027,,IPP Non-CHP,2,N,WAT,,,,,, ,,,,,,,,,,,,
58783,Marseilles Land and Water Company,58903,Marseilles Lock and Dam Hydro,IL,LaSalle,UNIT4,Conventional Hydroelectric,HY,,S,X,X,,,2.6,0.95,2.6,2.6,U,12,2015,12,2027,,IPP Non-CHP,2,N,WAT,,,,,, ,,,,,,,,,,,,
58842,Power Company of Wyoming LLC,58987,Chokecherry and Sierra Madre Wind,WY,Carbon,I-A,Onshore Wind Turbine,WT,,S,X,X,not applicable,not applicable,844.2, ,844.2,844.2,U,12,2017,12,2031,,IPP Non-CHP,2,N,WND,,,,,,178,,,,,,,,,N,N,,
58842,Power Company of Wyoming LLC,58987,Chokecherry and Sierra Madre Wind,WY,Carbon,I-B,Onshore Wind Turbine,WT,,S,X,X,NA,NA,849.6, ,849.6,849.6,U,12,2018,12,2031,,IPP Non-CHP,2,N,WND,,,,,,118,,,,,,,,,,N,,
58842,Power Company of Wyoming LLC,58987,Chokecherry and Sierra Madre Wind,WY,Carbon,II-A,Onshore Wind Turbine,WT,,S,X,X,NA,NA,"1,303.20", ,"1,303.20","1,303.20",U,12,2020,12,2032,,IPP Non-CHP,2,N,WND,,,,,,181,,,,,,,,,N,N,,
58842,Power Company of Wyoming LLC,58987,Chokecherry and Sierra Madre Wind,WY,Carbon,II-B,Onshore Wind Turbine,WT,,S,X,X,NA,NA,553.5, ,553.5,553.5,U,12,2021,12,2033,,IPP Non-CHP,2,N,WND,,,,,,123,,,,,,,,,N,N,,
60223,Ketchikan Electric Company,59027,Mahoney Lake Hydroelectric,AK,Ketchikan Gateway,GEN 1,Conventional Hydroelectric,HY,,J,X,X,,,9.6, ,9.6,9.6,P,12,2017,12,2027,,Electric Utility,1,N,WAT,,,,,, ,,,,,,,,,N,N,,
58880,Gallegos Wind Farm LLC,59047,"Gallegos Wind Farm, Phase 1",NM,Union,GEN 1,Onshore Wind Turbine,WT,,S,X,X,,,190, ,190,190,P,1,2016,11,2028,N,IPP Non-CHP,2,N,WND,,,,,,43,,,,,,,,,N,N,,
65470,"Lock+ Hydro Friends Fund XLII, LLC",59091,Braddock Lock and Dam,PA,Allegheny,GEN1,Conventional Hydroelectric,HY,,S,X,X,,,5.3,0.8,5.3,5.3,L,3,2014,3,2027,,IPP Non-CHP,2,N,WAT,,,,,, ,,,,,,,,,,,,
49893,Invenergy Services LLC,59243,Changing Winds,TX,Castro,CHAN1,Onshore Wind Turbine,WT,,S,X,X,,,288, ,288,288,L,3,2028,3,2028,,IPP Non-CHP,2,N,WND,,,,,,144,,,,,,,,,,N,,
59319,"Cotton Solar, LLC",59572,Cotton Solar,SC,Dillon,PV1,Solar Photovoltaic,PV,,S,X,X,,,16, ,16,16,U,12,2016,6,2027,N,IPP Non-CHP,2,N,SUN,,,,,, ,,,,,,,,,,N,,
64994,SolRiver Capital LLC,59596,Rhubarb One SC,SC,Marion,PV1,Solar Photovoltaic,PV,,S,X,X,,,9.6, ,9.6,9.6,L,12,2016,6,2027,N,IPP Non-CHP,2,N,SUN,,,,,, ,,,,,,,,,,,,
59726,"Windhub Solar B, LLC",59969,"Windhub Solar B, LLC",CA,Kern,GEN01,Solar Photovoltaic,PV,,S,X,X,,,26.4, ,26.4,26.4,V,12,2016,10,2026,,IPP Non-CHP,2,N,SUN,,,,,, ,,,,,,,,,,,,
67705,"Enbridge Wind (Easter), LLC",59971,Easter,TX,Castro,ESTR1,Onshore Wind Turbine,WT,,S,X,X,,,152,0.9,152,152,T,10,2017,3,2027,,IPP Non-CHP,2,N,WND,,,,,,40,,,,,,,,,,,,
64800,"Nolin Hills Wind, LLC",60070,Nolin Hills,OR,Umatilla,GEN,Onshore Wind Turbine,WT,,S,X,X,,,300, ,300,300,P,12,2020,12,2027,,IPP Non-CHP,2,N,WND,,,,,,174,,,,,,,,,,,,
64800,"Nolin Hills Wind, LLC",60070,Nolin Hills,OR,Umatilla,GEN2,Solar Photovoltaic,PV,,S,X,X,,,300, ,300,300,P,12,2026,12,2027,,IPP Non-CHP,2,N,SUN,,,,,, ,,,,,,,,,,,,
59967,Phoenix Energy,60192,North Fork Community Power,CA,Madera,NFCP1,Other Waste Biomass,IC,,S,X,X,,,1.7,0.8,1.3,1.3,V, , , , ,,IPP Non-CHP,2,N,OBG,,,,,, ,,,,,,,,,N,N,N,N
59967,Phoenix Energy,60192,North Fork Community Power,CA,Madera,NFCP2,Other Waste Biomass,IC,,S,X,X,,,1.7,0.8,1.3,1.3,V, , , , ,,IPP Non-CHP,2,N,OBG,,,,,, ,,,,,,,,,N,N,N,N
59966,Wolf Summit Energy LLC,60206,Wolf Summit Energy,WV,Harrison,HCCA1,Natural Gas Fired Combined Cycle,CA,,J,Y,X,,PJM,207.4,0.85,205.4,207.4,L,6,2021,12,2028,,IPP Non-CHP,2,,NG,,,,,, ,,,,,,,,,N,N,N,N
59966,Wolf Summit Energy LLC,60206,Wolf Summit Energy,WV,Harrison,HCCT1,Natural Gas Fired Combined Cycle,CT,,J,X,Y,,,371.5,0.85,319.1,343.3,L,6,2021,12,2028,,IPP Non-CHP,2,N,NG,,,,,, ,,,,,,,,,,N,N,N
67704,"Cone Renewable Energy Project, LLC",60272,"Cone Renewable Energy Project, LLC",TX,Crosby,WT1,Onshore Wind Turbine,WT,,S,X,X,,,300,0.9,300,300,T,3,2020,11,2027,,IPP Non-CHP,2,N,WND,,,,,,50,,,,,,,,,,,,
5416,"Duke Energy Carolinas, LLC",60434,Baxter Creek Solar,NC,Davie,PV1,Solar Photovoltaic,PV,,S,X,X,,,30, ,30,30,U,6,2026,9,2026,,IPP Non-CHP,2,N,SUN,,,,,, ,,,,,,,,,,,,
34623,Tejas Power Generation LLC,60468,Friendswood Energy,TX,Harris,GT-2,Natural Gas Fired Combustion Turbine,GT,,S,X,X,FEGC RN,FEGC RN,47.9, ,42,47,P,6,2025,5,2026,,IPP Non-CHP,2,N,NG,,,,,, ,,,,,,,,,,,,
34623,Tejas Power Generation LLC,60468,Friendswood Energy,TX,Harris,GT-3,Natural Gas Fired Combustion Turbine,GT,,S,X,X,FEGC RN,FEGC RN,47.9, ,42,47,P,6,2025,5,2026,,IPP Non-CHP,2,N,NG,,,,,, ,,,,,,,,,,,,
34623,Tejas Power Generation LLC,60468,Friendswood Energy,TX,Harris,GT-4,Natural Gas Fired Combustion Turbine,GT,,S,X,X,FEGC RNFEGC RN,FEGC RN,47.9, ,42,47,P,6,2025,5,2026,,IPP Non-CHP,2,N,NG,,,,,, ,,,,,,,,,,,,
60349,"Juneau Hydropower, Inc",60588,Sweetheart Lake Hydroelectric Facility,AK,Juneau,JHI01,Conventional Hydroelectric,HY,,S,X,X,,,6.6, ,6.6,6.6,L,12,2021,1,2028,,IPP Non-CHP,2,N,WAT,,,,,, ,,,,,,,,,,,,
60349,"Juneau Hydropower, Inc",60588,Sweetheart Lake Hydroelectric Facility,AK,Juneau,JHI02,Conventional Hydroelectric,HY,,S,X,X,,,6.6, ,6.6,6.6,L,12,2021,1,2028,,IPP Non-CHP,2,N,WAT,,,,,, ,,,,,,,,,,,,
60349,"Juneau Hydropower, Inc",60588,Sweetheart Lake Hydroelectric Facility,AK,Juneau,JHI03,Conventional Hydroelectric,HY,,S,X,X,,,6.6, ,6.6,6.6,L,12,2021,1,2028,,IPP Non-CHP,2,N,WAT,,,,,, ,,,,,,,,,,,,
61818,CC Polymers LLC,60642,M&G Resins USA,TX,Nueces,1,All Other,OT,,S,X,X,,,14.3,0.8,11.7,12.6,U,8,2017,12,2028,N,Industrial Non-CHP,6,N,WH,,,,,, ,,,,,,,,,N,N,N,N
61818,CC Polymers LLC,60642,M&G Resins USA,TX,Nueces,2,All Other,OT,,S,X,X,,,14.3,0.8,11.7,12.6,U,8,2017,12,2028,N,Industrial Non-CHP,6,N,WH,,,,,, ,,,,,,,,,,N,N,N
60395,"California Ethanol Power, LLC",60670,CE&P Imperial Valley 1,CA,Imperial,1,All Other,CC,,S,Y,Y,,,50,0.8,50,50,T,6,2019,6,2029,Y,Industrial CHP,7,N,OTH,,,,,, ,,,,,,,,,,N,N,N
64138,"Birch Creek Development, LLC (NC)",60692,Friesian Holdings,NC,Scotland,PV1,Solar Photovoltaic,PV,,S,X,X,,,75, ,75,75,P,12,2017,4,2027,N,IPP Non-CHP,2,N,SUN,,,,,, ,,,,,,,,,,,,
58135,Ecos Energy LLC,61037,Apple Hill Solar,VT,Bennington,APPL,Solar Photovoltaic,PV,,S,X,X,,,2, ,2,2,U,12,2017,12,2026,N,IPP Non-CHP,2,,SUN,,,,,, ,,,,,,,,,,,,
60796,91MC 8me LLC,61167,Aratina Solar Center 1B,CA,San Bernardino,91MC8,Solar Photovoltaic,PV,,S,X,X,,,80, ,80,80,V,4,2020,7,2026,,IPP Non-CHP,2,N,SUN,,,,,, ,,,,,,,,,,N,,
60796,91MC 8me LLC,61167,Aratina Solar Center 1B,CA,San Bernardino,BESS,Batteries,BA,,S,X,X,,,50, ,50,50,V,4,2020,7,2026,,IPP Non-CHP,2,N,MWH,,,,,, ,,,,,,,,,,,,
60799,33UI 8me LLC,61170,Gale 1 Solar,UT,Millard,33UI8,Solar Photovoltaic,PV,,S,X,X,,,300, ,300,300,P,6,2020,8,2030,,IPP Non-CHP,2,N,SUN,,,,,, ,,,,,,,,,N,N,,
60799,33UI 8me LLC,61170,Gale 1 Solar,UT,Millard,33UI9,Batteries,BA,,S,X,X,,,150, ,150,150,P,12,2027,8,2030,,IPP Non-CHP,2,N,MWH,,,,,, ,,,,,,,,,,N,,
60971,NYC Energy LLC,61331,NISA Electric Generation Project,NY,Kings,BA1,Batteries,BA,,S,X,X,,,79.9, ,79.9,79.9,T,1,2024,10,2028,,IPP Non-CHP,2,N,MWH,,,,,, ,,,,,,,,,,,,
60971,NYC Energy LLC,61331,NISA Electric Generation Project,NY,Kings,BA2,Batteries,BA,,S,X,X,,,220.1, ,220.1,220.1,T,4,2025,10,2028,,IPP Non-CHP,2,N,MWH,,,,,, ,,,,,,,,,,,,
61001,"Hu Honua Bioenergy, LLC",61364,Hu Honua Bioenergy Facility,HI,Hawaii,HHB,Other Waste Biomass,ST,,S,X,X,,,36,0.9,32,32,V,12,2019,12,2027,,IPP Non-CHP,2,,OBS,OBL,,,,, ,,,N,,,,,,,Y,U,Y
67192,RWE Clean Energy,61511,Burt County Wind,NE,Burt,BCNE,Onshore Wind Turbine,WT,,S,X,X,,,75, ,75,75,L,12,2018,7,2027,,IPP Non-CHP,2,,WND,,,,,,30,,,,,,,,,,,,
61166,Green Power Energy LLC,61592,Cody Road Wind Farm,NY,Madison,WT1,Onshore Wind Turbine,WT,,S,X,X,,,2.4,0.9,2.4,2.4,U,12,2018,7,2029,,IPP Non-CHP,2,N,WND,,,,,,1,,,,,,,,,,,,
61166,Green Power Energy LLC,61592,Cody Road Wind Farm,NY,Madison,WT2,Onshore Wind Turbine,WT,,S,X,X,,,2.4,0.9,2.4,2.4,U,12,2018,7,2029,,IPP Non-CHP,2,N,WND,,,,,,1,,,,,,,,,,,,
61166,Green Power Energy LLC,61592,Cody Road Wind Farm,NY,Madison,WT3,Onshore Wind Turbine,WT,,S,X,X,,,2.4,0.9,2.4,2.4,U,12,2018,7,2029,,IPP Non-CHP,2,N,WND,,,,,,1,,,,,,,,,,,,
61166,Green Power Energy LLC,61592,Cody Road Wind Farm,NY,Madison,WT4,Onshore Wind Turbine,WT,,S,X,X,,,2.4,0.9,2.4,2.4,U,12,2018,7,2027,,IPP Non-CHP,2,N,WND,,,,,,1,,,,,,,,,,,,
61166,Green Power Energy LLC,61592,Cody Road Wind Farm,NY,Madison,WT5,Onshore Wind Turbine,WT,,S,X,X,,,2.4,0.9,2.4,2.4,U,12,2018,7,2027,,IPP Non-CHP,2,N,WND,,,,,,1,,,,,,,,,,,,
7140,Georgia Power Co,61648,Robins Air Force Base Solar,GA,Bibb,2,Batteries,BA,,S,X,X,,,128, ,128,128,U,3,2026,3,2026,,Electric Utility,1,N,MWH,,,,,, ,,,,,,,,,,,,
62759,Geronimo Power,61687,Plum Creek,MN,Cottonwood,PLMCK,Onshore Wind Turbine,WT,,S,X,X,,,200, ,200,200,L,12,2021,12,2028,,IPP Non-CHP,2,N,WND,,,,,,69,,,,,,,,,,N,,
34691,Ormat Nevada Inc,61912,McGinness Hills 3,NV,Lander,MHSOL,Solar Photovoltaic,PV,,S,X,X,,,14,1,14,7,L,12,2023,1,2027,,IPP Non-CHP,2,N,SUN,,,,,, ,,,,,,,,,,,,
61596,Lincoln Land Energy Center LLC,62022,Lincoln Land Energy Center,IL,Sangamon,GEN1,Natural Gas Fired Combined Cycle,CS,,S,Y,N,,,638.4,0.95,520,520,P,6,2026,6,2030,N,IPP Non-CHP,2,N,NG,,,,,, ,,,,,,,,,,N,N,N
61596,Lincoln Land Energy Center LLC,62022,Lincoln Land Energy Center,IL,Sangamon,GEN2,Natural Gas Fired Combined Cycle,CS,,S,Y,N,,,638.4,0.95,520,520,P,6,2026,6,2030,N,IPP Non-CHP,2,N,NG,,,,,, ,,,,,,,,,,N,N,N
61713,B & K Solar,62181,B & K Solar,SC,Darlington,23,Solar Photovoltaic,PV,,S,X,X,,,74.9, ,74.9,74.9,T,12,2020,11,2026,N,IPP Non-CHP,2,N,SUN,,,,,, ,,,,,,,,,,,,
61716,Big Fork Solar,62184,Big Fork Solar,SC,Barnwell,26,Solar Photovoltaic,PV,,S,X,X,,,74.9, ,74.9,74.9,T,12,2020,11,2028,,IPP Non-CHP,2,N,SUN,,,,,, ,,,,,,,,,,,,
61716,Big Fork Solar,62184,Big Fork Solar,SC,Barnwell,27,Batteries,BA,,S,X,X,,,74.9,0.95,74.9,74.9,T,12,2020,2,2027,,IPP Non-CHP,2,N,MWH,,,,,, ,,,,,,,,,,,,
61720,Colleton Solar,62188,Colleton Solar,SC,Colleton,30,Solar Photovoltaic,PV,,S,X,X,,,74.9,0.95,74.9,74.9,T,12,2020,11,2028,,IPP Non-CHP,2,N,SUN,,,,,, ,,,,,,,,,,,,
61722,Crossroads Solar,62190,Crossroads Solar,SC,Barnwell,32,Solar Photovoltaic,PV,,S,X,X,,,50,0.95,50,50,T,6,2020,11,2028,,IPP Non-CHP,2,N,SUN,,,,,, ,,,,,,,,,,,,
61737,GEB Solar,62217,GEB Solar,SC,Darlington,40,Solar Photovoltaic,PV,,S,X,X,,,50, ,50,50,T,12,2020,11,2028,N,IPP Non-CHP,2,N,SUN,,,,,, ,,,,,,,,,,,,
61729,Culpepper Solar,62221,Culpepper Solar,SC,Darlington,33,Solar Photovoltaic,PV,,S,X,X,,,74.9, ,74.9,74.9,T,12,2018,11,2027,N,IPP Non-CHP,2,N,SUN,,,,,, ,,,,,,,,,,,,
61746,Holliday Solar I,62229,Holliday Solar I,SC,Horry,43,Solar Photovoltaic,PV,,S,X,X,,,74, ,74,74,T,12,2020,11,2028,N,IPP Non-CHP,2,N,SUN,,,,,, ,,,,,,,,,,,,
61751,Juniper Solar,62234,Juniper Solar,SC,Chesterfield,48,Solar Photovoltaic,PV,,S,X,X,,,74.9, ,74.9,74.9,T,12,2020,3,2027,N,IPP Non-CHP,2,N,SUN,,,,,, ,,,,,,,,,,,,
61784,Rolling Upland Wind Farm LLC,62262,Rolling Upland Wind Farm LLC,NY,Madison,GEN1,Onshore Wind Turbine,WT,,S,X,X,,,71.4, ,71.4,71.4,P,12,2025,12,2029,N,IPP Non-CHP,2,N,WND,,,,,,60,,,,,,,,,,,,
61785,EDP Renewables North America LLC,62263,Saddle Mountain East Wind Farm,WA,Adams,GEN1,Onshore Wind Turbine,WT,,S,X,X,,,126, ,126,126,P,12,2019,10,2029,N,IPP Non-CHP,2,N,WND,,,,,,28,,,,,,,,,,,,
61791,Melsam Solar,62280,Melsam Solar,SC,Dillon,58,Solar Photovoltaic,PV,,S,X,X,,,65, ,65,65,T,12,2020,11,2028,N,IPP Non-CHP,2,N,SUN,,,,,, ,,,,,,,,,,,,
67082,"Headwater Energy, LLC",62293,Pruger Solar II,SC,Marion,64,Solar Photovoltaic,PV,,S,X,X,,,2, ,2,2,T,12,2020,6,2026,,IPP Non-CHP,2,N,SUN,,,,,, ,,,,,,,,,N,N,,
61808,Rollins Solar,62295,Rollins Solar,SC,Darlington,67,Solar Photovoltaic,PV,,S,X,X,,,74.9, ,74.9,74.9,T,12,2020,11,2027,N,IPP Non-CHP,2,N,SUN,,,,,, ,,,,,,,,,N,N,,
61809,Ross Solar,62296,Ross Solar,SC,Darlington,68,Solar Photovoltaic,PV,,S,X,X,,,74.9, ,74.9,74.9,T,12,2020,11,2027,N,IPP Non-CHP,2,N,SUN,,,,,, ,,,,,,,,,N,N,,
61807,Quest Solar,62299,Quest Solar,SC,Allendale,66,Solar Photovoltaic,PV,,S,X,X,,,50,0.95,50,50,T,12,2020,11,2028,,IPP Non-CHP,2,N,SUN,,,,,, ,,,,,,,,,N,N,,
61830,Shining Sun Solar,62309,Shining Sun Solar,SC,Orangeburg,73,Solar Photovoltaic,PV,,S,X,X,,,74, ,74.4,74,T,12,2020,11,2028,N,IPP Non-CHP,2,N,SUN,,,,,, ,,,,,,,,,N,N,,
61831,Shorthorn Solar,62310,Shorthorn Solar,SC,Lee,74,Solar Photovoltaic,PV,,S,X,X,,,60, ,60,60,T,12,2020,11,2027,N,IPP Non-CHP,2,N,SUN,,,,,, ,,,,,,,,,N,N,,
7140,Georgia Power Co,62377,Moody Air Force Base Solar,GA,Lowndes,2,Batteries,BA,,S,X,X,,,49.5, ,49.5,49.5,U,3,2026,4,2026,N,Electric Utility,1,N,MWH,,,,,, ,,,,,,,,,,,,
61906,Rye Development,62384,Point Marion L&D Hydroelectric Project,PA,Fayette,NA1,Conventional Hydroelectric,HY,,S,X,X,,,2.5,0.9,1.5,2.2,P,10,2022,11,2028,,IPP Non-CHP,2,N,WAT,,,,,, ,,,,,,,,,,,,
61906,Rye Development,62384,Point Marion L&D Hydroelectric Project,PA,Fayette,NA2,Conventional Hydroelectric,HY,,S,X,X,,,2.5,0.9,1.5,2.2,P,11,2022,12,2028,,IPP Non-CHP,2,N,WAT,,,,,, ,,,,,,,,,,,,
61906,Rye Development,62385,Maxwell L&D Hydroelectric Project,PA,Fayette,NA1,Conventional Hydroelectric,HY,,S,X,X,,,6,0.9,4.5,5.5,P,10,2022,11,2028,,IPP Non-CHP,2,N,WAT,,,,,, ,,,,,,,,,,,,
61906,Rye Development,62385,Maxwell L&D Hydroelectric Project,PA,Fayette,NA2,Conventional Hydroelectric,HY,,S,X,X,,,6,0.9,4.5,5.5,P,11,2022,12,2028,,IPP Non-CHP,2,N,WAT,,,,,, ,,,,,,,,,,,,
61906,Rye Development,62386,Opekiska L&D Hydroelectric Project,WV,Monongalia,NA1,Conventional Hydroelectric,HY,,S,X,X,,,3,0.9,2,2.5,P,10,2022,8,2028,,IPP Non-CHP,2,N,WAT,,,,,, ,,,,,,,,,,,,
61906,Rye Development,62386,Opekiska L&D Hydroelectric Project,WV,Monongalia,NA2,Conventional Hydroelectric,HY,,S,X,X,,,3,0.9,2,2.5,P,11,2022,9,2028,,IPP Non-CHP,2,N,WAT,,,,,, ,,,,,,,,,,,,
61906,Rye Development,62387,Morgantown L&D Hydroelectric Project,WV,Monongalia,NA1,Conventional Hydroelectric,HY,,S,X,X,,,2.5,0.9,1.5,2,P,10,2022,8,2028,,IPP Non-CHP,2,N,WAT,,,,,, ,,,,,,,,,,,,
61906,Rye Development,62387,Morgantown L&D Hydroelectric Project,WV,Monongalia,NA2,Conventional Hydroelectric,HY,,S,X,X,,,2.5,0.9,1.5,2,P,11,2022,9,2028,,IPP Non-CHP,2,N,WAT,,,,,, ,,,,,,,,,,,,
61906,Rye Development,62388,Grays Landing L&D Hydroelectric Project,PA,Greene,NA1,Conventional Hydroelectric,HY,,S,X,X,,,6,0.9,4.5,5.5,P,10,2022,6,2028,,IPP Non-CHP,2,N,WAT,,,,,, ,,,,,,,,,,,,
61906,Rye Development,62388,Grays Landing L&D Hydroelectric Project,PA,Greene,NA2,Conventional Hydroelectric,HY,,S,X,X,,,6,0.9,4.5,5.5,P,11,2022,7,2028,,IPP Non-CHP,2,N,WAT,,,,,, ,,,,,,,,,,,,
67011,"Lock 11 Hydro Partners, LLC",62390,KY No. 11 L&D Hydroelectric Project,KY,Estill,6,Conventional Hydroelectric,HY,,S,X,X,,,0.6,0.95,0.6,0.6,T,11,2022,11,2027,,IPP Non-CHP,2,N,WAT,,,,,, ,,,,,,,,,,,,
67011,"Lock 11 Hydro Partners, LLC",62390,KY No. 11 L&D Hydroelectric Project,KY,Estill,NA1,Conventional Hydroelectric,HY,,S,X,X,,,0.6,0.95,0.6,0.6,T,11,2022,11,2027,,IPP Non-CHP,2,N,WAT,,,,,, ,,,,,,,,,,,,
67011,"Lock 11 Hydro Partners, LLC",62390,KY No. 11 L&D Hydroelectric Project,KY,Estill,NA2,Conventional Hydroelectric,HY,,S,X,X,,,0.6,0.95,0.6,0.6,T,11,2022,11,2027,,IPP Non-CHP,2,,WAT,,,,,, ,,,,,,,,,,,,
67011,"Lock 11 Hydro Partners, LLC",62390,KY No. 11 L&D Hydroelectric Project,KY,Estill,NA3,Conventional Hydroelectric,HY,,S,X,X,,,0.2,0.95,0.2,0.2,T,11,2022,11,2027,,IPP Non-CHP,2,N,WAT,,,,,, ,,,,,,,,,,,,
67011,"Lock 11 Hydro Partners, LLC",62390,KY No. 11 L&D Hydroelectric Project,KY,Estill,NA4,Conventional Hydroelectric,HY,,S,X,X,,,0.2,0.95,0.2,0.2,T,11,2022,11,2027,,IPP Non-CHP,2,N,WAT,,,,,, ,,,,,,,,,,,,
67011,"Lock 11 Hydro Partners, LLC",62390,KY No. 11 L&D Hydroelectric Project,KY,Estill,NA5,Conventional Hydroelectric,HY,,S,X,X,,,0.6,0.95,0.6,0.6,T,11,2022,11,2027,,IPP Non-CHP,2,N,WAT,,,,,, ,,,,,,,,,,,,
61906,Rye Development,62391,Overton Hydroelectric Project,LA,Rapides,NA1,Conventional Hydroelectric,HY,,S,X,X,,,8.1,0.9,5.5,7.5,P,10,2022,6,2028,,IPP Non-CHP,2,N,WAT,,,,,, ,,,,,,,,,,,,
61906,Rye Development,62391,Overton Hydroelectric Project,LA,Rapides,NA2,Conventional Hydroelectric,HY,,S,X,X,,,8.1,0.9,5.5,7.5,P,11,2022,6,2028,,IPP Non-CHP,2,N,WAT,,,,,, ,,,,,,,,,,,,
61906,Rye Development,62391,Overton Hydroelectric Project,LA,Rapides,NA3,Conventional Hydroelectric,HY,,S,X,X,,,8.1,0.9,5.5,7.5,P,11,2022,7,2028,,IPP Non-CHP,2,N,WAT,,,,,, ,,,,,,,,,,,,
61906,Rye Development,62391,Overton Hydroelectric Project,LA,Rapides,NA4,Conventional Hydroelectric,HY,,S,X,X,,,8.1,0.9,5.5,7.5,P,11,2022,7,2028,,IPP Non-CHP,2,N,WAT,,,,,, ,,,,,,,,,,,,
61906,Rye Development,62391,Overton Hydroelectric Project,LA,Rapides,NA5,Conventional Hydroelectric,HY,,S,X,X,,,8.1,0.9,5.5,7.5,P,11,2022,8,2028,,IPP Non-CHP,2,N,WAT,,,,,, ,,,,,,,,,,,,
61906,Rye Development,62391,Overton Hydroelectric Project,LA,Rapides,NA6,Conventional Hydroelectric,HY,,S,X,X,,,8.1,0.9,5.5,7.5,P,11,2022,8,2028,,IPP Non-CHP,2,N,WAT,,,,,, ,,,,,,,,,,,,
61906,Rye Development,62400,Montgomery L&D Hydroelectric Project,PA,Beaver,NA1,Conventional Hydroelectric,HY,,S,X,X,,,6.8,0.9,5.5,6.3,P,10,2022,10,2028,,IPP Non-CHP,2,N,WAT,,,,,, ,,,,,,,,,,,,
61906,Rye Development,62400,Montgomery L&D Hydroelectric Project,PA,Beaver,NA2,Conventional Hydroelectric,HY,,S,X,X,,,6.8,0.9,5.5,6.3,P,11,2022,11,2028,,IPP Non-CHP,2,N,WAT,,,,,, ,,,,,,,,,,,,
61906,Rye Development,62400,Montgomery L&D Hydroelectric Project,PA,Beaver,NA3,Conventional Hydroelectric,HY,,S,X,X,,,6.8,0.9,5.5,6.3,P,11,2022,12,2028,,IPP Non-CHP,2,N,WAT,,,,,, ,,,,,,,,,,,,
61906,Rye Development,62401,Allegheny L&D2 Hydroelectric Project,PA,Allegheny,NA1,Conventional Hydroelectric,HY,,S,X,X,,,4.5,0.9,2.5,3.5,P,10,2022,11,2030,,IPP Non-CHP,2,N,WAT,,,,,, ,,,,,,,,,,,,
61906,Rye Development,62401,Allegheny L&D2 Hydroelectric Project,PA,Allegheny,NA2,Conventional Hydroelectric,HY,,S,X,X,,,4.5,0.9,2.5,3.5,P,11,2022,12,2030,,IPP Non-CHP,2,N,WAT,,,,,, ,,,,,,,,,,,,
61906,Rye Development,62402,Arkabutla Lake Hydroelectric Project,MS,DeSoto,NA1,Conventional Hydroelectric,HY,,S,X,X,,,2.5,0.9,1.5,1.4,P,10,2022,6,2028,,IPP Non-CHP,2,N,WAT,,,,,, ,,,,,,,,,,,,
61906,Rye Development,62402,Arkabutla Lake Hydroelectric Project,MS,DeSoto,NA2,Conventional Hydroelectric,HY,,S,X,X,,,2.5,0.9,1.5,1.4,P,11,2022,7,2028,,IPP Non-CHP,2,N,WAT,,,,,, ,,,,,,,,,,,,
61906,Rye Development,62404,Monongahela L&D4 Hydroelectric Project,PA,Washington,NA1,Conventional Hydroelectric,HY,,S,X,X,,,6,0.9,4.5,5.5,P,10,2022,10,2028,,IPP Non-CHP,2,N,WAT,,,,,, ,,,,,,,,,,,,
61906,Rye Development,62404,Monongahela L&D4 Hydroelectric Project,PA,Washington,NA2,Conventional Hydroelectric,HY,,S,X,X,,,6,0.9,4.5,5.5,P,11,2022,11,2028,,IPP Non-CHP,2,N,WAT,,,,,, ,,,,,,,,,,,,
61906,Rye Development,62425,Sardis Lake Hydroelectric Project,MS,Panola,NA1,Conventional Hydroelectric,HY,,S,X,X,,,7.5,0.9,5.5,4.5,P,10,2022,10,2028,N,IPP Non-CHP,2,N,WAT,,,,,, ,,,,,,,,,,,,
61906,Rye Development,62425,Sardis Lake Hydroelectric Project,MS,Panola,NA2,Conventional Hydroelectric,HY,,S,X,X,,,7.5,0.9,5.5,4.5,P,11,2022,11,2028,N,IPP Non-CHP,2,N,WAT,,,,,, ,,,,,,,,,,,,
61906,Rye Development,62430,Grenada Lake Hydroelectric Project,MS,Grenada,NA1,Conventional Hydroelectric,HY,,S,X,X,,,5,0.9,4,3,P,10,2022,4,2028,,IPP Non-CHP,2,N,WAT,,,,,, ,,,,,,,,,,,,
61906,Rye Development,62430,Grenada Lake Hydroelectric Project,MS,Grenada,NA2,Conventional Hydroelectric,HY,,S,X,X,,,5,0.9,4,3,P,11,2022,5,2028,,IPP Non-CHP,2,N,WAT,,,,,, ,,,,,,,,,,,,
61906,Rye Development,62432,Enid Lake Hydroelectric Project,MS,Panola,NA1,Conventional Hydroelectric,HY,,S,X,X,,,2.5,0.9,1.5,1.4,P,10,2022,10,2028,N,IPP Non-CHP,2,N,WAT,,,,,, ,,,,,,,,,,,,
61906,Rye Development,62432,Enid Lake Hydroelectric Project,MS,Panola,NA2,Conventional Hydroelectric,HY,,S,X,X,,,2.5,0.9,1.5,1.4,P,11,2022,11,2028,N,IPP Non-CHP,2,N,WAT,,,,,, ,,,,,,,,,,,,
61906,Rye Development,62433,Emsworth L&D Hydroelectric Project,PA,Allegheny,NA1,Conventional Hydroelectric,HY,,S,X,X,,,6.8,0.9,5,6.3,P,10,2022,10,2030,,IPP Non-CHP,2,N,WAT,,,,,, ,,,,,,,,,,,,
61906,Rye Development,62433,Emsworth L&D Hydroelectric Project,PA,Allegheny,NA2,Conventional Hydroelectric,HY,,S,X,X,,,6.8,0.9,5,6.3,P,11,2022,11,2030,,IPP Non-CHP,2,N,WAT,,,,,, ,,,,,,,,,,,,
61906,Rye Development,62433,Emsworth L&D Hydroelectric Project,PA,Allegheny,NA3,Conventional Hydroelectric,HY,,S,X,X,,,6.8,0.9,5,6.3,P,12,2023,12,2030,,IPP Non-CHP,2,N,WAT,,,,,, ,,,,,,,,,,,,
61906,Rye Development,62434,Emsworth BC Hydroelectric Project,PA,Allegheny,NA1,Conventional Hydroelectric,HY,,S,X,X,,,6,0.9,3,3,P,10,2022,11,2030,,IPP Non-CHP,2,N,WAT,,,,,, ,,,,,,,,,,,,
61906,Rye Development,62434,Emsworth BC Hydroelectric Project,PA,Allegheny,NA2,Conventional Hydroelectric,HY,,S,X,X,,,6,0.9,4,4,P,11,2022,12,2030,,IPP Non-CHP,2,N,WAT,,,,,, ,,,,,,,,,,,,
61906,Rye Development,62434,Emsworth BC Hydroelectric Project,PA,Allegheny,NA3,Conventional Hydroelectric,HY,,S,X,X,,,6.8,0.9,5,6.3,P,12,2025,12,2030,,IPP Non-CHP,2,N,WAT,,,,,, ,,,,,,,,,,,,
61951,"Dodge County Wind, LLC",62437,Dodge County Wind,MN,Dodge,WT,Onshore Wind Turbine,WT,,S,X,X,,,229, ,229,229,T,10,2020,12,2027,N,IPP Non-CHP,2,N,WND,,,,,,79,,,,,,,,,,,,
62646,"Painter Energy Storage, LLC",62729,Painter Energy Storage,CA,Santa Barbara,PAIN1,Batteries,BA,,S,X,X,GOLETA_6_N200,GOLETA_6_N200,10,1,10,10,TS,3,2023,7,2026,N,IPP Non-CHP,2,N,MWH,,,,,, ,,,,,,,,,N,N,N,N
62663,Lock 13 Hydro Partners,62748,Evelyn Hydroelectric Project,KY,Lee,1,Conventional Hydroelectric,HY,,S,X,X,,,0.6,1,0.6,0.6,T,12,2021,12,2029,N,IPP Non-CHP,2,N,WAT,,,,,, ,,,,,,,,,,,,
62663,Lock 13 Hydro Partners,62748,Evelyn Hydroelectric Project,KY,Lee,2,Conventional Hydroelectric,HY,,S,X,X,,,0.6,1,0.6,0.6,T,12,2021,12,2029,N,IPP Non-CHP,2,N,WAT,,,,,, ,,,,,,,,,,,,
62663,Lock 13 Hydro Partners,62748,Evelyn Hydroelectric Project,KY,Lee,3,Conventional Hydroelectric,HY,,S,X,X,,,0.2,1,0.2,0.2,T,12,2021,12,2029,N,IPP Non-CHP,2,N,WAT,,,,,, ,,,,,,,,,,,,
62663,Lock 13 Hydro Partners,62748,Evelyn Hydroelectric Project,KY,Lee,4,Conventional Hydroelectric,HY,,S,X,X,,,0.2,1,0.2,0.2,T,12,2021,12,2029,N,IPP Non-CHP,2,N,WAT,,,,,, ,,,,,,,,,,,,
62663,Lock 13 Hydro Partners,62748,Evelyn Hydroelectric Project,KY,Lee,5,Conventional Hydroelectric,HY,,S,X,X,,,0.6,1,0.6,0.6,T,12,2021,12,2029,N,IPP Non-CHP,2,N,WAT,,,,,, ,,,,,,,,,,,,
62663,Lock 13 Hydro Partners,62748,Evelyn Hydroelectric Project,KY,Lee,6,Conventional Hydroelectric,HY,,S,X,X,,,0.6,1,0.6,0.6,T,12,2021,12,2029,N,IPP Non-CHP,2,N,WAT,,,,,, ,,,,,,,,,,,,
62664,"Lock 14 Hydro Partners, LLC",62749,Heidelberg Hydroelectric Project,KY,Lee,1,Conventional Hydroelectric,HY,,S,X,X,,,0.6,1,0.6,0.6,V,12,2020,9,2026,,IPP Non-CHP,2,N,WAT,,,,,, ,,,,,,,,,,,,
62664,"Lock 14 Hydro Partners, LLC",62749,Heidelberg Hydroelectric Project,KY,Lee,2,Conventional Hydroelectric,HY,,S,X,X,,,0.6,1,0.6,0.6,V,12,2020,9,2026,,IPP Non-CHP,2,N,WAT,,,,,, ,,,,,,,,,,,,
62664,"Lock 14 Hydro Partners, LLC",62749,Heidelberg Hydroelectric Project,KY,Lee,3,Conventional Hydroelectric,HY,,S,X,X,,,0.2,1,0.2,0.2,V,12,2020,9,2026,,IPP Non-CHP,2,N,WAT,,,,,, ,,,,,,,,,,,,
62664,"Lock 14 Hydro Partners, LLC",62749,Heidelberg Hydroelectric Project,KY,Lee,4,Conventional Hydroelectric,HY,,S,X,X,,,0.2,1,0.2,0.2,V,12,2020,9,2026,,IPP Non-CHP,2,N,WAT,,,,,, ,,,,,,,,,,,,
62664,"Lock 14 Hydro Partners, LLC",62749,Heidelberg Hydroelectric Project,KY,Lee,5,Conventional Hydroelectric,HY,,S,X,X,,,0.6,1,0.6,0.6,V,12,2020,9,2026,,IPP Non-CHP,2,N,WAT,,,,,, ,,,,,,,,,,,,
62664,"Lock 14 Hydro Partners, LLC",62749,Heidelberg Hydroelectric Project,KY,Lee,6,Conventional Hydroelectric,HY,,S,X,X,,,0.6,1,0.6,0.6,V,12,2020,9,2026,,IPP Non-CHP,2,N,WAT,,,,,, ,,,,,,,,,,,,
62698,SunEast Skyline Solar LLC,62816,SunEast Skyline Solar Project,NY,Oneida,Q670,Solar Photovoltaic,PV,,S,X,X,,,20, ,20,20,P,12,2020,6,2027,,IPP Non-CHP,2,N,SUN,,,,,, ,,,,,,,,,,,,
60281,"Altus Power America Management, LLC",62823,SunEast Dog Corners Solar Project,NY,Cayuga,Q584,Solar Photovoltaic,PV,,S,X,X,,,20, ,20,20,U,12,2020,6,2027,N,IPP Non-CHP,2,N,SUN,,,,,, ,,,,,,,,,,,,
59056,"Tri Global Energy, LLC",62846,Water Valley Wind Energy,TX,Tom Green,WWE1,Onshore Wind Turbine,WT,,S,X,X,,,180, ,180,180,P,10,2021,12,2027,N,IPP Non-CHP,2,N,WND,,,,,,55,,,,,,,,,,,,
62760,EDPR CA Solar Park VI LLC,62892,EDPR CA Solar Park VI LLC (CA) Hybrid,CA,Fresno,SONR2,Batteries,BA,,W,X,X,,,40, ,40,40,U,12,2022,10,2026,N,IPP Non-CHP,2,N,MWH,,,,,, ,,,,,,,,,,,,
62760,EDPR CA Solar Park VI LLC,62892,EDPR CA Solar Park VI LLC (CA) Hybrid,CA,Fresno,SONRI,Solar Photovoltaic,PV,,W,X,X,,,201, ,200,200,U,12,2022,10,2026,N,IPP Non-CHP,2,N,SUN,,,,,, ,,,,,,,,,,,,
62765,"High Bridge Wind, LLC",62894,High Bridge Wind Project,NY,Chenango,WT,Onshore Wind Turbine,WT,,S,X,X,,,103.2,0.95,103.2,103.2,P,12,2021,12,2027,,IPP Non-CHP,2,N,WND,,,,,,23,,,,,,,,,N,N,,
66881,Hills Solar NY LLC,62895,SunEast Hills Solar Project,NY,Herkimer,Q581,Solar Photovoltaic,PV,,S,X,X,,,20, ,20,20,T,7,2020,10,2027,,IPP Non-CHP,2,N,SUN,,,,,, ,,,,,,,,,,,,
66886,Watkins Road Solar NY LLC,62896,SunEast Watkins Road Solar Project,NY,Herkimer,Q586,Solar Photovoltaic,PV,,S,X,X,,,20, ,20,20,T,7,2020,11,2027,N,IPP Non-CHP,2,N,SUN,,,,,, ,,,,,,,,,,,,
49893,Invenergy Services LLC,62954,Alle-Catt Wind Energy LLC,NY,Allegany,GEN1,Onshore Wind Turbine,WT,,S,X,X,,,340, ,340,340,V,4,2020,12,2026,,IPP Non-CHP,2,N,WND,,,,,,96,,,,,,,,,,,,
49893,Invenergy Services LLC,63026,Yum Yum Solar LLC,TN,Fayette,GEN1,Solar Photovoltaic,PV,,S,X,X,,,147, ,147,147,V,12,2021,5,2026,,IPP Non-CHP,2,N,SUN,,,,,, ,,,,,,,,,,,,
49893,Invenergy Services LLC,63028,Tip Top Solar Energy Center LLC,NM,Lea,GEN1,Solar Photovoltaic,PV,,S,X,X,,,220, ,220,220,U,12,2022,12,2026,,IPP Non-CHP,2,N,SUN,,,,,, ,,,,,,,,,,,,
65396,Viracocha Wind LLC,63088,Rooney Ranch,CA,Alameda,ROONR,Onshore Wind Turbine,WT,,S,X,X,,,21, ,21,21,L,11,2020,12,2027,,IPP Non-CHP,2,N,WND,,,,,,7,,,,,,,,,,,,
65640,Vineyard Wind 1 LLC,63093,Vineyard Wind 1,MA,Dukes,VW01,Offshore Wind Turbine,WS,,S,X,X,UN.VNYRDWND115 VINW,UN.VNYRDWND115 VINW,800,0.95,800,800,TS,1,2022,4,2026,N,IPP Non-CHP,2,N,WND,,,,,,62,,,,,,,,,,N,,
49893,Invenergy Services LLC,63096,Horseshoe Solar Energy,NY,Livingston,GEN1,Solar Photovoltaic,PV,,S,X,X,,,180, ,180,180,L,11,2028,11,2028,,IPP Non-CHP,2,N,SUN,,,,,, ,,,,,,,,,,,,
62910,300MS 8me LLC,63113,Southern Bighorn Solar Hybrid,NV,Clark,BESS,Batteries,BA,,S,X,X,,,300, ,300,300,P,9,2023,7,2028,N,IPP Non-CHP,2,N,MWH,,,,,, ,,,,,,,,,,,,
62910,300MS 8me LLC,63113,Southern Bighorn Solar Hybrid,NV,Clark,SBS,Solar Photovoltaic,PV,,S,X,X,,,300, ,300,300,P,9,2023,7,2028,N,IPP Non-CHP,2,N,SUN,,,,,, ,,,,,,,,,,,,
65396,Viracocha Wind LLC,63126,Sand Hill A,CA,Alameda,SNDHA,Onshore Wind Turbine,WT,,S,X,X,,,13.5, ,13.5,13.5,L,11,2020,12,2027,,IPP Non-CHP,2,N,WND,,,,,,3,,,,,,,,,,,,
55983,Luminant Generation Company LLC,63193,Alira,TX,Andrews,UNIT1,Solar Photovoltaic,PV,,S,X,X,,,222.8,0.9,222.8,222.8,L,11,2020,1,2030,N,IPP Non-CHP,2,N,SUN,,,,,, ,,,,,,,,,,,,
62936,TREX US Red Holly LLC,63202,TREX US Red Holly,TX,Lynn,701,Solar Photovoltaic,PV,,S,X,X,,,250,1,250,250,L,7,2021,2,2027,,IPP Non-CHP,2,N,SUN,,,,,, ,,,,,,,,,,N,,
62936,TREX US Red Holly LLC,63202,TREX US Red Holly,TX,Lynn,701-S,Batteries,BA,,S,X,X,,,50, ,50,50,L,7,2021,7,2027,,IPP Non-CHP,2,N,MWH,,,,,, ,,,,,,,,,,N,,
66777,"McCrae Wind Energy II, LLC",63342,McCrae Wind Energy II,TX,Glasscock,BKII,Onshore Wind Turbine,WT,,S,X,X,,,162.1,0.95,162.1,162.1,TS,3,2020,12,2026,,IPP Non-CHP,2,N,WND,,,,,,47,,,,,,,,,,,,
63140,"Three Rivers Solar Power, LLC",63386,"Three Rivers Solar Power, LLC",ME,Hancock,3RIVS,Solar Photovoltaic,PV,,S,X,X,Pending,Pending,100,0.89,100,100,V,12,2020,12,2026,N,IPP Non-CHP,2,N,SUN,,,,,, ,,,,,,,,,N,N,,
63217,Obsidian Solar Center LLC,63488,Obsidian Solar Center,OR,Lake,OBSLR,Solar Photovoltaic,PV,,S,X,X,,,400,0.9,400,400,L,12,2023,12,2028,N,IPP Non-CHP,2,N,SUN,,,,,, ,,,,,,,,,N,N,,
63243,"Solar Carver 3, LLC",63506,Solar Carver 3 Hybrid,MA,Plymouth,BCRV3,Batteries,BA,,S,X,X,,,1, ,1,1,V,1,2021,9,2026,,IPP Non-CHP,2,N,MWH,,,,,, ,,,,,,,,,,,,
63243,"Solar Carver 3, LLC",63506,Solar Carver 3 Hybrid,MA,Plymouth,SCRV3,Solar Photovoltaic,PV,,S,X,X,,,1, ,1,1,V,1,2021,9,2026,,IPP Non-CHP,2,N,SUN,,,,,, ,,,,,,,,,,,,
63260,Cobb Electric Membership Corporation,63535,Solar BESS Hybrid,GA,Cobb,GEN02,Natural Gas Fired Combustion Turbine,GT,,S,X,X,,,2,1,2,2,U,5,2027,5,2027,,Electric Utility,1,N,NG,,,,,, ,,,,,,,,,,N,,
63260,Cobb Electric Membership Corporation,63535,Solar BESS Hybrid,GA,Cobb,GEN03,Natural Gas Fired Combustion Turbine,GT,,S,X,X,,,2,1,2,2,U,5,2027,5,2027,,Electric Utility,1,N,NG,,,,,, ,,,,,,,,,,N,,
63260,Cobb Electric Membership Corporation,63535,Solar BESS Hybrid,GA,Cobb,GEN04,Natural Gas Fired Combustion Turbine,GT,,S,X,X,,,2,1,2,2,U,5,2027,5,2027,,Electric Utility,1,N,NG,,,,,, ,,,,,,,,,,N,,
63257,"Solar Carver 1, LLC",63541,Solar Carver 1 Hybrid,MA,Plymouth,BCRV1,Batteries,BA,,S,X,X,,,2, ,2,2,V,1,2021,9,2026,N,IPP Non-CHP,2,N,MWH,,,,,, ,,,,,,,,,,,,
63257,"Solar Carver 1, LLC",63541,Solar Carver 1 Hybrid,MA,Plymouth,SCRV1,Solar Photovoltaic,PV,,S,X,X,,,2, ,2,2,V,1,2021,9,2026,N,IPP Non-CHP,2,N,SUN,,,,,, ,,,,,,,,,,,,
58970,"Ecoplexus, Inc",63567,Westminister NC,NC,Rutherford,WSMTR,Solar Photovoltaic,PV,,S,X,X,,,70,0.95,70,70,T,10,2021,12,2028,N,IPP Non-CHP,2,N,SUN,,,,,, ,,,,,,,,,,N,,
63289,Key Capture Energy,63584,NY2 Battery,NY,Orange,NY2,Batteries,BA,,S,X,X,,,151.5, ,151.5,151.5,L,11,2022,7,2028,,IPP Non-CHP,2,N,MWH,,,,,, ,,,,,,,,,,N,,
63331,"Organic Energy Solutions, Inc.",63622,OES Biogas Power,CA,San Bernardino,OES01,Other Waste Biomass,IC,,S,X,X,DVLCYN3G_7_B1,DVLCYN3G_7_B1,1.3,0.8,1.3,1.3,TS,4,2020,11,2026,Y,IPP CHP,3,N,OBG,LFG,,,,, ,,,,,,,,,,Y,N,N
63331,"Organic Energy Solutions, Inc.",63622,OES Biogas Power,CA,San Bernardino,OES02,Other Waste Biomass,IC,,S,X,X,DVLCYN3G_7_B1,DVLCYN3G_7_B1,1.3,0.8,1.3,1.3,TS,4,2020,11,2026,Y,IPP CHP,3,N,OBG,LFG,,,,, ,,,,,,,,,,Y,N,N
14063,Oklahoma Gas & Electric Co,63628,Tinker,OK,Oklahoma,1,Natural Gas Fired Combustion Turbine,GT,,S,X,X,,,48.1, ,48,48,TS,3,2026,3,2026,,Electric Utility,1,N,NG,,,,,, ,,,,,,,,,,N,N,N
14063,Oklahoma Gas & Electric Co,63628,Tinker,OK,Oklahoma,2,Natural Gas Fired Combustion Turbine,GT,,S,X,X,,,48.1, ,48,48,TS,3,2026,3,2026,,Electric Utility,1,N,NG,,,,,, ,,,,,,,,,,N,N,N
65396,Viracocha Wind LLC,63652,Sand Hill B,CA,Alameda,SNDHB,Onshore Wind Turbine,WT,,S,X,X,,,17, ,17,17,L,11,2020,12,2027,,IPP Non-CHP,2,N,WND,,,,,,3,,,,,,,,,,,,
65396,Viracocha Wind LLC,63653,Sand Hill C,CA,Alameda,SNDHC,Onshore Wind Turbine,WT,,S,X,X,,,80, ,80,80,L,11,2020,12,2027,,IPP Non-CHP,2,N,WND,,,,,,10,,,,,,,,,,,,
65043,Madison Energy Investments LLC,63677,Sturbridge Road Solar,MA,Worcester,STURB,Solar Photovoltaic,PV,,S,X,X,,,5, ,5,5,TS,12,2020,10,2026,,IPP Non-CHP,2,N,SUN,,,,,, ,,,,,,,,,,,,
63465,"Candela Renewables, LLC",63782,Rough Hat,NV,Clark,RH1,Solar Photovoltaic,PV,,W,X,X,,,400, ,400,400,L,3,2024,12,2027,N,IPP Non-CHP,2,N,SUN,,,,,, ,,,,,,,,,,,,
63463,"Palomino Solar, LLC",63784,Palomino Solar,OH,Highland,PLMNO,Solar Photovoltaic,PV,,S,X,X,,,200,1,200,200,U,12,2023,7,2027,,IPP Non-CHP,2,N,SUN,,,,,, ,,,,,,,,,N,N,,
61222,174 Power Global Corp.,63798,Atlas,AZ,La Paz,ATL01,Solar Photovoltaic,PV,,S,X,X,,,300, ,300,300,V,12,2022,8,2026,N,IPP Non-CHP,2,N,SUN,,,,,, ,,,,,,,,,,,,
63488,"Shady Hills Energy Center, LLC",63802,Shady Hills Combined Cycle Facility,FL,Pasco,G001,Natural Gas Fired Combined Cycle,CS,,S,Y,N,,,612,0.9,538.3,574.5,V,6,2026,11,2026,N,IPP Non-CHP,2,N,NG,,,,,,0,,,,,,,,,N,N,N,N
63492,"West River Solar, LLC",63806,"West River Solar, LLC",NC,Guilford,PGR28,Solar Photovoltaic,PV,,S,X,X,,,40,0.95,40,40,U,12,2021,10,2027,,IPP Non-CHP,2,N,SUN,,,,,, ,,,,,,,,,,N,,
63501,"Panther Grove Wind, LLC",63818,"Panther Grove Wind, LLC",IL,Woodford,78787,Onshore Wind Turbine,WT,,S,X,X,,,423, ,423,423,T,12,2021,12,2026,N,IPP Non-CHP,2,N,WND,,,,,,94,,,,,,,,,,,,
63520,326FW 8me LLC,63841,Arida Solar (Hybrid),NV,Clark,ARIDA,Solar Photovoltaic,PV,,S,X,X,,,370, ,370,370,P,6,2023,6,2029,N,IPP Non-CHP,2,N,SUN,,,,,, ,,,,,,,,N,,N,,
63520,326FW 8me LLC,63841,Arida Solar (Hybrid),NV,Clark,BESS,Batteries,BA,,S,X,X,,,370, ,370,370,P,6,2023,6,2029,N,IPP Non-CHP,2,N,MWH,,,,,, ,,,,,,,,N,N,N,,
63524,Freepoint Commodities LLC,63846,Raceway Solar,DE,Kent,RACE,Solar Photovoltaic,PV,,S,X,X,,,50, ,50,50,T,6,2022,7,2027,,IPP Non-CHP,2,N,SUN,,,,,, ,,,,,,,,,,,,
63527,"Westlands Cherry, LLC",63850,Cherry,CA,Kings,BESS1,Batteries,BA,,S,X,X,,,40, ,40,40,U,12,2025,5,2026,,IPP Non-CHP,2,N,MWH,,,,,,0,,,,,,,,,N,N,N,N
63527,"Westlands Cherry, LLC",63850,Cherry,CA,Kings,BESS2,Batteries,BA,,S,X,X,,,110, ,110,110,T,7,2026,7,2027,,IPP Non-CHP,2,N,MWH,,,,,,0,,,,,,,,,,N,N,N
63527,"Westlands Cherry, LLC",63850,Cherry,CA,Kings,CHERY,Solar Photovoltaic,PV,,S,X,X,,,249.7,1,249.7,249.7,T,7,2026,7,2027,,IPP Non-CHP,2,N,SUN,,,,,, ,,,,,,,,,,N,,
63528,"Westlands Grape, LLC",63851,Grape,CA,Kings,GRAPE,Solar Photovoltaic,PV,,S,X,X,,,246.4,1,246.4,246.4,T,6,2026,3,2027,,IPP Non-CHP,2,N,SUN,,,,,, ,,,,,,,,,,,,
60281,"Altus Power America Management, LLC",63862,SunEast Valley Solar Project,NY,Tioga,Q#828,Solar Photovoltaic,PV,,S,X,X,,,20, ,20,20,U,11,2021,6,2027,N,IPP Non-CHP,2,N,SUN,,,,,, ,,,,,,,,,,,,
66879,Grassy Knoll Solar NY LLC,63863,SunEast Grassy Knoll Solar Project,NY,Herkimer,Q#885,Solar Photovoltaic,PV,,S,X,X,,,20, ,20,20,T,11,2021,10,2027,N,IPP Non-CHP,2,N,SUN,,,,,, ,,,,,,,,,,N,,
63553,Haymaker Energy Project LLC,63878,Haymaker Hybrid,MT,Wheatland,HAY,Onshore Wind Turbine,WT,,S,X,X,,,630, ,630,630,P,12,2023,10,2031,,IPP Non-CHP,2,N,WND,,,,,,189,,,,,,,,,,,,
60281,"Altus Power America Management, LLC",63901,SunEast Flat Hill Solar Project,NY,Herkimer,Q#865,Solar Photovoltaic,PV,,S,X,X,,,20, ,20,20,U,11,2021,6,2027,N,IPP Non-CHP,2,N,SUN,,,,,, ,,,,,,,,,,N,,
63576,MEC North,63911,MEC North,MI,Calhoun,MECN,Natural Gas Fired Combined Cycle,CS,,S,Y,Y,,,500,1,500,500,T,6,2024,6,2034,,IPP Non-CHP,2,N,NG,,,,,, ,,,,,,,,,N,N,,
63577,MEC South,63912,MEC South,MI,Calhoun,MECS,Natural Gas Fired Combined Cycle,CS,,S,Y,Y,,,500,1,500,500,L,6,2024,6,2034,,IPP Non-CHP,2,N,NG,,,,,, ,,,,,,,,,N,N,,
63626,Two Rivers Wind LLC,63972,Two Rivers Wind Facility,WY,Carbon,TR1,Onshore Wind Turbine,WT,,J,X,X,WYOEAST,WYOEAST,6.1,0.95,6.1,6.1,L,12,2024,10,2028,,IPP Non-CHP,2,N,WND,,,,,,50,,,,,,,,,N,N,,
63677,"Caden Energix New Kent, LLC",64036,"Caden Energix New Kent, LLC",VA,New Kent,ENX08,Solar Photovoltaic,PV,,S,X,X,34964545,34964545,20,0.9,20,20,L,3,2022,8,2028,N,IPP Non-CHP,2,Y,SUN,,,,,, ,,,,,,,,,N,N,,
63678,SunEast Manchester Solar LLC,64037,SunEast Manchester Solar Project,NY,Ontario,Q#913,Solar Photovoltaic,PV,,S,X,X,,,20, ,20,20,T,11,2021,6,2027,,IPP Non-CHP,2,N,SUN,,,,,, ,,,,,,,,,,,,
63524,Freepoint Commodities LLC,64064,Shaftsbury Solar,VT,Bennington,SHAFT,Solar Photovoltaic,PV,,S,X,X,,,20, ,20,20,P,12,2023,12,2028,,IPP Non-CHP,2,N,SUN,,,,,, ,,,,,,,,,,,,
63697,BD Solar Auburn LLC,64067,Auburn PV - BD Solar Auburn LLC,ME,Androscoggin,AUBPV,Solar Photovoltaic,PV,,S,X,X,,,5, ,5,5,L,12,2021,3,2028,N,IPP Non-CHP,2,N,SUN,,,,,, ,,,,,,,,,,,,
63701,BD Solar Lewiston Junction LLC,64071,Lewiston Jn PV - BD Solar Lewiston Jn LL,ME,Androscoggin,LJNPV,Solar Photovoltaic,PV,,S,X,X,,,5, ,5,5,L,12,2021,3,2028,N,IPP Non-CHP,2,N,SUN,,,,,, ,,,,,,,,,,,,
15399,Avangrid Power LLC,64073,"Great Bear Solar, LLC",OH,Van Wert,GBS,Solar Photovoltaic,PV,,S,X,X,,,46, ,46,46,P,10,2021,12,2027,,IPP Non-CHP,2,N,SUN,,,,,, ,,,,,,,,,,,,
57313,Tesla Inc.,64098,Tesla Reno GigaFactory,NV,Storey,3,Solar Photovoltaic,PV,,S,X,X,,,1, ,1,1,TS,12,2020,9,2026,N,Industrial Non-CHP,6,N,SUN,,,,,, ,,,,,,,,,,,,
63726,Vistra Zero LLC,64131,Forest Grove - Dodd,TX,Henderson,FGPV1,Solar Photovoltaic,PV,,S,X,X,,,400.6, ,400,400,P,11,2022,1,2027,,IPP Non-CHP,2,N,SUN,,,,,, ,,,,,,,,,,,,
63726,Vistra Zero LLC,64132,Oak Hill - Dry Creek,TX,Rusk,PV1,Solar Photovoltaic,PV,,S,X,X,DRYCR_UNIT1,ERCOT,200, ,200,200,V,11,2022,3,2026,N,IPP Non-CHP,2,N,SUN,,,,,, ,,,,,,,,,,,,
60025,Greenbacker Renewable Energy Corporation,64163,Hecate Energy Cider Solar LLC,NY,Genesee,11111,Solar Photovoltaic,PV,,S,X,X,,,557, ,557,557,U,12,2023,10,2026,,IPP Non-CHP,2,N,SUN,,,,,, ,,,,,,,,,,,,
63792,Hornet Solar LLC,64167,Hornet Solar,NC,Gaston,GEN,Solar Photovoltaic,PV,,S,X,X,,,73, ,73,73,V,1,2021,12,2026,N,IPP Non-CHP,2,N,SUN,,,,,, ,,,,,,,,,,N,,
63793,Bear Branch Solar LLC,64168,Bear Branch Solar,NC,Stokes,GEN,Solar Photovoltaic,PV,,S,X,X,,,34.5, ,34.5,34.5,U,1,2021,1,2027,N,IPP Non-CHP,2,N,SUN,,,,,, ,,,,,,,,,,,,
61514,"Agilitas Energy, Inc.",64171,Tygart Hydropower,WV,Taylor,1,Conventional Hydroelectric,HY,,S,X,X,,,10,0.9,3,10,L,3,2027,3,2027,,IPP Non-CHP,2,N,WAT,,,,,, ,,,,,,,,,,,,
61514,"Agilitas Energy, Inc.",64171,Tygart Hydropower,WV,Taylor,2,Conventional Hydroelectric,HY,,S,X,X,,,10,0.9,3,10,L,3,2027,3,2027,,IPP Non-CHP,2,N,WAT,,,,,, ,,,,,,,,,,,,
61514,"Agilitas Energy, Inc.",64171,Tygart Hydropower,WV,Taylor,3,Conventional Hydroelectric,HY,,S,X,X,,,10,0.9,3,10,L,3,2027,3,2027,,IPP Non-CHP,2,N,WAT,,,,,, ,,,,,,,,,,,,
63954,Shepherd's Run Solar,64188,Shepherd's Run Solar,NY,Columbia,PV,Solar Photovoltaic,PV,,S,X,X,,,42, ,42,42,P,12,2023,11,2027,N,IPP Non-CHP,2,N,SUN,,,,,, ,,,,,,,,,,,,
67192,RWE Clean Energy,64202,"Big Star Solar, LLC (Hybrid)",TX,Bastrop,BGSTB,Batteries,BA,,S,X,X,,,80, ,80,80,TS,4,2022,10,2026,,IPP Non-CHP,2,N,MWH,,,,,,0,,,,,,,,,,,,
63807,302PN 8me LLC,64208,Red Antelope Solar & Energy Storage Farm,AZ,Coconino,30PNA,Solar Photovoltaic,PV,,S,X,X,,,400, ,400,400,P,11,2024,5,2028,,IPP Non-CHP,2,N,SUN,,,,,, ,,,,,,,,,,,,
63807,302PN 8me LLC,64208,Red Antelope Solar & Energy Storage Farm,AZ,Coconino,30PNB,Batteries,BA,,S,X,X,,,300, ,300,300,P,11,2024,5,2028,,IPP Non-CHP,2,N,MWH,,,,,, ,,,,,,,,,,,,
63806,26SB 8me LLC,64209,Bellefield 2 Solar & Energy Storage Farm,CA,Kern,26SBA,Solar Photovoltaic,PV,,S,X,X,,,500, ,500,500,U,6,2023,9,2026,N,IPP Non-CHP,2,N,SUN,,,,,, ,,,,,,,,,,,,
63806,26SB 8me LLC,64209,Bellefield 2 Solar & Energy Storage Farm,CA,Kern,26SBB,Batteries,BA,,S,X,X,,,500, ,500,500,P,6,2023,11,2026,N,IPP Non-CHP,2,N,MWH,,,,,, ,,,,,,,,,,,,
63825,45MG 8me LLC,64215,Aratina Solar Center 2,CA,Kern,45MGA,Solar Photovoltaic,PV,,S,X,X,,,150, ,150,150,U,6,2023,12,2026,,IPP Non-CHP,2,N,SUN,,,,,, ,,,,,,,,,,,,
63825,45MG 8me LLC,64215,Aratina Solar Center 2,CA,Kern,45MGB,Batteries,BA,,S,X,X,,,113, ,113,113,U,6,2023,12,2026,,IPP Non-CHP,2,N,MWH,,,,,, ,,,,,,,,,,,,
63826,201LC 8me LLC,64216,Rockmont Solar and Storage Project,NM,San Juan,201LC,Solar Photovoltaic,PV,,S,X,X,,,100, ,100,100,L,6,2022,12,2027,N,IPP Non-CHP,2,N,SUN,,,,,, ,,,,,,,,,,,,
63826,201LC 8me LLC,64216,Rockmont Solar and Storage Project,NM,San Juan,309SJ,Batteries,BA,,S,X,X,,,30, ,30,30,L,6,2022,12,2027,N,IPP Non-CHP,2,N,MWH,,,,,, ,,,,,,,,,,,,
63832,Hecate Energy Harley Hand Solar LLC,64234,Hecate Energy Harley Hand Solar LLC,TX,Nolan,19936,Solar Photovoltaic,PV,,S,X,X,,,514, ,514,514,P,6,2023,11,2028,,IPP Non-CHP,2,N,SUN,,,,,, ,,,,,,,,,,,,
15399,Avangrid Power LLC,64253,Mohawk Solar,NY,Montgomery,S1,Solar Photovoltaic,PV,,S,X,X,,,90.5, ,90.5,90.5,L,11,2021,12,2027,,IPP Non-CHP,2,N,SUN,,,,,, ,,,,,,,,,,,,
18642,Tennessee Valley Authority,64255,Vonore Battery Energy Storage System,TN,Monroe,VBESS,Batteries,BA,,S,X,X,,,20,0.95,20,20,U,7,2022,12,2026,,Electric Utility,1,N,MWH,,,,,, ,,,,,,,,,N,N,,
63869,"SE Athos II, LLC",64290,"SE Athos II, LLC",CA,Riverside,ATH1N,Batteries,BA,,S,X,X,,,100,1,100,100,U,11,2026,1,2027,,IPP Non-CHP,2,N,MWH,,,,,, ,,,,,,,,,,N,,
63869,"SE Athos II, LLC",64290,"SE Athos II, LLC",CA,Riverside,ATH1S,Batteries,BA,,S,X,X,,,102.3,1,102.3,102.3,U,11,2026,1,2027,,IPP Non-CHP,2,N,MWH,,,,,, ,,,,,,,,,,N,,
63869,"SE Athos II, LLC",64290,"SE Athos II, LLC",CA,Riverside,ATHB2,Batteries,BA,,S,X,X,,,200,1,200,200,U,11,2026,1,2027,,IPP Non-CHP,2,N,MWH,,,,,,0,,,,,,,,,,N,N,N
63873,Lincoln Medical and Mental Health Center,64291,Lincoln Medical and Mental Health Center,NY,Bronx,B4,Petroleum Liquids,IC,,S,X,X,,,1,0.8,1,1,U,7,2025,12,2026,,Commercial Non-CHP,4,,DFO,,,,,, ,,,,,,,,,N,N,,
63965,"Badger Wind , LLC",64342,"Badger Wind, LLC",ND,McIntosh,5555,Onshore Wind Turbine,WT,,S,X,X,,,250, ,250,250,V,11,2022,1,2026,,IPP Non-CHP,2,N,WND,,,,,,92,,,,,,,,,,,,
66347,"Placid Solar II, LLC",64345,Highland Solar North,FL,Highlands,1112,Solar Photovoltaic,PV,,S,X,X,,,74.9, ,74.9,74.9,L,12,2022,5,2027,,IPP Non-CHP,2,N,SUN,,,,,, ,,,,,,,,,,N,,
63969,"Placid Solar, LLC",64346,Highland Solar South,FL,Highlands,9999,Solar Photovoltaic,PV,,S,X,X,,,74.9, ,74.9,74.9,V,12,2022,9,2026,N,IPP Non-CHP,2,N,SUN,,,,,, ,,,,,,,,,,N,N,N
64904,AES Clean Energy,64349,Armadillo Solar Center,TX,Navarro,6666,Solar Photovoltaic,PV,,S,X,X,,,175, ,175,175,U,11,2025,4,2027,N,IPP Non-CHP,2,N,SUN,,,,,, ,,,,,,,,,,,,
64077,JVR Energy Park LLC,64428,JVR Energy Park LLC,CA,San Diego,JVR1A,Solar Photovoltaic,PV,,S,X,X,,,90, ,90,90,L,12,2022,3,2027,,IPP Non-CHP,2,N,SUN,,,,,, ,,,,,,,,,,,,
64077,JVR Energy Park LLC,64428,JVR Energy Park LLC,CA,San Diego,JVR1B,Batteries,BA,,S,X,X,,,70, ,70,70,P,12,2022,3,2027,,IPP Non-CHP,2,N,MWH,,,,,, ,,,,,,,,,,,,
56201,Engie North America,64531,Noosa Energy Storage LLC,CA,San Joaquin,KOV4A,Batteries,BA,,S,X,X,,,99, ,99,99,U,9,2024,9,2026,N,IPP Non-CHP,2,N,MWH,,,,,, ,,,,,,,,,,,,
61944,MN8 Energy LLC,64536,Prairie Solar LLC,IL,Champaign,KOV4A,Solar Photovoltaic,PV,,W,X,X,,,135, ,135,135,TS,1,2024,1,2026,,IPP Non-CHP,2,N,SUN,,,,,, ,,,,,,,,,,,,
64176,FPS Potic Solar LLC,64541,Potic Solar,NY,Greene,1,Solar Photovoltaic,PV,,S,X,X,,,4.9, ,4.9,4.9,L,12,2024,7,2027,N,IPP Non-CHP,2,N,SUN,,,,,, ,,,,,,,,,,,,
64174,FPS Cedar Creek Solar LLC,64543,Cedar Creek Solar,DE,New Castle,1,Solar Photovoltaic,PV,,S,X,X,,,114, ,114,114,L,12,2024,7,2028,,IPP Non-CHP,2,N,SUN,,,,,, ,,,,,,,,,,,,
14127,Omaha Public Power District,64547,Turtle Creek,NE,Sarpy,3,Natural Gas Fired Combustion Turbine,GT,,S,X,X,,,264,0.85,221,221,T,8,2028,8,2028,,Electric Utility,1,N,NG,DFO,,,,, ,,,,,,,,,,Y,Y,N
5248,Dominion Energy Inc.,64550,Coastal Virginia Offshore Wind (CVOW) Commercial Project,VA,,CVOWC,Offshore Wind Turbine,WS,,S,X,X,,,"2,640.00", ,"2,640.00","2,640.00",U,1,2027,1,2027,,Electric Utility,1,N,WND,,,,,,176,,,,,,,,,,,,
64230,"Sanford ESS, LLC",64615,"Sanford ESS, LLC",ME,York,1,Batteries,BA,,S,X,X,,,5, ,5,5,T,1,2022,12,2027,,IPP Non-CHP,2,N,MWH,,,,,, ,,,,N,,,,,N,N,,
64233,"South Portland ESS, LLC",64616,"South Portland ESS, LLC",ME,Cumberland,1,Batteries,BA,,S,X,X,,,10,0.95,10,10,T,1,2022,12,2027,,IPP Non-CHP,2,N,MWH,,,,,, ,,,,,,,,,N,N,,
64246,"99MT 8me, LLC",64632,Sienna Solar Farm,CA,San Bernardino,99MT8,Solar Photovoltaic,PV,,S,X,X,,,200,0.8,200,200,P,3,2023,12,2028,,IPP Non-CHP,2,N,SUN,,,,,, ,,,,,,,,,,N,,
64246,"99MT 8me, LLC",64632,Sienna Solar Farm,CA,San Bernardino,99MTB,Batteries,BA,,S,X,X,,,200,0.8,200,200,P,3,2023,12,2028,,IPP Non-CHP,2,N,MWH,,,,,, ,,,,,,,,,N,N,N,N
64245,"90FI 8me, LLC",64634,Kingsley Solar Farm,CA,Imperial,90FI8,Solar Photovoltaic,PV,,S,X,X,,,225,0.8,225,225,P,6,2023,12,2028,,IPP Non-CHP,2,N,SUN,,,,,, ,,,,,,,,,,N,,
64245,"90FI 8me, LLC",64634,Kingsley Solar Farm,CA,Imperial,90FIB,Batteries,BA,,S,X,X,,,74,0.8,74,74,P,6,2023,12,2028,,IPP Non-CHP,2,N,MWH,,,,,, ,,,,,,,,,N,N,N,N
57416,"Acciona Energy USA Global, LLC",64658,"AEUG Fleming Solar, LLC",KY,Fleming,AFS,Solar Photovoltaic,PV,,S,X,X,,,188.5,0.95,188.5,188.5,U,6,2023,6,2027,,IPP Non-CHP,2,N,SUN,,,,,, ,,,,,,,,,,N,,
57416,"Acciona Energy USA Global, LLC",64659,"AEUG Madison Solar, LLC",KY,Madison,AMS,Solar Photovoltaic,PV,,S,X,X,,,100,0.95,100,100,L,11,2022,9,2028,,IPP Non-CHP,2,N,SUN,,,,,, ,,,,,,,,,,N,,
64265,Notch Peak Solar LLC,64669,Notch Peak Solar LLC,UT,Millard,KOV4A,Solar Photovoltaic,PV,,S,X,X,,,324, ,324,324,T,1,2025,9,2028,N,IPP Non-CHP,2,N,SUN,,,,,, ,,,,,,,,,N,N,,
64267,Big Creek Solar LLC,64670,Big Creek Solar LLC,AR,Lee,KOV4A,Solar Photovoltaic,PV,,S,X,X,,,400, ,400,400,U,6,2024,7,2027,,IPP Non-CHP,2,N,SUN,,,,,, ,,,,,,,,,,,,
64266,"Blue Jay Solar I, LLC",64672,"Blue Jay Solar I, LLC",TX,Grimes,BLUJS,Solar Photovoltaic,PV,,S,X,X,,,210, ,210,210,TS,12,2021,9,2026,,IPP Non-CHP,2,,SUN,,,,,, ,,,,,,,,,,,,
61222,174 Power Global Corp.,64744,Turkey Creek Solar Project,CO,Pueblo,TC001,Solar Photovoltaic,PV,,S,X,X,,,200, ,200,200,P,12,2023,2,2027,,IPP Non-CHP,2,N,SUN,,,,,, ,,,,,,,,,,,,
64967,Contour Global,64745,Black Hollow Sun,CO,Weld,BHS02,Solar Photovoltaic,PV,,S,X,X,,,107, ,107,107,T,12,2026,9,2026,,IPP Non-CHP,2,N,SUN,,,,,, ,,,,,,,,,,N,,
61514,"Agilitas Energy, Inc.",64758,Manorville II,NY,Suffolk,MAN,Solar Photovoltaic,PV,,W,X,X,,,0.6, ,0.6,0.6,L,10,2023,12,2027,,IPP Non-CHP,2,N,SUN,,,,,, ,,,,,,,,,,,,
61514,"Agilitas Energy, Inc.",64758,Manorville II,NY,Suffolk,MANB,Batteries,BA,,W,X,X,,,0.8, ,0.8,0.8,L,10,2023,12,2027,,IPP Non-CHP,2,N,MWH,,,,,, ,,,,,,,,,,,,
66490,"Pigeon Run Solar, LLC",64767,Pigeon Run Solar Project,VA,Campbell,TC001,Solar Photovoltaic,PV,,S,X,X,,,60, ,60,60,P,6,2022,7,2029,,IPP Non-CHP,2,N,SUN,,,,,, ,,,,,,,,,,,,
66491,"Zenith Solar, LLC",64768,Zenith Solar,VA,Pittsylvania,TC001,Solar Photovoltaic,PV,,S,X,X,,,60, ,60,60,P,6,2022,7,2030,,IPP Non-CHP,2,N,SUN,,,,,, ,,,,,,,,,,,,
64347,"Silver Queen Wind Farm, LLC",64835,Silver Queen Wind Farm,IA,Crawford,NA,Onshore Wind Turbine,WT,,S,X,X,WAUEK307DENILDDENISON_MEC,WAUEDENISONLDUGPM_MRES,252, ,252,252,L,10,2021,10,2028,N,IPP Non-CHP,2,N,WND,,,,,,58,,,,,,,,,,,,
65265,Repsol Renewables NA,64847,Rail Tie Wind,WY,Albany,CRTW1,Onshore Wind Turbine,WT,,S,X,X,,,504, ,504,504,L,12,2024,6,2029,N,IPP Non-CHP,2,N,WND,,,,,,101,,,,,,,,,N,N,,
64356,"Bedington Energy Facility, LLC",64848,"Bedington Energy Facility, LLC",WV,Berkeley,BEF1,Solar Photovoltaic,PV,,S,X,X,,,100, ,100,100,L,9,2023,10,2028,N,IPP Non-CHP,2,N,SUN,,,,,, ,,,,,,,,,,,,
64355,"Solariant Capital, LLC",64849,Wildcat Solar Power Plant LLC,NM,McKinley,ATMWS,Batteries,BA,,S,X,X,,,50, ,50,50,P,12,2026,12,2028,,IPP Non-CHP,2,N,MWH,,,,,, ,,,,,,,,,,,,
64355,"Solariant Capital, LLC",64849,Wildcat Solar Power Plant LLC,NM,McKinley,WILDC,Solar Photovoltaic,PV,,S,X,X,,,90, ,90,90,P,3,2024,12,2028,,IPP Non-CHP,2,N,SUN,,,,,, ,,,,,,,,,,,,
64369,Canyonland Solar LLC,64857,Canyonland Solar,CO,Montezuma,C0513,Solar Photovoltaic,PV,,S,X,X,,,140,0.95,140,125,P,12,2026,12,2027,,IPP Non-CHP,2,,SUN,,,,,, ,,,,,,,,,,,,
67582,"Intersect USA, LLC",64859,"IP Radian, LLC",TX,Brown,RADBA,Batteries,BA,,S,X,X,RADN_SLR_ALL,,160, ,160,160,TS,6,2026,5,2026,,IPP Non-CHP,2,N,MWH,,,,,, ,,,,,,,,,N,N,,
64377,"Novel Blilie Solar, LLC",64865,Novel Blilie Solar LLC,MN,Wilkin,BLILE,Solar Photovoltaic,PV,,S,X,X,,,1,1,1,1,U,6,2022,2,2027,N,IPP Non-CHP,2,N,SUN,,,,,, ,,,,,,,,,,N,,
66560,Elliot Solar LLC,64904,Elliot Solar LLC,IN,Gibson,1,Solar Photovoltaic,PV,,S,X,X,,,200, ,200,200,U,8,2023,12,2029,,IPP Non-CHP,2,N,SUN,,,,,, ,,,,,,,,,N,N,,
65265,Repsol Renewables NA,64911,South Ripley Solar,NY,Chautauqua,CSRB1,Batteries,BA,,S,X,X,,,20, ,20,20,L,12,2023,12,2027,N,IPP Non-CHP,2,N,MWH,,,,,, ,,,,,,,,,,,,
65265,Repsol Renewables NA,64911,South Ripley Solar,NY,Chautauqua,CSRS1,Solar Photovoltaic,PV,,S,X,X,,,270, ,270,270,L,12,2023,12,2027,N,IPP Non-CHP,2,N,SUN,,,,,, ,,,,,,,,,,,,
65265,Repsol Renewables NA,64912,Mill Point Solar,NY,Montgomery,CMPS1,Solar Photovoltaic,PV,,S,X,X,,,250,0.95,250,250,P,11,2024,12,2028,N,IPP Non-CHP,2,N,SUN,,,,,, ,,,,,,,,,N,N,,
65265,Repsol Renewables NA,64981,Pecan Prairie South Solar,TX,Leon,CPSS1,Solar Photovoltaic,PV,,S,X,X,,,130,0.95,130,130,L,7,2023,5,2027,,IPP Non-CHP,2,N,SUN,,,,,, ,,,,,,,,,N,N,,
65265,Repsol Renewables NA,64999,Pecan Prairie North Solar,TX,Leon,CPNS1,Solar Photovoltaic,PV,,S,X,X,,,350,0.95,350,350,L,5,2023,5,2027,N,IPP Non-CHP,2,N,SUN,,,,,, ,,,,,,,,,N,N,,
64433,Novel Bo Hu 1 Solar LLC,65006,Novel Bo Hu 1 Solar (CSG),MN,Rice,BOHU1,Solar Photovoltaic,PV,,S,X,X,,,1,1,1,1,TS,9,2022,1,2026,N,IPP Non-CHP,2,N,SUN,,,,,, ,,,,,,,,,N,N,,
64438,"Enel Green Power Roseland Solar, LLC",65028,"Roseland Solar Project, LLC",TX,Falls,ROSES,Solar Photovoltaic,PV,,W,X,X,,,500, ,500,500,TS,4,2024,9,2026,,IPP Non-CHP,2,,SUN,,,,,, ,,,,,,,,,,,,
5248,Dominion Energy Inc.,65043,Dulles Solar and Storage,VA,Loudoun,DUSO,Solar Photovoltaic,PV,,S,X,X,,,100,0.95,100,100,V,12,2023,9,2026,,Electric Utility,1,N,SUN,,,,,, ,,,,,,,,,,,,
5248,Dominion Energy Inc.,65043,Dulles Solar and Storage,VA,Loudoun,DUST,Batteries,BA,,S,X,X,,,50,0.95,50,50,L,10,2023,9,2026,,Electric Utility,1,N,MWH,,,,,, ,,,,,,,,,,,,
64457,"VCP Realty, LLC",65045,Emery Shute Solar One,ME,Waldo,VCP14,Solar Photovoltaic,PV,,S,X,X,,,1, ,1,1,P,12,2023,12,2026,,IPP Non-CHP,2,,SUN,,,,,, ,,,,,,,,,,,,
65265,Repsol Renewables NA,65049,Pike Creek Wind,IL,Logan,CPCW1,Onshore Wind Turbine,WT,,S,X,X,,,202.5,0.95,202.5,202.5,P,12,2024,12,2027,N,IPP Non-CHP,2,N,WND,,,,,,45,,,,,,,,,N,N,,
67786,Naturgy Solar Operation USA LLC,65050,Mark Center Solar Project,OH,Defiance,MRC1,Solar Photovoltaic,PV,,S,X,X,MARKCENT 69 KV COOP,MARKCENT 69 KV COOP,90,0.9,90,90,U,6,2022,9,2026,N,IPP Non-CHP,2,N,SUN,,,,,, ,,,,,,,,,,,,
64452,"EDF Renewables Development, Inc.",65051,Tracy Solar Energy Center,NY,Jefferson,TSEC,Solar Photovoltaic,PV,,S,X,X,,,119, ,119,119,L,11,2023,11,2027,,IPP Non-CHP,2,N,SUN,,,,,, ,,,,,,,,,,,,
64452,"EDF Renewables Development, Inc.",65052,Homer Solar Energy Center,NY,Cortland,HSEC,Solar Photovoltaic,PV,,S,X,X,,,90, ,90,90,L,11,2023,11,2027,N,IPP Non-CHP,2,N,SUN,,,,,, ,,,,,,,,,,,,
64476,"Hope Solar One, LLC",65060,Hope Solar One,RI,Providence,VCP02,Solar Photovoltaic,PV,,S,X,X,,,3.5, ,3.5,3.5,P,12,2023,7,2027,N,IPP Non-CHP,2,N,SUN,,,,,, ,,,,,,,,,,,,
57313,Tesla Inc.,65070,Austin TX GigaFactory,TX,Travis,A04,Solar Photovoltaic,PV,,S,X,X,,,2.3, ,2.3,2.3,TS,12,2022,9,2026,,Industrial Non-CHP,6,N,SUN,,,,,, ,,,,,,,,,,,,
57313,Tesla Inc.,65072,Fremont CA AutoFactory,CA,Alameda,GA3,Solar Photovoltaic,PV,,S,X,X,,,1.5, ,1.5,1.5,U,6,2022,9,2026,,Industrial Non-CHP,6,N,SUN,,,,,, ,,,,,,,,,,,,
57313,Tesla Inc.,65072,Fremont CA AutoFactory,CA,Alameda,GVSRS,Solar Photovoltaic,PV,,S,X,X,,,0.5, ,0.5,0.5,V,6,2022,9,2026,,Industrial Non-CHP,6,N,SUN,,,,,, ,,,,,,,,,,,,
57313,Tesla Inc.,65072,Fremont CA AutoFactory,CA,Alameda,STAMP,Solar Photovoltaic,PV,,S,X,X,,,1.4, ,1.4,1.4,TS,6,2022,9,2026,,Industrial Non-CHP,6,N,SUN,,,,,, ,,,,,,,,,,,,
57313,Tesla Inc.,65072,Fremont CA AutoFactory,CA,Alameda,VSRS,Solar Photovoltaic,PV,,S,X,X,,,0.4, ,0.4,0.4,TS,6,2022,9,2026,,Industrial Non-CHP,6,N,SUN,,,,,, ,,,,,,,,,,,,
57313,Tesla Inc.,65130,City of Bowie,MD,Prince Georges,PV2,Solar Photovoltaic,PV,,S,X,X,,,2,1,2,2,U,2,2025,9,2026,,IPP Non-CHP,2,N,SUN,,,,,, ,,,,,,,,,,,,
64514,"Royalston Solar One, LLC",65136,Royalston Solar One,MA,Worcester,VCPS1,Batteries,BA,,S,X,X,,,2.5, ,2.5,2.5,P,12,2023,6,2027,,IPP Non-CHP,2,N,MWH,,,,,, ,,,,,,,,,,,,
56990,NJR Clean Energy Ventures Corporation,65139,Woodstock Solar One,CT,Windham,VCP19,Solar Photovoltaic,PV,,S,X,X,,,3, ,3,3,V,12,2023,3,2026,,IPP Non-CHP,2,,SUN,,,,,, ,,,,,,,,,,,,
61222,174 Power Global Corp.,65141,Boulder Solar III LLC,NV,Clark,BS301,Solar Photovoltaic,PV,,J,X,X,,,128, ,128,128,P,12,2023,6,2027,N,IPP Non-CHP,2,N,SUN,,,,,, ,,,,,,,,,,,,
61222,174 Power Global Corp.,65141,Boulder Solar III LLC,NV,Clark,BS3ES,Batteries,BA,,J,X,X,,,128, ,128,128,P,12,2023,6,2027,N,IPP Non-CHP,2,N,MWH,,,,,, ,,,,,,,,,,,,
64522,"CAA CT Solar One, LLC",65146,CT Airport Authority Solar One,CT,Hartford,VCP16,Solar Photovoltaic,PV,,S,X,X,,,4, ,4,4,P,12,2027,12,2027,N,IPP Non-CHP,2,N,SUN,,,,,, ,,,,,,,,,,,,
64578,Caden Energix Piney River LLC,65286,Caden Energix Piney River LLC,VA,Amherst,ENX18,Solar Photovoltaic,PV,,S,X,X,,,50, ,50,50,L,12,2025,12,2028,N,IPP Non-CHP,2,N,SUN,,,,,, ,,,,,,,,,,,,
58764,"Origis Energy USA, Inc",65290,Tide Bay,FL,Polk,OFL10,Solar Photovoltaic,PV,,S,X,X,,,74.9, ,74.9,74.9,U,12,2022,12,2026,,IPP Non-CHP,2,N,SUN,,,,,, ,,,,,,,,,,,,
58764,"Origis Energy USA, Inc",65293,Covington (MS),MS,Covington,OEMS4,Solar Photovoltaic,PV,,S,X,X,,,96, ,96,96,T,12,2023,3,2028,,IPP Non-CHP,2,N,SUN,,,,,, ,,,,,,,,,,,,
67725,"TerraForm Power Operating, LLC",65301,Steward Creek Solar Phase 1,IL,Lee,SC1,Solar Photovoltaic,PV,,S,X,X,,,"1,200.00",1,"1,200.00","1,200.00",P,12,2024,12,2029,,IPP Non-CHP,2,N,SUN,,,,,, ,,,,,,,,,N,N,,
64587,"Renegade Renewables, LLC",65310,Renegade Solar Project (Dawn),TX,Deaf Smith,DAWN1,Solar Photovoltaic,PV,,S,X,X,,,515, ,515,515,T,6,2023,12,2027,,IPP Non-CHP,2,N,SUN,,,,,, ,,,,,,,,,,N,,
64615,Antares Group Inc,65312,Shenvalee Solar,VA,Augusta,SV,Solar Photovoltaic,PV,,W,X,X,,,3, ,3,3,P,12,2022,12,2029,,IPP Non-CHP,2,N,SUN,,,,,, ,,,,,,,,,,,,
64615,Antares Group Inc,65313,Elm Spring Solar 1,VA,Augusta,ES,Solar Photovoltaic,PV,,W,X,X,,,3, ,3,3,P,12,2022,12,2028,N,IPP Non-CHP,2,N,SUN,,,,,, ,,,,,,,,,,,,
61060,Cypress Creek Renewables,65325,High Top Solar,WA,Yakima,98936,Solar Photovoltaic,PV,,S,X,X,,,80, ,80,80,T,4,2024,1,2029,,IPP Non-CHP,2,N,SUN,,,,,, ,,,,,,,,,,,,
15399,Avangrid Power LLC,65326,Sunset Solar,OR,Wasco,SS1,Solar Photovoltaic,PV,,S,X,X,,,103, ,103,103,T,12,2025,12,2028,,IPP Non-CHP,2,N,SUN,,,,,, ,,,,,,,,,,,,
67192,RWE Clean Energy,65338,Union Ridge Solar,OH,Montgomery,UNIS1,Solar Photovoltaic,PV,,S,X,X,,,108, ,108,108,U,12,2023,10,2026,,IPP Non-CHP,2,N,SUN,,,,,, ,,,,,,,,,,,,
67466,"Nexus Renewable Power, LLC",65344,Noria Hondo Solar (Hybrid),TX,Kleberg,66148,Solar Photovoltaic,PV,,S,X,X,,,145,0.95,145,145,L,9,2024,12,2027,N,IPP Non-CHP,2,N,SUN,,,,,, ,,,,,,,,,,N,,
67466,"Nexus Renewable Power, LLC",65344,Noria Hondo Solar (Hybrid),TX,Kleberg,66149,Batteries,BA,,S,X,X,,,75, ,75,75,L,9,2024,12,2027,,IPP Non-CHP,2,N,MWH,,,,,, ,,,,,,,,,,N,N,N
64657,"Vacherie Solar Energy Center, LLC",65345,"Vacherie Solar Energy Center, LLC",LA,St James,VSEC,Solar Photovoltaic,PV,,S,X,X,,,150, ,150,150,T,6,2024,6,2027,N,IPP Non-CHP,2,N,SUN,,,,,, ,,,,,,,,,,,,
64684,Mulligan Solar,65349,"Mulligan Solar, LLC",IL,Logan,MLGA2,Batteries,BA,,S,X,X,,,40, ,40,40,L,6,2025,2,2027,,IPP Non-CHP,2,N,MWH,,,,,, ,,,,,,,,,,,,
64689,"Emery Meadow Solar Station, LLC",65366,Emery Meadow Solar Station,ME,York,EMSS,Solar Photovoltaic,PV,,S,X,X,LD.W_BUXTON34.5,LD.W_BUXTON34.5,16.4,0.89,16.4,16.4,T,12,2023,12,2027,N,IPP Non-CHP,2,N,SUN,,,,,, ,,,,,,,,,,N,,
64690,Topsham Meadow Solar Station LLC,65369,Topsham Meadow Solar Station,ME,Sagadahoc,TMSS,Solar Photovoltaic,PV,,S,X,X,UN.TOPSHAM34.5MILR,UN.TOPSHAM34.5MILR,17.2,0.93,17.2,17.2,L,3,2024,10,2028,N,IPP Non-CHP,2,N,SUN,,,,,, ,,,,,,,,,N,N,,
64691,West Baldwin Solar Station LLC,65371,West Baldwin Solar Station,ME,Cumberland,WBSS,Solar Photovoltaic,PV,,S,X,X,UN.W_BUXTON34.5HIRM,UN.W_BUXTON34.5HIRM,17.1,0.93,17.1,17.1,T,10,2023,12,2028,N,IPP Non-CHP,2,N,SUN,,,,,, ,,,,,,,,,N,,,
64738,"Hummingbird Energy Storage, LLC",65395,Hummingbird Energy Storage LLC,CA,Santa Clara,HUMB1,Batteries,BA,,S,X,X,,,75, ,75,75,V,6,2023,3,2026,,IPP Non-CHP,2,N,MWH,,,,,, ,,,,,,,,,N,N,,
64741,"Homestead Energy Storage, LLC",65398,Homestead Energy Storage LLC,CA,Los Angeles,HMSD1,Batteries,BA,,S,X,X,,,14, ,14,14,TS,2,2024,10,2027,N,IPP Non-CHP,2,N,MWH,,,,,, ,,,,,,,,,N,N,,
64726,"Rivers Electric, LLC",65399,Mill Pond Hydro,NY,Greene,U3,Conventional Hydroelectric,HY,,S,X,X,,,0.5, ,0.5,0.5,P,3,2022,7,2027,,IPP Non-CHP,2,N,WAT,,,,,, ,,,,,,,,,,,,
5504,Vistra Corp,65401,Newton Solar BESS LLC,IL,Jasper,BA,Batteries,BA,,S,X,X,,,2,0.95,2,2,V,4,2024,4,2026,,IPP Non-CHP,2,N,MWH,,,,,,0,,,,,,,,,,,,
5504,Vistra Corp,65401,Newton Solar BESS LLC,IL,Jasper,PV,Solar Photovoltaic,PV,,S,X,X,,,51.8,0.95,51.8,51.8,V,4,2024,3,2026,,IPP Non-CHP,2,N,SUN,,,,,, ,,,,,,,,,,N,,
64736,"Beartooth Energy Storage, LLC",65407,Beartooth Energy Storage LLC,MT,Yellowstone,BEAR1,Batteries,BA,,S,X,X,,,50, ,50,50,L,4,2024,12,2027,N,IPP Non-CHP,2,N,MWH,,,,,, ,,,,,,,,,N,N,N,N
64545,Vesper Energy Development LLC,65425,Kingwood Solar,OH,Greene,KWOOD,Solar Photovoltaic,PV,,S,X,X,,,175, ,175,175,P,9,2025,12,2027,,IPP Non-CHP,2,N,SUN,,,,,, ,,,,,,,,,,,,
50123,"Leeward Asset Management, LLC",65445,Ridgely Energy Farm,TN,Lake,RBESS,Batteries,BA,,S,X,X,,,50, ,50,50,P,6,2023,12,2029,N,IPP Non-CHP,2,,MWH,,,,,, ,,,,,,,,,,,,
17609,Southern California Edison Co,65458,Anode (Springville) BESS,CA,Tulare,ANOD1,Batteries,BA,,S,X,X,,,112.5, ,112.5,112.5,TS,8,2022,12,2026,,Electric Utility,1,N,MWH,,,,,, ,,,,,,,,N,,N,,
17609,Southern California Edison Co,65458,Anode (Springville) BESS,CA,Tulare,ANOD2,Batteries,BA,,S,X,X,,,112.5, ,112.5,112.5,TS,8,2022,12,2026,,Electric Utility,1,N,MWH,,,,,, ,,,,,,,,N,,N,,
64545,Vesper Energy Development LLC,65462,Axton Solar,VA,Henry,AXTON,Solar Photovoltaic,PV,,S,X,X,,,201.1, ,201.1,201.1,L,12,2023,9,2028,N,IPP Non-CHP,2,N,SUN,,,,,, ,,,,,,,,,,,,
50123,"Leeward Asset Management, LLC",65471,Rose Gold Solar,IN,Jay,RGS23,Solar Photovoltaic,PV,,S,X,X,,,100, ,100,100,P,12,2027,12,2027,,IPP Non-CHP,2,N,SUN,,,,,, ,,,,,,,,,,N,,
66027,Orsted Wind Power North America LLC,65500,Revolution Wind,RI,Washington,REVWD,Offshore Wind Turbine,WS,,J,X,X,,,715, ,715,715,V,12,2023,11,2026,,IPP Non-CHP,2,N,WND,,,,,,65,,,,,,,,,N,N,,
67192,RWE Clean Energy,65513,Baron Winds II,NY,Steuben,BRNW2,Onshore Wind Turbine,WT,,S,X,X,,,113.2, ,113.2,113.2,V,6,2022,5,2026,,IPP Non-CHP,2,N,WND,,,,,,26,,,,,,,,,,,,
4254,Consumers Energy Co - (MI),65572,Muskegon Solar,MI,Muskegon,MSP,Solar Photovoltaic,PV,,S,X,X,,,250, ,250,250,U,6,2025,1,2026,,Electric Utility,1,N,SUN,,,,,, ,,,,,,,,,N,N,,
56201,Engie North America,65590,Octans,TX,Pecos,OCTNS,Batteries,BA,,S,X,X,,,125,0.95,125,125,U,6,2024,12,2028,N,IPP Non-CHP,2,N,MWH,,,,,, ,,,,,,,,,,,,
64934,"Chiquito Grid, LLC",65655,"Chiquito Grid, LLC",CA,Riverside,HECHQ,Batteries,BA,,S,X,X,,,80,0.95,80,80,P,12,2023,3,2027,,IPP Non-CHP,2,N,MWH,,,,,, ,,,,,,,,,,,N,N
64904,AES Clean Energy,65665,Hecate Energy Pulaski 1,VA,Pulaski,HEPU1,Solar Photovoltaic,PV,,S,X,X,,,150,0.99,150,150,L,11,2023,4,2028,,IPP Non-CHP,2,N,SUN,,,,,, ,,,,,,,,,N,N,,
64970,Hecate Grid Humidor Storage 1 LLC,65703,Humidor Storage I,CA,Los Angeles,HEHUM,Batteries,BA,,S,X,X,,,300,0.95,300,300,P,11,2023,9,2029,,IPP Non-CHP,2,N,MWH,,,,,, ,,,,,,,,,N,N,,
64951,"Warren Meadow Solar Station, LLC",65708,Warren Meadow Solar Station,ME,Knox,WMSS,Solar Photovoltaic,PV,,S,X,X,,,74.5,0.89,74.5,74.5,T,12,2024,3,2028,N,IPP Non-CHP,2,N,SUN,,,,,, ,,,,,,,,,,,,
64952,"Turner Meadow Solar Station, LLC",65709,Turner Meadow Solar Station,ME,Androscoggin,TRNR,Solar Photovoltaic,PV,,S,X,X,,,19.8,0.91,19.8,19.8,T,12,2024,9,2027,N,IPP Non-CHP,2,N,SUN,,,,,, ,,,,,,,,,,,,
64953,"Putnam Meadow Solar Station, LLC",65710,Putnam Meadow Solar Station,CT,Windham,PTNM,Solar Photovoltaic,PV,,S,X,X,LD.TRACY 23.0,LD.TRACY 23.0,4,0.95,4,4,L,12,2023,3,2027,N,IPP Non-CHP,2,N,SUN,,,,,, ,,,,,,,,,,,,
65072,"Sacramento Valley Energy Center, LLC",65808,"Sacramento Valley Energy Center, LLC",CA,Sacramento,BSVEC,Batteries,BA,,S,X,X,,,100, ,100,100,U,12,2024,12,2029,,IPP Non-CHP,2,N,MWH,,,,,, ,,,,,,,,,,,,
65072,"Sacramento Valley Energy Center, LLC",65808,"Sacramento Valley Energy Center, LLC",CA,Sacramento,SVEC,Solar Photovoltaic,PV,,S,X,X,,,200, ,200,200,U,12,2024,12,2029,,IPP Non-CHP,2,N,SUN,,,,,, ,,,,,,,,,,,,
65076,"HEN Infrastructure, L.L.C.",65811,Coyote Springs (TX),TX,Reeves,CYSTD,Petroleum Liquids,IC,,J,X,X,COYOTESPRINGS_AGR1,,9.9,0.9,9.9,9.9,T,12,2024,2,2027,,IPP Non-CHP,2,N,DFO,,,,,, ,,,,,,,,,,N,,
50123,"Leeward Asset Management, LLC",65821,Honey Creek Solar,IN,White,HNYBA,Batteries,BA,,S,X,X,,,20,0.95,20,20,P,6,2024,12,2027,,IPP Non-CHP,2,N,MWH,,,,,, ,,,,,,,,,,N,,
50123,"Leeward Asset Management, LLC",65821,Honey Creek Solar,IN,White,HNYSR,Solar Photovoltaic,PV,,S,X,X,,,200,0.95,200,200,P,6,2024,12,2027,,IPP Non-CHP,2,N,SUN,,,,,, ,,,,,,,,,,N,,
50123,"Leeward Asset Management, LLC",65822,Cradle Solar,TX,Brazoria,CRAS0,Solar Photovoltaic,PV,,S,X,X,,,225,0.95,225,225,L,12,2024,5,2027,,IPP Non-CHP,2,N,SUN,,,,,,0,,,,,,,,,,N,,
50123,"Leeward Asset Management, LLC",65823,Parowan Solar,UT,Iron,PARB,Batteries,BA,,S,X,X,,,58,0.9,58,58,P,7,2024,2,2028,N,IPP Non-CHP,2,N,MWH,,,,,, ,,,,,,,,,,N,,
50123,"Leeward Asset Management, LLC",65823,Parowan Solar,UT,Iron,PARS0,Solar Photovoltaic,PV,,S,X,X,,,58,0.95,58,58,P,7,2024,2,2028,N,IPP Non-CHP,2,N,SUN,,,,,, ,,,,,,,,,,N,,
66007,"NY Pulteney I, LLC",65828,Chidsey Hill Road Solar,NY,Steuben,1666,Solar Photovoltaic,PV,,S,X,X,,,3, ,3,3,V,1,2023,4,2027,,IPP Non-CHP,2,N,SUN,,,,,, ,,,,,,,,,,,,
65076,"HEN Infrastructure, L.L.C.",65832,Olney,TX,Young,OLNYD,Petroleum Liquids,IC,,J,X,X,OLNEY_AGR1,OLNEY_AGR1,9.9,0.9,9.9,9.9,TS,10,2024,4,2026,,IPP Non-CHP,2,N,DFO,,,,,, ,,,,,,,,,,N,,
65076,"HEN Infrastructure, L.L.C.",65834,Saddleback BESS2,TX,Reeves,SDBTD,Petroleum Liquids,IC,,J,X,X,SADDLEBACK_AGR1,,9.9,0.9,9.9,9.9,T,12,2024,10,2026,,IPP Non-CHP,2,N,DFO,,,,,, ,,,,,,,,,,N,,
67189,Clear Fork,65842,Clear Fork Creek Solar and BESS SLF,TX,Wilson,CFCBS,Batteries,BA,,S,X,X,,,600, ,600,600,L,3,2024,3,2027,,IPP Non-CHP,2,N,MWH,,,,,, ,,,,,,,,,,,,
67189,Clear Fork,65842,Clear Fork Creek Solar and BESS SLF,TX,Wilson,CFCPV,Solar Photovoltaic,PV,,S,X,X,,,600, ,600,600,L,3,2024,3,2027,,IPP Non-CHP,2,N,SUN,,,,,, ,,,,,,,,,,,,
65084,Eldora Energy LLC,65847,Eldora Energy LLC,TX,Matagorda,ELDBS,Batteries,BA,,S,X,X,,,200, ,200,200,P,6,2026,7,2028,,IPP Non-CHP,2,N,MWH,,,,,, ,,,,,,,,,,,,
65084,Eldora Energy LLC,65847,Eldora Energy LLC,TX,Matagorda,ELDPV,Solar Photovoltaic,PV,,S,X,X,,,200, ,200,200,P,6,2026,7,2028,,IPP Non-CHP,2,N,SUN,,,,,, ,,,,,,,,,,,,
65080,Elio Energy LLC,65850,Elio Energy LLC,TX,Brazoria,ELIBS,Batteries,BA,,S,X,X,,,300, ,300,300,P,6,2025,12,2027,N,IPP Non-CHP,2,N,MWH,,,,,, ,,,,,,,,,,,,
67957,Parliament Energy Holdings LLC,65851,Hollow Branch Creek,TX,Madison,HB2PV,Solar Photovoltaic,PV,,S,X,X,,,460, ,460,460,L,10,2024,8,2027,,IPP Non-CHP,2,N,SUN,,,,,, ,,,,,,,,,,,,
67957,Parliament Energy Holdings LLC,65853,Banita Creek- Spindlepop Solar,TX,Nacogdoches,MIDPV,Solar Photovoltaic,PV,,S,X,X,,,609.1, ,609.1,609.1,L,10,2024,6,2028,,IPP Non-CHP,2,N,SUN,,,,,, ,,,,,,,,,,,,
67957,Parliament Energy Holdings LLC,65854,Rowdy Creek Solar and BESS,TX,Lamar,RDYPV,Solar Photovoltaic,PV,,S,X,X,,,700, ,700,700,L,5,2024,6,2028,,IPP Non-CHP,2,N,SUN,,,,,, ,,,,,,,,,,,,
67957,Parliament Energy Holdings LLC,65855,Tehuacana Creek Solar,TX,Navarro,TE1PV,Solar Photovoltaic,PV,,S,X,X,,,836.8, ,836.8,836.8,L,5,2024,5,2027,,IPP Non-CHP,2,N,SUN,,,,,, ,,,,,,,,,,,,
56201,Engie North America,65870,Castor,TX,Brazoria,CASTR,Batteries,BA,,S,X,X,,,200, ,200,200,U,12,2024,9,2026,N,IPP Non-CHP,2,N,MWH,,,,,, ,,,,,,,,,,,,
56201,Engie North America,65876,Desna,TX,Brazoria,DESNA,Batteries,BA,,S,X,X,,,200, ,200,200,U,6,2024,6,2026,N,IPP Non-CHP,2,N,MWH,,,,,, ,,,,,,,,,,,,
56201,Engie North America,65880,Zeya,TX,Galveston,ZEYA,Batteries,BA,,S,X,X,,,250, ,250,250,U,4,2024,9,2026,N,IPP Non-CHP,2,N,MWH,,,,,, ,,,,,,,,,,,,
6452,Florida Power & Light Co,65883,North Orange,FL,St Lucie,1,Solar Photovoltaic,PV,,S,X,X,,,74.5,0.95,74.5,74.5,V,1,2026,4,2026,,Electric Utility,1,N,SUN,,,,,, ,,,,,,,,,,N,,
6452,Florida Power & Light Co,65885,Boardwalk,FL,Collier,1,Solar Photovoltaic,PV,,S,X,X,,,74.5,0.95,74.5,74.5,V,1,2026,1,2026,,Electric Utility,1,N,SUN,,,,,, ,,,,,,,,,,N,,
6452,Florida Power & Light Co,65887,Price Creek,FL,Columbia,1,Solar Photovoltaic,PV,,S,X,X,,,74.5,0.95,74.5,74.5,V,1,2026,1,2026,,Electric Utility,1,N,SUN,,,,,, ,,,,,,,,,,N,,
65088,"Nighthawk Energy Storage, LLC",65889,"Nighthawk Energy Storage, LLC",CA,San Diego,BESS,Batteries,BA,,S,X,X,,,300,1,300,300,V,6,2024,6,2026,N,IPP Non-CHP,2,N,MWH,,,,,,0,,,,,,,,,N,N,,
58489,OCI Energy LLC,65893,OCI SunRoper,TX,Wharton,OCIRO,Solar Photovoltaic,PV,,S,X,X,,,260, ,260,260,L,6,2025,12,2027,,IPP Non-CHP,2,N,SUN,,,,,, ,,,,,,,,,,,,
65093,"RPCA Storage 1, LLC",65897,Industrial Parkway Storage,CA,Santa Barbara,INPKY,Batteries,BA,,S,X,X,,,9.8, ,9.8,9.8,T,6,2023,9,2026,,IPP Non-CHP,2,N,MWH,,,,,, ,,,,,,,,,,N,,
65092,"Springwater Solar, LLC",65900,"Springwater Solar, LLC",OH,Madison,SPRIN,Solar Photovoltaic,PV,,S,X,X,,,155, ,155,155,L,11,2024,4,2027,,IPP Non-CHP,2,N,SUN,,,,,, ,,,,,,,,,,,,
65096,"Hatchery Solar, LLC",65901,Hatchery Solar,NY,Livingston,6,Solar Photovoltaic,PV,,S,X,X,,,20, ,20,20,T,5,2022,11,2027,N,IPP Non-CHP,2,N,SUN,,,,,, ,,,,,,,,,,,,
6452,Florida Power & Light Co,65905,Mare Branch,FL,DeSoto,1,Solar Photovoltaic,PV,,S,X,X,,,74.5,0.95,74.5,74.5,V,1,2026,1,2026,,Electric Utility,1,N,SUN,,,,,, ,,,,,,,,,,N,,
58468,Dominion Renewable Energy,65930,Redbud Run Solar,VA,Frederick,10,Solar Photovoltaic,PV,,S,X,X,,,30, ,30,30,P,9,2024,10,2028,,Electric Utility,1,N,SUN,,,,,, ,,,,,,,,,,,,
65102,"Clear View Solar, LLC",65931,Clear View Solar,NY,Steuben,3,Solar Photovoltaic,PV,,S,X,X,,,20, ,20,20,L,9,2024,12,2027,N,IPP Non-CHP,2,N,SUN,,,,,, ,,,,,,,,,,,,
65103,"Highbanks Solar, LLC",65934,Highbanks Solar,NY,Livingston,7,Solar Photovoltaic,PV,,S,X,X,,,20, ,20,20,P,10,2024,9,2029,,IPP Non-CHP,2,N,SUN,,,,,, ,,,,,,,,,,,,
65104,"Vermillion Rise Solar, LLC",65935,Vermillion Rise Solar,IN,Vermillion,14,Solar Photovoltaic,PV,,S,X,X,,,185, ,185,185,P,3,2025,12,2027,,IPP Non-CHP,2,N,SUN,,,,,, ,,,,,,,,,,,,
65112,"TotalEnergies Distributed Generation, LLC",65940,Shasta College PH2 Solar Project,CA,Shasta,SCSP1,Solar Photovoltaic,PV,,W,X,X,,,1.5, ,1.3,1.1,TS,9,2022,1,2026,,Commercial Non-CHP,4,N,SUN,,,,,, ,,,,,,,,,,,,
65112,"TotalEnergies Distributed Generation, LLC",65940,Shasta College PH2 Solar Project,CA,Shasta,SCSPB,Batteries,BA,,W,X,X,,,0.5, ,0.5,0.5,TS,9,2022,1,2026,,Commercial Non-CHP,4,N,MWH,,,,,, ,,,,,,,,,,,,
65124,Plum Nellie Wind Farm LLC,65948,Plum Nellie Wind Farm LLC,KS,Cloud,PNW01,Onshore Wind Turbine,WT,,S,X,X,,,201.6,0.95,201.6,201.6,P,10,2025,10,2027,N,IPP Non-CHP,2,N,WND,,,,,,50,,,,,,,,,,,,
65144,"Samsung C&T Renewables, LLC",65964,"Ursa Solar, LLC",WI,Columbia,URSA,Solar Photovoltaic,PV,,S,X,X,,,200,0.95,200,200,P,5,2024,6,2027,,IPP Non-CHP,2,N,SUN,,,,,, ,,,,,,,,,N,N,,
62842,"Lightsource Renewable Energy Asset Management, LLC",65975,Starr Solar Ranch,TX,Starr,TXSD2,Batteries,BA,,W,X,X,,,180,0.9,180,180,L,3,2025,12,2031,,IPP Non-CHP,2,N,MWH,,,,,, ,,,,,,,,,,,,
67928,"Boulder Flats Solar, LLC",65977,Boulder Flats Solar,NV,Clark,BF1PV,Solar Photovoltaic,PV,,S,X,X,,,113, ,113,113,P,8,2028,12,2028,,IPP Non-CHP,2,N,SUN,,,,,, ,,,,,,,,,,,,
62842,"Lightsource Renewable Energy Asset Management, LLC",65981,Second Division Solar,TX,Brazoria,TXSD2,Batteries,BA,,W,X,X,,,30,0.9,30,30,L,3,2025,12,2031,,IPP Non-CHP,2,N,MWH,,,,,, ,,,,,,,,,,,,
61012,AES Distributed Energy,66002,AES Mountain View Solar,HI,Honolulu,MVSBA,Batteries,BA,,S,X,X,,,7, ,7,7,V,10,2023,11,2026,,IPP Non-CHP,2,Y,MWH,,,,,, ,,,,,,,,,,,,
61012,AES Distributed Energy,66002,AES Mountain View Solar,HI,Honolulu,MVSPV,Solar Photovoltaic,PV,,S,X,X,,,7, ,7,7,V,10,2023,11,2026,,IPP Non-CHP,2,Y,SUN,,,,,, ,,,,,,,,,,,,
65180,Cedar Island Solar LLC,66011,Cedar Island Solar LLC,OR,Sherman,PV1,Solar Photovoltaic,PV,,S,X,X,,,800, ,800,800,L,12,2026,12,2031,N,IPP Non-CHP,2,N,SUN,,,,,, ,,,,,,,,,,,,
65205,Eureka South Solar LLC,66041,Eureka South Solar,NY,Oneida,63231,Solar Photovoltaic,PV,,S,X,X,,,5, ,5,4.8,V,4,2023,5,2026,N,IPP Non-CHP,2,N,SUN,,,,,, ,,,,,,,,,,,,
65206,Eureka North Solar LLC,66042,Eureka North Solar,NY,Oneida,63232,Solar Photovoltaic,PV,,S,X,X,,,3.5, ,3.5,3.3,V,4,2023,5,2026,N,IPP Non-CHP,2,N,SUN,,,,,, ,,,,,,,,,,,,
61012,AES Distributed Energy,66066,AES Waiawa Phase 2 Solar,HI,Honolulu,WAIBA,Batteries,BA,,W,X,X,,,30, ,30,30,V,12,2023,9,2026,,IPP Non-CHP,2,N,MWH,,,,,, ,,,,,,,,,,,,
61012,AES Distributed Energy,66066,AES Waiawa Phase 2 Solar,HI,Honolulu,WAIPV,Solar Photovoltaic,PV,,W,X,X,,,30, ,30,30,V,12,2023,9,2026,,IPP Non-CHP,2,N,SUN,,,,,, ,,,,,,,,,,,,
62842,"Lightsource Renewable Energy Asset Management, LLC",66113,Big Elk Solar,NE,Washington,NEBE1,Solar Photovoltaic,PV,,S,X,X,,,100,0.95,100,100,L,8,2025,12,2027,,IPP Non-CHP,2,N,SUN,,,,,, ,,,,,,,,,,,,
62842,"Lightsource Renewable Energy Asset Management, LLC",66114,Merrillville Solar,IN,Lake,INRD1,Solar Photovoltaic,PV,,W,X,X,,,100, ,100,100,P,2,2025,11,2028,,IPP Non-CHP,2,N,SUN,,,,,,0,,,,,,,,,,,,
67192,RWE Clean Energy,66124,"Switchgrass Solar, LLC",VA,Suffolk City,SSPV,Solar Photovoltaic,PV,,S,X,X,,,70, ,70,70,P,12,2023,10,2028,,IPP Non-CHP,2,N,SUN,,,,,, ,,,,,,,,,,,,
62842,"Lightsource Renewable Energy Asset Management, LLC",66132,Trinity River Solar 1,TX,Liberty,TXTR1,Solar Photovoltaic,PV,,W,X,X,,,150, ,150,150,L,11,2025,7,2028,N,IPP Non-CHP,2,N,SUN,,,,,, ,,,,,,,,,,,,
62842,"Lightsource Renewable Energy Asset Management, LLC",66138,Mayapple Solar 1,IN,Pulaski,INMA1,Solar Photovoltaic,PV,,W,X,X,,,224, ,224,224,T,12,2025,3,2029,,IPP Non-CHP,2,N,SUN,,,,,, ,,,,,,,,,,,,
65308,Cattlemen Solar Park LLC,66168,Cattlemen Solar Park,TX,Milam,GEN01,Solar Photovoltaic,PV,,S,X,X,,,240, ,240,240,TS,12,2023,10,2026,N,IPP Non-CHP,2,N,SUN,,,,,, ,,,,,,,,,,,,
65329,"Yaupon Solar, LLC",66216,Yaupon Solar Project (Hybrid),TX,Milam,BESS,Batteries,BA,,S,X,X,,,100, ,100,100,P,12,2026,12,2027,N,IPP Non-CHP,2,N,MWH,,,,,, ,,,,,,,,,,,,
65329,"Yaupon Solar, LLC",66216,Yaupon Solar Project (Hybrid),TX,Milam,SOL,Solar Photovoltaic,PV,,S,X,X,,,200, ,200,200,V,6,2025,9,2026,N,IPP Non-CHP,2,N,SUN,,,,,, ,,,,,,,,,,,,
67192,RWE Clean Energy,66238,Sculpin Solar,IN,DeKalb,1SPS,Solar Photovoltaic,PV,,S,X,X,,,180, ,180,180,P,12,2025,12,2028,,IPP Non-CHP,2,N,SUN,,,,,, ,,,,,,,,,,,,
67192,RWE Clean Energy,66309,Uvalde Solar 2,TX,Uvalde,UVPV2,Solar Photovoltaic,PV,,S,X,X,,,300, ,300,300,P,5,2027,12,2027,,IPP Non-CHP,2,N,SUN,,,,,, ,,,,,,,,,,,,
5248,Dominion Energy Inc.,66312,Courthouse Solar,VA,Charlotte,CHSL,Solar Photovoltaic,PV,,S,X,X,,,167, ,167,167,U,10,2026,10,2030,,Electric Utility,1,N,SUN,,,,,, ,,,,,,,,,,,,
5248,Dominion Energy Inc.,66313,Moon Corner Solar,VA,Richmond,MOCO,Solar Photovoltaic,PV,,S,X,X,,,60, ,60,60,U,4,2026,9,2026,N,Electric Utility,1,N,SUN,,,,,, ,,,,,,,,,,,,
5248,Dominion Energy Inc.,66315,Clover Creek Solar,VA,Halifax,CCSO,Solar Photovoltaic,PV,,S,X,X,,,77.2, ,77.2,77.2,U,10,2026,6,2027,,Electric Utility,1,N,SUN,,,,,, ,,,,,,,,,,,,
9191,Idaho Power Co,66325,Hemmingway BESS,ID,Owyhee,3,Batteries,BA,,S,X,X,,,50,0.9,50,50,U,6,2026,6,2026,,Electric Utility,1,N,MWH,,,,,, ,,,,,,,,,,,,
11269,Lower Colorado River Authority,66335,Timmerman Power Plant,TX,Caldwell,G11,Natural Gas Internal Combustion Engine,IC,AGR5,S,X,X,,,18.8,0.8,18.6,18.6,V,5,2026,4,2026,,Electric Utility,1,N,NG,,,,,, ,,,,,,,,,,N,,
11269,Lower Colorado River Authority,66335,Timmerman Power Plant,TX,Caldwell,G12,Natural Gas Internal Combustion Engine,IC,AGR5,S,X,X,,,18.8,0.8,18.6,18.6,V,5,2026,4,2026,,Electric Utility,1,N,NG,,,,,, ,,,,,,,,,,N,,
11269,Lower Colorado River Authority,66335,Timmerman Power Plant,TX,Caldwell,G13,Natural Gas Internal Combustion Engine,IC,AGR6,S,X,X,,,18.8,0.8,18.6,18.6,V,5,2026,4,2026,,Electric Utility,1,N,NG,,,,,, ,,,,,,,,,,N,,
11269,Lower Colorado River Authority,66335,Timmerman Power Plant,TX,Caldwell,G14,Natural Gas Internal Combustion Engine,IC,AGR6,S,X,X,,,18.8,0.8,18.6,18.6,V,5,2026,4,2026,,Electric Utility,1,N,NG,,,,,, ,,,,,,,,,,N,,
11269,Lower Colorado River Authority,66335,Timmerman Power Plant,TX,Caldwell,G15,Natural Gas Internal Combustion Engine,IC,AGR6,S,X,X,,,18.8,0.8,18.6,18.6,V,5,2026,4,2026,,Electric Utility,1,N,NG,,,,,, ,,,,,,,,,,N,,
11269,Lower Colorado River Authority,66335,Timmerman Power Plant,TX,Caldwell,G16,Natural Gas Internal Combustion Engine,IC,AGR7,S,X,X,,,18.8,0.8,18.6,18.6,V,5,2026,4,2026,,Electric Utility,1,N,NG,,,,,, ,,,,,,,,,,N,,
11269,Lower Colorado River Authority,66335,Timmerman Power Plant,TX,Caldwell,G17,Natural Gas Internal Combustion Engine,IC,AGR7,S,X,X,,,18.8,0.8,18.6,18.6,V,5,2026,4,2026,,Electric Utility,1,N,NG,,,,,, ,,,,,,,,,,N,,
11269,Lower Colorado River Authority,66335,Timmerman Power Plant,TX,Caldwell,G18,Natural Gas Internal Combustion Engine,IC,AGR8,S,X,X,,,18.8,0.8,18.6,18.6,V,5,2026,4,2026,,Electric Utility,1,N,NG,,,,,, ,,,,,,,,,,N,,
11269,Lower Colorado River Authority,66335,Timmerman Power Plant,TX,Caldwell,G19,Natural Gas Internal Combustion Engine,IC,AGR8,S,X,X,,,18.8,0.8,18.6,18.6,V,5,2026,4,2026,,Electric Utility,1,N,NG,,,,,, ,,,,,,,,,,N,,
11269,Lower Colorado River Authority,66335,Timmerman Power Plant,TX,Caldwell,G20,Natural Gas Internal Combustion Engine,IC,AGR8,S,X,X,,,18.8,0.8,18.6,18.6,V,5,2026,4,2026,,Electric Utility,1,N,NG,,,,,, ,,,,,,,,,,N,,
64994,SolRiver Capital LLC,66340,Canyonville Solar LLC (CSG),OR,Douglas,PV1,Solar Photovoltaic,PV,,S,X,X,,,2.5, ,2.5,2.5,L,2,2023,12,2027,N,IPP Non-CHP,2,N,SUN,,,,,, ,,,,,,,,,,N,,
65815,Sunraycer Assets I LLC,66341,Eagle Springs Hybrid,TX,Delta,EGSB,Batteries,BA,,S,X,X,,,55.1,0.9,55.1,55.1,P,12,2025,12,2026,,IPP Non-CHP,2,N,MWH,,,,,, ,,,,,,,,,,,,
65815,Sunraycer Assets I LLC,66341,Eagle Springs Hybrid,TX,Delta,EGSS,Solar Photovoltaic,PV,,S,X,X,,,110.1,0.9,110.1,110.1,P,12,2025,12,2026,,IPP Non-CHP,2,N,SUN,,,,,, ,,,,,,,,,,,,
65815,Sunraycer Assets I LLC,66342,Gaia Hybrid,TX,Navarro,GAIAB,Batteries,BA,,S,X,X,,,76.8,0.9,76.8,76.8,V,12,2025,7,2026,,IPP Non-CHP,2,N,MWH,,,,,, ,,,,,,,,,,,,
65815,Sunraycer Assets I LLC,66342,Gaia Hybrid,TX,Navarro,GAIAS,Solar Photovoltaic,PV,,S,X,X,,,152.7,0.9,152.7,152.7,V,12,2025,7,2026,,IPP Non-CHP,2,N,SUN,,,,,, ,,,,,,,,,,,,
65439,"Lotus Infrastructure Global Operations, LLC",66359,"Grover Hill Wind, LLC",OH,Paulding,GHW,Onshore Wind Turbine,WT,,S,X,X,,,140.3, ,140.3,140.3,V,9,2025,5,2026,,IPP Non-CHP,2,N,WND,,,,,,23,,,,,,,,,,,,
61060,Cypress Creek Renewables,66363,"Black Walnut Solar, LLC",NC,Jones,GEN1,Solar Photovoltaic,PV,,S,X,X,,,80, ,80,80,L,12,2026,11,2027,,IPP Non-CHP,2,N,SUN,,,,,, ,,,,,,,,,,,,
61060,Cypress Creek Renewables,66363,"Black Walnut Solar, LLC",NC,Jones,GEN1B,Batteries,BA,,S,X,X,,,32, ,32,32,P,12,2028,12,2028,,IPP Non-CHP,2,N,MWH,,,,,, ,,,,,,,,,,,,
61060,Cypress Creek Renewables,66382,"Healing Springs Solar, LLC",NC,Davidson,GEN1,Solar Photovoltaic,PV,,S,X,X,,,55, ,55,55,L,5,2025,12,2027,N,IPP Non-CHP,2,N,SUN,,,,,, ,,,,,,,,,,,,
61060,Cypress Creek Renewables,66383,Hyco Solar LLC,NC,Person,GEN1,Solar Photovoltaic,PV,,S,X,X,,,80, ,80,80,L,11,2026,11,2027,N,IPP Non-CHP,2,N,SUN,,,,,, ,,,,,,,,,,,,
61060,Cypress Creek Renewables,66384,"Ostrea Solar, LLC",WA,Yakima,GEN1,Solar Photovoltaic,PV,,S,X,X,,,80, ,80,80,L,9,2024,6,2026,,IPP Non-CHP,2,N,SUN,,,,,, ,,,,,,,,,,,,
61060,Cypress Creek Renewables,66385,"Panther Branch Solar, LLC",NC,Duplin,GEN1,Solar Photovoltaic,PV,,S,X,X,,,80, ,80,80,L,11,2026,8,2028,,IPP Non-CHP,2,N,SUN,,,,,, ,,,,,,,,,,,,
61060,Cypress Creek Renewables,66385,"Panther Branch Solar, LLC",NC,Duplin,GEN1B,Batteries,BA,,S,X,X,,,32, ,32,32,P,12,2029,12,2029,N,IPP Non-CHP,2,N,MWH,,,,,, ,,,,,,,,,,,,
67466,"Nexus Renewable Power, LLC",66390,MRG Goody Solar Project Hybrid,TX,Lamar,GDYES,Batteries,BA,,S,X,X,TOCO_8,TOCO_8,50.4, ,50.4,50.4,V,5,2025,9,2026,,IPP Non-CHP,2,N,MWH,,,,,, ,,,,,,,,,,N,,
67466,"Nexus Renewable Power, LLC",66390,MRG Goody Solar Project Hybrid,TX,Lamar,GDYPV,Solar Photovoltaic,PV,,S,X,X,TOCO_8,TOCO_8,170.8, ,170.8,170.8,V,5,2025,9,2026,,IPP Non-CHP,2,N,SUN,,,,,, ,,,,,,,,,,,,
65410,ACTX BESS Project LLC,66391,Ash Creek BESS,TX,Hill,BESS,Batteries,BA,,S,X,X,,,306, ,306,306,P,5,2025,3,2028,,IPP Non-CHP,2,N,MWH,,,,,, ,,,,,,,,,,,,
65475,"Gransolar Texas Fifteen, LLC",66396,Naduah Solar,TX,Limestone,NDUAH,Solar Photovoltaic,PV,,S,X,X,,,102.3, ,77.6,77.6,P,6,2026,10,2027,,IPP Non-CHP,2,N,SUN,,,,,, ,,,,,,,,,,,,
65476,"Gransolar Texas Eight, LLC",66397,Tokio Solar,TX,McLennan,TOKIO,Solar Photovoltaic,PV,,S,X,X,,,170.4, ,168,168,P,8,2025,8,2027,,IPP Non-CHP,2,N,SUN,,,,,, ,,,,,,,,,,,,
65478,"Gransolar Texas Fourteen, LLC",66398,Eytcheson Solar,TX,Navarro,EYTCH,Solar Photovoltaic,PV,,S,X,X,,,76.4, ,76.2,76.2,P,11,2024,1,2028,,IPP Non-CHP,2,N,SUN,,,,,, ,,,,,,,,,,,,
66064,"Bexar ESS, LLC",66400,Bexar ESS,TX,Bexar,OCBEX,Batteries,BA,,S,X,X,,,100,0.95,100,100,TS,8,2024,3,2026,N,IPP Non-CHP,2,N,MWH,,,,,, ,,,,,,,,,,N,N,N
66905,HEC Renewable Energy America LLC,66401,OCI Hillsboro,TX,Hill,OHLBS,Batteries,BA,,S,X,X,,,200,0.95,200,200,P,7,2026,12,2027,N,IPP Non-CHP,2,N,MWH,,,,,,0,,,,,,,,,N,N,,
66905,HEC Renewable Energy America LLC,66401,OCI Hillsboro,TX,Hill,OHLPV,Solar Photovoltaic,PV,,S,X,X,,,200,0.95,200,200,P,7,2026,10,2027,N,IPP Non-CHP,2,N,SUN,,,,,, ,,,,,,,,,,N,,
65481,"Hecate Grid Gwent Storage 1, LLC",66409,Hecate Grid Gwent Storage 1,CA,Ventura,GWNT,Batteries,BA,,S,X,X,,,135,0.95,135,135,P,6,2026,12,2028,,IPP Non-CHP,2,N,MWH,,,,,, ,,,,,,,,,,,,
65451,Grizzly Ridge Solar LLC,66410,Grizzly Ridge Solar,TX,Hamilton,596,Batteries,BA,,S,X,X,,,10, ,10,10,TS,3,2023,9,2026,,IPP Non-CHP,2,,MWH,,,,,, ,,,,,,,,,,,,
65485,"Hecate Grid East Valley Storage, LLC",66411,Hecate Grid East Valley Storage,TX,Cameron,RMSY,Batteries,BA,,S,X,X,,,255,0.95,255,255,P,6,2024,12,2027,,IPP Non-CHP,2,N,MWH,,,,,, ,,,,,,,,,,,,
65483,"Hecate Energy Ramsey Storage, LLC",66414,Hecate Energy Ramsey Storage,TX,Wharton,RMSY,Batteries,BA,,S,X,X,,,500,0.95,500,500,P,6,2024,12,2027,,IPP Non-CHP,2,N,MWH,,,,,, ,,,,,,,,,,,,
65482,"Gransolar Texas Thirteen, LLC",66421,Despain Solar,TX,Kinney,GRS13,Solar Photovoltaic,PV,,S,X,X,,,236.2, ,236,236,L,5,2024,12,2027,,IPP Non-CHP,2,N,SUN,,,,,, ,,,,,,,,,,,,
65516,"ECG Utah Solar1, LLC",66426,Utah Solar 1,UT,Millard,1EUS,Solar Photovoltaic,PV,,S,X,X,,,300, ,300,300,P,12,2025,12,2027,,IPP Non-CHP,2,N,SUN,,,,,, ,,,,,,,,,N,N,,
67721,Crossvine Solar 1 LLC,66441,Crossvine Solar,IN,Dubois,INCV1,Solar Photovoltaic,PV,,S,X,X,,,100, ,100,100,U,3,2026,3,2027,,IPP Non-CHP,2,N,SUN,,,,,, ,,,,,,,,,,,,
65512,Catalyze Bloomington 2551 S Lilac Avenue Microgrid LLC,66475,CA Bloomington 2551 S Lilac Avenue Micro,CA,San Bernardino,18263,Solar Photovoltaic,PV,,S,X,X,,,1.5, ,1.5,1.5,V,9,2023,11,2026,,IPP Non-CHP,2,N,SUN,,,,,, ,,,,,,,,,,,,
65512,Catalyze Bloomington 2551 S Lilac Avenue Microgrid LLC,66475,CA Bloomington 2551 S Lilac Avenue Micro,CA,San Bernardino,B8263,Batteries,BA,,S,X,X,,,1.5, ,1.5,1.5,V,9,2023,11,2026,,IPP Non-CHP,2,N,MWH,,,,,,0,,,,,,,,,N,N,,
65493,Navajo Transitional Energy Company,66478,NTEC Gas Plant,NM,San Juan,GEN1,Natural Gas Fired Combustion Turbine,GT,,S,X,X,,,60.5,0.85,37.6,41.4,L,11,2026,6,2028,,Electric Utility,1,N,NG,,,,,, ,,,,,,,,,,N,N,N
65493,Navajo Transitional Energy Company,66478,NTEC Gas Plant,NM,San Juan,GEN10,Natural Gas Fired Combustion Turbine,GT,,S,X,X,,,60.5,0.85,37.6,41.4,L,4,2027,6,2028,,Electric Utility,1,N,NG,,,,,, ,,,,,,,,,,N,N,N
65493,Navajo Transitional Energy Company,66478,NTEC Gas Plant,NM,San Juan,GEN11,Natural Gas Fired Combustion Turbine,GT,,S,X,X,,,60.5,0.85,37.6,41.4,L,4,2027,6,2028,,Electric Utility,1,N,NG,,,,,, ,,,,,,,,,,N,N,N
65493,Navajo Transitional Energy Company,66478,NTEC Gas Plant,NM,San Juan,GEN12,Natural Gas Fired Combustion Turbine,GT,,S,X,X,,,60.5,0.85,37.6,41.4,L,4,2027,6,2028,,Electric Utility,1,N,NG,,,,,, ,,,,,,,,,,N,N,N
65493,Navajo Transitional Energy Company,66478,NTEC Gas Plant,NM,San Juan,GEN13,Natural Gas Fired Combustion Turbine,GT,,S,X,X,,,60.5,0.85,37.6,41.4,L,4,2027,6,2028,,Electric Utility,1,N,NG,,,,,, ,,,,,,,,,N,N,N,N
65493,Navajo Transitional Energy Company,66478,NTEC Gas Plant,NM,San Juan,GEN14,Natural Gas Fired Combustion Turbine,GT,,S,X,X,,,60.5,0.85,37.6,41.4,L,4,2027,6,2028,,Electric Utility,1,N,NG,,,,,, ,,,,,,,,,N,N,N,N
65493,Navajo Transitional Energy Company,66478,NTEC Gas Plant,NM,San Juan,GEN15,Natural Gas Fired Combustion Turbine,GT,,S,X,X,,,60.5,0.85,37.6,41.4,L,4,2027,6,2028,,Electric Utility,1,N,NG,,,,,, ,,,,,,,,,,N,N,N
65493,Navajo Transitional Energy Company,66478,NTEC Gas Plant,NM,San Juan,GEN16,Natural Gas Fired Combustion Turbine,GT,,S,X,X,,,60.5,0.85,37.6,41.4,L,4,2027,6,2028,,Electric Utility,1,N,NG,,,,,, ,,,,,,,,,,N,N,N
65493,Navajo Transitional Energy Company,66478,NTEC Gas Plant,NM,San Juan,GEN17,Natural Gas Fired Combustion Turbine,GT,,S,X,X,,,60.5,0.85,37.6,41.4,L,4,2027,6,2028,,Electric Utility,1,N,NG,,,,,, ,,,,,,,,,,N,N,N
65493,Navajo Transitional Energy Company,66478,NTEC Gas Plant,NM,San Juan,GEN18,Natural Gas Fired Combustion Turbine,GT,,S,X,X,,,60.5,0.85,37.6,41.4,L,4,2027,6,2028,,Electric Utility,1,N,NG,,,,,, ,,,,,,,,,N,N,N,N
65493,Navajo Transitional Energy Company,66478,NTEC Gas Plant,NM,San Juan,GEN2,Natural Gas Fired Combustion Turbine,GT,,S,X,X,,,60.5,0.85,37.6,41.4,L,11,2026,6,2028,,Electric Utility,1,N,NG,,,,,, ,,,,,,,,,N,N,N,N
65493,Navajo Transitional Energy Company,66478,NTEC Gas Plant,NM,San Juan,GEN3,Natural Gas Fired Combustion Turbine,GT,,S,X,X,,,60.5,0.85,37.6,41.4,L,11,2026,6,2028,,Electric Utility,1,N,NG,,,,,, ,,,,,,,,,N,N,N,N
65493,Navajo Transitional Energy Company,66478,NTEC Gas Plant,NM,San Juan,GEN4,Natural Gas Fired Combustion Turbine,GT,,S,X,X,,,60.5,0.85,37.6,41.4,L,4,2027,6,2028,,Electric Utility,1,N,NG,,,,,, ,,,,,,,,,,N,N,N
65493,Navajo Transitional Energy Company,66478,NTEC Gas Plant,NM,San Juan,GEN5,Natural Gas Fired Combustion Turbine,GT,,S,X,X,,,60.5,0.85,37.6,41.4,L,4,2027,6,2028,,Electric Utility,1,N,NG,,,,,, ,,,,,,,,,,N,N,N
65493,Navajo Transitional Energy Company,66478,NTEC Gas Plant,NM,San Juan,GEN6,Natural Gas Fired Combustion Turbine,GT,,S,X,X,,,60.5,0.85,37.6,41.4,L,4,2027,6,2028,,Electric Utility,1,N,NG,,,,,, ,,,,,,,,,,N,N,N
65493,Navajo Transitional Energy Company,66478,NTEC Gas Plant,NM,San Juan,GEN7,Natural Gas Fired Combustion Turbine,GT,,S,X,X,,,60.5,0.85,37.6,41.4,L,4,2027,6,2028,,Electric Utility,1,N,NG,,,,,, ,,,,,,,,,,N,N,N
65493,Navajo Transitional Energy Company,66478,NTEC Gas Plant,NM,San Juan,GEN8,Natural Gas Fired Combustion Turbine,GT,,S,X,X,,,60.5,0.85,37.6,41.4,L,4,2027,6,2028,,Electric Utility,1,N,NG,,,,,, ,,,,,,,,,,N,N,N
65493,Navajo Transitional Energy Company,66478,NTEC Gas Plant,NM,San Juan,GEN9,Natural Gas Fired Combustion Turbine,GT,,S,X,X,,,60.5,0.85,37.6,41.4,L,4,2027,6,2028,,Electric Utility,1,N,NG,,,,,, ,,,,,,,,,N,N,N,N
61012,AES Distributed Energy,66484,"Glen Canyon Solar A, LLC",UT,Kane,GCA,Solar Photovoltaic,PV,,S,X,X,,,95,0.95,95,95,U,7,2024,12,2028,,IPP Non-CHP,2,N,SUN,,,,,, ,,,,,,,,,,,,
61978,Convergent Energy and Power LP,66497,Bensonhurst Energy Storage 1 LLC,NY,Kings,BHBA1,Batteries,BA,,S,X,X,,,5, ,5,5,U,4,2023,9,2026,N,IPP Non-CHP,2,N,MWH,,,,,, ,,,,,,,,,,,,
65559,Catalyze Riverside 2356 Fleetwood Drive Microgrid LLC,66511,CA Riverside 2356 Fleetwood Dr.,CA,Riverside,18262,Solar Photovoltaic,PV,,S,X,X,,,2,1,2,2,V,8,2023,11,2026,,IPP Non-CHP,2,N,SUN,,,,,, ,,,,,,,,,,,,
65559,Catalyze Riverside 2356 Fleetwood Drive Microgrid LLC,66511,CA Riverside 2356 Fleetwood Dr.,CA,Riverside,B8262,Batteries,BA,,S,X,X,,,2,1,2,2,V,8,2023,11,2026,,IPP Non-CHP,2,N,MWH,,,,,,0,,,,,,,,,N,,,
65561,"TJA 540R Main St. Acushnet, LLC",66513,MA Acushnet 540R Main St,MA,Bristol,18229,Solar Photovoltaic,PV,,S,X,X,,,4, ,4,4,L,3,2024,3,2027,,IPP Non-CHP,2,N,SUN,,,,,, ,,,,,,,,,,,,
65561,"TJA 540R Main St. Acushnet, LLC",66513,MA Acushnet 540R Main St,MA,Bristol,B8229,Batteries,BA,,S,X,X,,,2, ,2,2,L,3,2024,3,2027,,IPP Non-CHP,2,N,MWH,,,,,,0,,,,,,,,,N,,,
65564,"Catalyze Dallas 7750 Dynasty Drive Microgrid, LLC",66516,TX Dallas 7750 Dynasty Drive,TX,Dallas,19500,Solar Photovoltaic,PV,,S,X,X,,,2.3, ,2.3,2.3,TS,6,2023,9,2026,,IPP Non-CHP,2,N,SUN,,,,,, ,,,,,,,,,,,,
65567,"Catalyze Pasadena 10585 Red Bluff Road Microgrid, LLC",66519,TX Pasadena 10585 Red Bluff Road Solar,TX,Harris,19503,Solar Photovoltaic,PV,,S,X,X,,,2.4, ,2.4,2.4,TS,12,2023,5,2026,,IPP Non-CHP,2,N,SUN,,,,,, ,,,,,,,,,,,,
65588,Mammoth South LLC,66545,Mammoth South Solar Project,IN,Pulaski,MMTHS,Solar Photovoltaic,PV,,S,X,X,,,300,0.95,300,300,V,5,2025,9,2026,N,IPP Non-CHP,2,N,SUN,,,,,, ,,,,,,,,,N,N,,
65587,Mammoth Central LLC,66546,Mammoth Central Solar Project,IN,Pulaski,MMTHC,Solar Photovoltaic,PV,,S,X,X,,,300,0.95,300,300,U,5,2025,10,2026,,IPP Non-CHP,2,N,SUN,,,,,, ,,,,,,,,,N,N,,
65594,EnerSmart Storage,66552,EnerSmart Mesa Heights Sub Station,CA,San Diego,MH162,Batteries,BA,,W,X,X,,,3, ,3,3,T,4,2023,12,2026,N,IPP Non-CHP,2,N,MWH,,,,,, ,,,,,,,,,,N,,
62842,"Lightsource Renewable Energy Asset Management, LLC",66558,Mowata Solar,LA,Acadia,LAMO1,Solar Photovoltaic,PV,,W,X,X,,,150,0.95,150,150,L,1,2026,12,2027,,IPP Non-CHP,2,N,SUN,,,,,, ,,,,,,,,,,,,
62842,"Lightsource Renewable Energy Asset Management, LLC",66559,Jones City 1 Solar,TX,Jones,TXJC1,Solar Photovoltaic,PV,,W,X,X,,,215,0.95,215,215,V,11,2025,10,2026,,IPP Non-CHP,2,N,SUN,,,,,, ,,,,,,,,,,,,
65627,NRG THW GT LLC,66601,NRG THW GT Electric Generating Station,TX,Harris,GT61,Natural Gas Fired Combustion Turbine,GT,,S,X,X,,,188.7,0.85,204,222,U,5,2024,5,2026,,IPP Non-CHP,2,N,NG,,,,,, ,,,,,,,,,,N,,
65627,NRG THW GT LLC,66601,NRG THW GT Electric Generating Station,TX,Harris,GT62,Natural Gas Fired Combustion Turbine,GT,,S,X,X,,,188.7,0.85,204,222,U,5,2024,5,2026,,IPP Non-CHP,2,N,NG,,,,,, ,,,,,,,,,,N,,
65644,Fish Lake Geothermal LLC,66618,Fish Lake Geothermal,NV,Esmeralda,FL1,Geothermal,ST,,S,X,X,,,3.3,0.95,2.1,2.3,P,9,2024,9,2027,N,IPP Non-CHP,2,N,GEO,,,,,, ,,,,,,,,,,N,,
65644,Fish Lake Geothermal LLC,66618,Fish Lake Geothermal,NV,Esmeralda,FL2,Geothermal,ST,,S,X,X,,,3.3,0.95,2.9,3.1,P,9,2024,9,2027,N,IPP Non-CHP,2,N,GEO,,,,,, ,,,,,,,,,,N,,
65644,Fish Lake Geothermal LLC,66618,Fish Lake Geothermal,NV,Esmeralda,FL3,Geothermal,ST,,S,X,X,,,4.7,0.95,3.4,3.6,P,9,2024,9,2027,N,IPP Non-CHP,2,N,GEO,,,,,, ,,,,,,,,,,N,,
65644,Fish Lake Geothermal LLC,66618,Fish Lake Geothermal,NV,Esmeralda,FL4,Geothermal,ST,,S,X,X,,,6.2,0.95,4.3,4.5,P,9,2024,9,2027,N,IPP Non-CHP,2,N,GEO,,,,,, ,,,,,,,,,,N,,
65644,Fish Lake Geothermal LLC,66618,Fish Lake Geothermal,NV,Esmeralda,FL5,Geothermal,ST,,S,X,X,,,9,0.95,6.8,7,P,9,2024,9,2027,N,IPP Non-CHP,2,N,GEO,,,,,, ,,,,,,,,,,N,,
55937,Entergy Texas Inc.,66621,Orange County Advanced Power Station,TX,Orange,1A,Natural Gas Fired Combined Cycle,CT,,S,X,N,,,453,0.85,396.6,428.3,V,6,2026,9,2026,,Electric Utility,1,N,NG,,,,,, ,,,,,,,,,,N,,
55937,Entergy Texas Inc.,66621,Orange County Advanced Power Station,TX,Orange,1B,Natural Gas Fired Combined Cycle,CT,,S,X,N,,,453,0.85,396.6,428.3,V,6,2026,9,2026,,Electric Utility,1,N,NG,,,,,, ,,,,,,,,,,N,,
55937,Entergy Texas Inc.,66621,Orange County Advanced Power Station,TX,Orange,1C,Natural Gas Fired Combined Cycle,CA,,S,N,X,,,400,0.85,365,360.6,V,6,2026,9,2026,,Electric Utility,1,N,NG,,,,,, ,,,,,,,,,,N,,
65672,"Elkhart County Solar Project, LLC",66647,Elkhart County Solar Project,IN,Elkhart,USELT,Solar Photovoltaic,PV,,J,X,X,,,100,0.95,100,100,TS,12,2025,3,2026,,IPP Non-CHP,2,N,SUN,,,,,, ,,,,,,,,,,,,
14354,PacifiCorp,66651,Arco Wind and Solar Project,ID,Bonneville,37565,Onshore Wind Turbine,WT,,S,X,X,,,153,0.9,153,153,T,12,2027,12,2027,,Electric Utility,1,N,WND,,,,,,47,,,,,,,,,,,,
14354,PacifiCorp,66651,Arco Wind and Solar Project,ID,Bonneville,C2-92,Onshore Wind Turbine,WT,,S,X,X,,,206,0.9,206,206,T,12,2028,12,2028,N,Electric Utility,1,N,WND,,,,,,64,,,,,,,,,,,,
66061,BQ Energy Development,66657,Steubenville Solar,OH,Jefferson,STEUB,Solar Photovoltaic,PV,,S,X,X,,,43, ,43,43,P,12,2023,3,2027,N,IPP Non-CHP,2,,SUN,,,,,, ,,,,,,,,,,N,,
66061,BQ Energy Development,66658,Nottingham Solar,OH,Harrison,NOTT,Solar Photovoltaic,PV,,S,X,X,,,100, ,100,100,P,12,2023,12,2026,,IPP Non-CHP,2,N,SUN,,,,,, ,,,,,,,,,,N,,
64904,AES Clean Energy,66663,Empire Solar (NY),NY,Chautauqua,EMPIR,Solar Photovoltaic,PV,,S,X,X,,,125, ,125,125,P,12,2027,12,2027,,IPP Non-CHP,2,N,SUN,,,,,, ,,,,,,,,,,,,
65684,549 Doles Ridge Rd Solar LLC,66665,549 Doles Ridge Rd Solar LLC,ME,York,549DR,Solar Photovoltaic,PV,,S,X,X,,,2.4,1,2.4,2.4,T,6,2023,7,2026,N,IPP Non-CHP,2,N,SUN,,,,,, ,,,,,,,,,,N,,
65144,"Samsung C&T Renewables, LLC",66671,"Conez Solar, LLC",GA,Emanuel,CONEZ,Solar Photovoltaic,PV,,S,X,X,,,150, ,150,150,P,11,2024,6,2027,,IPP Non-CHP,2,N,SUN,,,,,, ,,,,,,,,,,,,
65144,"Samsung C&T Renewables, LLC",66672,"Stark Solar, LLC",OH,Stark,AG239,Solar Photovoltaic,PV,,S,X,X,,,150, ,150,150,P,3,2024,3,2027,,IPP Non-CHP,2,N,SUN,,,,,, ,,,,,,,,,,N,,
65687,"Accalia Point Solar, LLC",66673,"Accalia Point Solar, LLC",TX,Cameron,66666,Solar Photovoltaic,PV,,S,X,X,,,190.5, ,190.5,190.5,P,5,2028,5,2028,N,IPP Non-CHP,2,N,SUN,,,,,, ,,,,,,,,,,,,
65689,"Alfred Oaks Solar, LLC",66675,"Alfred Oaks Solar, LLC",NY,Allegany,ALOAK,Solar Photovoltaic,PV,,S,X,X,,,115.2, ,115.2,115.2,P,12,2025,12,2029,,IPP Non-CHP,2,N,SUN,,,,,, ,,,,,,,,,,,,
65682,"IP Aramis, LLC",66678,Aramis I Solar Project,CA,Alameda,IPAR1,Solar Photovoltaic,PV,,S,X,X,,,100, ,100,100,U,12,2023,9,2026,,IPP Non-CHP,2,N,SUN,,,,,, ,,,,,,,,,N,N,,
65682,"IP Aramis, LLC",66678,Aramis I Solar Project,CA,Alameda,IPARB,Batteries,BA,,S,X,X,,,100, ,100,100,U,12,2023,9,2026,,IPP Non-CHP,2,N,MWH,,,,,, ,,,,,,,,,N,N,,
11241,Entergy Louisiana LLC,66681,Sterlington Solar,LA,Ouachita,STS,Solar Photovoltaic,PV,,S,X,X,,,49, ,49,49,V,1,2026,1,2026,N,Electric Utility,1,N,SUN,,,,,, ,,,,,,,,,,,,
63289,Key Capture Energy,66682,"KCE NY 10, LLC",NY,Erie,NY10,Batteries,BA,,S,X,X,,,20, ,20,20,P,12,2025,10,2028,N,IPP Non-CHP,2,N,MWH,,,,,, ,,,,,,,,,,N,,
65690,Premium Energy Holdings,66684,Intermountain Pumped Storage Project,UT,Millard,HL001,Hydroelectric Pumped Storage,PS,,S,X,X,,,250, ,250,250,P,7,2028,7,2028,,IPP Non-CHP,2,N,WAT,,,,,, ,,,,,,,,,,,,
65690,Premium Energy Holdings,66684,Intermountain Pumped Storage Project,UT,Millard,HL002,Hydroelectric Pumped Storage,PS,,S,X,X,,,250, ,250,250,P,7,2028,7,2028,,IPP Non-CHP,2,N,WAT,,,,,, ,,,,,,,,,,,,
65690,Premium Energy Holdings,66684,Intermountain Pumped Storage Project,UT,Millard,HL003,Hydroelectric Pumped Storage,PS,,S,X,X,,,250, ,250,250,P,7,2028,7,2028,,IPP Non-CHP,2,N,WAT,,,,,, ,,,,,,,,,,,,
65690,Premium Energy Holdings,66684,Intermountain Pumped Storage Project,UT,Millard,HL004,Hydroelectric Pumped Storage,PS,,S,X,X,,,250, ,250,250,P,7,2028,7,2028,,IPP Non-CHP,2,N,WAT,,,,,, ,,,,,,,,,,,,
65690,Premium Energy Holdings,66685,Whale Rock Pumped Storage Hydro Project,CA,San Luis Obispo,WH001,Hydroelectric Pumped Storage,PS,,S,X,X,,,200, ,200,200,P,7,2027,7,2027,,IPP Non-CHP,2,N,WAT,,,,,, ,,,,,,,,,,,,
65690,Premium Energy Holdings,66685,Whale Rock Pumped Storage Hydro Project,CA,San Luis Obispo,WH002,Hydroelectric Pumped Storage,PS,,S,X,X,,,200, ,200,200,P,7,2027,7,2027,,IPP Non-CHP,2,N,WAT,,,,,, ,,,,,,,,,,,,
65690,Premium Energy Holdings,66685,Whale Rock Pumped Storage Hydro Project,CA,San Luis Obispo,WH003,Hydroelectric Pumped Storage,PS,,S,X,X,,,200, ,200,200,P,7,2027,7,2027,,IPP Non-CHP,2,N,WAT,,,,,, ,,,,,,,,,,,,
65690,Premium Energy Holdings,66686,Haiwee Pumped Storage Project,CA,Inyo,HL001,Hydroelectric Pumped Storage,PS,,S,X,X,,,250, ,250,250,P,7,2024,7,2028,,IPP Non-CHP,2,N,WAT,,,,,, ,,,,,,,,,,,,
65690,Premium Energy Holdings,66686,Haiwee Pumped Storage Project,CA,Inyo,HL002,Hydroelectric Pumped Storage,PS,,S,X,X,,,250, ,250,250,P,7,2024,7,2028,,IPP Non-CHP,2,N,WAT,,,,,, ,,,,,,,,,,,,
65690,Premium Energy Holdings,66686,Haiwee Pumped Storage Project,CA,Inyo,HL003,Hydroelectric Pumped Storage,PS,,S,X,X,,,250, ,250,250,P,7,2024,7,2028,,IPP Non-CHP,2,N,WAT,,,,,, ,,,,,,,,,,,,
65690,Premium Energy Holdings,66686,Haiwee Pumped Storage Project,CA,Inyo,HL004,Hydroelectric Pumped Storage,PS,,S,X,X,,,250, ,250,250,P,7,2024,7,2028,,IPP Non-CHP,2,N,WAT,,,,,, ,,,,,,,,,,,,
67192,RWE Clean Energy,66687,"Graceland Solar, LLC",TN,Shelby,GRA1,Solar Photovoltaic,PV,,S,X,X,,,150, ,150,150,V,9,2024,5,2026,,IPP Non-CHP,2,N,SUN,,,,,, ,,,,,,,,,,,,
65695,Seven Flags BESS LLC,66689,Seven Flags BESS LLC,TX,Webb,7FLAG,Batteries,BA,,S,X,X,,,100,0.95,100,100,U,9,2025,2,2026,,IPP Non-CHP,2,,MWH,,,,,, ,,,,,,,,,N,N,,
67582,"Intersect USA, LLC",66691,"Briggs Solar, LLC",TX,Haskell,BRIGG,Solar Photovoltaic,PV,,S,X,X,,,305, ,305,305,L,12,2025,12,2027,,IPP Non-CHP,2,N,SUN,,,,,, ,,,,,,,,,,,,
67582,"Intersect USA, LLC",66691,"Briggs Solar, LLC",TX,Haskell,BRUGG,Batteries,BA,,S,X,X,,,70.5, ,70.5,70.5,L,12,2025,12,2027,,IPP Non-CHP,2,N,MWH,,,,,, ,,,,,,,,,,,,
65701,Horsepen Branch Solar,66695,Horsepen Branch Solar,VA,Louisa,HRSPN,Solar Photovoltaic,PV,,W,X,X,,,25, ,25,25,P,1,2025,12,2028,N,IPP Non-CHP,2,N,SUN,,,,,, ,,,,,,,,,,,,
65691,"Branch Solar, LLC",66697,Branch Solar Project,MI,Branch,BS1,Solar Photovoltaic,PV,,S,X,X,,,200, ,200,200,V,11,2025,5,2026,N,IPP Non-CHP,2,N,SUN,,,,,, ,,,,,,,,,,,,
65708,Buffalo Branch Wind and Solar LLC,66701,Buffalo Branch Wind and Solar LLC,MO,Dade,BB1,Onshore Wind Turbine,WT,,S,X,X,,,247, ,247,247,P,12,2026,12,2029,,IPP Non-CHP,2,N,WND,,,,,,62,,,,,,,,,,,,
65715,Strata Clean Energy,66703,Austin Creek Solar,IL,Adams,11103,Solar Photovoltaic,PV,,W,X,X,,,140, ,140,140,P,3,2027,9,2027,,IPP Non-CHP,2,N,SUN,,,,,, ,,,,,,,,,,,,
65715,Strata Clean Energy,66705,Longwing Solar,TX,Tyler,11105,Solar Photovoltaic,PV,,W,X,X,,,140, ,140,140,P,3,2026,9,2026,N,IPP Non-CHP,2,N,SUN,,,,,, ,,,,,,,,,,,,
65715,Strata Clean Energy,66706,Patoka Solar,IN,Posey,11101,Solar Photovoltaic,PV,,W,X,X,,,250, ,250,250,P,3,2027,9,2027,N,IPP Non-CHP,2,N,SUN,,,,,, ,,,,,,,,,,,,
65715,Strata Clean Energy,66707,Prairie Oak Solar,IL,Shelby,11102,Solar Photovoltaic,PV,,W,X,X,,,250, ,250,250,P,3,2027,9,2027,N,IPP Non-CHP,2,N,SUN,,,,,, ,,,,,,,,,,,,
65715,Strata Clean Energy,66708,Peri Peri Solar,TX,Hardin,11104,Solar Photovoltaic,PV,,W,X,X,,,115, ,115,115,P,3,2026,9,2026,N,IPP Non-CHP,2,N,SUN,,,,,, ,,,,,,,,,,,,
65728,Brenneman Solar LLC,66744,Brenneman Solar Project,GA,Macon,BRNMN,Solar Photovoltaic,PV,,S,X,X,,,150, ,150,150,T,10,2026,10,2026,,IPP Non-CHP,2,N,SUN,,,,,, ,,,,,,,,,,,,
65739,"Lake Iris Solar, LLC",66745,Lake Iris Solar Project,MI,St Clair,LIS1,Solar Photovoltaic,PV,,S,X,X,,,95.6, ,95.6,95.6,P,12,2025,8,2026,N,IPP Non-CHP,2,N,SUN,,,,,, ,,,,,,,,,,,,
60025,Greenbacker Renewable Energy Corporation,66768,Hogs Bay,ME,Hancock,694,Solar Photovoltaic,PV,,S,X,X,,,2, ,2,2,V,12,2024,9,2026,,IPP Non-CHP,2,N,SUN,,,,,, ,,,,,,,,,,,,
50123,"Leeward Asset Management, LLC",66775,Morrow Lake Solar,TX,Frio,MLPV,Solar Photovoltaic,PV,,S,X,X,,,200, ,200,200,TS,9,2024,1,2026,,IPP Non-CHP,2,N,SUN,,,,,, ,,,,,,,,,,N,,
65741,"Hart Solar Partners, LLC",66778,Hart Solar Project,MI,Oceana,HS1,Solar Photovoltaic,PV,,S,X,X,,,120, ,120,120,P,12,2025,9,2026,N,IPP Non-CHP,2,N,SUN,,,,,, ,,,,,,,,,,,,
65761,"Lighthouse Arthur Kill, LLC",66785,Elevate Arthur Kill,NY,Richmond,ELVAK,Batteries,BA,,S,X,X,,,15.1,1,15.1,15.1,V,6,2025,8,2026,,IPP Non-CHP,2,N,MWH,,,,,, ,,,,,,,,,,,,
65762,"Lighthouse Middletown, LLC",66786,Elevate Middletown,CT,Middlesex,ELVMT,Batteries,BA,,S,X,X,,,275,1,275,275,P,6,2025,12,2027,,IPP Non-CHP,2,N,MWH,,,,,, ,,,,,,,,,,,,
65764,"Lighthouse Pier S, LLC",66787,Elevate Pier S,CA,Los Angeles,ELVPS,Batteries,BA,,S,X,X,,,70,1,70,70,L,6,2026,12,2026,,IPP Non-CHP,2,N,MWH,,,,,, ,,,,,,,,,,,,
64452,"EDF Renewables Development, Inc.",66805,Lycan Solar Project,CA,Riverside,LYCAN,Solar Photovoltaic,PV,,S,X,X,,,400, ,400,400,L,12,2027,12,2027,,IPP Non-CHP,2,N,SUN,,,,,, ,,,,,,,,,,,,
64452,"EDF Renewables Development, Inc.",66805,Lycan Solar Project,CA,Riverside,LYCN2,Batteries,BA,,S,X,X,,,400, ,400,400,P,12,2026,4,2030,,IPP Non-CHP,2,N,MWH,,,,,, ,,,,,,,,,,,,
64872,"Distributed Solar Development, LLC",66830,Harrah's Atlantic City - POI 1 (Meeting,NJ,Atlantic,P5376,Solar Photovoltaic,PV,,S,X,X,,,2.3, ,2.3,2.3,U,12,2023,12,2026,,IPP Non-CHP,2,N,SUN,,,,,, ,,,,,,,,,,N,,
65777,Urban Grid Solar,66843,Morgnec Solar,MD,Kent,MORG1,Solar Photovoltaic,PV,,S,X,X,CHESTRTN,CHESTRTN,55.8,0.95,55.8,55.8,U,6,2025,8,2026,,IPP Non-CHP,2,N,SUN,,,,,, ,,,,,,,,,,,,
65777,Urban Grid Solar,66850,Beaver Creek Solar,PA,Franklin,BEAC1,Solar Photovoltaic,PV,,S,X,X,,,34.2,0.95,34.2,34.2,L,6,2025,6,2027,N,IPP Non-CHP,2,N,SUN,,,,,, ,,,,,,,,,,,,
65777,Urban Grid Solar,66851,Fairview Solar (AR),AR,Ashley,FAIR1,Solar Photovoltaic,PV,,S,X,X,,,75,0.95,75,75,L,12,2025,12,2027,N,IPP Non-CHP,2,N,SUN,,,,,, ,,,,,,,,,,,,
65777,Urban Grid Solar,66852,Hillsboro Solar 3,AL,Lawrence,HILL3,Solar Photovoltaic,PV,,S,X,X,,,200,0.95,200,200,L,12,2026,5,2027,,IPP Non-CHP,2,N,SUN,,,,,, ,,,,,,,,,,,,
65777,Urban Grid Solar,66854,Porter Mill Solar,MD,Wicomico,PORM1,Solar Photovoltaic,PV,,S,X,X,,,46,0.95,46,46,L,12,2026,12,2026,N,IPP Non-CHP,2,N,SUN,,,,,, ,,,,,,,,,,,,
65777,Urban Grid Solar,66858,Spring Valley Solar 2,AL,Colbert,SPRV2,Solar Photovoltaic,PV,,S,X,X,,,200,0.95,200,200,L,7,2027,2,2028,,IPP Non-CHP,2,N,SUN,,,,,, ,,,,,,,,,,,,
65789,"Marion County Solar Project, LLC",66860,Marion County Solar Project,OH,Marion,USMNC,Solar Photovoltaic,PV,,S,X,X,,,100,0.95,100,100,TS,12,2024,3,2026,,IPP Non-CHP,2,N,SUN,,,,,, ,,,,,,,,,,,,
63289,Key Capture Energy,66862,"KCE NY 29, LLC",NY,Suffolk,NY29,Batteries,BA,,S,X,X,,,79, ,79,79,P,12,2025,3,2030,N,IPP Non-CHP,2,N,MWH,,,,,, ,,,,,,,,N,,N,,
12796,Monongahela Power Co,66870,Davis Solar (WV),WV,Tucker,DAVS,Solar Photovoltaic,PV,,S,X,X,,,11.5, ,11.5,11.5,L,1,2026,12,2028,,Electric Utility,1,N,SUN,,,,,, ,,,,,,,,,,N,,
65805,"GulfStar Power, LLC",66871,"GulfStar Power, LLC",TX,Wharton,SOLAR,Solar Photovoltaic,PV,,S,X,X,,,451.6, ,451.6,451.6,TS,10,2024,10,2026,,IPP Non-CHP,2,N,SUN,,,,,, ,,,,,,,,,,,,
63289,Key Capture Energy,66879,"KCE CT 1, LLC",CT,Windham,CT1,Batteries,BA,,S,X,X,,,45, ,45,45,P,5,2027,4,2031,N,IPP Non-CHP,2,N,MWH,,,,,, ,,,,,,,,,,N,,N
65814,Innovative Solar 245 LLC,66891,Indigo Solar & Storage,TX,Fisher,245BS,Batteries,BA,,S,X,X,,,240, ,240,240,P,5,2025,5,2027,N,IPP Non-CHP,2,N,MWH,,,,,, ,,,,,,,,,,N,,N
65814,Innovative Solar 245 LLC,66891,Indigo Solar & Storage,TX,Fisher,IS245,Solar Photovoltaic,PV,,S,X,X,,,150, ,150,150,P,5,2025,5,2027,N,IPP Non-CHP,2,N,SUN,,,,,, ,,,,,,,,,,N,,
65813,"CES Electron Farm One, LLC",66892,Conflitti Solar,CA,Fresno,CNFTI,Solar Photovoltaic,PV,,S,X,X,,,4.4, ,4.4,4.4,TS,3,2024,1,2026,N,IPP Non-CHP,2,N,SUN,,,,,, ,,,,,,,,,,,,
62842,"Lightsource Renewable Energy Asset Management, LLC",66893,Jones City 2 Solar,TX,Jones,TXJC2,Solar Photovoltaic,PV,,W,X,X,,,185, ,185,185,U,1,2026,10,2026,,IPP Non-CHP,2,N,SUN,,,,,, ,,,,,,,,,,,,
62842,"Lightsource Renewable Energy Asset Management, LLC",66893,Jones City 2 Solar,TX,Jones,TXJS2,Batteries,BA,,W,X,X,,,200, ,200,200,U,3,2027,3,2027,,IPP Non-CHP,2,N,MWH,,,,,, ,,,,,,,,,,,,
65815,Sunraycer Assets I LLC,66894,"Albatross Solar, LLC",TX,McLennan,ALBBA,Batteries,BA,,S,X,X,,,50.4,0.9,50.4,50.4,P,6,2025,12,2027,,IPP Non-CHP,2,N,MWH,,,,,, ,,,,,,,,,,,,
65815,Sunraycer Assets I LLC,66894,"Albatross Solar, LLC",TX,McLennan,ALBPV,Solar Photovoltaic,PV,,S,X,X,,,101, ,101,101,P,6,2025,12,2027,,IPP Non-CHP,2,N,SUN,,,,,, ,,,,,,,,,,,,
65815,Sunraycer Assets I LLC,66895,"Lupinus Solar 1, LLC",TX,Franklin,LP1BA,Batteries,BA,,S,X,X,,,83,0.9,83,83,P,6,2026,9,2027,,IPP Non-CHP,2,N,MWH,,,,,, ,,,,,,,,,,,,
65815,Sunraycer Assets I LLC,66895,"Lupinus Solar 1, LLC",TX,Franklin,LP1PV,Solar Photovoltaic,PV,,S,X,X,,,165, ,165,165,P,6,2026,9,2027,,IPP Non-CHP,2,N,SUN,,,,,, ,,,,,,,,,,,,
65815,Sunraycer Assets I LLC,66896,"Lupinus Solar 2, LLC",TX,Franklin,LP2BA,Batteries,BA,,S,X,X,,,122.9,0.9,122.9,122.9,P,12,2027,12,2027,,IPP Non-CHP,2,N,MWH,,,,,, ,,,,,,,,,,,,
65815,Sunraycer Assets I LLC,66896,"Lupinus Solar 2, LLC",TX,Franklin,LP2PV,Solar Photovoltaic,PV,,S,X,X,,,244, ,244,244,P,12,2027,12,2027,,IPP Non-CHP,2,N,SUN,,,,,, ,,,,,,,,,,,,
65815,Sunraycer Assets I LLC,66897,"Midpoint Solar, LLC",TX,Hill,MIDBA,Batteries,BA,,S,X,X,,,50, ,50,50,U,8,2025,6,2026,,IPP Non-CHP,2,N,MWH,,,,,, ,,,,,,,,,,,,
65815,Sunraycer Assets I LLC,66897,"Midpoint Solar, LLC",TX,Hill,MIDPV,Solar Photovoltaic,PV,,S,X,X,,,97.5, ,97.5,97.5,U,8,2025,3,2026,,IPP Non-CHP,2,N,SUN,,,,,, ,,,,,,,,,,,,
12796,Monongahela Power Co,66901,Wylie Ridge Solar,WV,Hancock,WRS,Solar Photovoltaic,PV,,S,X,X,,,8.4, ,8.4,8.4,L,1,2025,12,2027,N,Electric Utility,1,N,SUN,,,,,, ,,,,,,,,,,,,
65812,"Lumberton PV I, LLC",66904,"Lumberton PV I, LLC",TX,Hardin,LBTN,Solar Photovoltaic,PV,,W,X,X,,,200, ,200,200,P,12,2027,12,2027,,IPP Non-CHP,2,N,SUN,,,,,, ,,,,,,,,,,,,
65819,"Ables Springs Solar, LLC",66905,Ables Springs Solar & Storage,TX,Kaufman,SOLAR,Solar Photovoltaic,PV,,S,X,X,,,151, ,151,151,TS,11,2024,8,2026,,IPP Non-CHP,2,N,SUN,,,,,, ,,,,,,,,,,,,
64452,"EDF Renewables Development, Inc.",66908,Bonanza Solar and Storage Project,NV,Clark,BZES,Batteries,BA,,S,X,X,,,195, ,195,195,L,12,2027,12,2027,,IPP Non-CHP,2,N,MWH,,,,,, ,,,,,,,,,N,,,
64452,"EDF Renewables Development, Inc.",66908,Bonanza Solar and Storage Project,NV,Clark,BZPV,Solar Photovoltaic,PV,,S,X,X,,,300, ,300,240,L,12,2027,12,2027,,IPP Non-CHP,2,N,SUN,,,,,, ,,,,,,,,,,,,
65823,"Myrtle Solar, LLC",66910,"Myrtle Solar, LLC",TX,Brazoria,MYR,Solar Photovoltaic,PV,,S,X,X,MYR_ALL,MYR_ALL,313, ,313,313,TS,8,2023,9,2026,,IPP Non-CHP,2,N,SUN,,,,,, ,,,,,,,,,N,N,,
65829,"Hill Solar 1, LLC",66912,Hill Solar 1,TX,Hill,HS1,Solar Photovoltaic,PV,,S,X,X,,,405, ,405,405,TS,7,2024,8,2026,,IPP Non-CHP,2,N,SUN,,,,,, ,,,,,,,,,N,N,,
65830,"Myrtle Storage, LLC",66913,Myrtle Storage,TX,Brazoria,MYRST,Batteries,BA,,S,X,X,,,150, ,150,150,TS,12,2023,3,2026,N,IPP Non-CHP,2,N,MWH,,,,,, ,,,,,,,,,,N,,
65831,"Danish Fields Solar, LLC",66914,"Danish Fields Solar, LLC",TX,Wharton,DAN,Solar Photovoltaic,PV,,S,X,X,,,600, ,600,600,TS,5,2024,8,2026,N,IPP Non-CHP,2,N,SUN,,,,,, ,,,,,,,,,N,N,,
65832,"Cottonwood Bayou Solar, LLC",66915,Cottonwood Bayou Solar,TX,Brazoria,CTW,Solar Photovoltaic,PV,,S,X,X,,,350, ,350,350,TS,5,2024,8,2026,,IPP Non-CHP,2,N,SUN,,,,,, ,,,,,,,,,N,N,,
65833,"Danish Fields Storage, LLC",66916,Danish Fields Storage,TX,Wharton,DANST,Batteries,BA,,S,X,X,,,150, ,150,150,TS,2,2024,3,2026,,IPP Non-CHP,2,N,MWH,,,,,,0,,,,,,,,,N,N,,
65835,"Clean Energy Future - Trumbull, LLC.",66918,Trumbull Energy Center,OH,Trumbull,GT11,Natural Gas Fired Combined Cycle,CT,CC01,S,X,Y,PJM,PJM,314,0.9,275.6,313.4,V,1,2026,4,2026,,IPP Non-CHP,2,N,NG,,,,,, ,,,,,,,,,,N,,
65835,"Clean Energy Future - Trumbull, LLC.",66918,Trumbull Energy Center,OH,Trumbull,GT12,Natural Gas Fired Combined Cycle,CT,CC01,S,X,Y,PJM,PJM,314,0.9,275.6,313.4,V,1,2026,4,2026,,IPP Non-CHP,2,N,NG,,,,,, ,,,,,,,,,,N,,
65835,"Clean Energy Future - Trumbull, LLC.",66918,Trumbull Energy Center,OH,Trumbull,STG,Natural Gas Fired Combined Cycle,CA,CC01,S,Y,X,PJM,PJM,360,0.9,349.2,351.3,V,1,2026,4,2026,,IPP Non-CHP,2,N,NG,,,,,, ,,,,,,,,,,N,,
65837,Freestone Solar LLC,66922,Timber Cove Solar,TX,Freestone,59957,Solar Photovoltaic,PV,,S,X,X,,,100, ,100,100,P,9,2026,5,2028,,IPP Non-CHP,2,N,SUN,,,,,, ,,,,,,,,,,,,
56545,Pattern Operators LP,66923,SunZia Wind South,NM,Lincoln,SZW-S,Onshore Wind Turbine,WT,,S,X,X,,,"2,561.20", ,"2,561.20","2,561.20",V,6,2026,5,2026,,IPP Non-CHP,2,N,WND,,,,,,674,,,,,,,,,,,,
56545,Pattern Operators LP,66924,SunZia Wind North,NM,Torrance,SZW-N,Onshore Wind Turbine,WT,,S,X,X,,,"1,089.00", ,"1,089.00","1,089.00",V,6,2026,5,2026,,IPP Non-CHP,2,N,WND,,,,,,242,,,,,,,,,,,,
50123,"Leeward Asset Management, LLC",66958,Northern Prairie 1,WI,St Croix,NOPR1,Solar Photovoltaic,PV,,S,X,X,,,101, ,101,101,T,12,2024,12,2028,N,IPP Non-CHP,2,N,SUN,,,,,, ,,,,,,,,,,N,,
50123,"Leeward Asset Management, LLC",66960,Blackford Solar,IN,Blackford,BLKSL,Solar Photovoltaic,PV,,S,X,X,,,150, ,150,150,U,12,2023,10,2026,N,IPP Non-CHP,2,N,SUN,,,,,, ,,,,,,,,,,N,,
50123,"Leeward Asset Management, LLC",66968,Blackford Wind,IN,Blackford,BFW00,Onshore Wind Turbine,WT,,S,X,X,,,200, ,200,200,V,12,2023,12,2026,N,IPP Non-CHP,2,N,WND,,,,,,55,,,,,,,,,,N,,
65870,"Carol Wind, LLC",66976,"Carol Wind, LLC",TX,Potter,WAPPA,Onshore Wind Turbine,WT,,S,X,X,,,167.8, ,167.8,167.8,T,6,2024,12,2027,N,IPP Non-CHP,2,N,WND,,,,,,60,,,,,,,,,,,,
65871,"MPW Solar 1, LLC",66978,MPW Solar 1,IA,Muscatine,MS1,Solar Photovoltaic,PV,,S,X,X,,,24, ,24,24,T,10,2025,1,2028,N,IPP Non-CHP,2,N,SUN,,,,,, ,,,,,,,,,N,N,,
65961,"Grimes County Solar Project, LLC",67046,Grimes County Solar,TX,Grimes,GS1,Solar Photovoltaic,PV,,S,X,X,,,210, ,210,210,TS,3,2025,1,2026,,IPP Non-CHP,2,N,SUN,,,,,, ,,,,,,,,,,,,
65967,"Iron Belt Energy Storage Project, LLC",67059,Iron Belt,TX,Borden,1,Batteries,BA,,S,X,X,,,400, ,400,400,P,12,2025,6,2027,,IPP Non-CHP,2,N,MWH,,,,,, ,,,,,,,,,,N,,
65986,"Gransolar Texas Three, LLC",67078,Quarter Ranch Solar,TX,Webb,GRS3,Solar Photovoltaic,PV,,S,X,X,,,154.1, ,154,154,L,9,2026,10,2028,,IPP Non-CHP,2,N,SUN,,,,,, ,,,,,,,,,,,,
65998,"Flint Mine Solar, LLC",67090,Flint Mine Solar,NY,Greene,FMS,Solar Photovoltaic,PV,,S,X,X,,,100, ,100,100,L,3,2026,3,2028,N,IPP Non-CHP,2,N,SUN,,,,,, ,,,,,,,,,,,,
66002,"Pastoria Solar Energy Company, LLC",67105,Pastoria Solar,CA,Kern,CPP01,Solar Photovoltaic,PV,,S,X,X,PASTSR_7_CN002,PASTSR_7_CN002,105.2,0.95,105.2,105.2,V,10,2025,7,2026,,IPP Non-CHP,2,N,SUN,,,,,, ,,,,,,,,,,N,,
16609,San Diego Gas & Electric Co,67118,Santee BESS,CA,San Diego,1,Batteries,BA,,S,X,X,,,10, ,10,10,TS,7,2024,1,2026,,Electric Utility,1,N,MWH,,,,,, ,,,,,,,,,,,,
66012,"SR Marshall, LLC",67134,"SR Marshall, LLC",MS,Marshall,MARSH,Solar Photovoltaic,PV,,S,X,X,,,4.8, ,4.8,4.8,T,12,2024,12,2026,N,IPP Non-CHP,2,N,SUN,,,,,, ,,,,,,,,,,,,
49893,Invenergy Services LLC,67157,Powell Solar,OR,Crook,PV1,Solar Photovoltaic,PV,,S,X,X,,,55.9,0.9,55.9,55.9,T,8,2025,12,2027,,IPP Non-CHP,2,N,SUN,,,,,, ,,,,,,,,,,,,
50123,"Leeward Asset Management, LLC",67173,Hoosier Line Solar,IN,White,HLW00,Solar Photovoltaic,PV,,S,X,X,,,180, ,180,180,P,12,2025,10,2027,,IPP Non-CHP,2,,SUN,,,,,, ,,,,,,,,,,N,,
66053,"Beehive Energy Storage, LLC",67184,Beehive Energy Storage,AZ,Maricopa,BHV1,Batteries,BA,,S,X,X,,,250, ,250,250,U,9,2025,4,2026,N,IPP Non-CHP,2,N,MWH,,,,,, ,,,,,,,,,,,,
59365,Capital Power Corporation,67195,Maple Leaf Solar,NC,Johnston,GEN,Solar Photovoltaic,PV,,S,X,X,,,73, ,73,73,T,12,2026,4,2027,N,IPP Non-CHP,2,N,SUN,,,,,, ,,,,,,,,,,,,
66087,Quail Ranch Solar and Battery Energy Storage System,67204,Quail Ranch Solar and BESS,NM,Bernalillo,QRBES,Batteries,BA,,W,X,X,,,100,0.95,100,100,V,11,2025,1,2026,,IPP Non-CHP,2,N,MWH,,,,,, ,,,,,,,,,,,,
66076,"Sun Ridge Solar, LLC",67215,Sun Ridge Solar,VA,Rockingham,ENX25,Solar Photovoltaic,PV,,S,X,X,,,50, ,50,50,V,7,2025,11,2026,,IPP Non-CHP,2,N,SUN,,,,,, ,,,,,,,,,,,,
66100,Boralex US Operations LLC,67220,Diamond Solar (NY),NY,Herkimer,NY48,Solar Photovoltaic,PV,,S,X,X,,,60, ,60,60,P,6,2027,6,2027,,IPP Non-CHP,2,N,SUN,,,,,, ,,,,,,,,,,,,
66100,Boralex US Operations LLC,67221,Foothills Solar (NY),NY,Fulton,NY128,Solar Photovoltaic,PV,,S,X,X,,,40,0.95,40,40,P,6,2027,12,2030,,IPP Non-CHP,2,N,SUN,,,,,, ,,,,,,,,,,,,
66950,Lydian Energy,67222,Yellow Viking Solar,TX,Somervell,1,Solar Photovoltaic,PV,,S,X,X,,,170, ,170,170,L,10,2026,10,2027,,IPP Non-CHP,2,N,SUN,,,,,, ,,,,,,,,,,,,
63004,Abundant Solar Power Inc.,67223,USNY - Markham Hollow Rd - 001,NY,Onondaga,SUNYF,Solar Photovoltaic,PV,,S,X,X,,,20,0.95,20,20,P,12,2025,12,2026,,IPP Non-CHP,2,N,SUN,,,,,, ,,,,,,,,,,,,
15399,Avangrid Power LLC,67224,Pontotoc Wind,OK,Pontotoc,20101,Onshore Wind Turbine,WT,,S,X,X,,,147.5, ,147.5,147.5,TS,12,2025,1,2026,,IPP Non-CHP,2,N,WND,,,,,,33,,,,,,,,,,,,
64452,"EDF Renewables Development, Inc.",67226,Rock House Solar,GA,McDuffie,ROCKH,Solar Photovoltaic,PV,,S,X,X,,,250, ,250,250,P,11,2027,11,2027,,IPP Non-CHP,2,N,SUN,,,,,, ,,,,,,,,,,,,
66107,"Carne Energy Storage, LLC",67230,"Carne Energy Storage, LLC",NM,Luna,CS,Batteries,BA,,S,X,X,,,130, ,130,130,TS,5,2025,4,2026,N,IPP Non-CHP,2,N,MWH,,,,,, ,,,,,,,,,,,,
66108,"Hinds Solar, LLC",67231,"Hinds Solar, LLC",MS,Hinds,HS,Solar Photovoltaic,PV,,S,X,X,,,150, ,150,150,L,5,2027,7,2027,N,IPP Non-CHP,2,N,SUN,,,,,, ,,,,,,,,,,,,
18642,Tennessee Valley Authority,67233,Lawrence County Solar,AL,Lawrence,SOL1,Solar Photovoltaic,PV,,S,X,X,,,193, ,193,193,P,12,2027,12,2027,N,Electric Utility,1,N,SUN,,,,,, ,,,,,,,,,,N,,
60059,ZGlobal Inc,67234,Lara 2 Hybrid,CA,Merced,LARAB,Batteries,BA,,W,X,X,,,0.9,1,0.9,0.9,TS,6,2024,3,2026,,IPP Non-CHP,2,,MWH,,,,,, ,,,,,,,,,,,,
60059,ZGlobal Inc,67234,Lara 2 Hybrid,CA,Merced,LARAS,Solar Photovoltaic,PV,,W,X,X,,,0.7,1,0.7,0.7,TS,6,2024,3,2026,,IPP Non-CHP,2,,SUN,,,,,, ,,,,,,,,,,,,
66121,Rock Rose Energy Storage LLC,67249,Rock Rose Energy Storage,TX,Fort Bend,RRES,Batteries,BA,,S,X,X,,,200,0.95,200,200,P,12,2026,3,2027,,IPP Non-CHP,2,,MWH,,,,,, ,,,,,,,,,,N,N,N
66122,Alina Energy LLC,67250,Alina Energy LLC,TX,Wilson,ALIBS,Batteries,BA,,S,X,X,,,200, ,200,200,P,6,2026,6,2028,N,IPP Non-CHP,2,N,MWH,,,,,, ,,,,,,,,,,,,
66122,Alina Energy LLC,67250,Alina Energy LLC,TX,Wilson,ALIPV,Solar Photovoltaic,PV,,S,X,X,,,200, ,200,200,P,6,2026,6,2028,N,IPP Non-CHP,2,N,SUN,,,,,, ,,,,,,,,,,,,
60025,Greenbacker Renewable Energy Corporation,67253,Cherry Valley,IL,Boone,761,Solar Photovoltaic,PV,,S,X,X,,,12.5, ,12.5,12.5,U,8,2025,12,2027,,IPP Non-CHP,2,N,SUN,,,,,, ,,,,,,,,,,,,
17612,Bear Valley Electric Service,67257,Bear Valley Battery Plant,CA,San Bernardino,BVEB1,Batteries,BA,,S,X,X,,,5,1,5,5,P,12,2024,4,2027,,Electric Utility,1,,MWH,,,,,, ,,,,,,,,,,,,
17612,Bear Valley Electric Service,67258,Bear Valley Solar Plant,CA,San Bernardino,BVES1,Solar Photovoltaic,PV,,S,X,X,,,5, ,5,5,P,6,2025,6,2027,N,Electric Utility,1,,SUN,,,,,, ,,,,,,,,,,,,
66141,Solar PV Development NM 18 II LLC,67260,Solar PV Development NM 18 II LLC,NM,Luna,SPD,Solar Photovoltaic,PV,,S,X,X,,,130, ,130,130,TS,5,2025,4,2026,N,IPP Non-CHP,2,N,SUN,,,,,, ,,,,,,,,,,,,
924,"Associated Electric Coop, Inc",67262,Ripley Energy Center,OK,Payne,RP1,Natural Gas Fired Combustion Turbine,GT,,S,X,X,,,419, ,411.4,444.5,V,10,2026,12,2026,,Electric Utility,1,N,NG,DFO,,,,, ,,,,,,,,,N,Y,Y,N
924,"Associated Electric Coop, Inc",67263,Turney Energy Center,MO,Clinton,TN1,Natural Gas Fired Combustion Turbine,GT,,S,X,X,,,419,0.85,411.4,444,U,7,2027,7,2027,N,Electric Utility,1,N,NG,DFO,,,,, ,,,,,,,,,,Y,Y,N
4065,City of Columbus - (OH),67264,Jackson Pike WWTP Cogen Engines,OH,Franklin,1,Other Waste Biomass,IC,,S,X,X,,,1.4,1,1.4,1.4,TS,6,2024,3,2026,Y,Electric Utility,1,N,OBG,NG,,,,, ,,,,,,,,,,Y,,
4065,City of Columbus - (OH),67264,Jackson Pike WWTP Cogen Engines,OH,Franklin,2,Other Waste Biomass,IC,,S,X,X,,,1.4,1,1.4,1.4,TS,6,2024,3,2026,Y,Electric Utility,1,N,OBG,NG,,,,, ,,,,,,,,,,Y,,
66127,Howard University,67265,CHP Plant,DC,District of Columbia,CTG-1,Natural Gas Fired Combustion Turbine,GT,CTG1,S,X,X,,,5.7,0.8,5.3,5.3,V,8,2024,9,2026,Y,IPP CHP,3,N,NG,,,,,, ,,,,,,,,,N,N,,
66145,"Highland Ave Solar 1, LLC",67279,Borrego - Highland Ave,MA,Bristol,6572,Solar Photovoltaic,PV,,S,X,X,,,5, ,5,5,V,6,2024,11,2026,N,IPP Non-CHP,2,N,SUN,,,,,, ,,,,,,,,,,N,,
66145,"Highland Ave Solar 1, LLC",67279,Borrego - Highland Ave,MA,Bristol,6572B,Batteries,BA,,S,X,X,,,5, ,5,5,V,6,2024,11,2026,N,IPP Non-CHP,2,N,MWH,,,,,,0,,,,,,,,,N,N,,
66149,"Magic Mountain Parkway Solar Project 2023, LLC",67283,Six Flags Magic Mountain,CA,Los Angeles,6569,Solar Photovoltaic,PV,,S,X,X,,,10, ,10,10,V,11,2024,9,2026,N,IPP Non-CHP,2,N,SUN,,,,,,0,,,,,,,,,N,N,,
66149,"Magic Mountain Parkway Solar Project 2023, LLC",67283,Six Flags Magic Mountain,CA,Los Angeles,6569B,Batteries,BA,,S,X,X,,,2, ,2,2,V,11,2024,9,2026,N,IPP Non-CHP,2,N,MWH,,,,,, ,,,,,,,,,N,N,,
64904,AES Clean Energy,67324,Somerset Solar LLC,NY,Niagara,NYSOM,Solar Photovoltaic,PV,,S,X,X,,,100, ,125,125,P,7,2027,10,2029,,IPP Non-CHP,2,N,SUN,,,,,, ,,,,,,,,,,,,
64904,AES Clean Energy,67325,Riverside Solar LLC,NY,St Lawrence,NYRIV,Solar Photovoltaic,PV,,S,X,X,,,100, ,100,100,P,7,2029,7,2029,,IPP Non-CHP,2,N,SUN,,,,,, ,,,,,,,,,,,,
66171,"SGT Hoskins Solar Project, LLC",67341,SGT Hoskins Solar Project Hybrid,TX,Lamar,NOSES,Batteries,BA,,S,X,X,,,102.1,1,102.1,102.1,P,12,2026,12,2027,N,IPP Non-CHP,2,N,MWH,,,,,, ,,,,,,,,,,,,
66171,"SGT Hoskins Solar Project, LLC",67341,SGT Hoskins Solar Project Hybrid,TX,Lamar,NOSPV,Solar Photovoltaic,PV,,S,X,X,,,204.1,1,204.1,204.1,P,12,2026,12,2027,N,IPP Non-CHP,2,N,SUN,,,,,, ,,,,,,,,,,,,
66178,Liberty Renewables Incorporated,67346,Hoffman Falls Wind 2,NY,Madison,Q1335,Onshore Wind Turbine,WT,,S,X,X,,,103.5, ,102.5,102.5,P,6,2026,3,2029,,IPP Non-CHP,2,N,WND,,,,,,23,,,,,,,,,,,,
15399,Avangrid Power LLC,67347,Osagrove Flats Wind,IL,LaSalle,OF1,Onshore Wind Turbine,WT,,S,X,X,,,150, ,150,150,U,10,2026,12,2026,,IPP Non-CHP,2,N,WND,,,,,,34,,,,,,,,,,,,
66180,"CPV Rogue's Wind, LLC",67348,"CPV Rogue's Wind, LLC",PA,Cambria,ROGUE,Onshore Wind Turbine,WT,,S,X,X,,,114,0.95,109.9,109.9,V,4,2026,6,2026,,IPP Non-CHP,2,N,WND,,,,,,19,,,,,,,,,,,,
66181,"CPV County Line Solar, LLC",67352,"CPV County Line Solar, LLC",VA,Charlotte,CPVCL,Solar Photovoltaic,PV,,S,X,X,,,150, ,150,150,P,3,2030,12,2030,,IPP Non-CHP,2,N,SUN,,,,,, ,,,,,,,,,,,,
66185,Erath County Solar LLC,67353,Erath County Solar,TX,Erath,4666,Solar Photovoltaic,PV,,S,X,X,,,204, ,204,204,P,12,2025,12,2028,N,IPP Non-CHP,2,N,SUN,,,,,, ,,,,,,,,,N,N,,
66190,"Waco Solar II, LLC",67354,Waco Solar II,TX,Limestone,5698,Solar Photovoltaic,PV,,S,X,X,,,200, ,200,200,P,12,2027,12,2027,N,IPP Non-CHP,2,N,SUN,,,,,, ,,,,,,,,,N,N,,
66189,"Throckmorton Wind, LLC",67356,Throckmorton Wind,TX,Haskell,6794,Onshore Wind Turbine,WT,,S,X,X,,,225, ,225,225,U,12,2025,12,2026,,IPP Non-CHP,2,N,WND,,,,,,80,,,,,,,,,N,N,,
66188,"Vaca Del Sol, LLC",67357,Tiger Solar,TX,Jones,4666,Solar Photovoltaic,PV,,S,X,X,,,250, ,250,250,U,12,2026,12,2026,N,IPP Non-CHP,2,N,SUN,,,,,, ,,,,,,,,,N,N,,
66187,"Lake Whitney Solar, LLC",67358,Lake Whitney Solar,TX,Bosque,4670,Solar Photovoltaic,PV,,S,X,X,,,150, ,150,150,P,12,2027,12,2027,N,IPP Non-CHP,2,N,SUN,,,,,, ,,,,,,,,,N,N,,
66186,"Funston Solar, LLC",67359,Funston Solar,TX,Jones,4666,Solar Photovoltaic,PV,,S,X,X,,,350, ,350,350,U,12,2025,12,2026,N,IPP Non-CHP,2,N,SUN,,,,,, ,,,,,,,,,N,N,,
66191,"Mineral Basin Solar Power, LLC",67378,Mineral Basin Solar Power,PA,Clearfield,MB,Solar Photovoltaic,PV,,S,X,X,,,401.6, ,401.6,401.6,P,10,2027,12,2028,N,IPP Non-CHP,2,N,SUN,,,,,, ,,,,,,,,,,,,
49893,Invenergy Services LLC,67379,Whitetail Wind Farm,WI,Grant,1,Onshore Wind Turbine,WT,,S,X,X,,,67.2, ,67.2,67.2,T,12,2025,12,2027,,IPP Non-CHP,2,N,WND,,,,,, ,,,,,,,,,,,,
64904,AES Clean Energy,67413,Geer Road Solar 3 CSG,NY,Washington,GEER3,Solar Photovoltaic,PV,,W,X,X,,,5, ,5,5,V,8,2024,6,2026,,IPP Non-CHP,2,N,SUN,,,,,, ,,,,,,,,,,,,
66027,Orsted Wind Power North America LLC,67435,Sunrise Wind,NY,Suffolk,SRWND,Offshore Wind Turbine,WS,,S,X,X,,,924, ,924,924,U,12,2026,10,2027,,IPP Non-CHP,2,N,WND,,,,,,84,,,,,,,,,,,,
66211,"Cherrywood Solar, LLC",67444,Cherrywood Solar I,MD,Caroline,6794,Solar Photovoltaic,PV,,S,X,X,,,145, ,145,145,U,12,2025,6,2026,N,IPP Non-CHP,2,N,SUN,,,,,, ,,,,,,,,,N,N,,
11135,City of Logan - (UT),67445,Logan City 2,UT,Cache,1,Natural Gas Fired Combustion Turbine,GT,,S,X,X,,,2.5,1,2.5,2.5,U,10,2024,4,2026,,Electric Utility,1,N,NG,,,,,, ,,,,,,,,,N,N,,
11135,City of Logan - (UT),67445,Logan City 2,UT,Cache,2,Natural Gas Fired Combustion Turbine,GT,,S,X,X,,,2.5,1,2.5,2.5,U,10,2024,4,2026,,Electric Utility,1,N,NG,,,,,, ,,,,,,,,,,N,,
11135,City of Logan - (UT),67445,Logan City 2,UT,Cache,3,Natural Gas Fired Combustion Turbine,GT,,S,X,X,,,2.5,1,2.5,2.5,U,11,2024,4,2026,,Electric Utility,1,N,NG,,,,,, ,,,,,,,,,,N,,
11135,City of Logan - (UT),67445,Logan City 2,UT,Cache,4,Natural Gas Fired Combustion Turbine,GT,,S,X,X,,,2.5,1,2.5,2.5,U,11,2024,4,2026,,Electric Utility,1,N,NG,,,,,, ,,,,,,,,,,N,,
6763,Freestone Power Generation LLC,67500,"Pin Oak Creek Energy Center, LLC",TX,Freestone,GT5,Natural Gas Fired Combustion Turbine,GT,,J,X,X,PPEC,PPEC,222,0.85,212,230,V,6,2026,4,2026,N,IPP Non-CHP,2,Y,NG,,,,,, ,,,,,,,,,N,N,,
6763,Freestone Power Generation LLC,67500,"Pin Oak Creek Energy Center, LLC",TX,Freestone,GT6,Natural Gas Fired Combustion Turbine,GT,,J,X,X,PPEC,PPEC,222,0.85,212,230,V,6,2026,4,2026,N,IPP Non-CHP,2,Y,NG,,,,,, ,,,,,,,,,,N,,
66232,"Green River Energy Center, LLC",67501,Green River Energy Center - Hybrid,UT,Emery,GRBS,Batteries,BA,,S,X,X,,,400,0.95,400,400,V,5,2026,6,2026,N,IPP Non-CHP,2,N,MWH,,,,,, ,,,,,,,,,,,,
66232,"Green River Energy Center, LLC",67501,Green River Energy Center - Hybrid,UT,Emery,GRPV,Solar Photovoltaic,PV,,S,X,X,,,400,0.95,400,400,V,5,2026,6,2026,N,IPP Non-CHP,2,N,SUN,,,,,, ,,,,,,,,,,,,
61950,Terra-Gen Operating Co-Solar,67510,"Lockhart Solar PV IV, LLC",CA,San Bernardino,LOC4,Solar Photovoltaic,PV,,S,X,X,,,80, ,80,80,U,12,2026,7,2026,,IPP Non-CHP,2,N,SUN,,,,,, ,,,,,,,,,,,,
66234,Nexus Renewables U.S. Inc.,67535,Bell Creek BESS LLC,TX,Brazoria,ASHU1,Batteries,BA,,S,X,X,,,200.9,0.95,200.9,200.9,P,12,2025,11,2028,N,IPP Non-CHP,2,N,MWH,,,,,, ,,,,,,,,,N,N,N,N
9417,Interstate Power and Light Co,67538,Wever Solar (150MW),IA,Lee,BESS1,Batteries,BA,,S,X,X,,,99, ,99,99,TS,12,2025,2,2026,,Electric Utility,1,N,MWH,,,,,, ,,,,,,,,,,N,,
66252,"Greenalia Wind Power Blue Hills, LLC",67542,Blue Hills Wind Project,TX,Val Verde,BHWP,Onshore Wind Turbine,WT,,S,X,X,AMISTAD_ALL,AMISTAD_ALL,276,0.95,276,276,L,1,2024,12,2029,,IPP Non-CHP,2,N,WND,,,,,,46,,,,,,,,,,,,
67976,"HE-Cottonwood Solar, LLC",67543,Donegal Solar Project,TX,Dickens,DOGSP,Solar Photovoltaic,PV,,S,X,X,WAKEWE_ALL,WAKEWE_ALL,204.2,0.95,204.2,204.2,T,1,2024,10,2028,N,IPP Non-CHP,2,N,SUN,,,,,, ,,,,,,,,,,,,
66254,"Greenalia Solar Power Leitrim, LLC",67544,Leitrim Solar Park,TX,Hill,LEGSP,Solar Photovoltaic,PV,,S,X,X,WND_WHITNEY,WND_WHITNEY,91.2,0.95,91.2,91.2,T,4,2025,10,2030,,IPP Non-CHP,2,N,SUN,,,,,, ,,,,,,,,,,,,
66259,Vista Sands Solar LLC,67551,Vista Sands Solar,WI,Portage,VISTA,Solar Photovoltaic,PV,,S,X,X,,,"1,182.00", ,"1,182.00","1,182.00",L,12,2028,12,2028,,IPP Non-CHP,2,N,SUN,,,,,,0,,,,,,,,,,,,
65654,Birch Creek Development,67552,Elm Flats Solar,TX,Navarro,ELMBA,Batteries,BA,,S,X,X,,,50, ,50,50,P,6,2026,9,2026,,IPP Non-CHP,2,N,MWH,,,,,, ,,,,,,,,,,,,
65654,Birch Creek Development,67552,Elm Flats Solar,TX,Navarro,ELMFL,Solar Photovoltaic,PV,,S,X,X,,,125, ,125,125,P,6,2026,9,2026,,IPP Non-CHP,2,N,SUN,,,,,, ,,,,,,,,,,,,
66255,"RIC Development, LLC",67555,Zephyr Storage,TX,Brown,RIC98,Batteries,BA,,S,X,X,,,185.6, ,185.6,185.6,P,9,2026,3,2028,,IPP Non-CHP,2,N,MWH,,,,,, ,,,,,,,,,,,,
66255,"RIC Development, LLC",67556,Serrano BESS,TX,Maverick,RIC97,Batteries,BA,,S,X,X,,,185.6, ,185.6,185.6,P,4,2028,4,2028,,IPP Non-CHP,2,N,MWH,,,,,, ,,,,,,,,,,,,
66255,"RIC Development, LLC",67558,Blackcat BESS,TX,Matagorda,RIC96,Batteries,BA,,S,X,X,,,200.6, ,200.6,200.6,P,4,2028,4,2028,,IPP Non-CHP,2,N,MWH,,,,,, ,,,,,,,,,,,,
66255,"RIC Development, LLC",67559,Dunlay Solar,TX,Medina,RIC95,Solar Photovoltaic,PV,,S,X,X,,,180.4, ,150.5,150.5,P,5,2027,5,2030,,IPP Non-CHP,2,N,SUN,,,,,, ,,,,,,,,,,,,
66255,"RIC Development, LLC",67560,Edens Solar,TX,Hill,RIC94,Solar Photovoltaic,PV,,S,X,X,,,70, ,70,70,P,12,2026,9,2028,,IPP Non-CHP,2,N,SUN,,,,,, ,,,,,,,,,,,,
66255,"RIC Development, LLC",67561,Callan Solar,TX,McCulloch,RIC93,Solar Photovoltaic,PV,,S,X,X,,,90, ,90,90,P,4,2028,4,2028,,IPP Non-CHP,2,N,SUN,,,,,, ,,,,,,,,,,,,
66255,"RIC Development, LLC",67562,Stonewall Solar,TX,Stonewall,RIC92,Solar Photovoltaic,PV,,S,X,X,,,60.2, ,60.2,60.2,P,4,2026,4,2028,,IPP Non-CHP,2,N,SUN,,,,,, ,,,,,,,,,,,,
66258,"Greenalia Solar Power Ratcliff, LLC",67563,Ratcliff Solar Park,TX,Freestone,RAGSP,Solar Photovoltaic,PV,,S,X,X,FREC_CC1,FREC_CC1,78.8,0.95,78.8,78.8,T,4,2025,8,2029,N,IPP Non-CHP,2,N,SUN,,,,,, ,,,,,,,,,,,,
66260,"Greenalia Solar Power Reis, LLC",67564,Reis Solar Park,TX,Atascosa,REGSP,Solar Photovoltaic,PV,,S,X,X,SAN_SANMIGG1,SAN_SANMIGG1,105.5,0.95,105.5,105.5,T,4,2025,5,2029,,IPP Non-CHP,2,N,SUN,,,,,, ,,,,,,,,,,,,
66266,Form Energy Inc.,67565,East Road Storage Project,CA,Mendocino,CEC01,Batteries,BA,,S,X,X,,,1.5,1,1.5,1.5,T,12,2025,2,2027,,IPP Non-CHP,2,N,MWH,,,,,, ,,,,,,,,,,N,,N
66261,"Greenalia Solar Power Roscommon, LLC",67566,Roscommon Solar Park,TX,Lamar,ROGSP,Solar Photovoltaic,PV,,S,X,X,CBECII_CC3,CBECII_CC3,82.8,0.95,82.8,82.8,T,4,2025,10,2029,,IPP Non-CHP,2,N,SUN,,,,,, ,,,,,,,,,,,,
66262,"Greenalia Solar Power Wensowitch, LLC",67567,Wensowitch Solar Park,TX,Navarro,WEGSP,Solar Photovoltaic,PV,,S,X,X,TRSES_UNIT6,TRSES_UNIT6,145.6,0.95,145.6,145.6,T,4,2025,11,2028,N,IPP Non-CHP,2,N,SUN,,,,,, ,,,,,,,,,,,,
66263,"Greenalia Solar Power Wittig, LLC",67568,Wittig Solar Park,TX,Wharton,WIGSP,Solar Photovoltaic,PV,,S,X,X,SAN_SANMIGG1,SAN_SANMIGG1,96,0.95,96,96,T,4,2025,12,2029,N,IPP Non-CHP,2,N,SUN,,,,,, ,,,,,,,,,,,,
66272,"Cedar Hill ESS Assets, LLC",67570,Cedar Hill ESS,TX,Dallas,3004,Batteries,BA,,S,X,X,,,10, ,10,10,L,6,2026,6,2030,N,IPP Non-CHP,2,N,MWH,,,,,, ,,,,,,,,,N,N,,N
64545,Vesper Energy Development LLC,67575,TX Nazareth Solar,TX,Swisher,NZRTH,Solar Photovoltaic,PV,,S,X,X,OZARK/345KV,OZARK/345KV,201,0.95,201,201,T,6,2025,8,2027,N,IPP Non-CHP,2,N,SUN,,,,,, ,,,,,,,,,,,,
19436,Union Electric Co - (MO),67576,Castle Bluff Energy Center,MO,St Louis,1,Natural Gas Fired Combustion Turbine,GT,,S,X,X,,,216,0.85,175,181,P,10,2027,10,2027,,Electric Utility,1,N,NG,DFO,,,,, ,,,,,,,,,,Y,Y,Y
19436,Union Electric Co - (MO),67576,Castle Bluff Energy Center,MO,St Louis,2,Natural Gas Fired Combustion Turbine,GT,,S,X,X,,,216,0.85,175,181,P,10,2027,10,2027,,Electric Utility,1,N,NG,DFO,,,,, ,,,,,,,,,,Y,Y,Y
19436,Union Electric Co - (MO),67576,Castle Bluff Energy Center,MO,St Louis,3,Natural Gas Fired Combustion Turbine,GT,,S,X,X,,,216,0.85,175,181,P,10,2027,10,2027,,Electric Utility,1,N,NG,DFO,,,,, ,,,,,,,,,N,Y,Y,Y
65144,"Samsung C&T Renewables, LLC",67581,Cairos Solar and Storage,TX,Kinney,CIRSA,Solar Photovoltaic,PV,,S,X,X,,,153.3, ,153.3,153.3,P,3,2026,6,2027,,IPP Non-CHP,2,N,SUN,,,,,, ,,,,,,,,,,,,
65144,"Samsung C&T Renewables, LLC",67581,Cairos Solar and Storage,TX,Kinney,CIRSB,Batteries,BA,,S,X,X,,,77.3, ,77.3,77.3,P,3,2026,6,2027,,IPP Non-CHP,2,N,MWH,,,,,, ,,,,,,,,,,,,
66300,NY CDG Genesee 1 LLC,67609,NY ELBA 7195 OAK ORCHARD RD - Genesee 1,NY,Genesee,21599,Solar Photovoltaic,PV,,S,X,X,,,5,1,5,5,U,11,2024,12,2026,,IPP Non-CHP,2,N,SUN,,,,,, ,,,,,,,,,,,,
67549,38DN Asset Management LLC ,67637,Gillard,IL,Grundy,GILLD,Solar Photovoltaic,PV,,S,X,X,,,5, ,5,5,L,3,2025,9,2026,,IPP Non-CHP,2,N,SUN,,,,,, ,,,,,,,,,,,,
65677,Dimension Energy LLC,67639,Leatherleaf,NY,Genesee,LLEAF,Solar Photovoltaic,PV,,S,X,X,,,5, ,5,5,L,7,2025,2,2027,N,IPP Non-CHP,2,N,SUN,,,,,, ,,,,,,,,,,,,
67549,38DN Asset Management LLC ,67643,Solitude,IL,LaSalle,SOLIT,Solar Photovoltaic,PV,,S,X,X,,,5, ,5,5,L,5,2025,11,2026,N,IPP Non-CHP,2,N,SUN,,,,,, ,,,,,,,,,,,,
61060,Cypress Creek Renewables,67645,Varnsen,IL,Winnebago,TWNDA,Solar Photovoltaic,PV,,S,X,X,,,5, ,5,5,L,5,2025,7,2027,,IPP Non-CHP,2,N,SUN,,,,,, ,,,,,,,,,,,,
61060,Cypress Creek Renewables,67647,Kinglet,VA,Stafford,KINGL,Solar Photovoltaic,PV,,S,X,X,,,5, ,5,5,L,3,2025,12,2027,N,IPP Non-CHP,2,N,SUN,,,,,, ,,,,,,,,,,,,
61060,Cypress Creek Renewables,67649,Amerada,TX,Freestone,AMERA,Solar Photovoltaic,PV,,S,X,X,,,300, ,300,300,L,10,2026,7,2029,,IPP Non-CHP,2,N,SUN,,,,,, ,,,,,,,,,,,,
61060,Cypress Creek Renewables,67650,Bear Ridge,NY,Niagara,BEARR,Solar Photovoltaic,PV,,S,X,X,,,93, ,93,93,L,7,2025,5,2028,,IPP Non-CHP,2,N,SUN,,,,,, ,,,,,,,,,,,,
61060,Cypress Creek Renewables,67652,Bhalu,TX,Howard,BHALU,Batteries,BA,,S,X,X,,,200, ,200,200,L,12,2027,12,2027,,IPP Non-CHP,2,N,MWH,,,,,, ,,,,,,,,,,,,
61060,Cypress Creek Renewables,67653,Carriger,WA,Klickitat,CARRI,Solar Photovoltaic,PV,,S,X,X,,,160, ,160,160,L,3,2027,11,2028,,IPP Non-CHP,2,N,SUN,,,,,, ,,,,,,,,,,,,
61060,Cypress Creek Renewables,67654,Destiny Storage,TX,Harris,DESTS,Batteries,BA,,S,X,X,,,200,0.95,200,200,U,1,2026,7,2026,N,IPP Non-CHP,2,N,MWH,,,,,, ,,,,,,,,,,,,
61060,Cypress Creek Renewables,67655,Elk Run,CO,Las Animas,ELKRN,Solar Photovoltaic,PV,,S,X,X,,,200, ,200,200,L,3,2027,6,2029,N,IPP Non-CHP,2,N,SUN,,,,,, ,,,,,,,,,,,,
61060,Cypress Creek Renewables,67657,Hanson,TX,Coleman,HANSO,Solar Photovoltaic,PV,,S,X,X,,,396, ,396,396,L,9,2026,7,2027,,IPP Non-CHP,2,N,SUN,,,,,, ,,,,,,,,,,,,
61060,Cypress Creek Renewables,67661,Oxbow Hill,NY,Niagara,OXHIL,Solar Photovoltaic,PV,,S,X,X,,,140, ,140,140,L,3,2027,5,2029,,IPP Non-CHP,2,N,SUN,,,,,, ,,,,,,,,,,,,
61060,Cypress Creek Renewables,67663,Scotch Grove Solar,NC,Scotland,SGROV,Solar Photovoltaic,PV,,S,X,X,,,80, ,80,80,L,9,2027,9,2027,,IPP Non-CHP,2,N,SUN,,,,,, ,,,,,,,,,,,,
61060,Cypress Creek Renewables,67664,Soleil,TX,Clay,SOLEI,Solar Photovoltaic,PV,,S,X,X,,,450, ,450,450,L,2,2025,12,2028,,IPP Non-CHP,2,N,SUN,,,,,, ,,,,,,,,,,,,
61060,Cypress Creek Renewables,67665,South Davidson,NC,Davidson,SDAVI,Solar Photovoltaic,PV,,S,X,X,,,80, ,80,80,L,10,2026,10,2027,,IPP Non-CHP,2,N,SUN,,,,,, ,,,,,,,,,,,,
61060,Cypress Creek Renewables,67666,Sundance (CO),CO,Elbert,SUNBA,Batteries,BA,,S,X,X,,,50, ,50,50,U,2,2026,9,2026,,IPP Non-CHP,2,N,MWH,,,,,, ,,,,,,,,,,,,
61060,Cypress Creek Renewables,67666,Sundance (CO),CO,Elbert,SUNDN,Solar Photovoltaic,PV,,S,X,X,,,74.9, ,74.9,74.9,L,2,2026,9,2026,,IPP Non-CHP,2,N,SUN,,,,,, ,,,,,,,,,,,,
61060,Cypress Creek Renewables,67667,"Third Coast BESS, LLC",TX,Jackson,3COAS,Batteries,BA,,S,X,X,,,100,0.95,100,100,T,12,2025,11,2027,,IPP Non-CHP,2,N,MWH,,,,,, ,,,,,,,,,,,,
17470,PUD No 1 of Snohomish County - (WA),67669,Arlington Battery Energy Storage System,WA,Snohomish,ABESS,Batteries,BA,,W,X,X,,,25,1,25,25,U,11,2025,9,2026,N,Electric Utility,1,N,MWH,,,,,, ,,,,,,,,,,,,
65815,Sunraycer Assets I LLC,67674,Lupinus Storage 3,TX,Franklin,LUPE3,Batteries,BA,,S,X,X,,,50.9,0.9,50.9,50.9,P,6,2026,6,2027,,IPP Non-CHP,2,N,MWH,,,,,, ,,,,,,,,,,,,
66318,"Zeta Solar, LLC",67676,Zeta Solar & Storage,CA,Merced,GEN01,Solar Photovoltaic,PV,,S,X,X,,,75,0.95,75,75,U,6,2027,6,2027,N,IPP Non-CHP,2,,SUN,,,,,, ,,,,,,,,,,,,
66318,"Zeta Solar, LLC",67676,Zeta Solar & Storage,CA,Merced,GEN02,Batteries,BA,,S,X,X,,,75,0.95,75,75,U,6,2027,6,2027,N,IPP Non-CHP,2,N,MWH,,,,,, ,,,,,,,,,N,N,N,
66319,"Heartwood Solar, LLC",67677,Heartwood Solar,MI,Hillsdale,HWS,Solar Photovoltaic,PV,,S,X,X,,,150,0.95,150,150,V,3,2026,4,2026,,IPP Non-CHP,2,N,SUN,,,,,, ,,,,,,,,,,,,
67192,RWE Clean Energy,67701,Ashwood Solar I,KY,Lyon,AS1,Solar Photovoltaic,PV,,S,X,X,,,86, ,86,86,TS,2,2025,5,2026,,IPP Non-CHP,2,,SUN,,,,,, ,,,,,,,,,,,,
66344,Kingstree West 115 LLC,67723,Kingstree West 115,SC,Williamsburg,SOLAR,Solar Photovoltaic,PV,,S,X,X,,,74.9, ,74.9,74.9,U,3,2026,10,2026,N,IPP Non-CHP,2,N,SUN,,,,,, ,,,,,,,,,,,,
14354,PacifiCorp,67741,OIT BESS,OR,Klamath,I,Batteries,BA,,S,X,X,,,2,0.95,2,2,V,8,2024,12,2027,,Electric Utility,1,N,MWH,,,,,, ,,,,,,,,,,,,
66358,Russell Pacific LLC,67749,Pistachio Road 1726-WD,CA,Kern,TWISS,Solar Photovoltaic,PV,,S,X,X,,,4.8,1,4.8,4.8,V,4,2024,9,2026,,IPP Non-CHP,2,N,SUN,,,,,, ,,,,,,,,,,,,
5109,DTE Electric Company,67754,Fish Creek Solar Park,MI,Montcalm,FSCSP,Solar Photovoltaic,PV,,S,X,X,,,146.2, ,146.2,146.2,V,5,2026,5,2026,,Electric Utility,1,N,SUN,,,,,, ,,,,,,,,,,,,
5109,DTE Electric Company,67755,Little Trout Solar,MI,Presque Isle,LTRSP,Solar Photovoltaic,PV,,S,X,X,,,150, ,150,150,V,1,2026,12,2026,,Electric Utility,1,N,SUN,,,,,, ,,,,,,,,,,,,
5109,DTE Electric Company,67756,Mission Road Solar Park,MI,Isabella,MSRSP,Solar Photovoltaic,PV,,S,X,X,,,172, ,172,172,TS,11,2025,4,2026,,Electric Utility,1,N,SUN,,,,,, ,,,,,,,,,,,,
5109,DTE Electric Company,67759,Trenton Channel Energy Center,MI,Wayne,TCHEC,Batteries,BA,,S,X,X,,,220,0.95,220,220,U,3,2026,12,2026,,Electric Utility,1,N,MWH,,,,,, ,,,,,,,,,,,,
66363,Bypass BESS LLC,67761,Bypass BESS,TX,Fort Bend,1,Batteries,BA,,S,X,X,,,200,0.95,200,200,V,12,2025,2,2026,N,IPP Non-CHP,2,N,MWH,,,,,, ,,,,,,,,,,,,
66366,"Compadre Solar, LLC",67765,Compadre Solar,TX,Cooke,5191,Solar Photovoltaic,PV,,S,X,X,,,150, ,150,150,TS,12,2025,1,2026,N,IPP Non-CHP,2,N,SUN,,,,,, ,,,,,,,,,,,,
66369,Mission Clean Energy Devco LLC,67767,Bramble Energy Center,TX,Zavala,BECBA,Batteries,BA,,S,X,X,W_Batesv_V_A,W_Batesv_V_A,225.1,0.95,225.1,225.1,P,10,2026,4,2029,,IPP Non-CHP,2,N,MWH,,,,,, ,,,,,,,,,,,,
66369,Mission Clean Energy Devco LLC,67768,Cumbia Energy Center,TX,Nueces,CECBA,Batteries,BA,,S,X,X,Westside_V_B,Westside_V_B,200,0.95,200,200,P,12,2026,9,2027,,IPP Non-CHP,2,N,MWH,,,,,, ,,,,,,,,,,,,
66367,"Pittsburg RV & Boat Storage, LLC",67770,Pittsburg RV Solar,CA,Contra Costa,30200,Solar Photovoltaic,PV,,S,X,X,,,2.8,1,2.9,2.9,TS,10,2024,12,2026,,Commercial Non-CHP,4,N,SUN,,,,,, ,,,,,,,,,,,,
66370,Gransolar Texas Nine LLC,67772,Braswell Solar,TX,McLennan,GRS9,Solar Photovoltaic,PV,,S,X,X,,,44.2, ,42.6,42.6,L,9,2025,3,2028,,IPP Non-CHP,2,N,SUN,,,,,, ,,,,,,,,,,,,
66371,Gransolar Texas Twenty LLC,67773,Cosper Solar,TX,Bell,GRS20,Solar Photovoltaic,PV,,S,X,X,,,148.2, ,148,148,L,9,2024,11,2027,,IPP Non-CHP,2,N,SUN,,,,,, ,,,,,,,,,,,,
65986,"Gransolar Texas Three, LLC",67774,Pecan BESS,TX,Leon,GRS3,Batteries,BA,,S,X,X,,,157.1, ,157.1,157.1,L,7,2027,12,2028,,IPP Non-CHP,2,N,MWH,,,,,, ,,,,,,,,,,,,
66373,Gransolar Texas Two LLC,67776,Cuchillas PV and BESS,TX,Webb,GRS2B,Batteries,BA,,S,X,X,,,306.9, ,306.9,306.9,L,12,2028,12,2028,,IPP Non-CHP,2,N,MWH,,,,,, ,,,,,,,,,,,,
66373,Gransolar Texas Two LLC,67776,Cuchillas PV and BESS,TX,Webb,GRS2P,Solar Photovoltaic,PV,,S,X,X,,,305.6, ,305.6,305.6,L,5,2026,12,2028,,IPP Non-CHP,2,N,SUN,,,,,, ,,,,,,,,,,,,
66374,Gransolar Texas Four LLC,67777,Harryoung PV and BESS,TX,Cameron,GRS4B,Batteries,BA,,S,X,X,,,190, ,190,190,L,5,2027,5,2028,,IPP Non-CHP,2,N,MWH,,,,,, ,,,,,,,,,,,,
66374,Gransolar Texas Four LLC,67777,Harryoung PV and BESS,TX,Cameron,GRS4P,Solar Photovoltaic,PV,,S,X,X,,,190, ,190,190,L,5,2027,5,2028,,IPP Non-CHP,2,N,SUN,,,,,, ,,,,,,,,,,,,
66375,"Gransolar Texas Sixteen, LLC",67778,Findley PV and BESS,TX,Limestone,GR16B,Batteries,BA,,S,X,X,,,50.3, ,50.3,50.3,L,1,2028,1,2028,,IPP Non-CHP,2,N,MWH,,,,,, ,,,,,,,,,,,,
66375,"Gransolar Texas Sixteen, LLC",67778,Findley PV and BESS,TX,Limestone,GR16P,Solar Photovoltaic,PV,,S,X,X,,,50.3, ,50.3,50.3,L,1,2028,1,2028,,IPP Non-CHP,2,N,SUN,,,,,, ,,,,,,,,,,,,
66376,Gransolar Texas Five LLC,67779,Hayrick BESS,TX,Coke,GRS5,Batteries,BA,,S,X,X,,,113.9, ,113.9,113.9,L,2,2027,3,2028,,IPP Non-CHP,2,N,MWH,,,,,, ,,,,,,,,,,,,
66378,Gransolar Texas Seven LLC,67781,Lampe Solar,TX,Washington,GRS7,Solar Photovoltaic,PV,,S,X,X,,,60.2, ,60.2,60.2,L,9,2025,12,2027,,IPP Non-CHP,2,N,SUN,,,,,, ,,,,,,,,,,,,
66380,Gransolar Texas Twenty Two LLC,67782,RedSun PV and BESS,TX,Burnet,GS22B,Batteries,BA,,S,X,X,,,84, ,84,84,L,6,2027,7,2028,,IPP Non-CHP,2,N,MWH,,,,,, ,,,,,,,,,,,,
66380,Gransolar Texas Twenty Two LLC,67782,RedSun PV and BESS,TX,Burnet,GS22P,Solar Photovoltaic,PV,,S,X,X,,,84, ,84,84,L,6,2027,7,2028,,IPP Non-CHP,2,N,SUN,,,,,, ,,,,,,,,,,,,
66381,Gransolar Texas Twelve LLC,67783,Ventures BESS,TX,Matagorda,GRS12,Batteries,BA,,S,X,X,,,226.8, ,226.8,226.8,L,9,2025,9,2028,,IPP Non-CHP,2,N,MWH,,,,,, ,,,,,,,,,,,,
66382,Gransolar Texas Eleven LLC,67784,Vial BESS,TX,Hill,GRS11,Batteries,BA,,S,X,X,,,141.4, ,141.4,141.4,L,7,2026,9,2027,,IPP Non-CHP,2,N,MWH,,,,,, ,,,,,,,,,,,,
66383,Gransolar Texas Nineteen LLC,67785,Whistle Solar,TX,Navarro,GRS19,Solar Photovoltaic,PV,,S,X,X,,,56.3, ,56.3,56.3,L,5,2026,5,2028,,IPP Non-CHP,2,N,SUN,,,,,, ,,,,,,,,,,,,
66385,Gransolar Texas Ten LLC,67788,Payne Battlecreek Solar,TX,Hill,GRS10,Solar Photovoltaic,PV,,S,X,X,,,85, ,85,85,L,5,2026,8,2027,,IPP Non-CHP,2,N,SUN,,,,,, ,,,,,,,,,,,,
66387,"Babacomari Solar, LLC",67797,Babacomari Solar,AZ,Cochise,BS,Solar Photovoltaic,PV,,S,X,X,,,160, ,160,160,TS,8,2025,3,2026,N,IPP Non-CHP,2,N,SUN,,,,,, ,,,,,,,,,,,,
66384,"GRS BESS Texas Seven, LLC",67798,Steelhead Energy Storage,TX,Fannin,GRS7,Batteries,BA,,S,X,X,,,193.7, ,190.1,190.1,L,7,2027,9,2027,,IPP Non-CHP,2,N,MWH,,,,,, ,,,,,,,,,,,,
65265,Repsol Renewables NA,67819,Robinson Solar,NV,White Pine,CRSB1,Batteries,BA,,S,X,X,,,300,0.95,300,300,P,1,2029,12,2029,N,IPP Non-CHP,2,N,MWH,,,,,, ,,,,,,,,,,N,,
65265,Repsol Renewables NA,67819,Robinson Solar,NV,White Pine,CRSS1,Solar Photovoltaic,PV,,S,X,X,,,300,0.95,300,300,P,1,2029,12,2029,N,IPP Non-CHP,2,N,SUN,,,,,, ,,,,,,,,,,N,,
60232,Clenera LLC,67823,Roadrunner Solar and BESS,AZ,Cochise,RRBES,Batteries,BA,,S,X,X,,,235, ,235,235,V,6,2025,1,2026,,IPP Non-CHP,2,N,MWH,,,,,, ,,,,,,,,,,,,
66412,"Emeren US, LLC",67836,Gibson Solar Project - Hybrid,CA,Yolo,GSP1,Solar Photovoltaic,PV,,W,X,X,MADISON_1_N001,,13, ,13,13,T,6,2024,12,2027,,IPP Non-CHP,2,N,SUN,,,,,, ,,,,,,,,,,,,
66412,"Emeren US, LLC",67836,Gibson Solar Project - Hybrid,CA,Yolo,GSP2,Batteries,BA,,W,X,X,MADISON_1_N001,,13, ,13,13,T,6,2024,12,2027,,IPP Non-CHP,2,N,MWH,,,,,, ,,,,,,,,,,,,
66413,Ray Ranch Solar LLC,67837,Ray Ranch Solar,TX,Goliad,RAYRS,Solar Photovoltaic,PV,,S,X,X,,,255.2, ,255.2,255.2,TS,10,2024,9,2026,N,IPP Non-CHP,2,N,SUN,,,,,, ,,,,,,,,,,,,
63289,Key Capture Energy,67838,"KCE NY 30, LLC",NY,Suffolk,NY30,Batteries,BA,,S,X,X,,,50,0.95,50,50,P,5,2027,12,2030,N,IPP Non-CHP,2,N,MWH,,,,,, ,,,,,,,,N,,N,N,
63289,Key Capture Energy,67839,"KCE NY 31, LLC",NY,Suffolk,NY31,Batteries,BA,,S,X,X,,,50,0.95,50,50,P,5,2027,5,2031,N,IPP Non-CHP,2,N,MWH,,,,,, ,,,,,,,,N,,N,N,N
66417,SBESS TX6 LLC,67844,Hidden Lakes,TX,Galveston,HIDD,Batteries,BA,,W,X,X,,,9.9, ,9.9,9.9,V,3,2025,3,2026,,IPP Non-CHP,2,N,MWH,,,,,, ,,,,,,,,,,,,
66427,McDowell Creek Solar LLC,67857,McDowell Creek Solar LLC,NC,Mecklenburg,MCDOW,Solar Photovoltaic,PV,,W,X,X,,,2, ,2,2,U,9,2025,10,2026,N,IPP Non-CHP,2,N,SUN,,,,,, ,,,,,,,,,,,,
66426,Dill Holdings LLC,67858,Dill Holdings LLC,NC,Iredell,DILL1,Solar Photovoltaic,PV,,W,X,X,,,10, ,10,10,U,9,2025,6,2027,,IPP Non-CHP,2,N,SUN,,,,,, ,,,,,,,,,,,,
66430,Kingstree East 230 LLC,67862,Kingstree East 230 Solar Project,SC,Georgetown,SOLAR,Solar Photovoltaic,PV,,S,X,X,,,249, ,249,249,T,4,2029,12,2029,,IPP Non-CHP,2,N,SUN,,,,,, ,,,,,,,,,,,,
66431,Liberty 1 Solar LLC,67867,Liberty Hybrid Solar and Storage Project,TX,Harris,LIB2,Batteries,BA,,S,X,X,,,65,0.91,65,65,TS,3,2025,3,2026,,IPP Non-CHP,2,N,MWH,,,,,, ,,,,,,,,,,,,
66446,"Clermont Solar, LLC",67870,Clermont Solar,PA,McKean,ENX34,Solar Photovoltaic,PV,,S,X,X,PENELEC,,120,0.95,120,120,L,12,2025,9,2026,N,IPP Non-CHP,2,N,SUN,,,,,, ,,,,,,,,,,,,
66447,Gladys Solar LLC,67871,Gladys Solar LLC,VA,Campbell,ENX29,Solar Photovoltaic,PV,,S,X,X,DOM,,60.4,0.95,60.4,60.4,P,7,2026,10,2027,N,IPP Non-CHP,2,N,SUN,,,,,, ,,,,,,,,,,,,
66448,Parks Valley Energy LLC,67874,Parks Valley Energy LLC,WV,Hampshire,ENX32,Batteries,BA,,S,X,X,APS,,150, ,150,150,P,12,2027,12,2027,,IPP Non-CHP,2,N,MWH,,,,,, ,,,,,,,,,,,,
66449,"Potter Solar, LLC",67876,Potter Solar,PA,Potter,ENX35,Solar Photovoltaic,PV,,S,X,X,APS,,35, ,35,35,T,11,2025,7,2026,N,IPP Non-CHP,2,N,SUN,,,,,, ,,,,,,,,,,,,
20323,"Wellhead Services, Inc",67878,Chula Vista Energy Center 2,CA,San Diego,BESS1,Batteries,BA,,S,X,X,,SP15,50, ,50,50,U,6,2025,6,2026,,IPP Non-CHP,2,N,MWH,,,,,, ,,,,,,,,,,N,,
66451,"Stony Creek Solar, LLC",67879,Stony Creek Solar,PA,Somerset,ENX26,Solar Photovoltaic,PV,,S,X,X,PENELEC,,15, ,15,15,T,7,2025,10,2028,N,IPP Non-CHP,2,N,SUN,,,,,, ,,,,,,,,,,,,
66461,Two Oaks Solar and Storage,67884,Two Oaks Solar and Storage LLC,VA,Louisa,ENX27,Solar Photovoltaic,PV,,S,X,X,DOM,,118, ,118,118,P,7,2026,11,2029,,IPP Non-CHP,2,N,SUN,,,,,, ,,,,,,,,,,,,
66461,Two Oaks Solar and Storage,67884,Two Oaks Solar and Storage LLC,VA,Louisa,ENX28,Batteries,BA,,S,X,X,DOM,,50, ,50,50,P,11,2027,11,2027,,IPP Non-CHP,2,N,MWH,,,,,, ,,,,,,,,,,,,
66445,"NineDot Holdings, LLC",67885,"Nelson Clean Energy, LLC",NY,Richmond,ND005,Batteries,BA,,S,X,X,,,3, ,3,3,V,8,2023,4,2026,N,IPP Non-CHP,2,N,MWH,,,,,, ,,,,,,,,,,,,
66445,"NineDot Holdings, LLC",67885,"Nelson Clean Energy, LLC",NY,Richmond,ND006,Batteries,BA,,S,X,X,,,5, ,5,5,V,1,2024,4,2026,N,IPP Non-CHP,2,N,MWH,,,,,, ,,,,,,,,,,,,
66463,"51LV 8me, LLC",67894,Bellefield 3 Solar and Battery Storage,CA,Kern,51LVA,Solar Photovoltaic,PV,,S,X,X,,,150, ,150,150,P,5,2027,5,2030,N,IPP Non-CHP,2,N,SUN,,,,,, ,,,,,,,,,,N,,
66463,"51LV 8me, LLC",67894,Bellefield 3 Solar and Battery Storage,CA,Kern,51LVB,Batteries,BA,,S,X,X,,,150, ,150,150,P,5,2027,5,2030,N,IPP Non-CHP,2,N,MWH,,,,,, ,,,,,,,,,,,,
66465,"229HD 8me, LLC",67896,Holstein 2 Battery Storage,TX,Nolan,229HD,Batteries,BA,,S,X,X,,,100, ,100,100,P,5,2026,5,2029,N,IPP Non-CHP,2,N,MWH,,,,,, ,,,,,,,,,N,N,,
12685,Entergy Mississippi LLC,67914,Delta Blues Advanced Power Station,MS,Washington,1A,Natural Gas Fired Combined Cycle,CT,DB01,S,X,N,,,477,0.85,422.2,457.4,L,5,2028,5,2028,,Electric Utility,1,N,NG,H2,,,,, ,,,,,,,,,,Y,N,N
12685,Entergy Mississippi LLC,67914,Delta Blues Advanced Power Station,MS,Washington,1C,Natural Gas Fired Combined Cycle,CA,DB01,S,N,X,,,341.7,0.85,291.5,291.8,L,5,2028,5,2028,,Electric Utility,1,N,NG,H2,,,,, ,,,,,,,,,,Y,N,N
65144,"Samsung C&T Renewables, LLC",67917,"Champaign BESS, LLC",TX,Glasscock,CHMPN,Batteries,BA,,S,X,X,,,202.7,0.95,202.7,202.7,P,9,2026,6,2027,,IPP Non-CHP,2,N,MWH,,,,,, ,,,,,,,,,,,,
65144,"Samsung C&T Renewables, LLC",67918,"Dios BESS, LLC",TX,Jackson,DIOS,Batteries,BA,,S,X,X,,,201.6,0.9,201.6,201.6,P,3,2027,3,2027,,IPP Non-CHP,2,N,MWH,,,,,, ,,,,,,,,,,,,
65144,"Samsung C&T Renewables, LLC",67919,"Dolce BESS, LLC",TX,Mitchell,DOLCE,Batteries,BA,,S,X,X,,,101.4,0.9,101.4,101.4,P,4,2026,4,2028,,IPP Non-CHP,2,N,MWH,,,,,, ,,,,,,,,,,,,
66487,"Goshen Solar, LLC",67936,Goshen Solar,WY,Goshen,GS1,Solar Photovoltaic,PV,,J,X,X,,,163, ,163,163,T,12,2030,12,2030,,IPP Non-CHP,2,N,SUN,,,,,, ,,,,,,,,,,,,
66488,"Flora Solar, LLC",67937,Flora Solar,IL,Clay,FLOSO,Solar Photovoltaic,PV,,S,X,X,,,125, ,125,125,P,9,2026,12,2027,,IPP Non-CHP,2,N,SUN,,,,,, ,,,,,,,,,,,,
64545,Vesper Energy Development LLC,67945,Juniper Creek Storage,CA,Sacramento,JCSIB,Batteries,BA,,S,X,X,CAISO,CAISO,200,1,200,200,T,12,2025,3,2028,N,IPP Non-CHP,2,N,MWH,,,,,, ,,,,,,,,,,,,
65076,"HEN Infrastructure, L.L.C.",67949,Poteet,TX,Atascosa,POTEB,Batteries,BA,,J,X,X,POTEET_BESS,,9.9, ,9.9,9.9,TS,9,2024,1,2026,,IPP Non-CHP,2,N,MWH,,,,,, ,,,,,,,,,,,,
66508,"Moonlight Flats Solar Power, LLC",67950,Moonlight Flats Solar Power 1,PA,Clearfield,MFS1,Solar Photovoltaic,PV,,S,X,X,,,250, ,250,250,P,12,2028,12,2030,,IPP Non-CHP,2,N,SUN,,,,,, ,,,,,,,,,,,,
66511,"Boyles Run Solar I, LLC",67954,BAI-Boyles Run-Phase I,PA,Northumberland,BRPV1,Solar Photovoltaic,PV,,S,X,X,,,15.9, ,15.9,15.9,P,12,2027,9,2028,,IPP Non-CHP,2,N,SUN,,,,,, ,,,,,,,,,N,N,,
66512,"Boyles Run Solar II, LLC",67955,BAI-Boyles Run-Phase 2,PA,Northumberland,BRPV2,Solar Photovoltaic,PV,,S,X,X,,,15.9, ,15.9,15.9,P,12,2027,9,2028,,IPP Non-CHP,2,N,SUN,,,,,, ,,,,,,,,,N,N,,
66509,Red River Clean Energy,67956,Concho Pearl Solar and Storage,TX,Concho,CONBS,Batteries,BA,,S,X,X,,,162.4,0.95,162.4,162.4,T,10,2027,10,2027,,IPP Non-CHP,2,N,MWH,,,,,, ,,,,,,,,,,,,
66509,Red River Clean Energy,67956,Concho Pearl Solar and Storage,TX,Concho,CONPV,Solar Photovoltaic,PV,,S,X,X,,,171.9,0.95,171.9,171.9,T,10,2027,10,2027,,IPP Non-CHP,2,N,SUN,,,,,, ,,,,,,,,,,,,
803,Arizona Public Service Co,67964,Agave,AZ,Maricopa,A400M,Batteries,BA,,S,X,X,,,150, ,150,150,TS,5,2026,9,2026,,Electric Utility,1,N,MWH,,,,,, ,,,,,,,,,,N,,
66521,Hodson Greendefine Jay Desoto LLC,67966,New Jay PV & BESS,IN,Jay,NEWJ1,Solar Photovoltaic,PV,,S,X,X,,,39, ,39,39,P,12,2027,9,2028,,IPP Non-CHP,2,N,SUN,,,,,, ,,,,,,,,,,N,,
66517,"Two Hearted Solar, LLC",67969,Two Hearted Solar,NC,Yadkin,PGR28,Solar Photovoltaic,PV,,S,X,X,,,22,0.95,22,22,TS,12,2024,2,2026,N,IPP Non-CHP,2,N,SUN,,,,,, ,,,,,,,,,,,,
66524,Cattlemen Solar Park II LLC,67976,Cattlemen Solar II,TX,Milam,GEN01,Solar Photovoltaic,PV,,S,X,X,,,200, ,200,200,TS,12,2024,10,2026,N,IPP Non-CHP,2,N,SUN,,,,,, ,,,,,,,,,,,,
66525,"Quaker Creek Farm Solar, LLC",67977,Quaker Creek Farm Solar,NC,Alamance,QUACR,Solar Photovoltaic,PV,,S,X,X,,,34.9,0.95,34.9,34.9,T,12,2026,1,2027,N,IPP Non-CHP,2,N,SUN,,,,,, ,,,,,,,,,,,,
17166,Sierra Pacific Power Co,67978,Sierra Solar Hybrid,NV,Churchill,SSES1,Batteries,BA,,S,X,X,,,400, ,400,400,L,7,2027,3,2026,,Electric Utility,1,N,MWH,,,,,, ,,,,,,,,,,,,
17166,Sierra Pacific Power Co,67978,Sierra Solar Hybrid,NV,Churchill,SSPV1,Solar Photovoltaic,PV,,S,X,X,,,400, ,400,400,L,4,2027,12,2026,,Electric Utility,1,N,SUN,,,,,, ,,,,,,,,,,,,
64545,Vesper Energy Development LLC,67982,Athens Solar I (Hybrid),CA,Placer,ATHS1,Solar Photovoltaic,PV,,S,X,X,,,250, ,250,250,P,6,2028,6,2028,N,IPP Non-CHP,2,N,SUN,,,,,, ,,,,,,,,,,N,,
64545,Vesper Energy Development LLC,67982,Athens Solar I (Hybrid),CA,Placer,ATHSB,Batteries,BA,,S,X,X,,,250, ,250,250,P,6,2028,6,2028,N,IPP Non-CHP,2,N,MWH,,,,,, ,,,,,,,,,,N,,
64545,Vesper Energy Development LLC,67983,Aurora Renewable Energy (Hybrid),CA,Stanislaus,AURRB,Batteries,BA,,S,X,X,,,50, ,50,50,P,4,2028,4,2028,N,IPP Non-CHP,2,N,MWH,,,,,, ,,,,,,,,,,N,,
64545,Vesper Energy Development LLC,67983,Aurora Renewable Energy (Hybrid),CA,Stanislaus,AURRE,Solar Photovoltaic,PV,,S,X,X,,,50, ,50,50,P,4,2028,4,2028,N,IPP Non-CHP,2,N,SUN,,,,,, ,,,,,,,,,,N,,
64545,Vesper Energy Development LLC,67984,Firefly Solar PA,PA,Lawrence,FFLPA,Solar Photovoltaic,PV,,S,X,X,Hoytdale-McClelland 345kV,Hoytdale-McClelland 345kV,401.6, ,401.6,401.6,L,12,2027,12,2027,,IPP Non-CHP,2,N,SUN,,,,,, ,,,,,,,,,,N,,
64545,Vesper Energy Development LLC,67985,Hornet Solar II (TX) (Hybrid),TX,Swisher,HRNT2,Solar Photovoltaic,PV,,S,X,X,OZARK/345KV,OZARK/345KV,200, ,200,200,L,6,2026,3,2028,,IPP Non-CHP,2,N,SUN,,,,,, ,,,,,,,,,,N,,
64545,Vesper Energy Development LLC,67985,Hornet Solar II (TX) (Hybrid),TX,Swisher,HRT2B,Batteries,BA,,S,X,X,,,200, ,200,200,L,6,2026,3,2028,,IPP Non-CHP,2,N,MWH,,,,,, ,,,,,,,,,,N,,
64545,Vesper Energy Development LLC,67986,Meadow Springs Renewable Energy (Hybrid),IL,White,MSPRB,Batteries,BA,,S,X,X,ABB MISO IL,,150, ,150,150,P,12,2026,6,2028,N,IPP Non-CHP,2,N,MWH,,,,,, ,,,,,,,,,,N,,
64545,Vesper Energy Development LLC,67986,Meadow Springs Renewable Energy (Hybrid),IL,White,MSPRE,Solar Photovoltaic,PV,,S,X,X,Norris 345kV substation,,150,0.95,150,150,P,12,2026,6,2028,N,IPP Non-CHP,2,N,SUN,,,,,, ,,,,,,,,,,N,,
64545,Vesper Energy Development LLC,67987,Mystic Springs Renewable Energy (Hybrid),TX,Kaufman,MYSPB,Batteries,BA,,S,X,X,,,250, ,250,250,P,9,2026,3,2028,N,IPP Non-CHP,2,N,MWH,,,,,, ,,,,,,,,,,N,,
64545,Vesper Energy Development LLC,67987,Mystic Springs Renewable Energy (Hybrid),TX,Kaufman,MYSPS,Solar Photovoltaic,PV,,S,X,X,,,250,0.95,250,250,P,9,2026,3,2028,N,IPP Non-CHP,2,N,SUN,,,,,, ,,,,,,,,,,N,,
66530,"Sandersville Solar, LLC",67988,Sandersville Solar,GA,Washington,PGR28,Solar Photovoltaic,PV,,S,X,X,,,50, ,50,50,L,10,2027,10,2027,,IPP Non-CHP,2,N,SUN,,,,,, ,,,,,,,,,,,,
66531,"Drawhorn Solar, LLC",67989,Drawhorn Solar,GA,Hancock,PGR28,Solar Photovoltaic,PV,,S,X,X,,,80, ,80,80,L,11,2027,11,2027,N,IPP Non-CHP,2,N,SUN,,,,,, ,,,,,,,,,,,,
15399,Avangrid Power LLC,67990,Bright Mountain Solar,KY,Perry,BM1,Solar Photovoltaic,PV,,S,X,X,,,80, ,80,80,P,12,2026,12,2027,,IPP Non-CHP,2,N,SUN,,,,,, ,,,,,,,,,,,,
66534,"Cooks Mill PV I, LLC",67991,Cooks Mill PV I,IL,Coles,CKML,Solar Photovoltaic,PV,,S,X,X,,,99,0.95,99,99,V,9,2026,4,2026,,IPP Non-CHP,2,N,SUN,,,,,,0,,,,,,,,,,,,
66536,"Cherry Valley PV I, LLC",67992,Cherry Valley PV I,AR,Cross,CHVLY,Solar Photovoltaic,PV,,S,X,X,,,135,0.95,135,135,V,9,2026,4,2026,,IPP Non-CHP,2,N,SUN,,,,,,0,,,,,,,,,,,,
66538,"Crooked Creek PV I, LLC",67993,Crooked Creek PV I,IL,Marion,CRDCK,Solar Photovoltaic,PV,,S,X,X,,,99,0.95,99,99,U,9,2026,4,2026,,IPP Non-CHP,2,N,SUN,,,,,, ,,,,,,,,,,,,
66542,"Piney Woods Solar, LLC",67995,Piney Woods Solar,TX,Walker,PWS,Solar Photovoltaic,PV,,S,X,X,,,150,0.95,150,150,U,12,2026,2,2027,,IPP Non-CHP,2,N,SUN,,,,,, ,,,,,,,,,,,,
66535,Belgian Renewable Energy Group (BREG),67996,Leuven Solar LLC,TX,Nolan,SEPAS,Solar Photovoltaic,PV,,S,X,X,,,217, ,217,217,P,1,2027,12,2029,N,IPP Non-CHP,2,N,SUN,,,,,,0,,,,,,,,,,,,
66540,"Apex NC Solar, LLC",67997,Apex NC Solar,NC,Cleveland,PGR28,Solar Photovoltaic,PV,,S,X,X,,,28.9, ,28.9,28.9,V,3,2025,3,2026,,IPP Non-CHP,2,N,SUN,,,,,, ,,,,,,,,,,,,
4254,Consumers Energy Co - (MI),67998,Karn Solar Energy Center,MI,Bay,KSEC,Solar Photovoltaic,PV,,S,X,X,,,80, ,80,80,U,12,2026,12,2026,,Electric Utility,1,N,SUN,,,,,, ,,,,,,,,,,,,
4254,Consumers Energy Co - (MI),67999,Spring Creek Agri-Energy Center,MI,Calhoun,SCAEC,Solar Photovoltaic,PV,,S,X,X,,,140, ,140,140,U,12,2026,12,2026,N,Electric Utility,1,N,SUN,,,,,, ,,,,,,,,,,,,
66552,Blue Moon Energy LLC,68000,Blue Moon,KY,Harrison,BLUMN,Solar Photovoltaic,PV,,S,X,X,,,70, ,70,70,U,1,2026,9,2026,,IPP Non-CHP,2,N,SUN,,,,,, ,,,,,,,,,,,,
66543,"Old Hayneville Solar, LLC",68001,"Old Hayneville Solar, LLC",AL,Montgomery,OLHAY,Solar Photovoltaic,PV,,S,X,X,,,80, ,80,80,V,10,2025,8,2026,N,IPP Non-CHP,2,N,SUN,,,,,, ,,,,,,,,,,,,
66544,"Foley Solar, LLC",68002,"Foley Solar, LLC",AL,Baldwin,FOLEY,Solar Photovoltaic,PV,,S,X,X,,,80, ,80,80,TS,10,2025,8,2026,N,IPP Non-CHP,2,N,SUN,,,,,, ,,,,,,,,,,,,
50123,"Leeward Asset Management, LLC",68006,Mayes County Solar,OK,Mayes,MYS,Solar Photovoltaic,PV,,S,X,X,,,101.5, ,101.5,101.5,U,12,2026,8,2026,N,IPP Non-CHP,2,N,SUN,,,,,, ,,,,,,,,,,N,,
50123,"Leeward Asset Management, LLC",68007,Saltbranch Solar 1,OK,Mayes,SLTB1,Solar Photovoltaic,PV,,S,X,X,,,73, ,73,73,U,12,2025,8,2026,N,IPP Non-CHP,2,N,SUN,,,,,, ,,,,,,,,,,N,,
50123,"Leeward Asset Management, LLC",68009,Saltbranch 2,OK,Mayes,SB12,Solar Photovoltaic,PV,,S,X,X,,,73, ,73,73,U,12,2025,8,2026,N,IPP Non-CHP,2,N,SUN,,,,,, ,,,,,,,,,,N,,
50123,"Leeward Asset Management, LLC",68011,Huckleberry Solar,OK,Mayes,HBS,Solar Photovoltaic,PV,,S,X,X,,,124.7, ,124.7,124.7,V,12,2025,5,2026,N,IPP Non-CHP,2,N,SUN,,,,,, ,,,,,,,,,,N,,
64545,Vesper Energy Development LLC,68014,Bradford Solar PA,PA,Bradford,BRDFS,Solar Photovoltaic,PV,,S,X,X,,,100.5, ,100.5,100.5,L,12,2026,12,2027,N,IPP Non-CHP,2,N,SUN,,,,,, ,,,,,,,,,,,,
60059,ZGlobal Inc,68018,Merced BESS,CA,Merced,MRCDB,Batteries,BA,,W,X,X,,,3, ,3,3,TS,4,2025,9,2026,,IPP Non-CHP,2,N,MWH,,,,,, ,,,,,,,,,,,,
65144,"Samsung C&T Renewables, LLC",68019,Richwood Solar and Storage,OH,Union,RICBA,Batteries,BA,,S,X,X,,,50, ,50,50,P,4,2026,12,2028,,IPP Non-CHP,2,N,MWH,,,,,, ,,,,,,,,,,,,
9187,City of Idaho Falls - (ID),68021,IFP Peaking Plant,ID,Bonneville,IFPP1,Natural Gas Internal Combustion Engine,IC,,S,X,X,,,2.5,0.8,2.5,2.5,TS,12,2025,1,2026,,Electric Utility,1,N,NG,,,,,, ,,,,,,,,,,U,,
9187,City of Idaho Falls - (ID),68021,IFP Peaking Plant,ID,Bonneville,IFPP2,Natural Gas Internal Combustion Engine,IC,,S,X,X,,,2.5,0.8,2.5,2.5,TS,12,2025,1,2026,,Electric Utility,1,N,NG,,,,,, ,,,,,,,,,,U,,
9187,City of Idaho Falls - (ID),68021,IFP Peaking Plant,ID,Bonneville,IFPP3,Natural Gas Internal Combustion Engine,IC,,S,X,X,,,2.5,0.8,2.5,2.5,TS,12,2025,1,2026,,Electric Utility,1,N,NG,,,,,, ,,,,,,,,,,U,,
9187,City of Idaho Falls - (ID),68021,IFP Peaking Plant,ID,Bonneville,IFPP4,Natural Gas Internal Combustion Engine,IC,,S,X,X,,,2.5,0.8,2.5,2.5,TS,12,2025,1,2026,,Electric Utility,1,N,NG,,,,,, ,,,,,,,,,,U,,
9187,City of Idaho Falls - (ID),68021,IFP Peaking Plant,ID,Bonneville,IFPP5,Natural Gas Internal Combustion Engine,IC,,S,X,X,,,2.5,0.8,2.5,2.5,TS,12,2025,1,2026,,Electric Utility,1,N,NG,,,,,, ,,,,,,,,,,U,,
9187,City of Idaho Falls - (ID),68021,IFP Peaking Plant,ID,Bonneville,IFPP6,Natural Gas Internal Combustion Engine,IC,,S,X,X,,,2.5,0.8,2.5,2.5,TS,12,2025,1,2026,,Electric Utility,1,N,NG,,,,,, ,,,,,,,,,,U,,
9187,City of Idaho Falls - (ID),68021,IFP Peaking Plant,ID,Bonneville,IFPP7,Natural Gas Internal Combustion Engine,IC,,S,X,X,,,2.5,0.8,2.5,2.5,TS,12,2025,1,2026,,Electric Utility,1,N,NG,,,,,, ,,,,,,,,,,U,,
66554,Cowboy Solar I,68022,Cowboy Solar I,WY,Laramie,CLP20,Solar Photovoltaic,PV,,S,X,X,,,400,0.9,400,400,P,3,2027,3,2028,,IPP Non-CHP,2,N,SUN,,,,,, ,,,,,,,,,,,,
66554,Cowboy Solar I,68022,Cowboy Solar I,WY,Laramie,CLPBS,Batteries,BA,,S,X,X,,,400, ,400,400,P,3,2027,12,2028,,IPP Non-CHP,2,N,MWH,,,,,, ,,,,,,,,,,,,
12685,Entergy Mississippi LLC,68028,Delta Solar Plant,LA,Bolivar,DSP,Solar Photovoltaic,PV,,S,X,X,,,80, ,80,80,P,11,2027,11,2027,,Electric Utility,1,N,SUN,,,,,, ,,,,,,,,,,,,
12685,Entergy Mississippi LLC,68029,Penton Solar Plant,MS,DeSoto,PSP,Solar Photovoltaic,PV,,S,X,X,,,190, ,190,190,P,3,2028,3,2028,N,Electric Utility,1,N,SUN,,,,,, ,,,,,,,,,,,,
64545,Vesper Energy Development LLC,68030,Red Hollow Renewable Energy,TX,Archer,RDHLW,Solar Photovoltaic,PV,,S,X,X,Bowman-GarveyRd345,Bowman-GarveyRd345,300, ,300,300,P,10,2027,10,2027,N,IPP Non-CHP,2,N,SUN,,,,,, ,,,,,,,,,,N,,
64545,Vesper Energy Development LLC,68030,Red Hollow Renewable Energy,TX,Archer,RHLWB,Batteries,BA,,S,X,X,,,300, ,300,300,P,10,2027,10,2027,N,IPP Non-CHP,2,N,MWH,,,,,, ,,,,,,,,,,N,,
64545,Vesper Energy Development LLC,68031,Scopus Solar,MO,Bollinger,SCPSB,Batteries,BA,,S,X,X,,,200, ,200,200,P,12,2026,12,2027,N,IPP Non-CHP,2,N,MWH,,,,,, ,,,,,,,,,,N,,
64545,Vesper Energy Development LLC,68031,Scopus Solar,MO,Bollinger,SCPSR,Solar Photovoltaic,PV,,S,X,X,,,200, ,200,200,P,12,2026,12,2027,N,IPP Non-CHP,2,N,SUN,,,,,, ,,,,,,,,,,N,,
64545,Vesper Energy Development LLC,68032,Skylight Renewable Energy,CA,Sutter,SKLRE,Solar Photovoltaic,PV,,S,X,X,,,100, ,100,100,P,6,2028,6,2028,N,IPP Non-CHP,2,N,SUN,,,,,, ,,,,,,,,,,N,,
64545,Vesper Energy Development LLC,68032,Skylight Renewable Energy,CA,Sutter,SKREB,Batteries,BA,,S,X,X,,,100, ,100,100,P,6,2028,6,2028,N,IPP Non-CHP,2,N,MWH,,,,,, ,,,,,,,,,,N,,
64545,Vesper Energy Development LLC,68033,Sunrose Renewable Energy,TX,Austin,SNRSE,Solar Photovoltaic,PV,,S,X,X,Sealy-Wallis138,Sealy-Wallis138,300, ,300,300,P,12,2027,12,2027,,IPP Non-CHP,2,N,SUN,,,,,, ,,,,,,,,,,N,,
64545,Vesper Energy Development LLC,68033,Sunrose Renewable Energy,TX,Austin,SRSEB,Batteries,BA,,S,X,X,,,300, ,300,300,P,12,2027,12,2027,,IPP Non-CHP,2,N,MWH,,,,,, ,,,,,,,,,,N,,
64545,Vesper Energy Development LLC,68034,Sunscape Renewable Energy,TX,Nueces,SNSCB,Batteries,BA,,S,X,X,Robstown_L_A,Robstown_L_A,500, ,500,500,P,10,2028,10,2028,N,IPP Non-CHP,2,N,MWH,,,,,, ,,,,,,,,,,N,,
64545,Vesper Energy Development LLC,68034,Sunscape Renewable Energy,TX,Nueces,SNSCP,Solar Photovoltaic,PV,,S,X,X,Robstown_L_A,Robstown_L_A,500, ,500,500,P,10,2028,10,2028,N,IPP Non-CHP,2,N,SUN,,,,,, ,,,,,,,,,,N,,
64545,Vesper Energy Development LLC,68035,Syracuse and Tours Renewable Energy,CA,Kern,SYTOB,Batteries,BA,,S,X,X,,,40, ,40,40,T,12,2025,11,2027,N,IPP Non-CHP,2,N,MWH,,,,,, ,,,,,,,,,,N,,
64545,Vesper Energy Development LLC,68035,Syracuse and Tours Renewable Energy,CA,Kern,SYTOR,Solar Photovoltaic,PV,,S,X,X,,,40, ,40,40,T,12,2025,11,2027,N,IPP Non-CHP,2,N,SUN,,,,,, ,,,,,,,,,,N,,
64545,Vesper Energy Development LLC,68036,Vichy Solar,MO,Maries,VCHSB,Batteries,BA,,S,X,X,,,200, ,200,200,P,12,2026,12,2027,N,IPP Non-CHP,2,N,MWH,,,,,, ,,,,,,,,,,N,,
64545,Vesper Energy Development LLC,68036,Vichy Solar,MO,Maries,VCHSR,Solar Photovoltaic,PV,,S,X,X,,,200, ,200,200,P,12,2026,12,2027,N,IPP Non-CHP,2,N,SUN,,,,,, ,,,,,,,,,,N,,
66561,Selkirk Solar LLC,68037,NY Selkirk S Albany RD - Hemlock Hills S,NY,Albany,18211,Solar Photovoltaic,PV,,S,X,X,,,5,1,5,5,V,12,2024,2,2026,,IPP Non-CHP,2,N,SUN,,,,,, ,,,,,,,,,,,,
50123,"Leeward Asset Management, LLC",68039,Elisabeth Solar,AZ,Yuma,ELISA,Solar Photovoltaic,PV,,S,X,X,,,350, ,350,350,L,12,2025,9,2028,N,IPP Non-CHP,2,N,SUN,,,,,, ,,,,,,,,,,N,,
64904,AES Clean Energy,68040,Sycamore Cross Solar,VA,Isle of Wight,SYCAM,Solar Photovoltaic,PV,,S,X,X,,,208.2, ,208.2,208.2,P,6,2027,8,2027,N,IPP Non-CHP,2,N,SUN,,,,,, ,,,,,,,,,,,,
64904,AES Clean Energy,68043,Robeson Solar I,NC,Robeson,ROBES,Solar Photovoltaic,PV,,S,X,X,,,80, ,80,80,P,12,2028,12,2028,,IPP Non-CHP,2,N,SUN,,,,,, ,,,,,,,,,,,,
64904,AES Clean Energy,68043,Robeson Solar I,NC,Robeson,ROBSS,Batteries,BA,,S,X,X,,,28, ,28,28,P,12,2028,12,2028,,IPP Non-CHP,2,N,MWH,,,,,, ,,,,,,,,,,,,
66564,Rodatherm Energy Corporation,68044,Rodatherm Milford 1,UT,Beaver,RODA1,Geothermal,BT,,S,X,X,,,1.8,0.9,1.2,1.8,U,1,2028,1,2028,N,IPP Non-CHP,2,N,GEO,,,,,, ,,,,,,,,,,N,,
61950,Terra-Gen Operating Co-Solar,68045,"Desert Breeze Solar, LLC",CA,San Bernardino,LOC3,Solar Photovoltaic,PV,,S,X,X,,,125, ,125,125,V,7,2026,5,2026,,IPP Non-CHP,2,N,SUN,,,,,, ,,,,,,,,,,,,
6455,"Duke Energy Florida, LLC",68052,Bailey Mill Solar,FL,Jefferson,PV1,Solar Photovoltaic,PV,,S,X,X,,,74.9, ,74.9,74.9,U,12,2025,8,2026,N,Electric Utility,1,N,SUN,,,,,, ,,,,,,,,,,,,
55937,Entergy Texas Inc.,68053,Legend Power Station,TX,Jefferson,LEG,Natural Gas Fired Combined Cycle,CC,LEG1,S,Y,N,,,754, ,723,754,L,7,2028,7,2028,,Electric Utility,1,N,NG,,,,,, ,,,,,,,,,,N,,
11479,Madison Gas & Electric Co,68054,Sunnyside Solar Energy Center,WI,Dane,SNSB,Batteries,BA,,S,X,X,"MGE.SSD_ESR1, MGE.SSD_ESR2","MGE.SSD_ESR1, MGE.SSD_ESR2",40, ,40,40,U,11,2026,11,2026,N,Electric Utility,1,N,MWH,,,,,, ,,,,,,,,,,N,N,N
11479,Madison Gas & Electric Co,68054,Sunnyside Solar Energy Center,WI,Dane,SNSS,Solar Photovoltaic,PV,,S,X,X,"MGE.SSD_SLR1, MGE.SSD_SLR2","MGE.SSD_SLR1, MGE.SSD_SLR2",20, ,20,20,U,11,2026,11,2026,N,Electric Utility,1,N,SUN,,,,,, ,,,,,,,,,N,N,,
67508,"Elevate Renewables, LLC",68055,Prospect Power BESS,VA,Rockingham,PPB,Batteries,BA,,S,X,X,pending,pending,150, ,150,150,V,5,2026,5,2026,,IPP Non-CHP,2,N,MWH,,,,,, ,,,,,,,,,,,,
66568,"Alabama Creek Solar, LLC",68057,Alabama Creek Solar,AL,Dallas,BAMA1,Solar Photovoltaic,PV,,W,X,X,,,80, ,80,80,T,10,2027,10,2027,N,IPP Non-CHP,2,N,SUN,,,,,, ,,,,,,,,,,,,
66571,Clenera DevCo LLC,68061,Gemstone Solar LLC,MI,Cass,GEMPV,Solar Photovoltaic,PV,,S,X,X,,,150, ,150,150,T,12,2027,10,2028,,IPP Non-CHP,2,N,SUN,,,,,, ,,,,,,,,,,,,
66572,"Montpelier Solar, LLC",68062,Montpelier Solar Project,OH,Williams,MPLR,Solar Photovoltaic,PV,,S,X,X,,,49, ,49,49,TS,12,2025,4,2026,,IPP Non-CHP,2,N,SUN,,,,,, ,,,,,,,,,,,,
66576,Chillingham Solar LLC,68065,Chillingham Solar,TX,Bell,CHILS,Solar Photovoltaic,PV,,S,X,X,,,350,1,350,350,TS,7,2025,9,2026,N,IPP Non-CHP,2,,SUN,,,,,, ,,,,,,,,,,,,
66579,Cape HoldCo LLC,68068,Cape Generating Station,UT,Beaver,CP1G1,Geothermal,BT,,W,X,X,INTERMT_3_N506,INTERMT_3_N506,53,0.85,28,31,V,6,2026,10,2026,N,IPP Non-CHP,2,N,GEO,,,,,, ,,,,,,,,,,N,,
66579,Cape HoldCo LLC,68068,Cape Generating Station,UT,Beaver,CP1G2,Geothermal,BT,,W,X,X,INTERMT_3_N506,INTERMT_3_N506,53,0.85,28,31,V,1,2027,1,2027,N,IPP Non-CHP,2,N,GEO,,,,,, ,,,,,,,,,,N,,
66579,Cape HoldCo LLC,68068,Cape Generating Station,UT,Beaver,CP1G3,Geothermal,BT,,W,X,X,INTERMT_3_N506,INTERMT_3_N506,53,0.85,28,31,V,1,2027,1,2027,N,IPP Non-CHP,2,N,GEO,,,,,, ,,,,,,,,,N,N,,
58468,Dominion Renewable Energy,68070,Alberta Solar,VA,Brunswick,ALBER,Solar Photovoltaic,PV,,S,X,X,,,3, ,3,3,U,10,2025,8,2026,,Electric Utility,1,N,SUN,,,,,, ,,,,,,,,,,,,
58468,Dominion Renewable Energy,68071,Bellflower Solar (VA),VA,Brunswick,BELLF,Solar Photovoltaic,PV,,S,X,X,,,600, ,600,600,P,1,2030,1,2030,,Electric Utility,1,N,SUN,,,,,, ,,,,,,,,,,,,
58468,Dominion Renewable Energy,68072,Bridleton Solar,VA,Henrico,BRIDL,Solar Photovoltaic,PV,,S,X,X,,,20, ,20,20,L,10,2025,10,2028,N,Electric Utility,1,N,SUN,,,,,, ,,,,,,,,,,,,
58468,Dominion Renewable Energy,68073,Blue Ridge Solar,VA,Pittsylvania,BLUER,Solar Photovoltaic,PV,,S,X,X,,,95, ,95,95,U,10,2026,3,2027,,Electric Utility,1,N,SUN,,,,,, ,,,,,,,,,,,,
58468,Dominion Renewable Energy,68074,Cerulean Solar,VA,Richmond,CERUL,Solar Photovoltaic,PV,,S,X,X,,,62, ,62,62,V,4,2026,8,2026,N,Electric Utility,1,N,SUN,,,,,, ,,,,,,,,,,,,
58468,Dominion Renewable Energy,68075,Pineside Solar,VA,Buckingham,PINES,Solar Photovoltaic,PV,,S,X,X,,,74.9, ,74.9,74.9,P,1,2027,1,2030,N,Electric Utility,1,N,SUN,,,,,, ,,,,,,,,,,,,
58468,Dominion Renewable Energy,68076,Rocky Run Solar,VA,Brunswick,ROCKY,Solar Photovoltaic,PV,,S,X,X,,,300, ,300,300,P,1,2028,1,2028,N,Electric Utility,1,N,SUN,,,,,, ,,,,,,,,,,,,
66509,Red River Clean Energy,68078,Chisme Solar and Storage,TX,Brown,CHIBS,Batteries,BA,,S,X,X,,,146,0.95,146,146,T,4,2027,5,2027,,IPP Non-CHP,2,N,MWH,,,,,, ,,,,,,,,,,N,,
66509,Red River Clean Energy,68078,Chisme Solar and Storage,TX,Brown,CHIPV,Solar Photovoltaic,PV,,S,X,X,,,147,0.95,147,147,T,4,2027,5,2027,,IPP Non-CHP,2,N,SUN,,,,,, ,,,,,,,,,,N,,
50123,"Leeward Asset Management, LLC",68079,Stagecoach LRE,CO,Pueblo,STAS1,Solar Photovoltaic,PV,,S,X,X,,,230,0.95,230,230,T,12,2025,12,2029,N,IPP Non-CHP,2,N,SUN,,,,,, ,,,,,,,,,,N,,
66581,GRS BESS Texas Eight LLC,68080,Marcos PV and BESS,TX,Victoria,GRS8B,Batteries,BA,,S,X,X,,,115.9, ,115,115,L,8,2027,8,2029,N,IPP Non-CHP,2,N,MWH,,,,,, ,,,,,,,,,,N,,
66581,GRS BESS Texas Eight LLC,68080,Marcos PV and BESS,TX,Victoria,GRS8P,Solar Photovoltaic,PV,,S,X,X,,,115.9, ,115,115,L,8,2027,8,2029,N,IPP Non-CHP,2,N,SUN,,,,,, ,,,,,,,,,,N,,
50123,"Leeward Asset Management, LLC",68082,Bluebonnet Prairie Wind,TX,Navarro,BBP,Onshore Wind Turbine,WT,,S,X,X,,,170, ,170,170,U,12,2026,12,2027,N,IPP Non-CHP,2,N,WND,,,,,, ,,,,,,,,,,N,,
50123,"Leeward Asset Management, LLC",68084,Morrow Lake BESS,TX,Frio,MLB,Batteries,BA,,S,X,X,,,200, ,200,200,T,12,2026,12,2029,N,IPP Non-CHP,2,N,MWH,,,,,, ,,,,,,,,,,N,,
50123,"Leeward Asset Management, LLC",68085,Red Maple LRE,IL,DeKalb,RMS1,Solar Photovoltaic,PV,,S,X,X,,,95, ,95,95,L,8,2026,9,2028,,IPP Non-CHP,2,N,SUN,,,,,, ,,,,,,,,,,N,,
50123,"Leeward Asset Management, LLC",68086,South Branch Solar,OH,Hancock,SBS,Solar Photovoltaic,PV,,S,X,X,,,115, ,115,115,L,12,2025,6,2027,N,IPP Non-CHP,2,N,SUN,,,,,, ,,,,,,,,,,N,,
50123,"Leeward Asset Management, LLC",68088,Twelvemile Solar 1,OK,Mayes,TS1,Solar Photovoltaic,PV,,S,X,X,,,100, ,100,100,V,12,2025,3,2026,N,IPP Non-CHP,2,N,SUN,,,,,, ,,,,,,,,,,N,,
50123,"Leeward Asset Management, LLC",68089,Twelvemile Solar 3,OK,Mayes,TS03,Solar Photovoltaic,PV,,S,X,X,,,200, ,200,200,U,12,2025,12,2026,N,IPP Non-CHP,2,N,SUN,,,,,, ,,,,,,,,,,N,,
64904,AES Clean Energy,68090,Willow Beach Wind,TX,Brazoria,WILLO,Onshore Wind Turbine,WT,,S,X,X,,,200, ,200,200,L,5,2027,2,2029,,IPP Non-CHP,2,N,WND,,,,,,34,,,,,,,,,,,,
64452,"EDF Renewables Development, Inc.",68093,Grand River Energy Center Solar,OK,Mayes,GRECS,Solar Photovoltaic,PV,,S,X,X,,,84, ,84,84,P,12,2026,12,2026,N,IPP Non-CHP,2,N,SUN,,,,,, ,,,,,,,,,,,,
66583,"SR Arcadia South, LLC",68094,SR Arcadia,LA,Bienville,ARCAD,Solar Photovoltaic,PV,,S,X,X,,,4.5, ,4.5,4.5,V,12,2025,6,2026,,IPP Non-CHP,2,N,SUN,,,,,, ,,,,,,,,,,,,
66584,"SR Benton, LLC",68095,SR Benton,TN,Benton,BENTN,Solar Photovoltaic,PV,,S,X,X,,,3, ,3,3,V,12,2026,4,2026,N,IPP Non-CHP,2,N,SUN,,,,,, ,,,,,,,,,,,,
66586,"SR Cherry Valley, LLC",68097,SR Cherry Valley,AR,Cross,CHERR,Solar Photovoltaic,PV,,S,X,X,,,4.8, ,4.8,4.8,V,12,2025,8,2026,N,IPP Non-CHP,2,N,SUN,,,,,, ,,,,,,,,,,,,
66588,"SR Copeland, LLC",68099,SR Copeland,TN,Cumberland,COPE,Solar Photovoltaic,PV,,S,X,X,,,110, ,110,110,T,12,2027,12,2027,N,IPP Non-CHP,2,N,SUN,,,,,, ,,,,,,,,,,,,
66589,"SR Dumas, LLC",68100,SR Dumas,AR,Desha,DUMAS,Solar Photovoltaic,PV,,S,X,X,,,4.8, ,4.8,4.8,V,12,2025,6,2026,N,IPP Non-CHP,2,N,SUN,,,,,, ,,,,,,,,,,,,
66590,"SR Fisher, LLC",68101,SR Fisher,AR,Poinsett,FISHR,Solar Photovoltaic,PV,,S,X,X,,,4.8, ,4.8,4.8,V,12,2025,6,2026,N,IPP Non-CHP,2,N,SUN,,,,,, ,,,,,,,,,,,,
66592,"SR Hickman, LLC",68103,SR Hickman,TN,Hickman,HICK,Solar Photovoltaic,PV,,S,X,X,,,5.5, ,5.5,5.5,V,12,2025,4,2026,N,IPP Non-CHP,2,N,SUN,,,,,, ,,,,,,,,,,,,
66602,"SR Hope Hull, LLC",68104,SR Hope Hull,AL,Montgomery,HPHUL,Solar Photovoltaic,PV,,S,X,X,,,80, ,80,80,T,12,2027,12,2027,N,IPP Non-CHP,2,N,SUN,,,,,, ,,,,,,,,,,,,
66593,"SR Jasper, LLC",68105,SR Jasper,MS,Jasper,JASP,Solar Photovoltaic,PV,,S,X,X,,,150, ,150,150,T,12,2029,12,2029,N,IPP Non-CHP,2,N,SUN,,,,,, ,,,,,,,,,,,,
66596,"SR Milan, LLC",68110,SR Milan,TN,Gibson,MILAN,Solar Photovoltaic,PV,,S,X,X,,,2.8, ,2.8,2.8,T,7,2028,7,2028,N,IPP Non-CHP,2,N,SUN,,,,,, ,,,,,,,,,,,,
66598,"SR South Gibson, LLC",68112,SR South Gibson,TN,Gibson,GIBSN,Solar Photovoltaic,PV,,S,X,X,,,4.8, ,4.8,4.8,V,12,2025,5,2026,N,IPP Non-CHP,2,N,SUN,,,,,, ,,,,,,,,,,,,
65869,Prologis Logistics Services Incorporated,68118,Addison 11-SLCHI404,IL,DuPage,CH404,Solar Photovoltaic,PV,,S,X,X,,,1.6, ,1.6,1.6,TS,4,2025,9,2026,,IPP Non-CHP,2,N,SUN,,,,,, ,,,,,,,,,,,,
65869,Prologis Logistics Services Incorporated,68119,Aurora 7-SLCHI307,IL,Kane,CH307,Solar Photovoltaic,PV,,S,X,X,,,1.9, ,1.9,1.9,U,6,2025,4,2027,,IPP Non-CHP,2,N,SUN,,,,,, ,,,,,,,,,,,,
65869,Prologis Logistics Services Incorporated,68120,Bensenville 13-SLCHI513,IL,DuPage,CH513,Solar Photovoltaic,PV,,S,X,X,,,1.4, ,1.4,1.4,U,5,2024,10,2026,,IPP Non-CHP,2,N,SUN,,,,,, ,,,,,,,,,,,,
65869,Prologis Logistics Services Incorporated,68121,Bensenville 14-SLCHI414,IL,DuPage,CH414,Solar Photovoltaic,PV,,S,X,X,,,1.3, ,1.3,1.3,V,5,2024,4,2027,,IPP Non-CHP,2,N,SUN,,,,,, ,,,,,,,,,,,,
65869,Prologis Logistics Services Incorporated,68122,Bensenville 2-SLCHI526,IL,DuPage,CH526,Solar Photovoltaic,PV,,S,X,X,,,1.9, ,1.9,1.9,U,3,2025,10,2026,,IPP Non-CHP,2,N,SUN,,,,,, ,,,,,,,,,,,,
65869,Prologis Logistics Services Incorporated,68123,Bensenville Ind Park 10-SLCHI410,IL,DuPage,CH410,Solar Photovoltaic,PV,,S,X,X,,,1.2, ,1.2,1.2,V,8,2024,1,2027,,IPP Non-CHP,2,N,SUN,,,,,, ,,,,,,,,,,,,
65869,Prologis Logistics Services Incorporated,68124,Bensenville Ind Park 11,IL,DuPage,CH411,Solar Photovoltaic,PV,,S,X,X,,,1.2, ,1.2,1.2,U,4,2025,12,2026,N,IPP Non-CHP,2,N,SUN,,,,,, ,,,,,,,,,,,,
65869,Prologis Logistics Services Incorporated,68125,Bensenville Ind Park 12-SLCHI412,IL,DuPage,CH412,Solar Photovoltaic,PV,,S,X,X,,,1.1, ,1.1,1.1,U,7,2025,11,2026,,IPP Non-CHP,2,N,SUN,,,,,, ,,,,,,,,,,,,
65869,Prologis Logistics Services Incorporated,68126,Bensenville Ind Park 2-SLCHI402,IL,DuPage,CH402,Solar Photovoltaic,PV,,S,X,X,,,1.1, ,1.1,1.1,U,6,2025,10,2026,N,IPP Non-CHP,2,N,SUN,,,,,, ,,,,,,,,,,,,
65869,Prologis Logistics Services Incorporated,68127,Bensenville Ind Park 4-SLCHI424,IL,Cook,CH424,Solar Photovoltaic,PV,,S,X,X,,,1.7, ,1.7,1.7,V,2,2025,12,2026,N,IPP Non-CHP,2,N,SUN,,,,,, ,,,,,,,,,,,,
65869,Prologis Logistics Services Incorporated,68128,Bensenville Ind Park 6-SLCHI406,IL,DuPage,CH406,Solar Photovoltaic,PV,,S,X,X,,,1.1, ,1.1,1.1,U,7,2025,4,2026,,IPP Non-CHP,2,N,SUN,,,,,, ,,,,,,,,,,,,
65869,Prologis Logistics Services Incorporated,68129,Cicero 3-SLCHI603,IL,Cook,CH603,Solar Photovoltaic,PV,,S,X,X,,,1.9, ,1.9,1.9,U,7,2025,4,2027,,IPP Non-CHP,2,N,SUN,,,,,, ,,,,,,,,,,,,
65869,Prologis Logistics Services Incorporated,68130,Des Plaines 11-SLCHI211,IL,Cook,CH211,Solar Photovoltaic,PV,,S,X,X,,,1.6, ,1.6,1.6,U,7,2025,9,2026,N,IPP Non-CHP,2,N,SUN,,,,,, ,,,,,,,,,,,,
65869,Prologis Logistics Services Incorporated,68132,Elk Grove 1-SLCHI701,IL,Cook,CH701,Solar Photovoltaic,PV,,S,X,X,,,1.7, ,1.7,1.7,V,3,2025,10,2026,,IPP Non-CHP,2,N,SUN,,,,,, ,,,,,,,,,,,,
65869,Prologis Logistics Services Incorporated,68133,Elk Grove 51-SLCHI151,IL,DuPage,CH151,Solar Photovoltaic,PV,,S,X,X,,,1.4, ,1.4,1.4,U,5,2024,2,2027,,IPP Non-CHP,2,N,SUN,,,,,, ,,,,,,,,,,,,
65869,Prologis Logistics Services Incorporated,68135,Franklin Park 2-SLCHI802,IL,Cook,CH802,Solar Photovoltaic,PV,,S,X,X,,,1.2, ,1.2,1.2,V,8,2024,9,2026,,IPP Non-CHP,2,N,SUN,,,,,, ,,,,,,,,,,,,
65869,Prologis Logistics Services Incorporated,68137,Glendale Heights 10-SLCHI910,IL,DuPage,CH910,Solar Photovoltaic,PV,,S,X,X,,,1.3, ,1.3,1.3,U,5,2025,2,2027,,IPP Non-CHP,2,N,SUN,,,,,, ,,,,,,,,,,,,
65869,Prologis Logistics Services Incorporated,68138,Internationale Ctr 11-SLCHI321,IL,DuPage,CH321,Solar Photovoltaic,PV,,S,X,X,,,1.8, ,1.8,1.8,U,12,2025,3,2027,,IPP Non-CHP,2,N,SUN,,,,,, ,,,,,,,,,,,,
65869,Prologis Logistics Services Incorporated,68139,McCook 2-SLCHI102,IL,Cook,CH102,Solar Photovoltaic,PV,,S,X,X,,,2, ,2,2,V,3,2025,8,2026,,IPP Non-CHP,2,N,SUN,,,,,, ,,,,,,,,,,,,
65869,Prologis Logistics Services Incorporated,68140,Melrose Park 2-SLCHI547,IL,Cook,CH547,Solar Photovoltaic,PV,,S,X,X,,,3, ,3,3,U,3,2025,10,2026,N,IPP Non-CHP,2,N,SUN,,,,,, ,,,,,,,,,,,,
65869,Prologis Logistics Services Incorporated,68141,Northlake 2-SLCHI302,IL,Cook,CH302,Solar Photovoltaic,PV,,S,X,X,,,1.6, ,1.6,1.6,U,7,2025,11,2026,,IPP Non-CHP,2,N,SUN,,,,,, ,,,,,,,,,,,,
65869,Prologis Logistics Services Incorporated,68142,Northlake 3-SLCHI303,IL,Cook,CH303,Solar Photovoltaic,PV,,S,X,X,,,1.6, ,1.6,1.6,U,2,2024,9,2026,N,IPP Non-CHP,2,N,SUN,,,,,, ,,,,,,,,,,,,
65869,Prologis Logistics Services Incorporated,68143,Northlake 4-SLCHI304,IL,Cook,CH304,Solar Photovoltaic,PV,,S,X,X,,,1.4, ,1.4,1.4,U,11,2024,12,2026,,IPP Non-CHP,2,N,SUN,,,,,, ,,,,,,,,,,,,
65869,Prologis Logistics Services Incorporated,68144,Northlake 5-SLCHI305,IL,Cook,CH305,Solar Photovoltaic,PV,,S,X,X,,,2.5, ,2.5,2.5,V,2,2025,12,2026,,IPP Non-CHP,2,N,SUN,,,,,, ,,,,,,,,,,,,
65803,"Raven Storage, LLC",68149,Raven Storage,TX,Wharton,RAVEB,Batteries,BA,,J,X,X,,,100, ,100,100,U,7,2026,10,2026,,IPP Non-CHP,2,N,MWH,,,,,, ,,,,,,,,,,,,
66616,"Fremont Solar, LLC",68153,Fremont Solar,UT,Iron,BA1,Batteries,BA,,S,X,X,,,198,1,198,198,L,1,2027,6,2027,,IPP Non-CHP,2,N,MWH,,,,,, ,,,,,,,,,,,,
66616,"Fremont Solar, LLC",68153,Fremont Solar,UT,Iron,PV1,Solar Photovoltaic,PV,,S,X,X,,,99, ,99,99,L,1,2027,6,2027,,IPP Non-CHP,2,N,SUN,,,,,, ,,,,,,,,,,,,
66635,"Rio Lago Solar, LLC",68155,Rio Lago Solar,TX,Bandera,RIOLA,Solar Photovoltaic,PV,,S,X,X,To be provided by ERCOT at MRD,To be provided by ERCOT at MRD,123, ,123,123,TS,12,2025,8,2026,,IPP Non-CHP,2,N,SUN,,,,,, ,,,,,,,,,N,N,,
66607,"Belltown Power Texas 2, LLC",68165,Brotherton Storage,TX,Anderson,BROBA,Batteries,BA,,S,X,X,,,176.1,0.87,176.1,176.1,L,1,2025,12,2027,,IPP Non-CHP,2,N,MWH,,,,,, ,,,,,,,,,,,,
66607,"Belltown Power Texas 2, LLC",68166,Dolomite Storage,TX,Ellis,DOLBA,Batteries,BA,,S,X,X,,,125.7,0.86,125.7,125.7,L,7,2026,7,2028,,IPP Non-CHP,2,N,MWH,,,,,, ,,,,,,,,,,,,
66607,"Belltown Power Texas 2, LLC",68168,Kahla Storage,TX,Leon,KAHBA,Batteries,BA,,S,X,X,,,200.9,0.88,200.9,200.9,L,12,2025,12,2028,,IPP Non-CHP,2,N,MWH,,,,,, ,,,,,,,,,,,,
66607,"Belltown Power Texas 2, LLC",68171,Mcmurtre Storage,TX,Hunt,MCMBA,Batteries,BA,,S,X,X,,,176.1,0.87,176.1,176.1,L,5,2026,12,2027,,IPP Non-CHP,2,N,MWH,,,,,, ,,,,,,,,,,,,
66607,"Belltown Power Texas 2, LLC",68172,Myers Solar and Storage,TX,Goliad,MYEBT,Batteries,BA,,S,X,X,,,75.7,0.89,75.7,75.7,L,4,2026,8,2028,N,IPP Non-CHP,2,N,MWH,,,,,, ,,,,,,,,,,,,
66607,"Belltown Power Texas 2, LLC",68172,Myers Solar and Storage,TX,Goliad,MYEPV,Solar Photovoltaic,PV,,S,X,X,,,100.9,0.87,100.9,100.9,L,4,2026,8,2028,N,IPP Non-CHP,2,N,SUN,,,,,, ,,,,,,,,,,,,
66607,"Belltown Power Texas 2, LLC",68173,Sandford Solar and Storage,TX,Wise,SANBT,Batteries,BA,,S,X,X,,,100.9,0.9,100.9,100.9,L,1,2026,12,2028,N,IPP Non-CHP,2,N,MWH,,,,,, ,,,,,,,,,,,,
66607,"Belltown Power Texas 2, LLC",68173,Sandford Solar and Storage,TX,Wise,SANPV,Solar Photovoltaic,PV,,S,X,X,,,126.2,0.9,126.2,126.2,L,1,2026,12,2028,N,IPP Non-CHP,2,N,SUN,,,,,, ,,,,,,,,,,,,
66607,"Belltown Power Texas 2, LLC",68174,Stegall Solar and Storage,TX,Bell,STEBA,Batteries,BA,,S,X,X,,,50.5,0.87,50.5,50.5,L,8,2026,12,2026,N,IPP Non-CHP,2,N,MWH,,,,,, ,,,,,,,,,,,,
66607,"Belltown Power Texas 2, LLC",68174,Stegall Solar and Storage,TX,Bell,STEPV,Solar Photovoltaic,PV,,S,X,X,,,81.6,0.9,81.6,81.6,L,8,2026,12,2026,N,IPP Non-CHP,2,N,SUN,,,,,, ,,,,,,,,,,,,
66607,"Belltown Power Texas 2, LLC",68175,Symank Solar,TX,Bosque,SYMPV,Solar Photovoltaic,PV,,S,X,X,,,66.6, ,66.6,66.6,L,8,2027,12,2027,N,IPP Non-CHP,2,N,SUN,,,,,, ,,,,,,,,,,,,
66607,"Belltown Power Texas 2, LLC",68176,Willis Storage,TX,Rains,WILBA,Batteries,BA,,S,X,X,,,176.1,0.87,176.1,176.1,L,5,2026,9,2027,N,IPP Non-CHP,2,N,MWH,,,,,, ,,,,,,,,,,,,
66607,"Belltown Power Texas 2, LLC",68178,Yooperlite Storage,TX,Wise,YOOBA,Batteries,BA,,S,X,X,,,175.7,0.87,175.7,175.7,L,1,2026,12,2027,,IPP Non-CHP,2,N,MWH,,,,,, ,,,,,,,,,,,,
66606,"Templeton Wind Energy Center, LLC",68179,Templeton Wind,IN,Benton,TEMPW,Onshore Wind Turbine,WT,,S,X,X,,,200.2, ,200.2,200.2,T,6,2027,6,2027,,Electric Utility,1,N,WND,,,,,,71,,,,,,,,,,,,
66617,"Big Elm Storage, LLC",68181,Big Elm Storage,TX,Bell,BELMB,Batteries,BA,,S,X,X,,,100, ,100,100,V,3,2026,12,2026,N,IPP Non-CHP,2,N,MWH,,,,,, ,,,,,,,,,,,,
66620,"Coles Wind, LLC",68184,Coles Wind,IL,Coles,COLES,Onshore Wind Turbine,WT,,S,X,X,,,300, ,300,300,P,1,2027,5,2027,,IPP Non-CHP,2,N,WND,,,,,,49,,,,,,,,,,,,
66622,"Firelands Wind, LLC",68186,Firelands Wind,OH,Huron,FIRE,Onshore Wind Turbine,WT,,S,X,X,,,297, ,297,297,T,10,2026,5,2027,,IPP Non-CHP,2,N,WND,,,,,,49,,,,,,,,,,,,
66624,"Heritage Wind, LLC",68191,Heritage Wind,NY,Orleans,HRTG,Onshore Wind Turbine,WT,,S,X,X,,,126, ,126,126,P,10,2026,6,2028,,IPP Non-CHP,2,N,WND,,,,,,28,,,,,,,,,,,,
66625,"Lotus Wind, LLC",68192,Lotus Wind,IL,Macoupin,LOTUS,Onshore Wind Turbine,WT,,S,X,X,,,200, ,200,200,V,6,2026,3,2026,,IPP Non-CHP,2,N,WND,,,,,,45,,,,,,,,,,,,
66630,"Riverstone Solar, LLC",68194,Riverstone Solar,VA,Buckingham,RIVER,Solar Photovoltaic,PV,,S,X,X,,,149.5, ,149.5,149.5,T,8,2025,10,2027,N,IPP Non-CHP,2,N,SUN,,,,,, ,,,,,,,,,,,,
66870,"Delaware Ave Solar, LLC",68195,Delaware Ave Solar,DE,Kent,DEAVE,Solar Photovoltaic,PV,,S,X,X,,,4, ,4,4,T,8,2025,10,2026,N,IPP Non-CHP,2,N,SUN,,,,,, ,,,,,,,,,,,,
66869,"Rifle Range Road Solar, LLC",68196,Rifle Range Road Solar,DE,Sussex,RIFPV,Solar Photovoltaic,PV,,S,X,X,,,4, ,4,4,T,8,2025,12,2026,N,IPP Non-CHP,2,N,SUN,,,,,, ,,,,,,,,,,,,
66631,"Rocky Forge Wind, LLC",68197,Rocky Forge Wind,VA,Botetourt,ROCKY,Onshore Wind Turbine,WT,,S,X,X,,,78, ,78,78,U,10,2026,9,2026,,IPP Non-CHP,2,N,WND,,,,,,13,,,,,,,,,,,,
66632,"Two Rivers Solar, LLC",68198,Two Rivers Solar,TX,Milam,TRS,Solar Photovoltaic,PV,,S,X,X,,,214, ,214,214,P,8,2027,8,2027,N,IPP Non-CHP,2,N,SUN,,,,,, ,,,,,,,,,,,,
67582,"Intersect USA, LLC",68201,IP Roman Solar,TX,Deaf Smith,ROMS,Solar Photovoltaic,PV,,S,X,X,,,500,0.95,500,500,L,6,2028,6,2028,N,IPP Non-CHP,2,N,SUN,,,,,, ,,,,,,,,,,N,,
67582,"Intersect USA, LLC",68202,IP Roman Wind,TX,Deaf Smith,ROMW,Onshore Wind Turbine,WT,,S,X,X,,,670.5,0.95,670.5,670.5,L,9,2028,9,2028,N,IPP Non-CHP,2,N,WND,,,,,,149,,,,,,,,,,,,
67582,"Intersect USA, LLC",68203,IP Meitner Solar,TX,Gray,MEITS,Solar Photovoltaic,PV,,S,X,X,,,500, ,214,142,L,4,2028,4,2028,N,IPP Non-CHP,2,N,SUN,,,,,, ,,,,,,,,,,N,,
67582,"Intersect USA, LLC",68204,IP Meitner Wind,TX,Roberts,MEITW,Onshore Wind Turbine,WT,,S,X,X,,,500,0.95,258,292,L,2,2028,2,2028,N,IPP Non-CHP,2,N,WND,,,,,,112,,,,,,,,,N,N,,
66641,"Greenwood Solar I, LLC",68205,Greenwood Solar I,VA,Culpeper,GRNWD,Solar Photovoltaic,PV,,S,X,X,,,100,0.95,100,100,T,10,2026,6,2028,,IPP Non-CHP,2,N,SUN,,,,,, ,,,,,,,,,,,,
66642,City of Little Rock - (AR),68208,City of Little Rock Solar Array,AR,Pulaski,LRZBR,Solar Photovoltaic,PV,,S,X,X,EAI.LYNCH2.ARR,EAI.LYNCH2.ARR,4.9,1,4.9,3.7,U,4,2026,11,2026,N,Electric Utility,1,N,SUN,,,,,, ,,,,,,,,,,N,,
66650,Noble Solar LLC,68209,Purple Sage Energy Center,NV,Clark,PSGBS,Batteries,BA,,S,X,X,APnode SP15,APnode SP15,400,0.95,400,400,P,12,2026,11,2028,,IPP Non-CHP,2,N,MWH,,,,,, ,,,,,,,,,,,,
66650,Noble Solar LLC,68209,Purple Sage Energy Center,NV,Clark,PSGPV,Solar Photovoltaic,PV,,S,X,X,APnode SP15,APnode SP15,400,0.95,400,400,P,12,2026,11,2028,,IPP Non-CHP,2,N,SUN,,,,,, ,,,,,,,,,,,,
59300,PNM Resources,68210,Sandia Energy Center,NM,Bernalillo,BESS,Batteries,BA,,S,X,X,,,60,0.95,60,60,V,4,2026,6,2026,N,Electric Utility,1,N,MWH,,,,,, ,,,,,,,,,,,,
67927,"Grears Corner Solar, LLC",68211,Grears Corner Solar,DE,New Castle,GRER,Solar Photovoltaic,PV,,S,X,X,,,4, ,4,4,L,8,2025,3,2027,,IPP Non-CHP,2,N,SUN,,,,,, ,,,,,,,,,,N,,
67926,"Maryland Line Road Solar, LLC",68212,Maryland Line Road Solar,DE,New Castle,MDLN,Solar Photovoltaic,PV,,S,X,X,,,2.5, ,2.5,2.5,L,8,2025,3,2027,,IPP Non-CHP,2,N,SUN,,,,,, ,,,,,,,,,,N,,
66649,Viridis Solar,68213,Panton,VT,Addison,1,Solar Photovoltaic,PV,,S,X,X,,,50,0.95,50,50,L,12,2024,12,2028,N,IPP Non-CHP,2,N,SUN,,,,,, ,,,,,,,,,,,,
11241,Entergy Louisiana LLC,68214,Franklin Farms 1&2,LA,Richland,1A,Natural Gas Fired Combined Cycle,CT,CC01,S,X,N,,,469.3,1,435.4,469.3,L,12,2028,12,2028,,Electric Utility,1,N,NG,,,,,, ,,,,,,,,,,N,N,N
11241,Entergy Louisiana LLC,68214,Franklin Farms 1&2,LA,Richland,1B,Natural Gas Fired Combined Cycle,CA,CC01,S,Y,X,,,311,1,302.8,303,L,12,2028,12,2028,,Electric Utility,1,N,NG,,,,,, ,,,,,,,,,,N,N,N
11241,Entergy Louisiana LLC,68214,Franklin Farms 1&2,LA,Richland,2A,Natural Gas Fired Combined Cycle,CT,CC02,S,X,N,,,469.3,1,435.4,469.3,L,12,2028,12,2028,,Electric Utility,1,N,NG,,,,,, ,,,,,,,,,,N,N,N
11241,Entergy Louisiana LLC,68214,Franklin Farms 1&2,LA,Richland,2B,Natural Gas Fired Combined Cycle,CA,CC02,S,Y,X,,,311,1,302.8,303,L,12,2028,12,2028,,Electric Utility,1,N,NG,,,,,, ,,,,,,,,,,N,N,N
61514,"Agilitas Energy, Inc.",68215,Braley Hill North Solar,MA,Plymouth,BRAES,Batteries,BA,,S,X,X,,,5, ,5,5,L,12,2026,3,2027,,IPP Non-CHP,2,N,MWH,,,,,, ,,,,,,,,,,N,,
61514,"Agilitas Energy, Inc.",68215,Braley Hill North Solar,MA,Plymouth,BRAPV,Solar Photovoltaic,PV,,S,X,X,,,5, ,5,5,L,12,2026,3,2027,,IPP Non-CHP,2,N,SUN,,,,,, ,,,,,,,,,,N,,
66646,"ReWild Renewables, LLC",68216,Cushman Road Solar,MA,Plymouth,CUSES,Batteries,BA,,S,X,X,,,3, ,3,3,L,12,2026,5,2027,,IPP Non-CHP,2,N,MWH,,,,,, ,,,,,,,,,,N,,
66646,"ReWild Renewables, LLC",68216,Cushman Road Solar,MA,Plymouth,CUSPV,Solar Photovoltaic,PV,,S,X,X,,,3, ,3,3,L,12,2026,5,2027,,IPP Non-CHP,2,N,SUN,,,,,, ,,,,,,,,,,N,,
66646,"ReWild Renewables, LLC",68217,Featherbed Lane South Solar,MA,Plymouth,FEAES,Batteries,BA,,S,X,X,,,1, ,1,1,L,12,2026,3,2027,,IPP Non-CHP,2,N,MWH,,,,,, ,,,,,,,,,,N,,
66646,"ReWild Renewables, LLC",68217,Featherbed Lane South Solar,MA,Plymouth,FEAPV,Solar Photovoltaic,PV,,S,X,X,,,1, ,1,1,L,12,2026,3,2027,,IPP Non-CHP,2,N,SUN,,,,,, ,,,,,,,,,,N,,
66646,"ReWild Renewables, LLC",68218,Randall Lane Solar,MA,Plymouth,RANES,Batteries,BA,,S,X,X,,,5, ,5,5,L,12,2026,3,2027,,IPP Non-CHP,2,N,MWH,,,,,, ,,,,,,,,,,N,,
66646,"ReWild Renewables, LLC",68218,Randall Lane Solar,MA,Plymouth,RANPV,Solar Photovoltaic,PV,,S,X,X,,,5, ,5,5,L,12,2026,3,2027,,IPP Non-CHP,2,N,SUN,,,,,, ,,,,,,,,,,N,,
61514,"Agilitas Energy, Inc.",68219,Snipatuit Road Solar,MA,Plymouth,SNIES,Batteries,BA,,S,X,X,,,4, ,4,4,L,12,2026,3,2027,,IPP Non-CHP,2,N,MWH,,,,,, ,,,,,,,,,,N,,
61514,"Agilitas Energy, Inc.",68219,Snipatuit Road Solar,MA,Plymouth,SNIPV,Solar Photovoltaic,PV,,S,X,X,,,4, ,4,4,L,12,2026,3,2027,,IPP Non-CHP,2,N,SUN,,,,,, ,,,,,,,,,,N,,
5416,"Duke Energy Carolinas, LLC",68223,Beaverdam Renewable Energy Center,SC,Laurens,67693,Solar Photovoltaic,PV,,S,X,X,,,40.8, ,42,42,U,1,2026,3,2026,,Electric Utility,1,N,SUN,,,,,, ,,,,,,,,,,,,
66653,"SR Adamsville, LLC",68224,SR Adamsville,TN,McNairy,ADAMV,Solar Photovoltaic,PV,,S,X,X,,,25, ,25,25,U,6,2026,7,2026,,IPP Non-CHP,2,N,SUN,,,,,, ,,,,,,,,,,,,
66654,"SR Altheimer, LLC",68225,SR Altheimer,AR,Jefferson,ALTH,Solar Photovoltaic,PV,,S,X,X,,,4.8, ,4.8,4.8,T,12,2026,12,2026,,IPP Non-CHP,2,N,SUN,,,,,, ,,,,,,,,,,,,
66655,"SR Bacon, LLC",68226,SR Bacon,GA,Bacon,BACON,Solar Photovoltaic,PV,,S,X,X,,,85, ,85,85,T,12,2026,12,2026,,IPP Non-CHP,2,N,SUN,,,,,, ,,,,,,,,,,,,
66656,"SR Delhi, LLC",68227,SR Delhi,LA,Richland,DELHI,Solar Photovoltaic,PV,,S,X,X,,,4.8, ,4.8,4.8,T,12,2026,12,2026,N,IPP Non-CHP,2,N,SUN,,,,,, ,,,,,,,,,,,,
66178,Liberty Renewables Incorporated,68228,Agricola Wind,NY,Cayuga,Q1448,Onshore Wind Turbine,WT,,S,X,X,,,99, ,97,97,P,12,2027,4,2029,,IPP Non-CHP,2,N,WND,,,,,,22,,,,,,,,,,,,
66657,"SR Denmark, LLC",68229,SR Denmark,TN,Madison,DEMRK,Solar Photovoltaic,PV,,S,X,X,,,42, ,42,42,T,12,2026,12,2026,N,IPP Non-CHP,2,N,SUN,,,,,, ,,,,,,,,,,,,
66658,"SR Des Arc, LLC",68230,SR Des Arc,AR,Prairie,DESAR,Solar Photovoltaic,PV,,S,X,X,,,4.8, ,4.8,4.8,T,12,2026,12,2026,,IPP Non-CHP,2,N,SUN,,,,,, ,,,,,,,,,,,,
57170,"EDF Renewable Asset Holdings, Inc.",68231,Walleye Solar (Sandow II),TX,Milam,SDTWO,Solar Photovoltaic,PV,,S,X,X,,,369, ,369,369,P,12,2026,12,2026,,IPP Non-CHP,2,N,SUN,,,,,, ,,,,,,,,,,,,
65869,Prologis Logistics Services Incorporated,68235,Romeoville 34 - SLCHI234 - BSCHI234,IL,Will,C34BB,Batteries,BA,,S,X,X,,,0.5, ,0.5,0.5,U,1,2026,5,2027,,IPP Non-CHP,2,N,MWH,,,,,, ,,,,,,,,,,,,
65869,Prologis Logistics Services Incorporated,68236,South Bay Dis Ctr 6-SLLAX680,CA,Los Angeles,LA680,Solar Photovoltaic,PV,,S,X,X,,,1.3, ,1.3,1.3,U,10,2025,3,2027,,IPP Non-CHP,2,N,SUN,,,,,, ,,,,,,,,,,,,
65869,Prologis Logistics Services Incorporated,68237,South Bay Dis Ctr 20-SLLAX512,CA,Los Angeles,LA512,Solar Photovoltaic,PV,,S,X,X,,,1.3, ,1.3,1.3,TS,8,2025,8,2026,,IPP Non-CHP,2,N,SUN,,,,,, ,,,,,,,,,,,,
65869,Prologis Logistics Services Incorporated,68238,Commerce Distribution Center 4-SLLAX113,CA,Los Angeles,LA113,Solar Photovoltaic,PV,,S,X,X,,,1.2, ,1.2,1.2,U,7,2025,8,2026,,IPP Non-CHP,2,N,SUN,,,,,, ,,,,,,,,,,,,
66669,"Solar Star 3, LLC",68240,Solar Star 3,CA,Kern,SS3BT,Batteries,BA,,S,X,X,,,23, ,23,23,V,7,2025,10,2026,,IPP Non-CHP,2,N,MWH,,,,,, ,,,,,,,,,,,,
66669,"Solar Star 3, LLC",68240,Solar Star 3,CA,Kern,SS3PV,Solar Photovoltaic,PV,,S,X,X,,,24, ,24,24,V,7,2025,10,2026,,IPP Non-CHP,2,N,SUN,,,,,, ,,,,,,,,,,,,
66670,"Solar Star 4, LLC",68241,Solar Star 4,CA,Kern,SS4BT,Batteries,BA,,S,X,X,,,23, ,23,23,V,8,2025,10,2026,,IPP Non-CHP,2,N,MWH,,,,,, ,,,,,,,,,,,,
66670,"Solar Star 4, LLC",68241,Solar Star 4,CA,Kern,SS4PV,Solar Photovoltaic,PV,,S,X,X,,,24, ,24,24,V,8,2025,10,2026,,IPP Non-CHP,2,N,SUN,,,,,, ,,,,,,,,,,,,
66660,"SR Bear Creek, LLC",68243,SR Bear Creek,AL,Marion,BEAR,Solar Photovoltaic,PV,,S,X,X,,,4.5, ,4.5,4.5,T,12,2026,12,2027,,IPP Non-CHP,2,N,SUN,,,,,, ,,,,,,,,,,,,
66659,"SR Dunn, LLC",68245,SR Dunn,LA,Richland,DUNN,Solar Photovoltaic,PV,,S,X,X,,,3, ,3,3,T,12,2026,12,2026,N,IPP Non-CHP,2,N,SUN,,,,,, ,,,,,,,,,,,,
66661,SR Georgetown. LLC,68247,SR Georgetown,SC,Georgetown,GRGTN,Solar Photovoltaic,PV,,S,X,X,,,50, ,50,50,T,12,2026,12,2026,N,IPP Non-CHP,2,N,SUN,,,,,, ,,,,,,,,,,,,
66662,"SR Gray, LLC",68248,SR Gray,TN,Washington,GRAY,Solar Photovoltaic,PV,,S,X,X,,,6, ,6,6,U,4,2026,4,2026,N,IPP Non-CHP,2,N,SUN,,,,,, ,,,,,,,,,,,,
66663,"SR Horus, LLC",68249,SR Horus,KY,Simpson,METTR,Solar Photovoltaic,PV,,S,X,X,,,79.7, ,79.7,79.7,U,6,2026,9,2027,,IPP Non-CHP,2,N,SUN,,,,,, ,,,,,,,,,,,,
66664,"SR Metter, LLC",68250,SR Metter,GA,Candler,METTR,Solar Photovoltaic,PV,,S,X,X,,,79.7, ,79.7,79.7,L,6,2026,12,2026,,IPP Non-CHP,2,N,SUN,,,,,, ,,,,,,,,,,,,
66668,"SR North Bastrop, LLC",68251,SR North Bastrop,LA,Morehouse,NBAST,Solar Photovoltaic,PV,,S,X,X,,,4.8, ,4.8,4.8,T,12,2026,12,2026,N,IPP Non-CHP,2,N,SUN,,,,,, ,,,,,,,,,,,,
66665,"SR Quincy Valley, LLC",68252,SR Quincy Valley,WA,Grant,QUVAL,Solar Photovoltaic,PV,,S,X,X,,,130, ,130,130,U,12,2026,12,2026,N,IPP Non-CHP,2,N,SUN,,,,,, ,,,,,,,,,,,,
66666,"SR Rochelle I, LLC",68253,SR Rochelle I,GA,Wilcox,ROCH1,Solar Photovoltaic,PV,,S,X,X,,,90, ,90,90,T,12,2026,12,2026,N,IPP Non-CHP,2,N,SUN,,,,,, ,,,,,,,,,,,,
66667,"SR Sequatchie, LLC",68254,SR Sequatchie,TN,Sequatchie,SEQUA,Solar Photovoltaic,PV,,S,X,X,,,8, ,8,8,U,7,2026,7,2026,N,IPP Non-CHP,2,N,SUN,,,,,, ,,,,,,,,,,,,
66671,"SR Shelby, LLC",68255,SR Shelby,TN,Shelby,SHELB,Solar Photovoltaic,PV,,S,X,X,,,9.8, ,9.8,9.8,T,12,2026,12,2027,N,IPP Non-CHP,2,N,SUN,,,,,, ,,,,,,,,,,,,
66672,"SR South Bastrop, LLC",68256,SR South Bastrop,LA,Morehouse,SBAST,Solar Photovoltaic,PV,,S,X,X,,,4.8, ,4.8,4.8,T,12,2026,12,2026,N,IPP Non-CHP,2,N,SUN,,,,,, ,,,,,,,,,,,,
66673,"SR Winnsboro, LLC",68257,SR Winnsboro,LA,Franklin,WINN,Solar Photovoltaic,PV,,S,X,X,,,4.8, ,4.8,4.8,T,12,2026,12,2026,N,IPP Non-CHP,2,N,SUN,,,,,, ,,,,,,,,,,,,
66674,"SR Wynne South, LLC",68258,SR Wynne South,AR,Cross,WYNS,Solar Photovoltaic,PV,,S,X,X,,,4.8, ,4.8,4.8,T,12,2026,12,2026,N,IPP Non-CHP,2,N,SUN,,,,,, ,,,,,,,,,,,,
66680,Mondu Solar LLC,68263,Mondu Solar LLC,LA,Pointe Coupee,M4515,Solar Photovoltaic,PV,,S,X,X,,,150, ,150,150,U,6,2026,6,2026,N,IPP Non-CHP,2,N,SUN,,,,,, ,,,,,,,,,,,,
66688,Rich Road Solar Energy Center,68264,Rich Road Solar Energy Center,NY,St Lawrence,12345,Solar Photovoltaic,PV,,S,X,X,,,240, ,240,240,L,5,2028,5,2028,N,IPP Non-CHP,2,N,SUN,,,,,, ,,,,,,,,,,,,
67344,CleanChoice Energy,68271,Sweetleaf Solar LLC,NC,Halifax,SWLS1,Solar Photovoltaic,PV,,S,X,X,,,93, ,93,93,T,4,2027,12,2027,,IPP Non-CHP,2,N,SUN,,,,,, ,,,,,,,,,,,,
807,Arkansas Electric Coop Corp,68273,Naples Power Plant,TX,Morris,1,Natural Gas Fired Combustion Turbine,GT,,S,X,X,,,450, ,450,450,P,12,2028,12,2028,N,Electric Utility,1,N,NG,DFO,,,,, ,,,,,,,,,,Y,Y,N
807,Arkansas Electric Coop Corp,68273,Naples Power Plant,TX,Morris,2,Natural Gas Fired Combustion Turbine,GT,,S,X,X,,,450, ,450,450,P,12,2028,12,2028,N,Electric Utility,1,N,NG,DFO,,,,, ,,,,,,,,,,Y,Y,N
66691,Erin Solar LLC,68275,Erin,TX,Wharton,1,Solar Photovoltaic,PV,,S,X,X,,,202, ,202,202,P,6,2025,10,2029,N,IPP Non-CHP,2,N,SUN,,,,,, ,,,,,,,,,,,,
6452,Florida Power & Light Co,68276,Swamp Cabbage,FL,Hendry,1,Solar Photovoltaic,PV,,S,X,X,,,74.5, ,74.5,74.5,V,1,2026,1,2026,,Electric Utility,1,N,SUN,,,,,, ,,,,,,,,,,,,
20421,Western Minnesota Mun Pwr Agny,68277,Brookings Solar,SD,Brookings,1,Solar Photovoltaic,PV,,S,X,X,,,4.9, ,4.9,4.9,U,12,2025,10,2026,N,Electric Utility,1,N,SUN,,,,,, ,,,,,,,,,,,,
66061,BQ Energy Development,68278,Greater Wise Solar Project,VA,Wise,21066,Solar Photovoltaic,PV,,S,X,X,,,20, ,20,20,P,12,2027,12,2027,N,IPP Non-CHP,2,N,SUN,,,,,, ,,,,,,,,,,,,
66701,"CENT bn, LLC",68282,Centralia Battery Energy Storage System,WA,Thurston,CENT,Batteries,BA,,S,X,X,,,200, ,200,200,L,12,2028,12,2028,,IPP Non-CHP,2,N,MWH,,,,,, ,,,,,,,,,N,N,,
66702,"DESA bn, LLC",68283,Desert Sand BESS,AZ,Maricopa,DESA,Batteries,BA,,S,X,X,,,300, ,300,300,L,12,2028,12,2028,,IPP Non-CHP,2,N,MWH,,,,,, ,,,,,,,,,N,N,,
66702,"DESA bn, LLC",68283,Desert Sand BESS,AZ,Maricopa,DESA1,Solar Photovoltaic,PV,,S,X,X,,,300, ,300,300,L,12,2028,12,2028,,IPP Non-CHP,2,N,SUN,,,,,, ,,,,,,,,,,,,
66707,Puuloa Energy LLC,68284,Puuloa Energy,HI,Honolulu,PE-1,Other Waste Biomass,IC,,S,X,X,,,9.4,0.8,9.4,9.4,P,12,2027,4,2029,,IPP Non-CHP,2,N,OBL,NG,,,,, ,,,,,,,,,,Y,N,N
66707,Puuloa Energy LLC,68284,Puuloa Energy,HI,Honolulu,PE-10,Other Waste Biomass,IC,,S,X,X,,,9.4,0.8,9.4,9.4,P,12,2027,4,2029,,IPP Non-CHP,2,N,OBL,NG,,,,, ,,,,,,,,,,Y,N,N
66707,Puuloa Energy LLC,68284,Puuloa Energy,HI,Honolulu,PE-11,Other Waste Biomass,IC,,S,X,X,,,9.4,0.8,9.4,9.4,P,12,2027,4,2029,,IPP Non-CHP,2,N,OBL,NG,,,,, ,,,,,,,,,,Y,N,N
66707,Puuloa Energy LLC,68284,Puuloa Energy,HI,Honolulu,PE-2,Other Waste Biomass,IC,,S,X,X,,,9.4,0.8,9.4,9.4,P,12,2027,4,2029,,IPP Non-CHP,2,N,OBL,NG,,,,, ,,,,,,,,,,Y,N,N
66707,Puuloa Energy LLC,68284,Puuloa Energy,HI,Honolulu,PE-3,Other Waste Biomass,IC,,S,X,X,,,9.4,0.8,9.4,9.4,P,12,2027,4,2029,,IPP Non-CHP,2,N,OBL,NG,,,,, ,,,,,,,,,,Y,N,N
66707,Puuloa Energy LLC,68284,Puuloa Energy,HI,Honolulu,PE-4,Other Waste Biomass,IC,,S,X,X,,,9.4,0.8,9.4,9.4,P,12,2027,4,2029,,IPP Non-CHP,2,N,OBL,NG,,,,, ,,,,,,,,,,Y,N,N
66707,Puuloa Energy LLC,68284,Puuloa Energy,HI,Honolulu,PE-5,Other Waste Biomass,IC,,S,X,X,,,9.4,0.8,9.4,9.4,P,12,2027,4,2029,,IPP Non-CHP,2,N,OBL,NG,,,,, ,,,,,,,,,,Y,N,N
66707,Puuloa Energy LLC,68284,Puuloa Energy,HI,Honolulu,PE-6,Other Waste Biomass,IC,,S,X,X,,,9.4,0.8,9.4,9.4,P,12,2027,4,2029,,IPP Non-CHP,2,N,OBL,NG,,,,, ,,,,,,,,,,Y,N,N
66707,Puuloa Energy LLC,68284,Puuloa Energy,HI,Honolulu,PE-7,Other Waste Biomass,IC,,S,X,X,,,9.4,0.8,9.4,9.4,P,12,2027,4,2029,,IPP Non-CHP,2,N,OBL,NG,,,,, ,,,,,,,,,,Y,N,N
66707,Puuloa Energy LLC,68284,Puuloa Energy,HI,Honolulu,PE-8,Other Waste Biomass,IC,,S,X,X,,,9.4,0.8,9.4,9.4,P,12,2027,4,2029,,IPP Non-CHP,2,N,OBL,NG,,,,, ,,,,,,,,,,Y,N,N
66707,Puuloa Energy LLC,68284,Puuloa Energy,HI,Honolulu,PE-9,Other Waste Biomass,IC,,S,X,X,,,9.4,0.8,9.4,9.4,P,12,2027,4,2029,,IPP Non-CHP,2,N,OBL,NG,,,,, ,,,,,,,,,,Y,N,N
66708,Puuloa Solar LLC,68285,Puuloa Solar,HI,Honolulu,PS-1,Solar Photovoltaic,PV,,S,X,X,,,6.4,1,6.4,6.4,P,3,2026,11,2027,,IPP Non-CHP,2,N,SUN,,,,,, ,,,,,,,,,,,,
66708,Puuloa Solar LLC,68285,Puuloa Solar,HI,Honolulu,PS-2,Batteries,BA,,S,X,X,,,6,1,6,6,P,3,2026,11,2027,,IPP Non-CHP,2,N,MWH,,,,,, ,,,,,,,,,,,,
66681,"EAGL bn, LLC",68287,Eagle Eye Solar and Storage,AZ,La Paz,EAGL1,Solar Photovoltaic,PV,,S,X,X,,,400, ,400,400,L,12,2027,5,2028,,IPP Non-CHP,2,N,SUN,,,,,, ,,,,,,,,,,N,,
66681,"EAGL bn, LLC",68287,Eagle Eye Solar and Storage,AZ,La Paz,EAGL2,Batteries,BA,,S,X,X,,,400, ,400,400,L,12,2027,5,2028,,IPP Non-CHP,2,N,MWH,,,,,, ,,,,,,,,,,,,
66682,"MAHI bn, LLC",68288,Flag Run Solar,IN,Clark,MAHI,Solar Photovoltaic,PV,,S,X,X,,,200, ,200,200,L,12,2028,12,2029,,IPP Non-CHP,2,N,SUN,,,,,, ,,,,,,,,,,,,
66683,"DYSP, LLC",68290,Dyers Spring Solar,KY,Breckinridge,DYSP,Solar Photovoltaic,PV,,S,X,X,,,200, ,200,200,L,10,2027,12,2029,,IPP Non-CHP,2,N,SUN,,,,,, ,,,,,,,,,,,,
66685,"GGSO, LLC",68292,Gage Solar,KY,McCracken,GGSO,Solar Photovoltaic,PV,,S,X,X,,,200, ,200,200,L,12,2027,6,2029,,IPP Non-CHP,2,N,SUN,,,,,, ,,,,,,,,,,,,
66686,"FRON bn, LLC",68293,Frontier Solar,KY,Washington,FRON,Solar Photovoltaic,PV,,S,X,X,,,120, ,120,120,T,6,2027,10,2027,,IPP Non-CHP,2,N,SUN,,,,,, ,,,,,,,,,,,,
22500,"Evergy Kansas Central, Inc",68294,Viola Generating Station,KS,Sumner,VIO1,Natural Gas Fired Combined Cycle,CS,1,J,Y,X,,,765,0.9,693.2,721.1,T,1,2029,1,2029,,Electric Utility,1,N,NG,,,,,, ,,,,,,,,,,N,,
22500,"Evergy Kansas Central, Inc",68295,McNew Generating Station,KS,Reno,MCN1,Natural Gas Fired Combined Cycle,CS,,J,Y,X,,,765,0.9,690.4,717.8,T,1,2030,1,2030,,Electric Utility,1,N,NG,,,,,, ,,,,,,,,,,N,,
12698,Evergy Missouri West,68296,Mullin Creek #1 Generating Station,MO,Nodaway,MC1,Natural Gas Fired Combustion Turbine,GT,,S,X,X,,,489.7,0.84,425.1,450.6,T,1,2030,1,2030,,Electric Utility,1,N,NG,DFO,,,,, ,,,,,,,,,,Y,Y,N
66704,"THSI bn, LLC",68298,THREE SISTERS Solar Generation and BESS,AZ,Pinal,THSI1,Batteries,BA,,S,X,X,,,300, ,300,300,L,8,2027,4,2029,,IPP Non-CHP,2,N,MWH,,,,,, ,,,,,,,,,,,,
66704,"THSI bn, LLC",68298,THREE SISTERS Solar Generation and BESS,AZ,Pinal,THSI2,Solar Photovoltaic,PV,,S,X,X,,,300, ,300,300,L,8,2027,4,2029,,IPP Non-CHP,2,N,SUN,,,,,, ,,,,,,,,,,,,
66705,"TUAL bn, LLC",68299,Tualatin Battery Energy Storage System,OR,Washington,TUAL,Batteries,BA,,S,X,X,,,200,0.9,200,200,L,12,2027,12,2027,,IPP Non-CHP,2,N,MWH,,,,,, ,,,,,,,,,,,,
66714,Lake Trout Solar,68302,Lake Trout Solar,IN,Blackford,LAKET,Solar Photovoltaic,PV,,S,X,X,,,245, ,245,245,P,12,2026,12,2027,N,IPP Non-CHP,2,N,SUN,,,,,, ,,,,,,,,,,,,
66695,Gigawatt Solar LLC,68305,Gigawatt Solar,TX,Parker,GWT1,Solar Photovoltaic,PV,,S,X,X,,,429, ,429,429,P,5,2027,8,2028,N,IPP Non-CHP,2,N,SUN,,,,,, ,,,,,,,,,,,,
66695,Gigawatt Solar LLC,68305,Gigawatt Solar,TX,Parker,GWT2,Solar Photovoltaic,PV,,S,X,X,,,344, ,344,344,P,5,2027,8,2028,N,IPP Non-CHP,2,N,SUN,,,,,, ,,,,,,,,,,,,
66711,"ARFL bn, LLC",68315,Anthelope Hills Solar Generation BESS,MT,Beaverhead,ARFL1,Solar Photovoltaic,PV,,S,X,X,,,200, ,200,200,L,12,2027,12,2027,,IPP Non-CHP,2,N,SUN,,,,,, ,,,,,,,,,,N,,
66711,"ARFL bn, LLC",68315,Anthelope Hills Solar Generation BESS,MT,Beaverhead,ARFL2,Batteries,BA,,S,X,X,,,200, ,200,200,L,12,2027,12,2027,,IPP Non-CHP,2,N,MWH,,,,,, ,,,,,,,,,N,N,,
66712,"BIGL bn, LLC",68316,Biglow Solar Generation and BESS,OR,Sherman,BIGL1,Solar Photovoltaic,PV,,S,X,X,,,125, ,125,125,L,12,2027,12,2027,,IPP Non-CHP,2,N,SUN,,,,,, ,,,,,,,,,,N,,
66712,"BIGL bn, LLC",68316,Biglow Solar Generation and BESS,OR,Sherman,BIGL2,Batteries,BA,,S,X,X,,,125, ,125,125,L,12,2027,12,2027,,IPP Non-CHP,2,N,MWH,,,,,, ,,,,,,,,,N,N,,
66713,"DUTC bn, LLC",68317,Dutchman Solar generation and BESS,WY,Converse,DUTC1,Solar Photovoltaic,PV,,S,X,X,,,499, ,499,499,L,8,2028,6,2029,,IPP Non-CHP,2,N,SUN,,,,,, ,,,,,,,,,,N,,
66713,"DUTC bn, LLC",68317,Dutchman Solar generation and BESS,WY,Converse,DUTC2,Batteries,BA,,S,X,X,,,499, ,499,499,L,8,2028,6,2029,,IPP Non-CHP,2,N,MWH,,,,,, ,,,,,,,,,,N,,
66726,Nimbus Wind Farm LLC,68319,Nimbus Wind Farm,AR,Carroll,NIM,Onshore Wind Turbine,WT,,S,X,X,,,183, ,183,183,V,3,2026,10,2026,,IPP Non-CHP,2,N,WND,,,,,,30,,,,,,,,,,,,
66716,"ATLAS BESS IV, LLC",68321,Atlas BESS IV LLC,AZ,La Paz,ALT4,Batteries,BA,,S,X,X,,,150, ,150,150,V,6,2025,3,2027,,IPP Non-CHP,2,N,MWH,,,,,, ,,,,,,,,,,,,
66718,Atlas VIII LLC,68323,Atlas VIII,AZ,La Paz,ALT8A,Batteries,BA,,S,X,X,,,210.4, ,210.4,210.4,V,6,2026,9,2026,,IPP Non-CHP,2,N,MWH,,,,,, ,,,,,,,,,,,,
66718,Atlas VIII LLC,68323,Atlas VIII,AZ,La Paz,ALT8B,Batteries,BA,,S,X,X,,,172, ,172,172,V,6,2026,11,2026,,IPP Non-CHP,2,N,MWH,,,,,, ,,,,,,,,,,,,
66728,"Show Me State Solar, LLC",68325,Show Me State Solar,MO,Callaway,SMS,Solar Photovoltaic,PV,,S,X,X,,,250, ,250,250,V,12,2026,10,2026,N,IPP Non-CHP,2,N,SUN,,,,,, ,,,,,,,,,N,N,,
66699,"SR Millington II, LLC",68326,SR Millington II,TN,Shelby,MILL2,Solar Photovoltaic,PV,,S,X,X,,,74.9, ,74.9,74.9,V,5,2026,5,2026,,IPP Non-CHP,2,N,SUN,,,,,, ,,,,,,,,,,,,
66715,"Yuma bn, LLC",68328,Pioneer Clean Energy Center,AZ,Yuma,ORCH1,Solar Photovoltaic,PV,,S,X,X,,,300, ,300,300,U,4,2027,4,2027,,IPP Non-CHP,2,N,SUN,,,,,, ,,,,,,,,,,,,
66715,"Yuma bn, LLC",68328,Pioneer Clean Energy Center,AZ,Yuma,ORCH2,Batteries,BA,,S,X,X,,,300, ,300,300,U,4,2027,4,2027,,IPP Non-CHP,2,N,MWH,,,,,, ,,,,,,,,,,,,
15399,Avangrid Power LLC,68329,"Tower Solar, LLC",OR,Morrow,TWS,Solar Photovoltaic,PV,,S,X,X,,,120, ,120,120,V,3,2026,4,2026,N,IPP Non-CHP,2,N,SUN,,,,,, ,,,,,,,,,,,,
66734,"CVSO, LLC",68331,Caverns Solar,FL,Jackson,CVSO,Solar Photovoltaic,PV,,S,X,X,,,75, ,75,75,L,8,2028,12,2029,,IPP Non-CHP,2,N,SUN,,,,,, ,,,,,,,,,,,,
66735,"DEGA bn, LLC",68332,Dega Solar and Storage,AL,Talladega,DEGA1,Solar Photovoltaic,PV,,S,X,X,,,200, ,200,200,L,12,2028,12,2029,,IPP Non-CHP,2,N,SUN,,,,,, ,,,,,,,,,,,,
66735,"DEGA bn, LLC",68332,Dega Solar and Storage,AL,Talladega,DEGA2,Batteries,BA,,S,X,X,,,200, ,200,200,L,12,2028,12,2029,,IPP Non-CHP,2,N,MWH,,,,,, ,,,,,,,,,,,,
66733,"Crossroads bn, LLC",68333,Crossroads Solar - GA,GA,Liberty,CROS,Solar Photovoltaic,PV,,S,X,X,,,150, ,150,150,L,12,2028,7,2029,N,IPP Non-CHP,2,N,SUN,,,,,, ,,,,,,,,,,,,
66742,Evans Creek Energy Storage LLC,68334,Evans Creek Energy Storage Project,TX,Val Verde,EVCRK,Batteries,BA,,S,X,X,,,103, ,103,103,U,6,2026,7,2026,,IPP Non-CHP,2,N,MWH,,,,,, ,,,,,,,,,,,,
66741,Lotus Solar LLC,68337,Lotus Solar,SC,Darlington,LOTUS,Solar Photovoltaic,PV,,S,X,X,,,75, ,75,75,T,10,2027,10,2027,,IPP Non-CHP,2,N,SUN,,,,,, ,,,,,,,,,,,,
14232,Otter Tail Power Co,68339,Abercrombie Solar,ND,Richland,1,Solar Photovoltaic,PV,,S,X,X,,,295.1, ,295.1,295.1,L,8,2028,8,2028,N,Electric Utility,1,N,SUN,,,,,, ,,,,,,,,,,,,
14232,Otter Tail Power Co,68340,Solway Solar,MN,Beltrami,1,Solar Photovoltaic,PV,,S,X,X,,,50, ,50,50,L,12,2026,12,2026,N,Electric Utility,1,N,SUN,,,,,, ,,,,,,,,,,,,
66736,"GREE bn, LLC",68341,Greenwater BESS,WA,Pierce,GREE,Batteries,BA,,S,X,X,,,200, ,200,200,U,9,2026,12,2026,,IPP Non-CHP,2,N,MWH,,,,,, ,,,,,,,,,,,,
66737,"HOHI bn, LLC",68342,Hop Hill Solar Generation and BESS,WA,Benton,HOHI,Onshore Wind Turbine,WT,,S,X,X,,,200, ,200,200,L,6,2029,9,2031,,IPP Non-CHP,2,N,WND,,,,,,73,,,,,,,,,,,,
66737,"HOHI bn, LLC",68342,Hop Hill Solar Generation and BESS,WA,Benton,HOHI1,Solar Photovoltaic,PV,,S,X,X,,,500, ,500,500,L,12,2028,9,2031,,IPP Non-CHP,2,N,SUN,,,,,, ,,,,,,,,,,,,
66737,"HOHI bn, LLC",68342,Hop Hill Solar Generation and BESS,WA,Benton,HOHI2,Batteries,BA,,S,X,X,,,500, ,500,500,L,12,2028,9,2031,,IPP Non-CHP,2,N,MWH,,,,,, ,,,,,,,,,,,,
66738,"GRVA bn, LLC",68343,Grand Valley Solar Generation and BESS,CO,Mesa,GRVA1,Solar Photovoltaic,PV,,S,X,X,,,100, ,100,100,L,12,2027,10,2029,,IPP Non-CHP,2,N,SUN,,,,,, ,,,,,,,,,,,,
66738,"GRVA bn, LLC",68343,Grand Valley Solar Generation and BESS,CO,Mesa,GRVA2,Batteries,BA,,S,X,X,,,100, ,100,100,L,12,2027,10,2029,,IPP Non-CHP,2,N,MWH,,,,,, ,,,,,,,,,,,,
66739,"LOSN, LLC",68344,Lower Snake Solar Generation BESS,WA,Garfield,LOSN1,Solar Photovoltaic,PV,,S,X,X,,,300, ,300,300,L,6,2028,10,2029,,IPP Non-CHP,2,N,SUN,,,,,, ,,,,,,,,,,,,
66739,"LOSN, LLC",68344,Lower Snake Solar Generation BESS,WA,Garfield,LOSN2,Batteries,BA,,S,X,X,,,300, ,300,300,L,6,2028,10,2029,,IPP Non-CHP,2,N,MWH,,,,,, ,,,,,,,,,,,,
66750,Abeja Solar Farm LLC,68347,Abeja Solar Farm,TX,Bee,ABPV1,Solar Photovoltaic,PV,,S,X,X,,,200,0.95,200,200,P,7,2027,7,2028,N,IPP Non-CHP,2,N,SUN,,,,,, ,,,,,,,,,,,,
66751,Alamo City ESS LLC,68348,Alamo City ESS,TX,Bexar,ACESS,Batteries,BA,,S,X,X,,,200,0.95,200,200,P,7,2027,7,2027,,IPP Non-CHP,2,N,MWH,,,,,, ,,,,,,,,,,,,
66752,Avant Prairie ESS LLC,68349,Avant Prairie ESS,TX,Freestone,AVBS1,Batteries,BA,,S,X,X,,,200,0.95,200,200,P,7,2027,7,2029,N,IPP Non-CHP,2,N,MWH,,,,,, ,,,,,,,,,,,,
66754,Bravo ESS LLC,68350,Bravo ESS,TX,Zapata,BESS1,Batteries,BA,,S,X,X,,,200,0.95,200,200,P,7,2027,7,2029,,IPP Non-CHP,2,N,MWH,,,,,, ,,,,,,,,,,,,
66755,Clairemont Solar LLC,68351,Clairemont Solar,TX,Kent,CLAPV,Solar Photovoltaic,PV,,S,X,X,,,500,0.95,500,500,P,7,2027,7,2029,,IPP Non-CHP,2,N,SUN,,,,,, ,,,,,,,,,,,,
66756,Girasol Solar Farm LLC,68352,Girasol Solar Farm,MS,Sunflower,GIPV1,Solar Photovoltaic,PV,,S,X,X,,,100,0.95,100,100,P,12,2028,12,2028,N,IPP Non-CHP,2,N,SUN,,,,,, ,,,,,,,,,,,,
66757,La Salle ESS LLC,68353,La Salle ESS,TX,LaSalle,LSBS1,Batteries,BA,,S,X,X,,,500,0.95,500,500,P,7,2027,7,2029,N,IPP Non-CHP,2,N,MWH,,,,,, ,,,,,,,,,,,,
66758,La Salle Solar LLC,68354,La Salle Solar,TX,LaSalle,LSPV1,Solar Photovoltaic,PV,,S,X,X,,,500,0.95,500,500,P,7,2027,9,2028,N,IPP Non-CHP,2,N,SUN,,,,,, ,,,,,,,,,,,,
66759,Lazy U ESS 1 LLC,68355,Lazy U ESS 1,TX,Hardeman,LUBA1,Batteries,BA,,S,X,X,,,250,0.95,250,250,P,7,2027,7,2030,,IPP Non-CHP,2,N,MWH,,,,,, ,,,,,,,,,,,,
66760,Lazy U ESS 2 LLC,68356,Lazy U ESS 2,TX,Hardeman,LUBA2,Batteries,BA,,S,X,X,,,250,0.95,250,250,P,7,2026,7,2029,,IPP Non-CHP,2,N,MWH,,,,,, ,,,,,,,,,,,,
66761,Lazy U Solar 1 LLC,68357,Lazy U Solar 1,TX,Hardeman,LUPV1,Solar Photovoltaic,PV,,S,X,X,,,250,0.95,250,250,P,7,2026,7,2029,,IPP Non-CHP,2,N,SUN,,,,,, ,,,,,,,,,,,,
66762,Lazy U Solar 2 LLC,68358,Lazy U Solar 2,TX,Hardeman,LUPV2,Solar Photovoltaic,PV,,S,X,X,,,250,0.95,250,250,P,7,2026,7,2029,,IPP Non-CHP,2,N,SUN,,,,,, ,,,,,,,,,,,,
67700,"Pepper Solar Farm, LLC",68359,Pepper Solar Farm,TX,McLennan,OCPSF,Solar Photovoltaic,PV,,S,X,X,,,120,0.95,120,120,P,7,2027,7,2027,,IPP Non-CHP,2,N,SUN,,,,,, ,,,,,,,,,,,,
66764,Prost ESS LLC,68360,Prost ESS,TX,Austin,PRESS,Batteries,BA,,S,X,X,,,200,0.95,200,200,P,7,2027,7,2029,,IPP Non-CHP,2,N,MWH,,,,,, ,,,,,,,,,,,,
66765,Rush ESS LLC,68361,Rush ESS,TX,Bexar,RUESS,Batteries,BA,,S,X,X,,,200,0.95,200,200,P,7,2027,12,2031,,IPP Non-CHP,2,N,MWH,,,,,, ,,,,,,,,,,,,
66766,Sun Angel ESS LLC,68362,Sun Angel ESS,TX,Angelina,SABS1,Batteries,BA,,S,X,X,,,200,0.95,200,200,P,7,2028,7,2028,N,IPP Non-CHP,2,N,MWH,,,,,, ,,,,,,,,,,,,
66767,SunShiner ESS LLC,68363,SunShiner ESS,TX,Zavala,SSESS,Batteries,BA,,S,X,X,,,200,0.95,200,200,P,7,2027,7,2029,,IPP Non-CHP,2,N,MWH,,,,,, ,,,,,,,,,,,,
66768,Tex-Bar ESS LLC,68364,Tex-Bar ESS,TX,Madison,TBESS,Batteries,BA,,S,X,X,,,200,0.95,200,200,P,7,2027,7,2029,,IPP Non-CHP,2,N,MWH,,,,,, ,,,,,,,,,,,,
66769,"Old 300 Storage Center, LLC",68365,Old 300 Storage Center,TX,Fort Bend,8681,Batteries,BA,,S,X,X,,,250,0.95,250,250,V,3,2026,4,2026,,IPP Non-CHP,2,N,MWH,,,,,, ,,,,,,,,,,,,
66731,BrightNight Power,68366,AGATE BESS,WA,Kitsap,AGAT,Batteries,BA,,W,X,X,,,170, ,170,170,L,12,2027,2,2029,,IPP Non-CHP,2,N,MWH,,,,,, ,,,,,,,,,,,,
66731,BrightNight Power,68367,Pepper Hammock Solar and Storage,GA,Wayne,PEHA,Solar Photovoltaic,PV,,W,X,X,,,900, ,900,900,L,10,2028,9,2029,,IPP Non-CHP,2,N,SUN,,,,,, ,,,,,,,,,,,,
66731,BrightNight Power,68367,Pepper Hammock Solar and Storage,GA,Wayne,PEHA1,Solar Photovoltaic,PV,,W,X,X,,,"1,200.00", ,"1,200.00","1,200.00",L,8,2027,9,2029,,IPP Non-CHP,2,N,SUN,,,,,, ,,,,,,,,,,,,
66731,BrightNight Power,68367,Pepper Hammock Solar and Storage,GA,Wayne,PEHA2,Batteries,BA,,W,X,X,,,400, ,400,400,L,12,2028,9,2029,,IPP Non-CHP,2,N,MWH,,,,,, ,,,,,,,,,,,,
66731,BrightNight Power,68368,Mayfield Solar and Storage,KY,McCracken,MYSO,Solar Photovoltaic,PV,,W,X,X,,,200, ,200,200,L,12,2028,10,2029,,IPP Non-CHP,2,N,SUN,,,,,, ,,,,,,,,,,,,
66731,BrightNight Power,68369,Starfire Mountain Solar,KY,Perry,STMO,Solar Photovoltaic,PV,,W,X,X,,,410, ,410,410,L,9,2027,9,2029,,IPP Non-CHP,2,N,SUN,,,,,, ,,,,,,,,,,,,
66731,BrightNight Power,68370,Salmonfly Solar and Storage,OR,Jefferson,SALM,Solar Photovoltaic,PV,,W,X,X,,,247, ,247,247,L,1,2028,2,2029,,IPP Non-CHP,2,N,SUN,,,,,, ,,,,,,,,,,,,
66731,BrightNight Power,68370,Salmonfly Solar and Storage,OR,Jefferson,SALM2,Batteries,BA,,W,X,X,,,247, ,247,247,L,1,2028,2,2029,,IPP Non-CHP,2,N,MWH,,,,,, ,,,,,,,,,,,,
66731,BrightNight Power,68371,Red Butte Solar and Storage,UT,Iron,REBU,Solar Photovoltaic,PV,,W,X,X,,,300, ,300,300,L,12,2027,4,2029,,IPP Non-CHP,2,N,SUN,,,,,, ,,,,,,,,,,,,
66731,BrightNight Power,68371,Red Butte Solar and Storage,UT,Iron,REBU2,Batteries,BA,,W,X,X,,,300, ,300,300,L,12,2027,4,2029,,IPP Non-CHP,2,N,MWH,,,,,, ,,,,,,,,,,,,
66729,"Industrial Bravo Project, LLC",68380,Isaac Solar,TX,Matagorda,ISCPV,Solar Photovoltaic,PV,,S,X,X,,,51.4,1,50,50,L,3,2026,12,2026,N,IPP Non-CHP,2,N,SUN,,,,,, ,,,,,,,,,,,,
64904,AES Clean Energy,68388,AES Rt 5 Solar CSG,NY,Genesee,RT5SS,Solar Photovoltaic,PV,,S,X,X,,,5, ,4.9,1,V,3,2025,8,2026,,IPP Non-CHP,2,N,SUN,,,,,, ,,,,,,,,,,,,
64904,AES Clean Energy,68389,AES Glengarry Farms Solar CSG,NY,Franklin,GLENG,Solar Photovoltaic,PV,,S,X,X,,,5, ,4.9,1,V,3,2025,9,2026,N,IPP Non-CHP,2,N,SUN,,,,,, ,,,,,,,,,,,,
65043,Madison Energy Investments LLC,68392,IL2 - W109,IL,Will,IL2PV,Solar Photovoltaic,PV,,S,X,X,,,4.9, ,4.9,4.9,U,3,2023,9,2026,N,IPP Non-CHP,2,,SUN,,,,,, ,,,,,,,,,N,,,
66778,"Sunstone Solar, LLC",68396,Sunstone Solar,OR,Morrow,PGB45,Batteries,BA,,S,X,X,,,"1,200.00", ,"1,200.00","1,200.00",L,12,2027,12,2027,,IPP Non-CHP,2,N,MWH,,,,,, ,,,,,,,,,,,,
66778,"Sunstone Solar, LLC",68396,Sunstone Solar,OR,Morrow,PGR45,Solar Photovoltaic,PV,,S,X,X,,,"1,200.00", ,"1,200.00","1,200.00",L,12,2027,12,2027,,IPP Non-CHP,2,N,SUN,,,,,, ,,,,,,,,,,,,
803,Arizona Public Service Co,68397,Ironwood Solar,AZ,Yuma,I168M,Solar Photovoltaic,PV,,S,X,X,,,168, ,168,168,TS,5,2026,11,2026,,Electric Utility,1,N,SUN,,,,,, ,,,,,,,,,,N,,
66782,"Brazoria Solar i, LLC",68410,Brazoria Solar I,TX,Brazoria,BRAZ,Solar Photovoltaic,PV,,S,X,X,,,125, ,125,125,TS,5,2025,8,2026,N,IPP Non-CHP,2,N,SUN,,,,,, ,,,,,,,,,,,,
66782,"Brazoria Solar i, LLC",68410,Brazoria Solar I,TX,Brazoria,BRAZ2,Solar Photovoltaic,PV,,S,X,X,,,125, ,125,125,TS,5,2025,8,2026,N,IPP Non-CHP,2,N,SUN,,,,,, ,,,,,,,,,,,,
66710,"Industrial Kilo Project, LLC",68411,Noor Solar,TX,Chambers,NORPV,Solar Photovoltaic,PV,,S,X,X,,,188.2,1,185,185,L,5,2027,3,2028,,IPP Non-CHP,2,N,SUN,,,,,, ,,,,,,,,,,,,
66774,Old Town Wind LLC,68413,Old Town Wind,IL,Marshall,OT,Onshore Wind Turbine,WT,,S,X,X,Not assigned yet,Not assigned yet,178, ,178,178,P,12,2027,10,2029,N,IPP Non-CHP,2,,WND,,,,,,40,,,,,,,,,,,,
66784,"311SV 8me, LLC",68414,Catclaw Solar,AZ,Maricopa,CC8,Solar Photovoltaic,PV,,S,X,X,,,200,0.95,200,200,V,11,2026,6,2026,,IPP Non-CHP,2,N,SUN,,,,,, ,,,,,,,,,,N,,
66784,"311SV 8me, LLC",68414,Catclaw Solar,AZ,Maricopa,SV,Batteries,BA,,S,X,X,,,250,0.95,250,250,U,11,2026,6,2026,,IPP Non-CHP,2,N,MWH,,,,,, ,,,,,,,,,N,N,,
64457,"VCP Realty, LLC",68416,Crooked Trail Solar,ME,Penobscot,CTS1,Solar Photovoltaic,PV,,S,X,X,,,68, ,68,68,P,10,2029,10,2029,N,IPP Non-CHP,2,N,SUN,,,,,, ,,,,,,,,,,,,
17698,Southwestern Electric Power Co,68417,Hallsville,TX,Harrison,1,Natural Gas Fired Combustion Turbine,GT,,S,X,X,,,225,0.95,200,225,P,12,2027,12,2027,,Electric Utility,1,N,NG,,,,,, ,,,,,,,,,,N,,
17698,Southwestern Electric Power Co,68417,Hallsville,TX,Harrison,2,Natural Gas Fired Combustion Turbine,GT,,S,X,X,,,225,0.95,200,225,P,12,2027,12,2027,,Electric Utility,1,N,NG,,,,,, ,,,,,,,,,,N,,
64904,AES Clean Energy,68418,Keydet Solar Center,VA,Charles City,KEYDT,Solar Photovoltaic,PV,,S,X,X,,,120, ,120,120,V,6,2025,3,2026,N,IPP Non-CHP,2,N,SUN,,,,,, ,,,,,,,,,,,,
66812,Callisto II Energy Center LLC,68422,Callisto II Energy Center,TX,Harris,CALII,Batteries,BA,,S,X,X,,,200, ,200,200,T,7,2026,11,2026,,IPP Non-CHP,2,N,MWH,,,,,, ,,,,,,,,,,,,
66815,Tidwell Prairie IIA LLC,68425,Tidwell Prairie II,TX,Robertson,TWPII,Batteries,BA,,S,X,X,,,200, ,200,200,U,3,2026,10,2026,N,IPP Non-CHP,2,N,MWH,,,,,, ,,,,,,,,,,,,
66816,Voyager Energy Storage LLC,68426,Voyager Energy Storage,MI,Washtenaw,VOYGR,Batteries,BA,,S,X,X,,,100, ,100,100,P,1,2027,1,2027,,IPP Non-CHP,2,N,MWH,,,,,, ,,,,,,,,,,,,
66786,Gatsby Energy Storage LLC,68428,Gatsby Energy Storage Project,TX,Pecos,GTSBY,Batteries,BA,,S,X,X,,,103.4, ,103.4,103.4,U,3,2027,3,2027,,IPP Non-CHP,2,N,MWH,,,,,, ,,,,,,,,,,,,
66797,Cadence Solar Energy LLC,68431,Cadence Solar Energy Center,OH,Union,CADNC,Solar Photovoltaic,PV,,S,X,X,,,240, ,240,240,V,6,2026,1,2026,,IPP Non-CHP,2,,SUN,,,,,, ,,,,,,,,,,,,
65043,Madison Energy Investments LLC,68436,WPR RE Holdings,CA,Kern,22323,Solar Photovoltaic,PV,,S,X,X,,,2.9, ,2.9,2,TS,9,2024,1,2026,,IPP Non-CHP,2,N,SUN,,,,,, ,,,,,,,,,,,,
65043,Madison Energy Investments LLC,68439,NorCal FPV 1,CA,Alameda,17184,Solar Photovoltaic,PV,,S,X,X,,,10, ,10,7,V,4,2025,10,2026,,Industrial Non-CHP,6,N,SUN,,,,,, ,,,,,,,,,,,,
66796,Empire Offshore Wind LLC,68443,Empire Wind 1,NY,Kings,EMP01,Offshore Wind Turbine,WS,,S,X,X,,,810,0.85,810,810,U,4,2027,9,2027,,IPP Non-CHP,2,N,WND,,,,,,54,,,,,,,,,,,,
66818,301AK 8me LLC,68452,Kitt Solar,AZ,Pinal,KITTB,Batteries,BA,,S,X,X,,,100, ,100,100,P,12,2026,12,2026,,IPP Non-CHP,2,N,MWH,,,,,, ,,,,,,,,,,,,
66818,301AK 8me LLC,68452,Kitt Solar,AZ,Pinal,KITTS,Solar Photovoltaic,PV,,S,X,X,,,100, ,100,100,U,12,2026,12,2026,,IPP Non-CHP,2,N,SUN,,,,,, ,,,,,,,,,,,,
66819,Kentucky Municipal Energy Agency,68453,KYMEA Energy Center I,KY,Hopkins,1,Natural Gas Internal Combustion Engine,IC,,S,X,X,,,18.8, ,18.8,18.8,L,6,2027,6,2027,,Electric Utility,1,N,NG,,,,,, ,,,,,,,,,,N,,
66819,Kentucky Municipal Energy Agency,68453,KYMEA Energy Center I,KY,Hopkins,2,Natural Gas Internal Combustion Engine,IC,,S,X,X,,,18.8, ,18.8,18.8,L,6,2027,6,2027,,Electric Utility,1,N,NG,,,,,, ,,,,,,,,,,N,,
66819,Kentucky Municipal Energy Agency,68453,KYMEA Energy Center I,KY,Hopkins,3,Natural Gas Internal Combustion Engine,IC,,S,X,X,,,18.8, ,18.8,18.8,L,6,2027,6,2027,,Electric Utility,1,N,NG,,,,,, ,,,,,,,,,,N,,
66819,Kentucky Municipal Energy Agency,68453,KYMEA Energy Center I,KY,Hopkins,4,Natural Gas Internal Combustion Engine,IC,,S,X,X,,,18.8, ,18.8,18.8,L,6,2027,6,2027,,Electric Utility,1,N,NG,,,,,, ,,,,,,,,,N,N,,
66825,"Blue Summit II Storage, LLC",68456,Blue Summit II Storage,TX,Wilbarger,BSIIS,Batteries,BA,,S,X,X,,,150, ,150,150,V,12,2025,2,2026,,IPP Non-CHP,2,N,MWH,,,,,, ,,,,,,,,,,,,
66822,"Bob Creek Wind, LLC",68459,"Bob Creek Wind, LLC",TX,Sterling,5961,Onshore Wind Turbine,WT,,S,X,X,,,175, ,175,175,P,4,2028,4,2028,,IPP Non-CHP,2,N,WND,,,,,,59,,,,,,,,,,,,
66831,Key Energy Storage LLC,68461,Key Energy Storage,CA,Fresno,KEYBA,Batteries,BA,,S,X,X,,,75, ,75,75,U,10,2026,12,2026,,IPP Non-CHP,2,N,MWH,,,,,, ,,,,,,,,,,,,
66831,Key Energy Storage LLC,68461,Key Energy Storage,CA,Fresno,KEYBB,Batteries,BA,,S,X,X,,,190, ,190,190,T,4,2027,4,2027,,IPP Non-CHP,2,N,MWH,,,,,, ,,,,,,,,,,,,
66831,Key Energy Storage LLC,68461,Key Energy Storage,CA,Fresno,KEYBC,Batteries,BA,,S,X,X,,,35, ,35,35,T,4,2027,4,2027,,IPP Non-CHP,2,N,MWH,,,,,, ,,,,,,,,,,,,
66798,"Imperator Solar, LLC",68465,Imperator Solar,CA,Kern,22324,Solar Photovoltaic,PV,,S,X,X,,,2, ,2,1.3,TS,9,2024,10,2026,,Industrial Non-CHP,6,N,SUN,,,,,, ,,,,,,,,,,,,
66217,Copia Power,68466,Centennial Flats,AZ,La Paz,CFB1,Batteries,BA,,S,X,X,,,89, ,89,89,U,1,2026,6,2026,,IPP Non-CHP,2,N,MWH,,,,,, ,,,,,,,,,,N,,
66217,Copia Power,68466,Centennial Flats,AZ,La Paz,CFB2,Batteries,BA,,S,X,X,,,89, ,89,89,U,1,2026,7,2026,,IPP Non-CHP,2,N,MWH,,,,,, ,,,,,,,,,,N,,
66217,Copia Power,68466,Centennial Flats,AZ,La Paz,CFB3,Batteries,BA,,S,X,X,,,89, ,89,89,U,1,2026,9,2026,,IPP Non-CHP,2,N,MWH,,,,,, ,,,,,,,,,,N,,
66217,Copia Power,68466,Centennial Flats,AZ,La Paz,CFPV1,Solar Photovoltaic,PV,,S,X,X,,,166.7, ,166.7,166.7,U,1,2026,6,2026,,IPP Non-CHP,2,N,SUN,,,,,, ,,,,,,,,,,,,
66217,Copia Power,68466,Centennial Flats,AZ,La Paz,CFPV2,Solar Photovoltaic,PV,,S,X,X,,,166.7, ,166.7,166.7,U,1,2026,7,2026,,IPP Non-CHP,2,N,SUN,,,,,, ,,,,,,,,,,,,
66217,Copia Power,68466,Centennial Flats,AZ,La Paz,CFPV3,Solar Photovoltaic,PV,,S,X,X,,,166.7, ,166.7,166.7,U,1,2026,9,2026,,IPP Non-CHP,2,N,SUN,,,,,, ,,,,,,,,,,,,
18454,Tampa Electric Co,68472,Long Branch Solar,FL,Manatee,1,Solar Photovoltaic,PV,,S,X,X,,,74.5, ,74.5,74.5,V,12,2025,2,2026,,Electric Utility,1,N,SUN,,,,,, ,,,,,,,,,,,,
64904,AES Clean Energy,68473,Brookside Solar,NY,Franklin,BROOK,Solar Photovoltaic,PV,,W,X,X,,,100, ,100,100,L,9,2027,9,2027,,IPP Non-CHP,2,N,SUN,,,,,, ,,,,,,,,,,,,
66844,Pediment BESS I LLC,68477,Pediment BESS I,AZ,Maricopa,1,Batteries,BA,,S,X,X,,,250,0.95,250,250,TS,4,2026,4,2026,N,IPP Non-CHP,2,N,MWH,,,,,, ,,,,,,,,,,,,
66836,"Mustang Creek Solar I, LLC",68478,Darkwood Solar,TX,Comanche,DRK,Solar Photovoltaic,PV,,S,X,X,,,150.7, ,150.7,150.7,L,1,2027,10,2027,N,IPP Non-CHP,2,N,SUN,,,,,, ,,,,,,,,,,,,
66827,"Wichita Solar I, LLC",68479,Short Creek Solar,TX,Wichita,SHRT,Solar Photovoltaic,PV,,S,X,X,,,606.4, ,605,605,L,3,2029,3,2028,,IPP Non-CHP,2,N,SUN,,,,,, ,,,,,,,,,,,,
66828,"Laurens Solar I, LLC",68480,Laurens Solar,GA,Laurens,LS1,Solar Photovoltaic,PV,,S,X,X,,,150, ,150,150,L,6,2027,6,2028,,IPP Non-CHP,2,N,SUN,,,,,, ,,,,,,,,,,,,
66829,"Hill Solar II, LLC",68481,Hill Solar II,TX,Hill,HS2,Solar Photovoltaic,PV,,S,X,X,,,200,0.95,200,200,V,12,2025,8,2026,N,IPP Non-CHP,2,N,SUN,,,,,, ,,,,,,,,,,,,
66856,22SV 8ME LLC,68485,Rexford 2 Solar Farm,CA,Tulare,22SVA,Solar Photovoltaic,PV,,S,X,X,,,200, ,200,200,P,12,2028,12,2028,N,IPP Non-CHP,2,N,SUN,,,,,, ,,,,,,,,,,,,
66856,22SV 8ME LLC,68485,Rexford 2 Solar Farm,CA,Tulare,22SVB,Batteries,BA,,S,X,X,,,200,0.8,200,200,P,12,2028,12,2028,N,IPP Non-CHP,2,N,MWH,,,,,, ,,,,,,,,,,,,
66857,44ST 8ME LLC,68486,Sienna 2 Solar and Storage Project,CA,San Bernardino,44STA,Solar Photovoltaic,PV,,S,X,X,,,55, ,55,55,P,3,2029,3,2029,,IPP Non-CHP,2,N,SUN,,,,,, ,,,,,,,,,,,,
66857,44ST 8ME LLC,68486,Sienna 2 Solar and Storage Project,CA,San Bernardino,44STB,Batteries,BA,,S,X,X,,,55,0.8,55,55,P,3,2029,3,2029,,IPP Non-CHP,2,N,MWH,,,,,, ,,,,,,,,,,,,
66852,"PVS 2, LLC",68487,Pleasant Valley Solar 2 Project,ID,Ada,PVS2,Solar Photovoltaic,PV,,S,X,X,,,125,0.95,125,125,U,5,2026,4,2026,N,IPP Non-CHP,2,N,SUN,,,,,, ,,,,,,,,,,,,
66864,"Broadleaf Solar, LLC",68490,Broadleaf Solar,CT,Hartford,BLS,Solar Photovoltaic,PV,,S,X,X,,,200, ,200,200,P,1,2027,4,2028,N,IPP Non-CHP,2,N,SUN,,,,,, ,,,,,,,,,,,,
66865,"Freedom Pine Solar, LLC",68491,Freedom Pine Solar,ME,York,FPS,Solar Photovoltaic,PV,,S,X,X,,,250, ,250,250,P,1,2029,1,2029,N,IPP Non-CHP,2,N,SUN,,,,,, ,,,,,,,,,,,,
66853,"Sun Pond, LLC",68492,Sun Pond,AZ,Maricopa,GEN01,Solar Photovoltaic,PV,,S,X,X,,,85, ,85,85,V,4,2026,4,2026,N,IPP Non-CHP,2,N,SUN,,,,,, ,,,,,,,,,,,,
66853,"Sun Pond, LLC",68492,Sun Pond,AZ,Maricopa,GEN02,Batteries,BA,,S,X,X,,,85,0.95,85,85,V,4,2026,4,2026,N,IPP Non-CHP,2,N,MWH,,,,,, ,,,,,,,,,,,,
66848,VESI 15 LLC,68494,Shirk Energy Storage,CA,Tulare,SHRK1,Batteries,BA,,S,X,X,,,80,0.95,80,80,V,6,2025,3,2026,,IPP Non-CHP,2,N,MWH,,,,,, ,,,,,,,,,,,,
66849,VESI 37 LLC,68495,Bird Dog Energy Storage,TX,San Patricio,BDOG1,Batteries,BA,,S,X,X,,,60,0.95,60,60,V,1,2026,10,2026,,IPP Non-CHP,2,N,MWH,,,,,, ,,,,,,,,,,,,
67192,RWE Clean Energy,68499,"Crowned Heron 1 - Storage, LLC",TX,Fort Bend,CWHBA,Batteries,BA,,S,X,X,,,150, ,150,150,TS,7,2025,6,2026,,IPP Non-CHP,2,N,MWH,,,,,, ,,,,,,,,,,,,
67192,RWE Clean Energy,68500,"Crowned Heron 2 - Storage, LLC",TX,Fort Bend,CWH2,Batteries,BA,,S,X,X,,,150, ,150,150,V,12,2025,9,2026,,IPP Non-CHP,2,N,MWH,,,,,, ,,,,,,,,,,,,
20856,Wisconsin Power & Light Co,68501,McFarland Schools Customer Hosted,WI,Dane,PV1,Solar Photovoltaic,PV,,S,X,X,,,1.4, ,1.4,1.4,V,12,2025,6,2026,N,Electric Utility,1,N,SUN,,,,,, ,,,,,,,,,,N,,
20856,Wisconsin Power & Light Co,68502,Vienna Walbec Customer Hosted,WI,Dane,PV1,Solar Photovoltaic,PV,,S,X,X,,,1.4, ,1.4,1.4,U,12,2025,11,2026,N,Electric Utility,1,N,SUN,,,,,, ,,,,,,,,,,N,,
66841,"SL Energy Power Plant I, LLC",68504,Sandow Lakes Energy Station,TX,Lee,SLES1,Natural Gas Fired Combined Cycle,CS,,S,Y,N,,,645,0.85,590,637,P,8,2028,10,2028,N,IPP Non-CHP,2,N,NG,,,,,, ,,,,,,,,N,,N,U,N
66841,"SL Energy Power Plant I, LLC",68504,Sandow Lakes Energy Station,TX,Lee,SLES2,Natural Gas Fired Combined Cycle,CS,,S,Y,N,,,645,0.85,590,637,P,10,2028,12,2028,N,IPP Non-CHP,2,N,NG,,,,,, ,,,,,,,,N,N,N,,
66874,"Excelsior Energy Center, LLC",68507,Excelsior Energy Center,NY,Genesee,EEC,Solar Photovoltaic,PV,,S,X,X,,,280, ,280,280,U,11,2026,11,2026,,IPP Non-CHP,2,N,SUN,,,,,, ,,,,,,,,,,,,
67192,RWE Clean Energy,68509,"Ventasso Energy Storage, LLC",CA,San Diego,VNT,Batteries,BA,,S,X,X,,,50, ,50,50,V,9,2025,3,2026,,IPP Non-CHP,2,N,MWH,,,,,, ,,,,,,,,,,,,
65265,Repsol Renewables NA,68510,Ritter Solar,OH,Fulton,CFC1,Solar Photovoltaic,PV,,S,X,X,,,199, ,199,199,P,12,2027,12,2027,N,IPP Non-CHP,2,N,SUN,,,,,, ,,,,,,,,,,,,
65265,Repsol Renewables NA,68511,Henry Solar,OH,Henry,CHC1,Solar Photovoltaic,PV,,S,X,X,,,206, ,206,206,P,12,2028,12,2028,N,IPP Non-CHP,2,N,SUN,,,,,, ,,,,,,,,,,,,
7140,Georgia Power Co,68512,McGrau Ford Battery Storage Facility,GA,Cherokee,1,Batteries,BA,,S,X,X,,,265, ,265,265,U,2,2026,8,2026,,Electric Utility,1,N,MWH,,,,,, ,,,,,,,,,,,,
7140,Georgia Power Co,68512,McGrau Ford Battery Storage Facility,GA,Cherokee,2,Batteries,BA,,S,X,X,,,265, ,265,265,U,10,2026,8,2026,,Electric Utility,1,N,MWH,,,,,, ,,,,,,,,,,,,
66781,Mammoth Central II LLC,68514,Mammoth Central II Solar Facility,IN,Pulaski,MC201,Solar Photovoltaic,PV,,S,X,X,Olive 345 kV,,300, ,300,300,U,12,2026,10,2026,N,IPP Non-CHP,2,Y,SUN,,,,,, ,,,,,,,,,,,,
66901,"Greer Solar, LLC",68515,Greer Solar Plant,MS,Washington,GREER,Solar Photovoltaic,PV,,S,X,X,,,200, ,200,200,P,12,2026,12,2026,N,IPP Non-CHP,2,N,SUN,,,,,, ,,,,,,,,,,,,
66904,Boot Hill Solar LLC,68517,Boot Hill Solar,KS,Ford,BHS,Solar Photovoltaic,PV,,S,X,X,,,150, ,150,150,V,2,2026,4,2026,,IPP Non-CHP,2,N,SUN,,,,,, ,,,,,,,,,,,,
60059,ZGlobal Inc,68518,Merced 2 BESS,CA,Merced,MRC2B,Batteries,BA,,W,X,X,,,2,0.89,2,2,TS,1,2026,9,2026,,IPP Non-CHP,2,N,MWH,,,,,, ,,,,,,,,,,,,
60059,ZGlobal Inc,68519,Madena 3,CA,Yuba,MDNA3,Batteries,BA,,W,X,X,,,3.9,0.89,3.9,3.9,U,6,2026,1,2027,,IPP Non-CHP,2,N,MWH,,,,,, ,,,,,,,,,,,,
60059,ZGlobal Inc,68520,Madena 4,CA,Placer,MNDA4,Batteries,BA,,W,X,X,,,5,0.9,5,5,T,6,2026,4,2027,,IPP Non-CHP,2,N,MWH,,,,,, ,,,,,,,,,,,,
60531,Standard Solar,68526,Kama 1 LLC,CA,Mendocino,11,Solar Photovoltaic,PV,,S,X,X,,,0.8, ,0.8,0.8,TS,10,2025,5,2026,,IPP Non-CHP,2,N,SUN,,,,,, ,,,,,,,,,N,N,,
60531,Standard Solar,68526,Kama 1 LLC,CA,Mendocino,11B,Batteries,BA,,S,X,X,,,0.8, ,0.8,0.8,TS,10,2025,5,2026,,IPP Non-CHP,2,N,MWH,,,,,, ,,,,,,,,,,N,,
66907,Laketricity USA Inc.,68528,Dynamo Solar LLC,CA,Napa,77,Solar Photovoltaic,PV,,S,X,X,,,24.5, ,24.5,24.5,L,11,2025,12,2027,,IPP Non-CHP,2,N,SUN,,,,,, ,,,,,,,,,,,,
58764,"Origis Energy USA, Inc",68534,Wheatland,IN,Knox,OEIN1,Solar Photovoltaic,PV,,S,X,X,,,150, ,150,150,V,2,2026,2,2026,,IPP Non-CHP,2,N,SUN,,,,,, ,,,,,,,,,N,N,,
58764,"Origis Energy USA, Inc",68536,Optimist,MS,Clay,MS7_S,Batteries,BA,,S,X,X,,,50, ,50,50,TS,1,2026,1,2026,,IPP Non-CHP,2,N,MWH,,,,,, ,,,,,,,,,N,N,,
58764,"Origis Energy USA, Inc",68536,Optimist,MS,Clay,OEMS7,Solar Photovoltaic,PV,,S,X,X,,,200, ,200,200,V,1,2026,1,2026,,IPP Non-CHP,2,N,SUN,,,,,, ,,,,,,,,,N,N,,
66916,"Camino del Sol 2 Solar Project 2022, LLC",68540,Bayer Oxnard - Meter# 4719,CA,Ventura,6245,Solar Photovoltaic,PV,,S,X,X,,,1.3, ,1.3,1.3,V,7,2025,3,2026,N,IPP Non-CHP,2,N,SUN,,,,,, ,,,,,,,,,,,,
66917,"East Avenue Q Solar Project 2022, LLC",68541,Palmdale Water District HQ,CA,Los Angeles,7169,Solar Photovoltaic,PV,,S,X,X,,,1.7, ,1.7,1.7,V,5,2025,10,2026,,IPP Non-CHP,2,N,SUN,,,,,, ,,,,,,,,,,,,
66919,"East Avenue South Solar Project 2022, LLC",68542,Palmdale Water District 6MG Tank,CA,Los Angeles,7170B,Batteries,BA,,S,X,X,,,0.3, ,0.3,0.3,V,5,2025,11,2026,,IPP Non-CHP,2,N,MWH,,,,,, ,,,,,,,,,,,,
66919,"East Avenue South Solar Project 2022, LLC",68542,Palmdale Water District 6MG Tank,CA,Los Angeles,7170G,Solar Photovoltaic,PV,,S,X,X,,,1, ,1,1,V,5,2025,11,2026,,IPP Non-CHP,2,N,SUN,,,,,, ,,,,,,,,,,,,
66918,"Mountain Street Solar Project 2019, LLC",68543,Town of Sharon Portfolio -Mt St Landfill,MA,Norfolk,3850B,Batteries,BA,,S,X,X,,,5.7, ,5.7,5.7,V,9,2025,1,2027,N,IPP Non-CHP,2,N,MWH,,,,,, ,,,,,,,,,,,,
66918,"Mountain Street Solar Project 2019, LLC",68543,Town of Sharon Portfolio -Mt St Landfill,MA,Norfolk,3850G,Solar Photovoltaic,PV,,S,X,X,,,5, ,5,5,V,9,2025,1,2027,N,IPP Non-CHP,2,N,SUN,,,,,, ,,,,,,,,,,,,
13994,Oglethorpe Power Corporation,68546,Smarr Combined Cycle Energy Facility,GA,Monroe,1,Natural Gas Fired Combined Cycle,CC,1,S,Y,N,,,459,0.85,407,432,P,6,2029,6,2029,,Electric Utility,1,N,NG,,,,,, ,,,,,,,,,,N,N,N
13994,Oglethorpe Power Corporation,68546,Smarr Combined Cycle Energy Facility,GA,Monroe,2,Natural Gas Fired Combined Cycle,CC,1,S,Y,N,,,345,0.85,304,309,P,6,2029,6,2029,,Electric Utility,1,N,NG,,,,,, ,,,,,,,,,,N,N,N
66924,"Pineview Solar, LLC",68549,"Pineview Solar, LLC",GA,Wilcox,PNVW1,Solar Photovoltaic,PV,,W,X,X,,,80, ,80,80,TS,1,2026,5,2026,N,IPP Non-CHP,2,N,SUN,,,,,, ,,,,,,,,,,,,
66927,"SR Bacon II, LLC",68553,SR Bacon II,GA,Bacon,BACN2,Solar Photovoltaic,PV,,S,X,X,,,115, ,115,115,T,12,2027,12,2027,N,IPP Non-CHP,2,N,SUN,,,,,, ,,,,,,,,,,,,
66928,"SR Bacon III, LLC",68554,SR Bacon III,GA,Bacon,BACN3,Solar Photovoltaic,PV,,S,X,X,,,100, ,100,100,T,12,2027,12,2027,,IPP Non-CHP,2,N,SUN,,,,,, ,,,,,,,,,,,,
66929,"SR Cordova, LLC",68555,SR Cordova,SC,Orangeburg,CORDV,Solar Photovoltaic,PV,,S,X,X,,,100, ,100,100,T,12,2027,12,2027,N,IPP Non-CHP,2,N,SUN,,,,,, ,,,,,,,,,,,,
66930,"SR Durhamville, LLC",68556,SR Durhamville,TN,Haywood,DURHM,Solar Photovoltaic,PV,,S,X,X,,,66, ,66,66,T,12,2027,12,2027,N,IPP Non-CHP,2,N,SUN,,,,,, ,,,,,,,,,,,,
66931,"SR Forrest City, LLC",68557,SR Forrest City,AR,St Francis,FORRC,Solar Photovoltaic,PV,,S,X,X,,,4.8, ,4.8,4.8,T,12,2027,12,2027,N,IPP Non-CHP,2,N,SUN,,,,,, ,,,,,,,,,,,,
66932,"SR Lott, LLC",68558,SR Lott,AL,Mobile,LOTT,Solar Photovoltaic,PV,,S,X,X,,,8.3, ,8.3,8.3,T,12,2027,12,2027,N,IPP Non-CHP,2,N,SUN,,,,,, ,,,,,,,,,,,,
66933,"SR Magnolia, LLC",68559,SR Magnolia,MS,Monroe,MAGNA,Solar Photovoltaic,PV,,S,X,X,,,160, ,160,160,T,6,2027,6,2027,N,IPP Non-CHP,2,N,SUN,,,,,, ,,,,,,,,,,,,
66934,"SR Marion Junction, LLC",68560,SR Marion Junction,AL,Dallas,MARJT,Solar Photovoltaic,PV,,S,X,X,,,15, ,15,15,T,12,2027,12,2027,N,IPP Non-CHP,2,N,SUN,,,,,, ,,,,,,,,,,,,
66935,"SR Middleton, LLC",68561,SR Middleton,TN,Hardeman,MIDDN,Solar Photovoltaic,PV,,S,X,X,,,55, ,55,55,T,7,2027,7,2027,N,IPP Non-CHP,2,N,SUN,,,,,, ,,,,,,,,,,,,
66936,"SR Mount Pleasant, LLC",68562,SR Mount Pleasant,MS,Marshall,MTPLT,Solar Photovoltaic,PV,,S,X,X,,,50, ,50,50,T,12,2027,12,2027,N,IPP Non-CHP,2,N,SUN,,,,,, ,,,,,,,,,,,,
66937,"SR Norwood, LLC",68563,SR Norwood,GA,Warren,NORWD,Solar Photovoltaic,PV,,S,X,X,,,107, ,107,107,T,12,2027,12,2027,N,IPP Non-CHP,2,N,SUN,,,,,, ,,,,,,,,,,,,
66938,"SR Puryear, LLC",68564,SR Puryear,TN,Henry,PURYR,Solar Photovoltaic,PV,,S,X,X,,,50, ,50,50,T,8,2027,8,2027,N,IPP Non-CHP,2,N,SUN,,,,,, ,,,,,,,,,,,,
66939,"SR Rochelle II, LLC",68565,SR Rochelle II,GA,Wilcox,ROCH2,Solar Photovoltaic,PV,,S,X,X,,,50, ,50,50,T,12,2027,12,2027,N,IPP Non-CHP,2,N,SUN,,,,,, ,,,,,,,,,,,,
66940,"SR Sipsey, LLC",68566,SR Sipsey,AL,Fayette,SIPSY,Solar Photovoltaic,PV,,S,X,X,,,10, ,10,10,T,12,2027,12,2027,N,IPP Non-CHP,2,N,SUN,,,,,, ,,,,,,,,,,,,
66941,"SR Sunset, LLC",68567,SR Sunset,LA,St Landry,SUNST,Solar Photovoltaic,PV,,S,X,X,,,4.3, ,4.3,4.3,T,12,2027,12,2027,N,IPP Non-CHP,2,N,SUN,,,,,, ,,,,,,,,,,,,
66942,"SR Tullahoma, LLC",68568,SR Tullahoma,TN,Moore,TULLA,Solar Photovoltaic,PV,,S,X,X,,,200, ,200,200,T,4,2027,4,2027,N,IPP Non-CHP,2,N,SUN,,,,,, ,,,,,,,,,,,,
66943,"SR Ulm, LLC",68569,SR Ulm,AR,Prairie,ULM,Solar Photovoltaic,PV,,S,X,X,,,4.8, ,4.8,4.8,T,12,2027,12,2027,N,IPP Non-CHP,2,N,SUN,,,,,, ,,,,,,,,,,,,
66944,"SR West Helena, LLC",68570,SR West Helena,AR,Phillips,WHELN,Solar Photovoltaic,PV,,S,X,X,,,4.8, ,4.8,4.8,T,12,2027,12,2027,N,IPP Non-CHP,2,N,SUN,,,,,, ,,,,,,,,,,,,
66945,"South Springfield Avenue Solar Project 2022, LLC",68571,"Lowe's - 1440 - Rockford, IL RDC (POI 1)",IL,Winnebago,7481,Solar Photovoltaic,PV,,S,X,X,,,2.3, ,2.3,2.3,V,10,2025,10,2026,N,IPP Non-CHP,2,N,SUN,,,,,, ,,,,,,,,,,,,
66946,"South Springfield Avenue II Solar Project 2022, LLC",68572,"Lowe's - 1440 - Rockford, IL RDC (POI 2)",IL,Winnebago,7824,Solar Photovoltaic,PV,,S,X,X,,,2.3, ,2.3,2.3,V,10,2025,10,2026,N,IPP Non-CHP,2,N,SUN,,,,,, ,,,,,,,,,,,,
66950,Lydian Energy,68578,AC Ranch I,NM,Lea,AC1S,Solar Photovoltaic,PV,,S,X,X,,,75, ,75,75,L,11,2026,5,2027,,IPP Non-CHP,2,N,SUN,,,,,, ,,,,,,,,,,,,
66950,Lydian Energy,68579,AC Ranch II,NM,Lea,AC2S,Solar Photovoltaic,PV,,S,X,X,,,230, ,230,230,L,5,2027,6,2029,,IPP Non-CHP,2,N,SUN,,,,,, ,,,,,,,,,,,,
66950,Lydian Energy,68580,Headcamp BESS,TX,Pecos,MHB,Batteries,BA,,S,X,X,,,150, ,150,150,U,11,2025,6,2026,,IPP Non-CHP,2,N,MWH,,,,,, ,,,,,,,,,,,,
66950,Lydian Energy,68581,Mendoza Trail BESS,TX,Crane,MTB,Batteries,BA,,S,X,X,,,200, ,200,200,U,12,2025,9,2026,,IPP Non-CHP,2,N,MWH,,,,,, ,,,,,,,,,,,,
66950,Lydian Energy,68582,Pintail BESS,TX,San Patricio,PPB,Batteries,BA,,S,X,X,,,200, ,200,200,U,9,2025,9,2026,,IPP Non-CHP,2,N,MWH,,,,,, ,,,,,,,,,,,,
66950,Lydian Energy,68583,Rock N' Roll,TX,Brazoria,RRB,Batteries,BA,,S,X,X,,,250, ,250,250,L,5,2025,10,2027,,IPP Non-CHP,2,N,MWH,,,,,, ,,,,,,,,,,,,
66950,Lydian Energy,68584,Yellow Barn Solar,NY,Tompkins,YBS,Solar Photovoltaic,PV,,S,X,X,,,160, ,160,160,P,2,2027,9,2028,N,IPP Non-CHP,2,N,SUN,,,,,, ,,,,,,,,,,,,
66950,Lydian Energy,68585,York Run Solar,NY,Chautauqua,YRS,Solar Photovoltaic,PV,,S,X,X,,,90, ,90,90,L,2,2027,9,2028,N,IPP Non-CHP,2,N,SUN,,,,,, ,,,,,,,,,,,,
58764,"Origis Energy USA, Inc",68592,Rockhound A,TX,Ector,OERHA,Solar Photovoltaic,PV,,S,X,X,,,245, ,245,245,V,3,2026,9,2026,N,IPP Non-CHP,2,N,SUN,,,,,, ,,,,,,,,,N,N,,
58764,"Origis Energy USA, Inc",68593,Rockhound C,TX,Ector,OERHC,Solar Photovoltaic,PV,,S,X,X,,,61, ,61,61,V,6,2026,9,2026,N,IPP Non-CHP,2,N,SUN,,,,,, ,,,,,,,,,,,,
58764,"Origis Energy USA, Inc",68594,Rockhound D,TX,Ector,OERHD,Solar Photovoltaic,PV,,S,X,X,,,28, ,28,28,V,6,2026,9,2026,N,IPP Non-CHP,2,N,SUN,,,,,, ,,,,,,,,,N,N,,
60520,SoCore Energy LLC,68597,Mingoville PV I,PA,Centre,PV1,Solar Photovoltaic,PV,,S,X,X,,,3, ,3,3,U,10,2025,7,2026,N,IPP Non-CHP,2,N,SUN,,,,,, ,,,,,,,,,,,,
60520,SoCore Energy LLC,68598,Mingoville PV II,PA,Centre,PV1,Solar Photovoltaic,PV,,S,X,X,,,2, ,2,2,U,10,2025,7,2026,N,IPP Non-CHP,2,N,SUN,,,,,, ,,,,,,,,,,,,
66977,"Las Virgenes Road Solar Project 2022, LLC",68600,Las Virgenes MWD - Composting Plant,CA,Los Angeles,7236B,Batteries,BA,,S,X,X,,,0.5, ,0.5,0.5,V,5,2025,10,2026,N,IPP Non-CHP,2,N,MWH,,,,,, ,,,,,,,,,,,,
66977,"Las Virgenes Road Solar Project 2022, LLC",68600,Las Virgenes MWD - Composting Plant,CA,Los Angeles,7236G,Solar Photovoltaic,PV,,S,X,X,,,0.9, ,0.9,0.9,V,5,2025,10,2026,N,IPP Non-CHP,2,N,SUN,,,,,, ,,,,,,,,,,,,
66980,Dahlia Energy LLC,68604,Dahlia Energy,TX,La Salle,DALBS,Batteries,BA,,S,X,X,,,100,0.95,100,100,P,6,2028,6,2028,N,IPP Non-CHP,2,N,MWH,,,,,, ,,,,,,,,,,,,
66980,Dahlia Energy LLC,68604,Dahlia Energy,TX,La Salle,DALPV,Solar Photovoltaic,PV,,S,X,X,,,200, ,200,200,P,6,2028,6,2028,N,IPP Non-CHP,2,N,SUN,,,,,, ,,,,,,,,,,,,
66975,Cedar Bayou 5 LLC,68606,Cedar Bayou 5,TX,Chambers,5,Natural Gas Fired Combined Cycle,CS,5,S,Y,N,CBY5_CC1,CBY5_CC1,721,0.9,674,697,U,8,2028,8,2028,,IPP Non-CHP,2,N,NG,,,,,, ,,,,,,,,,,N,,
66976,Pelicans Jaw Solar LLC,68607,Pelicans Jaw Hybrid Solar,CA,Kern,PJBS1,Batteries,BA,,S,X,X,,,238.5, ,238.5,238.5,L,4,2027,4,2027,N,IPP Non-CHP,2,N,MWH,,,,,, ,,,,,,,,,,,,
66976,Pelicans Jaw Solar LLC,68607,Pelicans Jaw Hybrid Solar,CA,Kern,PLJW1,Solar Photovoltaic,PV,,S,X,X,,,440, ,440,440,V,4,2027,4,2027,N,IPP Non-CHP,2,N,SUN,,,,,, ,,,,,,,,,,,,
67013,US SFR Owner LLC,68635,Kemmerer Unit 1,WY,Lincoln,KU1,Nuclear,ST,,S,X,X,,,500,0.85,342.1,344.9,L,12,2030,12,2030,,IPP Non-CHP,2,N,NUC,NUC,,,,, ,,,,,,,,,N,N,N,N
67018,64NB 8me LLC,68661,Aratina Solar Center 1A,CA,San Bernardino,64BES,Batteries,BA,,S,X,X,,,75, ,75,75,V,6,2026,7,2026,,IPP Non-CHP,2,N,MWH,,,,,, ,,,,,,,,,,,,
67018,64NB 8me LLC,68661,Aratina Solar Center 1A,CA,San Bernardino,64NB8,Solar Photovoltaic,PV,,S,X,X,,,120, ,120,120,V,6,2026,7,2026,,IPP Non-CHP,2,N,SUN,,,,,, ,,,,,,,,,,,,
66255,"RIC Development, LLC",68665,Summerhill BESS,TX,Taylor,RIC87,Batteries,BA,,S,X,X,,,143, ,143,143,P,12,2028,12,2028,,IPP Non-CHP,2,N,MWH,,,,,, ,,,,,,,,,,,,
66255,"RIC Development, LLC",68666,Stonewall BESS,TX,Stonewall,RIC88,Batteries,BA,,S,X,X,,,135, ,135,135,P,12,2029,12,2029,,IPP Non-CHP,2,N,MWH,,,,,, ,,,,,,,,,,,,
66255,"RIC Development, LLC",68667,Chimney Rock BESS,TX,Taylor,RIC89,Batteries,BA,,S,X,X,,,156, ,156,156,P,4,2028,4,2028,N,IPP Non-CHP,2,N,MWH,,,,,, ,,,,,,,,,,,,
66255,"RIC Development, LLC",68668,Coke BESS,TX,Coke,RIC90,Batteries,BA,,S,X,X,,,220, ,220,220,P,4,2028,4,2028,,IPP Non-CHP,2,N,MWH,,,,,, ,,,,,,,,,,,,
58764,"Origis Energy USA, Inc",68669,Walker Springs II,AL,Clarke,OEALH,Solar Photovoltaic,PV,,S,X,X,,,80, ,80,80,V,3,2026,5,2026,N,IPP Non-CHP,2,N,SUN,,,,,, ,,,,,,,,,N,N,,
58764,"Origis Energy USA, Inc",68670,Walker Springs I,AL,Clarke,OEALG,Solar Photovoltaic,PV,,S,X,X,,,80, ,80,80,V,11,2025,1,2026,N,IPP Non-CHP,2,N,SUN,,,,,, ,,,,,,,,,N,N,,
66255,"RIC Development, LLC",68671,Houston County BESS,TX,Houston,RIC91,Batteries,BA,,S,X,X,,,125, ,125,125,P,4,2027,4,2029,,IPP Non-CHP,2,N,MWH,,,,,, ,,,,,,,,,,,,
58764,"Origis Energy USA, Inc",68672,Chalan,CA,Kern,CHA_B,Batteries,BA,,S,X,X,,,25, ,25,25,T,12,2026,12,2026,N,IPP Non-CHP,2,N,MWH,,,,,, ,,,,,,,,,,N,,
58764,"Origis Energy USA, Inc",68672,Chalan,CA,Kern,OECHA,Solar Photovoltaic,PV,,S,X,X,,,64.9, ,64.9,64.9,T,12,2026,12,2026,N,IPP Non-CHP,2,N,SUN,,,,,, ,,,,,,,,,N,N,,
58764,"Origis Energy USA, Inc",68673,Sand Luis West,CA,Fresno,OESLW,Solar Photovoltaic,PV,,S,X,X,,,125, ,125,125,T,12,2026,11,2028,N,IPP Non-CHP,2,N,SUN,,,,,, ,,,,,,,,,N,N,,
58764,"Origis Energy USA, Inc",68673,Sand Luis West,CA,Fresno,SLW_S,Batteries,BA,,S,X,X,,,31.3, ,31.3,31.3,T,12,2026,11,2028,N,IPP Non-CHP,2,N,MWH,,,,,, ,,,,,,,,,,N,,
3989,City of Colorado Springs - (CO),68705,Horizon,CO,El Paso,H01,Natural Gas Fired Combustion Turbine,GT,,S,X,X,,,48,0.85,37,41,P,7,2028,7,2028,N,Electric Utility,1,N,NG,,,,,,0,,,,,,,,,,N,N,N
3989,City of Colorado Springs - (CO),68705,Horizon,CO,El Paso,H02,Natural Gas Fired Combustion Turbine,GT,,S,X,X,,,48,0.85,37,41,P,7,2028,7,2028,N,Electric Utility,1,N,NG,,,,,,0,,,,,,,,,,N,N,N
3989,City of Colorado Springs - (CO),68705,Horizon,CO,El Paso,H03,Natural Gas Fired Combustion Turbine,GT,,S,X,X,,,48,0.85,37,41,P,7,2028,7,2028,N,Electric Utility,1,N,NG,,,,,,0,,,,,,,,,,N,N,N
3989,City of Colorado Springs - (CO),68705,Horizon,CO,El Paso,H04,Natural Gas Fired Combustion Turbine,GT,,S,X,X,,,48,0.85,37,41,P,7,2028,7,2028,N,Electric Utility,1,N,NG,,,,,,0,,,,,,,,,,N,N,N
3989,City of Colorado Springs - (CO),68705,Horizon,CO,El Paso,H05,Natural Gas Fired Combustion Turbine,GT,,S,X,X,,,48,0.85,37,41,P,7,2028,7,2028,N,Electric Utility,1,N,NG,,,,,,0,,,,,,,,,,N,N,N
3989,City of Colorado Springs - (CO),68705,Horizon,CO,El Paso,H06,Natural Gas Fired Combustion Turbine,GT,,S,X,X,,,48,0.85,37,41,P,7,2028,7,2028,N,Electric Utility,1,N,NG,,,,,,0,,,,,,,,,,N,N,N
3989,City of Colorado Springs - (CO),68705,Horizon,CO,El Paso,H07,Natural Gas Fired Combustion Turbine,GT,,S,X,X,,,48,0.85,37,41,P,7,2028,7,2028,N,Electric Utility,1,N,NG,,,,,,0,,,,,,,,,,N,N,N
3989,City of Colorado Springs - (CO),68705,Horizon,CO,El Paso,H08,Natural Gas Fired Combustion Turbine,GT,,S,X,X,,,48,0.85,37,41,P,7,2028,7,2028,N,Electric Utility,1,N,NG,,,,,,0,,,,,,,,,,N,N,N
3989,City of Colorado Springs - (CO),68705,Horizon,CO,El Paso,H09,Natural Gas Fired Combustion Turbine,GT,,S,X,X,,,48,0.85,37,41,P,7,2028,7,2028,N,Electric Utility,1,N,NG,,,,,,0,,,,,,,,,,N,N,N
3989,City of Colorado Springs - (CO),68705,Horizon,CO,El Paso,H10,Natural Gas Fired Combustion Turbine,GT,,S,X,X,,,48,0.85,37,41,P,7,2028,7,2028,N,Electric Utility,1,N,NG,,,,,,0,,,,,,,,,,N,N,N
66509,Red River Clean Energy,68738,Cannibal Draw Solar and Storage,TX,Glasscock,CANBS,Batteries,BA,,S,X,X,,,98.6,0.95,98.6,98.6,T,4,2028,4,2028,,IPP Non-CHP,2,N,MWH,,,,,, ,,,,,,,,,,,,
66509,Red River Clean Energy,68738,Cannibal Draw Solar and Storage,TX,Glasscock,CANPV,Solar Photovoltaic,PV,,S,X,X,,,149.5,0.95,149.5,149.5,T,4,2028,4,2028,,IPP Non-CHP,2,N,SUN,,,,,, ,,,,,,,,,,,,
66509,Red River Clean Energy,68739,Uva Creek Solar,TX,Borden,UVAPV,Solar Photovoltaic,PV,,S,X,X,,,301, ,301,301,T,8,2028,8,2028,,IPP Non-CHP,2,N,SUN,,,,,, ,,,,,,,,,,,,
67225,"Canyon Peak Power, LLC",68741,Canyon Peak Power Station,CO,Arapahoe,CPP_1,Natural Gas Fired Combustion Turbine,GT,,W,X,X,,,26.1,0.85,22.2,27.6,U,6,2026,8,2026,,IPP Non-CHP,2,N,NG,,,,,, ,,,,,,,,,,N,,
67225,"Canyon Peak Power, LLC",68741,Canyon Peak Power Station,CO,Arapahoe,CPP_2,Natural Gas Fired Combustion Turbine,GT,,W,X,X,,,26.1,0.85,22.2,27.6,U,6,2026,8,2026,,IPP Non-CHP,2,N,NG,,,,,, ,,,,,,,,,,N,,
67225,"Canyon Peak Power, LLC",68741,Canyon Peak Power Station,CO,Arapahoe,CPP_3,Natural Gas Fired Combustion Turbine,GT,,W,X,X,,,26.1,0.85,22.2,27.6,U,7,2026,8,2026,,IPP Non-CHP,2,N,NG,,,,,, ,,,,,,,,,,N,,
67225,"Canyon Peak Power, LLC",68741,Canyon Peak Power Station,CO,Arapahoe,CPP_4,Natural Gas Fired Combustion Turbine,GT,,W,X,X,,,26.1,0.85,22.2,27.6,U,7,2026,8,2026,,IPP Non-CHP,2,N,NG,,,,,, ,,,,,,,,,,N,,
67225,"Canyon Peak Power, LLC",68741,Canyon Peak Power Station,CO,Arapahoe,CPP_5,Natural Gas Fired Combustion Turbine,GT,,W,X,X,,,26.1,0.85,22.2,27.6,U,8,2026,8,2026,,IPP Non-CHP,2,N,NG,,,,,, ,,,,,,,,,,N,,
67225,"Canyon Peak Power, LLC",68741,Canyon Peak Power Station,CO,Arapahoe,CPP_6,Natural Gas Fired Combustion Turbine,GT,,W,X,X,,,26.1,0.85,22.2,27.6,U,8,2026,8,2026,,IPP Non-CHP,2,N,NG,,,,,, ,,,,,,,,,,N,,
4254,Consumers Energy Co - (MI),68744,Liberty Solar Energy Center,MI,Kalamazoo,LSEC,Solar Photovoltaic,PV,,S,X,X,,,220, ,220,220,U,12,2027,12,2027,N,Electric Utility,1,N,SUN,,,,,, ,,,,,,,,,,,,
4254,Consumers Energy Co - (MI),68745,Sunfish Solar 2,MI,Calhoun,SS2,Solar Photovoltaic,PV,,S,X,X,,,360, ,360,360,U,12,2026,12,2026,N,Electric Utility,1,N,SUN,,,,,, ,,,,,,,,,,,,
67037,"Tierra Seca BESS, LLC",68748,Tierra Seca,TX,Val Verde,TS,Batteries,BA,,S,X,X,,,100, ,100,100,U,11,2025,2,2026,,IPP Non-CHP,2,N,MWH,,,,,, ,,,,,,,,,,,,
67082,"Headwater Energy, LLC",68753,Flying Goose,CA,Kern,FLYGS,Solar Photovoltaic,PV,,S,X,X,,,3, ,3,3,V,1,2026,6,2026,N,IPP Non-CHP,2,N,SUN,,,,,, ,,,,,,,,,,,,
67054,USS Beard Solar LLC,68757,USS Beard Solar,IL,Cass,USBRD,Solar Photovoltaic,PV,,S,X,X,,,3.5, ,3.5,3.5,TS,11,2025,1,2026,N,IPP Non-CHP,2,N,SUN,,,,,, ,,,,,,,,,,,,
67038,"IP Easley, LLC",68758,Easley Solar,CA,Riverside,IPEA1,Solar Photovoltaic,PV,,S,X,X,OBERON_5_O1BBX2-APND,OBERON_5_O1BBX2-APND,290, ,290,290,U,6,2026,9,2026,,IPP Non-CHP,2,N,SUN,,,,,, ,,,,,,,,,,,,
67038,"IP Easley, LLC",68758,Easley Solar,CA,Riverside,IPEA2,Batteries,BA,,S,X,X,OBERON_5_O1BBX2-APND,OBERON_5_O1BBX2-APND,350, ,350,350,U,6,2026,6,2026,,IPP Non-CHP,2,N,MWH,,,,,, ,,,,,,,,,,,,
67038,"IP Easley, LLC",68758,Easley Solar,CA,Riverside,IPEA3,Batteries,BA,,S,X,X,OBERON_5_O1BBX2-APND,OBERON_5_O1BBX2-APND,300, ,300,300,T,3,2028,3,2028,,IPP Non-CHP,2,N,MWH,,,,,, ,,,,,,,,,,,,
67582,"Intersect USA, LLC",68759,Quantum BESS,TX,Haskell,IPQ1B,Batteries,BA,,S,X,X,RN_SOLC_SLR,RN_SOLC_SLR,321, ,321,321,V,6,2026,11,2026,,IPP Non-CHP,2,N,MWH,,,,,, ,,,,,,,,,,N,N,N
67582,"Intersect USA, LLC",68760,Quantum Solar,TX,Haskell,IPQ1S,Solar Photovoltaic,PV,,S,X,X,RN_SOLC_SLR,RN_SOLC_SLR,374.4, ,374.4,374.4,V,6,2026,11,2026,,IPP Non-CHP,2,N,SUN,,,,,, ,,,,,,,,,,,,
67582,"Intersect USA, LLC",68761,Quantum II BESS,TX,Haskell,IPQ2B,Batteries,BA,,S,X,X,RN_QTUM_SLR,RN_QTUM_SLR,321, ,321,321,V,6,2026,11,2026,,IPP Non-CHP,2,N,MWH,,,,,, ,,,,,,,,,,,N,N
67582,"Intersect USA, LLC",68762,Quantum II Solar,TX,Haskell,IPQ2S,Solar Photovoltaic,PV,,S,X,X,,,374.4, ,374.4,374.4,V,6,2026,11,2026,N,IPP Non-CHP,2,N,SUN,,,,,, ,,,,,,,,,,,,
67058,"DECH bn, LLC",68763,Deschutes Solar and BESS,OR,Wasco,DECH1,Solar Photovoltaic,PV,,S,X,X,,,"1,000.00", ,"1,000.00","1,000.00",L,12,2028,11,2029,,IPP Non-CHP,2,N,SUN,,,,,, ,,,,,,,,,,,,
67058,"DECH bn, LLC",68763,Deschutes Solar and BESS,OR,Wasco,DECH2,Batteries,BA,,S,X,X,,,"1,000.00", ,"1,000.00","1,000.00",L,12,2028,11,2029,,IPP Non-CHP,2,N,MWH,,,,,, ,,,,,,,,,,,,
67044,"Greenalia Solar Power Hutcherson, LLC",68765,Hutcherson Solar,TX,Wilbarger,HUGSP,Solar Photovoltaic,PV,,S,X,X,ERCOT_6100,ERCOT_6100,123.3,0.95,123.3,123.3,P,1,2030,1,2030,,IPP Non-CHP,2,N,SUN,,,,,, ,,,,,,,,,,N,,
67045,"Greenalia Wind Power Pioneer Field, LLC",68766,Pioneer Field Wind Power,TX,Tom Green,PFGWP,Onshore Wind Turbine,WT,,S,X,X,TREADWEL4A,TREADWEL4A,136.2,0.95,163.2,163.2,P,6,2030,11,2030,,IPP Non-CHP,2,N,WND,,,,,,34,,,,,,,,,,,,
67047,"Greenalia Solar Power Blackwelder Ranch, LLC",68767,Greenalia Solar Power Blackwelder Ranch,TX,Pecos,BRGSP,Solar Photovoltaic,PV,,S,X,X,L_MEVISW8_1Y,L_MEVISW8_1Y,199.7,0.95,199.7,199.7,P,6,2030,6,2030,,IPP Non-CHP,2,N,SUN,,,,,, ,,,,,,,,,,,,
67046,"Greenalia Wind Power Blackwelder Ranch, LLC",68768,Blackwelder Ranch Wind,TX,Pecos,BRGWP,Onshore Wind Turbine,WT,,S,X,X,L_MEVISW8_1Y,L_MEVISW8_1Y,110.4,0.95,110.4,110.4,P,6,2030,6,2030,,IPP Non-CHP,2,N,WND,,,,,,23,,,,,,,,,,,,
67048,"Greenlia Solar Power Misae III, LLC",68769,Greenalia Solar Power Misae III,TX,Childress,M3GSP,Solar Photovoltaic,PV,,S,X,X,TESLA NODE,TESLA NODE,169.6,0.95,169.6,169.6,T,3,2025,9,2027,N,IPP Non-CHP,2,N,SUN,,,,,, ,,,,,,,,,,,,
67057,Chalk Bluff Solar Energy LLC,68772,Chalk Bluff Solar,AR,St Francis,CHALK,Solar Photovoltaic,PV,,S,X,X,,,450, ,450,450,U,6,2027,6,2027,N,IPP Non-CHP,2,N,SUN,,,,,, ,,,,,,,,,,,,
13781,Northern States Power Co - Minnesota,68777,Sherco Solar III,MN,Sherburne,SHS03,Solar Photovoltaic,PV,,S,X,X,,,250, ,250,250,U,8,2026,6,2026,,Electric Utility,1,N,SUN,,,,,, ,,,,,,,,,,,,
67064,"Catalyze Chicago S Western Avenue 2 Microgrid, LLC",68778,IL Chicago 2635 S Western Ave. (West),IL,Cook,20421,Solar Photovoltaic,PV,,S,X,X,,,1.8, ,1.8,1.8,V,4,2025,4,2026,,Electric Utility,1,,SUN,,,,,, ,,,,,,,,,N,,,
67069,NY CDG 009 LLC,68783,NY CDG 009,NY,Suffolk,NY009,Solar Photovoltaic,PV,,S,X,X,,,1, ,1,0.5,V,10,2025,9,2026,,IPP Non-CHP,2,N,SUN,,,,,, ,,,,,,,,,,,,
67517,Dolet Hills Solar,68785,Dolet Hills Solar,LA,DeSoto,DHS1,Solar Photovoltaic,PV,,S,X,X,,,240, ,240,240,U,12,2026,9,2026,,IPP Non-CHP,2,N,SUN,,,,,, ,,,,,,,,,,,,
67723,"Choctaw Fields Solar Project, LLC",68786,Choctaw Fields Solar Project,OK,Choctaw,USMNC,Solar Photovoltaic,PV,,S,X,X,,,85, ,85,85,V,3,2026,8,2026,,IPP Non-CHP,2,N,SUN,,,,,, ,,,,,,,,,,,,
66800,"NorCal FPV 1, LLC",68787,NorCal FPV 1 (Pond 2),CA,Alameda,23889,Solar Photovoltaic,PV,,S,X,X,,,1.8, ,1.8,1.3,V,4,2025,12,2026,N,IPP Non-CHP,2,N,SUN,,,,,, ,,,,,,,,,,,,
65869,Prologis Logistics Services Incorporated,68788,JFC Slauson - SLLAX071,CA,Los Angeles,LA071,Solar Photovoltaic,PV,,S,X,X,,,1.2, ,1.2,1.2,U,2,2026,6,2026,N,IPP Non-CHP,2,N,SUN,,,,,, ,,,,,,,,,,,,
65869,Prologis Logistics Services Incorporated,68789,South Bay Dis Ctr 12 - SLLAX104,CA,Los Angeles,LA104,Solar Photovoltaic,PV,,S,X,X,,,1.2, ,1.2,1.2,U,5,2026,9,2026,,IPP Non-CHP,2,N,SUN,,,,,, ,,,,,,,,,,,,
65869,Prologis Logistics Services Incorporated,68790,Dominguez - SLLAX512,CA,Los Angeles,LA512,Solar Photovoltaic,PV,,S,X,X,,,1.3, ,1.3,1.3,TS,8,2025,9,2026,,IPP Non-CHP,2,N,SUN,,,,,, ,,,,,,,,,,,,
65869,Prologis Logistics Services Incorporated,68792,Fordyce - SLLAX680,CA,Los Angeles,LA680,Solar Photovoltaic,PV,,S,X,X,,,1.3, ,1.3,1.3,U,10,2025,3,2027,,IPP Non-CHP,2,N,SUN,,,,,, ,,,,,,,,,,,,
65869,Prologis Logistics Services Incorporated,68793,Bandini - SLLAX710,CA,Los Angeles,LA710,Solar Photovoltaic,PV,,S,X,X,,,1.3, ,1.3,1.3,U,7,2025,9,2026,,IPP Non-CHP,2,N,SUN,,,,,, ,,,,,,,,,,,,
65869,Prologis Logistics Services Incorporated,68794,Tracy 18 - SLCVA418,CA,San Joaquin,BS418,Batteries,BA,,S,X,X,,,1.5, ,1.5,1.5,TS,6,2025,2,2026,,IPP Non-CHP,2,N,MWH,,,,,, ,,,,,,,,,,,,
65869,Prologis Logistics Services Incorporated,68795,IPC 16 - SLCVA516,CA,San Joaquin,CV516,Solar Photovoltaic,PV,,S,X,X,,,1.7, ,1.7,1.7,TS,7,2025,2,2026,,IPP Non-CHP,2,N,SUN,,,,,, ,,,,,,,,,,,,
65869,Prologis Logistics Services Incorporated,68796,Stockton 6 - SLEBA202,CA,San Joaquin,EB202,Solar Photovoltaic,PV,,S,X,X,,,1.1, ,1.1,1.1,U,8,2025,2,2026,,IPP Non-CHP,2,N,SUN,,,,,, ,,,,,,,,,,,,
65869,Prologis Logistics Services Incorporated,68797,Crossroads Bus Park 7 - SLINE207,CA,San Bernardino,IN207,Solar Photovoltaic,PV,,S,X,X,,,1, ,1,1,TS,7,2026,2,2026,,IPP Non-CHP,2,,SUN,,,,,, ,,,,,,,,,,,,
9191,Idaho Power Co,68799,Boise Bench BESS,ID,Ada,BOBS,Batteries,BA,,S,X,X,,,150, ,150,150,U,6,2026,6,2026,,Electric Utility,1,N,MWH,,,,,, ,,,,,,,,,,,,
61060,Cypress Creek Renewables,68810,Mora Solar,PA,Carbon,MORA,Solar Photovoltaic,PV,,S,X,X,ACAHELA 69 KV EPLM1,ACAHELA 69 KV EPLM1,60, ,60,60,P,12,2027,12,2027,,IPP Non-CHP,2,N,SUN,,,,,, ,,,,,,,,,,,,
61060,Cypress Creek Renewables,68812,Stevens Mill Solar,NC,Wayne,STVML,Solar Photovoltaic,PV,,S,X,X,,,80, ,80,80,L,5,2027,5,2027,,IPP Non-CHP,2,N,SUN,,,,,, ,,,,,,,,,,,,
61060,Cypress Creek Renewables,68813,Vitex Storage,NV,Clark,VITEX,Batteries,BA,,S,X,X,,,300, ,300,300,L,6,2028,6,2028,N,IPP Non-CHP,2,N,MWH,,,,,, ,,,,,,,,,,,,
66234,Nexus Renewables U.S. Inc.,68814,Brazos River BESS LLC,TX,Brazoria,ASHU2,Batteries,BA,,S,X,X,,,180,0.95,180,180,P,6,2026,11,2028,,IPP Non-CHP,2,N,MWH,,,,,, ,,,,,,,,,,N,N,N
6452,Florida Power & Light Co,68817,Mallard,FL,Brevard,1,Solar Photovoltaic,PV,,S,X,X,,,74.5, ,74.5,74.5,V,1,2026,1,2026,,Electric Utility,1,N,SUN,,,,,, ,,,,,,,,,,,,
6452,Florida Power & Light Co,68818,Sand Pine,FL,Calhoun,1,Solar Photovoltaic,PV,,S,X,X,,,74.5, ,74.5,74.5,V,4,2026,4,2026,,Electric Utility,1,N,SUN,,,,,, ,,,,,,,,,,,,
6452,Florida Power & Light Co,68819,Sea Grape,FL,St Lucie,1,Solar Photovoltaic,PV,,S,X,X,,,74.5, ,74.5,74.5,V,4,2026,4,2026,,Electric Utility,1,N,SUN,,,,,, ,,,,,,,,,,,,
6452,Florida Power & Light Co,68820,Big Brook,FL,Calhoun,1,Solar Photovoltaic,PV,,S,X,X,,,74.5, ,74.5,74.5,V,1,2026,1,2026,,Electric Utility,1,N,SUN,,,,,, ,,,,,,,,,,,,
6452,Florida Power & Light Co,68821,Clover FL,FL,St Lucie,1,Solar Photovoltaic,PV,,S,X,X,,,74.5, ,74.5,74.5,V,4,2026,4,2026,,Electric Utility,1,N,SUN,,,,,, ,,,,,,,,,,,,
6452,Florida Power & Light Co,68822,Flatford,FL,Manatee,1,Solar Photovoltaic,PV,,S,X,X,,,74.5, ,74.5,74.5,V,1,2026,1,2026,,Electric Utility,1,N,SUN,,,,,, ,,,,,,,,,,,,
6452,Florida Power & Light Co,68823,Goldenrod,FL,Collier,1,Solar Photovoltaic,PV,,S,X,X,,,74.5, ,74.5,74.5,V,1,2026,1,2026,,Electric Utility,1,N,SUN,,,,,, ,,,,,,,,,,,,
6452,Florida Power & Light Co,68824,Middle Lake,FL,Madison,1,Solar Photovoltaic,PV,,S,X,X,,,74.5, ,74.5,74.5,U,4,2027,4,2027,N,Electric Utility,1,N,SUN,,,,,, ,,,,,,,,,,,,
6452,Florida Power & Light Co,68825,Pinecone,FL,Calhoun,1,Solar Photovoltaic,PV,,S,X,X,,,74.5, ,74.5,74.5,U,10,2027,10,2027,N,Electric Utility,1,N,SUN,,,,,, ,,,,,,,,,,,,
6452,Florida Power & Light Co,68826,Saddle,FL,Calhoun,1,Solar Photovoltaic,PV,,S,X,X,,,74.5, ,74.5,74.5,U,10,2027,10,2027,N,Electric Utility,1,N,SUN,,,,,, ,,,,,,,,,,,,
6452,Florida Power & Light Co,68827,Spanish Moss,FL,St Lucie,1,Solar Photovoltaic,PV,,S,X,X,,,74.5, ,74.5,74.5,U,10,2027,10,2027,N,Electric Utility,1,N,SUN,,,,,, ,,,,,,,,,,,,
6452,Florida Power & Light Co,68828,Tangelo,FL,Okeechobee,1,Solar Photovoltaic,PV,,S,X,X,,,74.5, ,74.5,74.5,U,1,2027,1,2027,,Electric Utility,1,N,SUN,,,,,, ,,,,,,,,,,,,
6452,Florida Power & Light Co,68829,Ambersweet,FL,Indian River,1,Solar Photovoltaic,PV,,S,X,X,,,74.5, ,74.5,74.5,U,4,2027,4,2027,N,Electric Utility,1,N,SUN,,,,,, ,,,,,,,,,,,,
6452,Florida Power & Light Co,68830,Catfish,FL,Okeechobee,1,Solar Photovoltaic,PV,,S,X,X,,,74.5, ,74.5,74.5,U,7,2027,7,2027,N,Electric Utility,1,N,SUN,,,,,, ,,,,,,,,,,,,
6452,Florida Power & Light Co,68831,Cocoplum,FL,Hendry,1,Solar Photovoltaic,PV,,S,X,X,,,74.5, ,74.5,74.5,U,7,2027,7,2027,N,Electric Utility,1,N,SUN,,,,,, ,,,,,,,,,,,,
6452,Florida Power & Light Co,68832,County Line,FL,DeSoto,1,Solar Photovoltaic,PV,,S,X,X,,,74.5, ,74.5,74.5,U,4,2027,4,2027,N,Electric Utility,1,N,SUN,,,,,, ,,,,,,,,,,,,
6452,Florida Power & Light Co,68833,Hardwood Hammock,FL,Walton,1,Solar Photovoltaic,PV,,S,X,X,,,74.5, ,74.5,74.5,U,7,2027,7,2027,,Electric Utility,1,N,SUN,,,,,, ,,,,,,,,,,,,
6452,Florida Power & Light Co,68834,Hendry,FL,Hendry,1,Solar Photovoltaic,PV,,S,X,X,,,74.5, ,74.5,74.5,U,1,2027,1,2027,,Electric Utility,1,N,SUN,,,,,, ,,,,,,,,,,,,
6452,Florida Power & Light Co,68835,Joshua Creek,FL,DeSoto,1,Solar Photovoltaic,PV,,S,X,X,,,74.5, ,74.5,74.5,U,10,2027,10,2027,,Electric Utility,1,N,SUN,,,,,, ,,,,,,,,,,,,
6452,Florida Power & Light Co,68836,Maple Trail,FL,Baker,1,Solar Photovoltaic,PV,,S,X,X,,,74.5, ,74.5,74.5,U,7,2027,7,2027,N,Electric Utility,1,N,SUN,,,,,, ,,,,,,,,,,,,
65265,Repsol Renewables NA,68839,Hecate Energy Longhorn Solar LLC,TX,Jack,RRPS,Solar Photovoltaic,PV,,S,X,X,,,650,0.95,650,650,V,5,2026,4,2026,N,IPP Non-CHP,2,N,SUN,,,,,, ,,,,,,,,,,,,
67090,Tupper Lake,68843,Tupper Lake Wind,MI,Ionia,TLCP,Onshore Wind Turbine,WT,,S,X,X,,,200, ,198,198,L,12,2025,12,2029,N,IPP Non-CHP,2,N,WND,,,,,,80,,,,,,,,,,,,
67083,"1000 Mile Solar, LLC",68847,1000 Mile Solar,TX,Yoakum,PV1,Solar Photovoltaic,PV,,S,X,X,,,300, ,300,300,V,5,2026,9,2026,N,IPP Non-CHP,2,N,SUN,,,,,, ,,,,,,,,,,,,
5109,DTE Electric Company,68850,Gratiot Solar Park,MI,Gratiot,GRTSP,Solar Photovoltaic,PV,,S,X,X,,,50,0.95,50,50,U,11,2026,9,2026,,Electric Utility,1,N,SUN,,,,,, ,,,,,,,,,,N,,
67095,"Bell 1 Solar, LLC",68851,Hermes Solar PV,TX,Bell,HSPV1,Solar Photovoltaic,PV,,S,X,X,,,100.4, ,100,100,V,8,2025,8,2026,N,IPP Non-CHP,2,N,SUN,,,,,, ,,,,,,,,,,,,
67096,"Bell 1 Storage, LLC",68852,Hermes Storage BESS,TX,Bell,HSBE1,Batteries,BA,,S,X,X,,,100.4, ,100,100,V,8,2025,9,2026,N,IPP Non-CHP,2,N,MWH,,,,,, ,,,,,,,,,,,,
67097,Limewood Bell Renewables LLC,68853,Limewood Bell Renewables Solar,TX,Bell,LMWOD,Solar Photovoltaic,PV,,S,X,X,LIME_SLR_UNIT1,LIME_SLR_UNIT1,204, ,204,204,TS,3,2026,9,2026,,IPP Non-CHP,2,N,SUN,,,,,, ,,,,,,,,,,,,
67111,Angiola East LLC,68854,Angela Solar Project,CA,Tulare,ABESS,Batteries,BA,,S,X,X,,,40, ,20,20,U,11,2025,5,2026,,IPP Non-CHP,2,N,MWH,,,,,, ,,,,,,,,,,,,
67111,Angiola East LLC,68854,Angela Solar Project,CA,Tulare,ANG1,Solar Photovoltaic,PV,,S,X,X,,,40, ,40,40,V,12,2025,5,2026,,IPP Non-CHP,2,N,SUN,,,,,, ,,,,,,,,,,,,
67110,"Tracy Renewable Energy, LLC",68855,Tracy Renewable Power Plant,CA,San Joaquin,TRP01,Other Waste Biomass,ST,,S,X,X,,,5, ,3,3,U,9,2024,2,2027,,IPP Non-CHP,2,N,AB,,,,,, ,,,,,,,,,N,N,,
67107,"Cavern Solar, LLC",68858,Cavern,NY,Clinton,PV1,Solar Photovoltaic,PV,,S,X,X,,,2, ,2,2,P,12,2026,12,2027,N,IPP Non-CHP,2,,SUN,,,,,, ,,,,,,,,,,,,
67106,"Endicott NY Solar Farm, LLC",68859,Endicott,NY,Broome,PV1,Solar Photovoltaic,PV,,S,X,X,,,5, ,5,5,P,12,2026,12,2027,N,IPP Non-CHP,2,N,SUN,,,,,, ,,,,,,,,,,,,
67105,CP Tully Five LLC,68860,Tully 5,NY,Onondaga,PV1,Solar Photovoltaic,PV,,S,X,X,,,2, ,2,2,P,12,2026,12,2027,,IPP Non-CHP,2,N,SUN,,,,,, ,,,,,,,,,,,,
67104,CP Tully Four LLC,68861,Tully 4,NY,Onondaga,PV1,Solar Photovoltaic,PV,,S,X,X,,,5, ,5,5,P,12,2026,12,2027,N,IPP Non-CHP,2,N,SUN,,,,,, ,,,,,,,,,,,,
67103,"Emerson Solar, LLC",68862,Emerson NY,NY,Columbia,PV1,Solar Photovoltaic,PV,,S,X,X,,,5, ,5,5,P,12,2026,12,2027,N,IPP Non-CHP,2,N,SUN,,,,,, ,,,,,,,,,,,,
67102,"Bloomfield Solar, LLC",68863,Bloomfield Solar,NY,Saratoga,PV1,Solar Photovoltaic,PV,,S,X,X,,,5, ,5,5,P,6,2026,5,2027,,IPP Non-CHP,2,N,SUN,,,,,, ,,,,,,,,,,,,
67101,"Bridgewater Solar 2, LLC",68864,Bridgewater 2,NY,Saratoga,PV1,Solar Photovoltaic,PV,,S,X,X,,,5, ,5,5,P,12,2030,12,2030,N,IPP Non-CHP,2,N,SUN,,,,,, ,,,,,,,,,,,,
67100,"Bridgewater Solar, LLC",68865,Bridgewater 1,NY,Saratoga,PV1,Solar Photovoltaic,PV,,S,X,X,,,5, ,5,5,P,12,2030,12,2030,N,IPP Non-CHP,2,N,SUN,,,,,, ,,,,,,,,,,,,
67114,Santa Teresa Solar,68866,Santa Teresa Solar,NM,Dona Ana,SAN,Batteries,BA,,S,X,X,,,150, ,150,150,U,9,2026,9,2026,N,IPP Non-CHP,2,N,MWH,,,,,, ,,,,,,,,,,,,
67114,Santa Teresa Solar,68866,Santa Teresa Solar,NM,Dona Ana,STS,Solar Photovoltaic,PV,,S,X,X,,,150, ,150,150,V,9,2026,9,2026,N,IPP Non-CHP,2,N,SUN,,,,,, ,,,,,,,,,,,,
67123,"NY Union I, LLC",68869,Watson 1,NY,Broome,PV1,Solar Photovoltaic,PV,,S,X,X,,,4.8, ,4.8,4.8,P,12,2026,4,2027,N,IPP Non-CHP,2,N,SUN,,,,,, ,,,,,,,,,,,,
67124,"NY Union II, LLC",68870,Watson 2,NY,Broome,PV1,Solar Photovoltaic,PV,,S,X,X,,,4.9, ,4.9,4.9,P,12,2026,3,2027,N,IPP Non-CHP,2,N,SUN,,,,,, ,,,,,,,,,,,,
61060,Cypress Creek Renewables,68871,Timber Mill Solar,NC,Jones,TIMIB,Batteries,BA,,S,X,X,,,32, ,32,32,P,12,2028,12,2028,N,IPP Non-CHP,2,N,MWH,,,,,, ,,,,,,,,,,,,
61060,Cypress Creek Renewables,68871,Timber Mill Solar,NC,Jones,TIMIL,Solar Photovoltaic,PV,,S,X,X,,,80, ,80,80,P,12,2028,12,2028,N,IPP Non-CHP,2,N,SUN,,,,,, ,,,,,,,,,,,,
67127,"Big Sampson Wind Project, LLC",68873,Big Sampson Wind,TX,Crockett,BIGS,Onshore Wind Turbine,WT,,S,X,X,,,265, ,265,265,TS,10,2025,9,2026,N,IPP Non-CHP,2,N,WND,,,,,,60,,,,,,,,,,,,
67133,"Okolona Solar, LLC",68876,Okolona Solar,MS,Henderson,6339,Solar Photovoltaic,PV,,S,X,X,,,145, ,145,145,T,5,2027,12,2027,,IPP Non-CHP,2,N,SUN,,,,,, ,,,,,,,,,N,N,,
67133,"Okolona Solar, LLC",68876,Okolona Solar,MS,Henderson,6340,Batteries,BA,,S,X,X,,,145, ,145,145,T,8,2028,8,2028,,IPP Non-CHP,2,N,MWH,,,,,, ,,,,,,,,,,,,
67134,"Wildcat Ranch Energy Storage, LLC",68877,Wildcat Ranch Energy Storage,TX,Cochran,WLDC1,Batteries,BA,,S,X,X,,,120, ,107.5,120,P,12,2026,11,2027,,IPP Non-CHP,2,N,MWH,,,,,, ,,,,,,,,,N,N,,
64452,"EDF Renewables Development, Inc.",68883,Sawtooth Solar,AZ,Pinal,STBA,Batteries,BA,,S,X,X,,,250, ,250,250,L,6,2028,6,2028,,IPP Non-CHP,2,N,MWH,,,,,, ,,,,,,,,,,,,
64452,"EDF Renewables Development, Inc.",68883,Sawtooth Solar,AZ,Pinal,STPV,Solar Photovoltaic,PV,,S,X,X,,,250, ,250,250,L,6,2028,6,2028,,IPP Non-CHP,2,N,SUN,,,,,, ,,,,,,,,,,,,
67126,"NY Tioga IV, LLC",68884,Glen Mary,NY,Tioga,PV1,Solar Photovoltaic,PV,,S,X,X,,,3.4, ,3.4,3.4,P,12,2026,12,2027,N,IPP Non-CHP,2,N,SUN,,,,,, ,,,,,,,,,,,,
67141,Clover Creek Solar Project LLC d/b/a New Frontiers Solar Park,68897,New Frontiers Solar,KY,Breckinridge,PVSI,Solar Photovoltaic,PV,,S,X,X,,,100, ,100,100,P,12,2026,6,2027,N,IPP Non-CHP,2,N,SUN,,,,,, ,,,,,,,,,,,,
67140,Eagle Creek Solar Park LLC,68898,Eagle Creek Solar Park LLC,MI,Saginaw,ECS1,Solar Photovoltaic,PV,,S,X,X,,,120, ,120,120,U,10,2025,3,2027,N,IPP Non-CHP,2,N,SUN,,,,,, ,,,,,,,,,,,,
67146,Badger State Solar LLC,68900,Badger State Solar LLC,WI,Jefferson,BSS,Solar Photovoltaic,PV,,S,X,X,,,149, ,149,149,L,6,2027,10,2027,N,IPP Non-CHP,2,N,SUN,,,,,, ,,,,,,,,,,,,
67148,Cedar Range LLC,68901,Cedar Range Solar,TX,Hopkins,PVCLA,Solar Photovoltaic,PV,,S,X,X,,,150,0.9,150,150,L,9,2027,9,2027,N,IPP Non-CHP,2,N,SUN,,,,,, ,,,,,,,,,,,,
67149,Echols Grove LLC,68902,Echols Grove Solar,TX,Lamar,ECHPV,Solar Photovoltaic,PV,,S,X,X,,,201,0.9,201,201,L,12,2025,12,2027,,IPP Non-CHP,2,N,SUN,,,,,, ,,,,,,,,,,,,
67150,"Solex Ridge, LLC",68903,Solex Ridge Solar,TX,Henderson,MUSPV,Solar Photovoltaic,PV,,S,X,X,,,100,0.88,100,100,L,12,2025,12,2027,,IPP Non-CHP,2,N,SUN,,,,,, ,,,,,,,,,,,,
67151,"Pine Forest Solar I, LLC",68906,Pine Forest Solar I,TX,Hopkins,PFBA2,Batteries,BA,,S,X,X,,,200, ,200,200,U,10,2028,8,2027,,IPP Non-CHP,2,N,MWH,,,,,, ,,,,,,,,,,N,,
67152,CDH Vidal LLC,68907,Vidal Energy Center,CA,San Bernardino,1,Batteries,BA,,S,X,X,,,160, ,160,160,U,12,2026,12,2026,,IPP Non-CHP,2,N,MWH,,,,,, ,,,,,,,,,,N,,
67152,CDH Vidal LLC,68907,Vidal Energy Center,CA,San Bernardino,2,Solar Photovoltaic,PV,,S,X,X,,,160, ,160,160,U,12,2026,12,2026,,IPP Non-CHP,2,N,SUN,,,,,, ,,,,,,,,,,,,
67153,Tesoro RV & Boat Storage,68908,Tesoro RV & Boat Storage,CA,San Joaquin,45067,Solar Photovoltaic,PV,,S,X,X,,,2.6, ,2.6,2.6,TS,7,2025,5,2026,,Commercial Non-CHP,4,N,SUN,,,,,, ,,,,,,,,,,N,,
67154,Imperial Sun Solar LLC,68909,Imperial Sun Solar,CA,Imperial,ISSBA,Batteries,BA,,S,X,X,COACHELV_2_N101,,100,0.95,100,100,P,12,2026,7,2027,N,IPP Non-CHP,2,N,MWH,,,,,, ,,,,,,,,,,,,
67154,Imperial Sun Solar LLC,68909,Imperial Sun Solar,CA,Imperial,ISSPV,Solar Photovoltaic,PV,,S,X,X,COACHELV_2_N101,,100,0.95,100,100,P,12,2026,7,2027,N,IPP Non-CHP,2,N,SUN,,,,,, ,,,,,,,,,,,,
67157,Flint,68911,Flint,OH,Franklin,27288,Batteries,BA,,S,X,X,,,200,0.95,200,200,U,6,2027,7,2027,N,IPP Non-CHP,2,N,MWH,,,,,, ,,,,,,,,,,,,
67159,Padua 2,68913,Padua 2,TX,Bexar,12342,Batteries,BA,,S,X,X,,,150,0.95,150,150,U,5,2026,6,2026,N,IPP Non-CHP,2,N,MWH,,,,,, ,,,,,,,,,,,,
67160,Padua 3,68914,Padua 3,TX,Bexar,12343,Batteries,BA,,S,X,X,,,200,0.95,200,200,U,7,2026,10,2026,,IPP Non-CHP,2,N,MWH,,,,,, ,,,,,,,,,,,,
67162,"Ferdinand Grid, LLC",68915,Ferdinand Energy Center,TX,Bexar,1,Batteries,BA,,S,X,X,,,200,0.95,200,200,V,5,2026,6,2026,N,IPP Non-CHP,2,N,MWH,,,,,, ,,,,,,,,,,,,
67165,"Beavertail Solar, LLC",68917,Beavertail Solar,MO,Henry,BS,Solar Photovoltaic,PV,,S,X,X,,,400, ,400,400,T,6,2027,4,2027,,IPP Non-CHP,2,N,SUN,,,,,, ,,,,,,,,,,,,
67167,Enterprise BESS LLC,68923,Enterprise BESS,CA,San Diego,ENTB,Batteries,BA,,S,X,X,sp15,ciso,54.1,1,52,52,T,10,2026,12,2027,,IPP Non-CHP,2,N,MWH,,,,,, ,,,,,,,,,,,,
67168,Panoche BESS LLC,68924,Iron BESS,CA,Fresno,IROB,Batteries,BA,,S,X,X,np15,ciso,59.5,1,57,57,T,5,2025,4,2027,,IPP Non-CHP,2,N,MWH,,,,,, ,,,,,,,,,,,,
67169,Midway BESS LLC,68925,Midway BESS,CA,Fresno,MIDB,Batteries,BA,,S,X,X,np15,ciso,124.6,1,119.9,119.9,T,6,2027,6,2027,,IPP Non-CHP,2,N,MWH,,,,,, ,,,,,,,,,,,,
65654,Birch Creek Development,68926,"Blue Jay Road Solar, LLC",MO,Ralls,BLUEJ,Solar Photovoltaic,PV,,S,X,X,AMMO.BLUEJAY,AMMO.BLUEJAY,60,1,60,60,T,6,2026,11,2026,N,IPP Non-CHP,2,N,SUN,,,,,, ,,,,,,,,,,N,N,N
65654,Birch Creek Development,68927,"Adelite Solar, LLC",MO,Caldwell,ADELI,Solar Photovoltaic,PV,,S,X,X,AMMO.ADELITE,AMMO.ADELITE,25,1,25,25,V,10,2025,1,2026,,IPP Non-CHP,2,N,SUN,,,,,, ,,,,,,,,,,N,,
65654,Birch Creek Development,68929,"Ruby Solar, LLC",IL,Clinton,RUBY,Solar Photovoltaic,PV,,S,X,X,AMMO.RUBY,AMMO.RUBY,50,1,50,50,V,3,2026,8,2026,,IPP Non-CHP,2,N,SUN,,,,,, ,,,,,,,,,,N,,
67166,"MC Solar, LLC",68930,MC Solar,PA,Mercer,ENX36,Solar Photovoltaic,PV,,S,X,X,"atsi, sharon 69 kv, 1338424127",,50,0.95,50,50,L,1,2026,1,2027,,IPP Non-CHP,2,N,SUN,,,,,, ,,,,,,,,,,,,
67171,Overnight Solar LLC,68932,Overnight Solar,CA,San Bernardino,OSBA,Batteries,BA,,S,X,X,SANDLOT_2_N024,,150,0.95,150,150,P,6,2027,1,2027,N,IPP Non-CHP,2,N,MWH,,,,,, ,,,,,,,,,,,,
67171,Overnight Solar LLC,68932,Overnight Solar,CA,San Bernardino,OSPV,Solar Photovoltaic,PV,,S,X,X,SANDLOT_2_N024,,150, ,150,150,P,6,2027,1,2027,N,IPP Non-CHP,2,N,SUN,,,,,, ,,,,,,,,,,,,
67172,"SV CSG Corbell, LLC",68933,SV CSG Corbell,IL,Williamson,CORB,Solar Photovoltaic,PV,,S,X,X,,,2, ,2,2,U,1,2026,11,2026,N,IPP Non-CHP,2,N,SUN,,,,,,0,,,,,,,,,,,,
67173,SV CSG East St Louis LLC,68934,SV CSG East St Louis,IL,St Clair,EAST1,Solar Photovoltaic,PV,,S,X,X,,,5, ,5,5,T,2,2026,12,2026,,IPP Non-CHP,2,N,SUN,,,,,,0,,,,,,,,,,,,
67174,SV CSG Roxana 1 LLC,68935,SV CSG Roxana 1,IL,Madison,ROX1,Solar Photovoltaic,PV,,S,X,X,,,2.5, ,2.5,2.5,T,5,2026,11,2026,,IPP Non-CHP,2,N,SUN,,,,,,0,,,,,,,,,,,,
67175,"SV CSG Naplate, LLC",68936,SV CSG Naplate,IL,LaSalle,NAP1,Solar Photovoltaic,PV,,S,X,X,,,3.9, ,3.9,3.9,L,2,2027,9,2026,,IPP Non-CHP,2,N,SUN,,,,,,0,,,,,,,,,,,,
24211,Tucson Electric Power Co,68937,Roadrunner Reserve Phase 2,AZ,Pima,RDR2,Batteries,BA,,S,X,X,,,200,1,200,200,U,4,2026,6,2026,,Electric Utility,1,N,MWH,,,,,, ,,,,,,,,,,,,
62842,"Lightsource Renewable Energy Asset Management, LLC",68938,"Juliet Energy Project, LLC",OH,Wood,OHJE1,Solar Photovoltaic,PV,,S,X,X,,,50, ,50,50,V,3,2026,8,2026,,IPP Non-CHP,2,N,SUN,,,,,, ,,,,,,,,,,,,
66571,Clenera DevCo LLC,68939,Coggon Solar LLC,IA,Linn,COGPV,Solar Photovoltaic,PV,,S,X,X,,,100, ,100,100,U,12,2028,12,2027,,IPP Non-CHP,2,N,SUN,,,,,, ,,,,,,,,,,,,
66571,Clenera DevCo LLC,68940,Country Acres Clean Power LLC,CA,Placer,CABS,Batteries,BA,,S,X,X,,,172, ,172,172,U,12,2026,12,2026,,IPP Non-CHP,2,N,MWH,,,,,, ,,,,,,,,,,,,
66571,Clenera DevCo LLC,68940,Country Acres Clean Power LLC,CA,Placer,CAPV,Solar Photovoltaic,PV,,S,X,X,,,344, ,344,344,T,12,2026,12,2026,,IPP Non-CHP,2,N,SUN,,,,,, ,,,,,,,,,,,,
67176,"Kifer Energy Storage, LLC",68953,Kifer BESS 1,CA,Santa Clara,KB1,Batteries,BA,,S,X,X,,,50,1,50,50,U,2,2026,10,2026,N,IPP Non-CHP,2,N,MWH,,,,,, ,,,,,,,,,,,,
67192,RWE Clean Energy,68954,Alpaugh BESS,CA,Tulare,ALPHB,Batteries,BA,,S,X,X,,,10, ,10,10,V,12,2025,5,2026,,IPP Non-CHP,2,N,MWH,,,,,, ,,,,,,,,,,,,
67179,"Border Basin, LLC",68968,Border Basin Solar,OH,Hancock,ENX37,Solar Photovoltaic,PV,,S,X,X,"AEP, EBERSOLE138 KV XF1, 1268563031",,120, ,120,120,U,12,2025,8,2026,,IPP Non-CHP,2,N,SUN,,,,,, ,,,,,,,,,,,,
67180,"Strinestown Solar, LLC",68969,Strinestown Solar,PA,York,ENX39,Solar Photovoltaic,PV,,S,X,X,"METED, ZIONSVIE115KV 1B12, 49498",,79.6, ,79.6,79.6,T,12,2027,12,2027,,IPP Non-CHP,2,N,SUN,,,,,, ,,,,,,,,,,,,
67182,Ho-Fel Solar LLC,68970,Ho-Fel Solar,VA,Isle of Wight,HOFEL,Solar Photovoltaic,PV,,S,X,X,,,50.2, ,50.2,50.2,T,7,2026,9,2026,,IPP Non-CHP,2,N,SUN,,,,,, ,,,,,,,,,,,,
67183,Moseley Hermon Solar,68971,Moseley Hermon Solar,VA,Chesterfield,39302,Solar Photovoltaic,PV,,S,X,X,,,5, ,5,4.8,U,9,2025,3,2026,,IPP Non-CHP,2,N,SUN,,,,,, ,,,,,,,,,,,,
67184,Gilman Solar LLC PV,68972,Gilman Solar LLC,IL,Iroquois,11253,Solar Photovoltaic,PV,,S,X,X,,,4.5, ,4.5,4.3,U,9,2027,9,2027,N,IPP Non-CHP,2,N,SUN,,,,,, ,,,,,,,,,,,,
67185,Ridge Farm Renewables LLC PV,68973,Ridge Farm Renewables LLC PV,IL,Vermilion,13359,Solar Photovoltaic,PV,,S,X,X,,,4, ,4,3.8,U,6,2026,7,2026,N,IPP Non-CHP,2,N,SUN,,,,,, ,,,,,,,,,,,,
67186,Ashley Solar LLC PV,68974,Ashley Solar LLC PV,IL,Washington,13526,Solar Photovoltaic,PV,,S,X,X,,,5, ,5,4.8,U,5,2026,5,2026,N,IPP Non-CHP,2,N,SUN,,,,,, ,,,,,,,,,,,,
67187,Washington Street Solar 1 LLC,68975,Washington Street Solar 1 LLC,IL,Mclean,17340,Solar Photovoltaic,PV,,S,X,X,,,5, ,5,4.8,U,10,2026,10,2026,,IPP Non-CHP,2,N,SUN,,,,,, ,,,,,,,,,,,,
67196,"Gonzaga Ridge Battery Facility, LLC",68980,Gonzaga Ridge Battery Facility,CA,Merced,GRBF,Batteries,BA,,S,X,X,,,51.8, ,51.8,51.8,V,3,2026,9,2026,N,IPP Non-CHP,2,N,MWH,,,,,, ,,,,,,,,,,,,
67197,"Gonzaga Ridge Wind Farm, LLC",68981,Gonzaga Ridge Wind Farm,CA,Merced,GRWF1,Onshore Wind Turbine,WT,,S,X,X,,,40.3,0.95,40.3,40.3,V,3,2026,9,2026,,IPP Non-CHP,2,N,WND,,,,,,7,,,,,,,,,,,,
67197,"Gonzaga Ridge Wind Farm, LLC",68981,Gonzaga Ridge Wind Farm,CA,Merced,GRWF2,Onshore Wind Turbine,WT,,S,X,X,,,34.6,0.95,34.6,34.6,V,3,2026,9,2026,,IPP Non-CHP,2,N,WND,,,,,,6,,,,,,,,,,,,
67197,"Gonzaga Ridge Wind Farm, LLC",68981,Gonzaga Ridge Wind Farm,CA,Merced,GRWF3,Onshore Wind Turbine,WT,,S,X,X,,,51.9,0.95,51.9,51.9,V,3,2026,9,2026,,IPP Non-CHP,2,N,WND,,,,,,9,,,,,,,,,,,,
15466,Public Service Co of Colorado,68982,Singing Grass Wind,CO,Kit Carson,SGG01,Onshore Wind Turbine,WT,,S,X,X,,,603,0.9,600,600,U,8,2025,9,2027,N,Electric Utility,1,N,WND,,,,,,134,,,,,,,,,,,,
13781,Northern States Power Co - Minnesota,68988,Sherco LDES,MN,Sherburne,SHB01,Batteries,BA,,S,X,X,,,10,0.95,10,10,T,12,2025,5,2028,N,Electric Utility,1,N,MWH,,,,,, ,,,,,,,,,,,,
67181,"MPG Solar, LLC",68993,MPG Solar,PA,Centre,ENX40,Solar Photovoltaic,PV,,S,X,X,"aps, MILESBUR230 KV T81, 5021382",,162, ,162,162,T,12,2026,7,2028,,IPP Non-CHP,2,N,SUN,,,,,, ,,,,,,,,,,,,
67205,"Dover Solar, LLC (PA)",68995,Dover Solar (PA),PA,York,ENX38,Solar Photovoltaic,PV,,S,X,X,"METED, JACK ME 115kV 1B BAN, 49439",,75, ,75,75,T,1,2027,11,2027,,IPP Non-CHP,2,N,SUN,,,,,, ,,,,,,,,,,,,
57416,"Acciona Energy USA Global, LLC",69004,Adelite Storage Project LLC,TX,Milam,ADELI,Batteries,BA,,S,X,X,,,230, ,230,230,T,6,2026,3,2028,N,IPP Non-CHP,2,N,MWH,,,,,, ,,,,,,,,,,,,
67202,"Hubbard Wind II, LLC",69010,Hubbard Wind II,TX,Hill,5111,Onshore Wind Turbine,WT,,S,X,X,,,304.5, ,304.5,304.5,U,12,2026,9,2026,,IPP Non-CHP,2,N,WND,,,,,,108,,,,,,,,,N,N,,
65539,Pivot Energy,69018,Pivot Solar NY 10,NY,St Lawrence,NY10,Solar Photovoltaic,PV,,S,X,X,,,5, ,5,5,V,7,2025,3,2026,N,IPP Non-CHP,2,N,SUN,,,,,, ,,,,,,,,,,,,
66571,Clenera DevCo LLC,69021,Rustic Hills Solar I,IN,Warrick,RH1PV,Solar Photovoltaic,PV,,S,X,X,,,100, ,100,100,T,4,2028,10,2028,,IPP Non-CHP,2,N,SUN,,,,,, ,,,,,,,,,,,,
66571,Clenera DevCo LLC,69022,Rustic Hills Solar II LLC,IN,Warrick,RH2PV,Solar Photovoltaic,PV,,S,X,X,,,100, ,100,100,T,4,2028,10,2028,,IPP Non-CHP,2,N,SUN,,,,,, ,,,,,,,,,,,,
67223,Glenarm BESS LLC,69024,Glenarm BESS Plant,CA,Los Angeles,GLNB1,Batteries,BA,,W,X,X,,,25,1,25,25,L,8,2026,6,2027,,Electric Utility,1,N,MWH,,,,,, ,,,,,,,,,,,,
67221,Joppa BESS LLC,69025,Pulaski Solar,IL,Pulaski,PLSKI,Solar Photovoltaic,PV,,S,X,X,,,417.4,0.8,405,405,U,12,2026,12,2026,,IPP Non-CHP,2,N,SUN,,,,,, ,,,,,,,,,,,,
67192,RWE Clean Energy,69027,"Stoneridge Solar, LLC",TX,Milam,SSBA,Batteries,BA,,S,X,X,,,100, ,100,100,TS,1,2025,12,2026,,IPP Non-CHP,2,N,MWH,,,,,, ,,,,,,,,,,,,
20323,"Wellhead Services, Inc",69030,North Johnson Energy Center,CA,San Diego,BESS1,Batteries,BA,,S,X,X,,,50, ,50,50,U,6,2026,6,2026,,IPP Non-CHP,2,N,MWH,,,,,, ,,,,,,,,,,N,,
65539,Pivot Energy,69034,Pivot Energy Minnesota Solar 2,MN,Kandiyohi,PMI2,Solar Photovoltaic,PV,,S,X,X,,,1, ,1,1,V,10,2025,4,2027,N,IPP Non-CHP,2,N,SUN,,,,,, ,,,,,,,,,,,,
65539,Pivot Energy,69035,Pivot Solar 36,CO,Weld,PI36,Solar Photovoltaic,PV,,S,X,X,,,5, ,5,5,V,11,2025,1,2027,N,IPP Non-CHP,2,N,SUN,,,,,, ,,,,,,,,,,,,
22500,"Evergy Kansas Central, Inc",69036,Chanute Solar,KS,Neosho,CHANS,Solar Photovoltaic,PV,,S,X,X,,,6,0.99,6,6,U,5,2026,5,2026,,Electric Utility,1,N,SUN,,,,,, ,,,,,,,,,,,,
15466,Public Service Co of Colorado,69040,Arroyo Solar,CO,Pueblo,ARY1,Solar Photovoltaic,PV,,S,X,X,,,335, ,335,335,U,12,2025,10,2026,,Electric Utility,1,N,SUN,,,,,, ,,,,,,,,,,,,
67231,"Iron Springs BESS, LLC",69041,Iron Springs BESS,UT,Iron,ISBA,Batteries,BA,,S,X,X,,,80, ,80,80,TS,2,2026,4,2026,,IPP Non-CHP,2,N,MWH,,,,,, ,,,,,,,,,N,N,,
67229,"Big Creek Solar (IL), LLC",69043,Big Creek Solar (IL) (CSG),IL,Macoupin,BC25,Solar Photovoltaic,PV,,S,X,X,,,5, ,5,5,TS,8,2025,3,2026,,IPP Non-CHP,2,N,SUN,,,,,, ,,,,,,,,,,,,
67230,Platinum Energy Storage LLC,69044,Platinum Storage,TX,Fannin,PLAT,Batteries,BA,,S,X,X,,,348, ,300,300,V,6,2025,2,2026,N,IPP Non-CHP,2,N,MWH,,,,,, ,,,,,,,,,,,,
65539,Pivot Energy,69052,MDD109-NCBP BLDG 11-Manekin,MD,Prince Georges,MD11,Solar Photovoltaic,PV,,S,X,X,,,2.4, ,2.4,2.4,V,11,2025,9,2026,N,IPP Non-CHP,2,N,SUN,,,,,, ,,,,,,,,,,,,
65539,Pivot Energy,69053,ILL060-Sangamon-Atchison,IL,Sangamon,IL60,Solar Photovoltaic,PV,,S,X,X,,,2, ,2,2,V,11,2025,9,2026,N,IPP Non-CHP,2,N,SUN,,,,,, ,,,,,,,,,,,,
67217,"ATLAS Solar II, LLC",69054,ATLAS II,AZ,La Paz,ALT2,Solar Photovoltaic,PV,,S,X,X,,,100, ,100,100,V,6,2025,11,2026,,IPP Non-CHP,2,N,SUN,,,,,, ,,,,,,,,,,,,
67218,"ATLAS SOLAR IV, LLC",69055,ATLAS SOLAR IV,AZ,La Paz,ALTS4,Solar Photovoltaic,PV,,S,X,X,,,300, ,300,300,V,5,2026,3,2027,,IPP Non-CHP,2,N,SUN,,,,,, ,,,,,,,,,,,,
66571,Clenera DevCo LLC,69056,CO Bar Solar and BESS,AZ,Coconino,CBBA,Batteries,BA,,S,X,X,,,400, ,400,400,P,12,2027,12,2027,,IPP Non-CHP,2,N,MWH,,,,,, ,,,,,,,,,,,,
66571,Clenera DevCo LLC,69056,CO Bar Solar and BESS,AZ,Coconino,CBPV,Solar Photovoltaic,PV,,S,X,X,,,400, ,400,400,P,12,2027,12,2027,,IPP Non-CHP,2,N,SUN,,,,,, ,,,,,,,,,,,,
66571,Clenera DevCo LLC,69057,CO Bar D Solar and BESS,AZ,Coconino,CBDBA,Batteries,BA,,S,X,X,,,394, ,394,394,P,5,2028,5,2028,,IPP Non-CHP,2,N,MWH,,,,,, ,,,,,,,,,,,,
66571,Clenera DevCo LLC,69057,CO Bar D Solar and BESS,AZ,Coconino,CBDPV,Solar Photovoltaic,PV,,S,X,X,,,394, ,394,394,P,5,2028,5,2028,,IPP Non-CHP,2,N,SUN,,,,,, ,,,,,,,,,,,,
66571,Clenera DevCo LLC,69058,CO Bar C Solar and BESS,AZ,Coconino,CBCBA,Batteries,BA,,S,X,X,,,206, ,206,206,P,6,2027,8,2027,,IPP Non-CHP,2,N,MWH,,,,,, ,,,,,,,,,,,,
66571,Clenera DevCo LLC,69058,CO Bar C Solar and BESS,AZ,Coconino,CBCPV,Solar Photovoltaic,PV,,S,X,X,,,206, ,206,206,P,6,2027,8,2027,,IPP Non-CHP,2,N,SUN,,,,,, ,,,,,,,,,,,,
66571,Clenera DevCo LLC,69059,Crimson Orchard Solar and BESS,ID,Elmore,COBA,Batteries,BA,,S,X,X,,,100, ,100,100,L,4,2027,4,2027,,IPP Non-CHP,2,N,MWH,,,,,, ,,,,,,,,,,,,
66571,Clenera DevCo LLC,69059,Crimson Orchard Solar and BESS,ID,Elmore,COPV,Solar Photovoltaic,PV,,S,X,X,,,100, ,100,100,L,4,2027,4,2027,,IPP Non-CHP,2,N,SUN,,,,,, ,,,,,,,,,,,,
66571,Clenera DevCo LLC,69060,Snowflake A Solar and BESS,AZ,Navajo,SNFA,Solar Photovoltaic,PV,,S,X,X,,,475, ,475,475,L,6,2027,8,2027,N,IPP Non-CHP,2,N,SUN,,,,,, ,,,,,,,,,,,,
66571,Clenera DevCo LLC,69060,Snowflake A Solar and BESS,AZ,Navajo,SNFBA,Batteries,BA,,S,X,X,,,475, ,475,475,L,6,2027,8,2027,N,IPP Non-CHP,2,N,MWH,,,,,, ,,,,,,,,,,,,
65539,Pivot Energy,69064,"NCBP TWELVE, LLC",MD,Prince Georges,NC12,Solar Photovoltaic,PV,,S,X,X,,,1.2, ,1.2,1.2,V,12,2025,9,2026,N,IPP Non-CHP,2,N,SUN,,,,,, ,,,,,,,,,,,,
1307,Basin Electric Power Coop,69071,Bison Generation Station,ND,Williams,CA1,Natural Gas Fired Combined Cycle,CA,CC1,S,Y,X,,,263,0.85,320,325,L,2,2029,2,2029,N,Electric Utility,1,N,NG,,,,,, ,,,,,,,,,,N,,
1307,Basin Electric Power Coop,69071,Bison Generation Station,ND,Williams,CA2,Natural Gas Fired Combined Cycle,CA,CC2,S,Y,X,,,263,0.85,320,325,L,3,2030,3,2030,N,Electric Utility,1,N,NG,,,,,, ,,,,,,,,,,N,,
1307,Basin Electric Power Coop,69071,Bison Generation Station,ND,Williams,CT1,Natural Gas Fired Combined Cycle,CT,CC1,S,X,N,,,496,0.85,409,409,L,2,2029,2,2029,N,Electric Utility,1,N,NG,,,,,, ,,,,,,,,,,N,,
1307,Basin Electric Power Coop,69071,Bison Generation Station,ND,Williams,CT2,Natural Gas Fired Combined Cycle,CT,CC2,S,X,N,,,496,0.85,409,409,L,3,2030,3,2030,N,Electric Utility,1,N,NG,,,,,, ,,,,,,,,,,N,,
55937,Entergy Texas Inc.,69077,Lone Star Power Station,TX,San Jacinto,1A,Natural Gas Fired Combustion Turbine,GT,,S,X,X,,,467.3,1,432,467.3,L,7,2028,7,2028,,Electric Utility,1,N,NG,,,,,, ,,,,,,,,,N,N,,
67250,"Helion Energy, Inc.",69099,Orion - Helion,WA,Chelan,HEWA1,All Other,OT,,S,X,X,,,50, ,50,50,L,12,2028,12,2028,N,IPP Non-CHP,2,N,H2,,,,,, ,,,,,,,,,,N,,
15466,Public Service Co of Colorado,69100,Rocky Mountain Solar,CO,Pueblo,RKMB,Batteries,BA,,S,X,X,,,200, ,200,200,U,12,2025,3,2026,N,Electric Utility,1,N,MWH,,,,,, ,,,,,,,,,,,,
17650,Southern Power Co,69101,Millers Branch Solar,TX,Haskell,MLB01,Solar Photovoltaic,PV,,W,X,X,,,200, ,200,200,V,12,2025,2,2026,,IPP Non-CHP,2,N,SUN,,,,,, ,,,,,,,,,,,,
17650,Southern Power Co,69101,Millers Branch Solar,TX,Haskell,MLB02,Solar Photovoltaic,PV,,W,X,X,,,180, ,180,180,U,6,2026,8,2026,,IPP Non-CHP,2,N,SUN,,,,,, ,,,,,,,,,,,,
17650,Southern Power Co,69101,Millers Branch Solar,TX,Haskell,MLB03,Solar Photovoltaic,PV,,W,X,X,,,132, ,132,132,P,12,2026,12,2026,,IPP Non-CHP,2,N,SUN,,,,,, ,,,,,,,,,,,,
20421,Western Minnesota Mun Pwr Agny,69102,Toronto Power Plant,SD,Deuel,U1,Natural Gas Fired Combustion Turbine,GT,,S,X,X,,,36.3,0.9,35.6,35.6,L,12,2028,12,2029,N,Electric Utility,1,N,NG,DFO,,,,, ,,,,,,,,,,Y,Y,N
20421,Western Minnesota Mun Pwr Agny,69102,Toronto Power Plant,SD,Deuel,U2,Natural Gas Fired Combustion Turbine,GT,,S,X,X,,,36.3,0.9,35.6,35.6,L,12,2028,12,2029,N,Electric Utility,1,N,NG,DFO,,,,, ,,,,,,,,,,Y,Y,N
20421,Western Minnesota Mun Pwr Agny,69102,Toronto Power Plant,SD,Deuel,U3,Natural Gas Fired Combustion Turbine,GT,,S,X,X,,,36.3,0.9,35.6,35.6,L,12,2028,12,2029,N,Electric Utility,1,N,NG,DFO,,,,, ,,,,,,,,,,Y,Y,N
20421,Western Minnesota Mun Pwr Agny,69102,Toronto Power Plant,SD,Deuel,U4,Natural Gas Fired Combustion Turbine,GT,,S,X,X,,,36.3,0.9,35.6,35.6,L,12,2028,12,2029,N,Electric Utility,1,N,NG,DFO,,,,, ,,,,,,,,,N,Y,Y,N
58509,"Affordable Solar Silver City, LLC",69105,SLO-2,NM,Sandoval,SLO-2,Solar Photovoltaic,PV,,S,X,X,,,5, ,5,5,P,5,2025,9,2026,,IPP Non-CHP,2,N,SUN,,,,,, ,,,,,,,,,,,,
58509,"Affordable Solar Silver City, LLC",69107,XCEL-1 Community Solar,NM,Chaves,XCL-1,Solar Photovoltaic,PV,,S,X,X,,,5, ,5,5,V,5,2025,3,2026,,IPP Non-CHP,2,N,SUN,,,,,, ,,,,,,,,,,,,
64452,"EDF Renewables Development, Inc.",69108,Eastern Cottontail Solar,OH,Fairfield,COT01,Solar Photovoltaic,PV,,S,X,X,,,220, ,254.5,118.2,L,12,2028,12,2028,,IPP Non-CHP,2,N,SUN,,,,,, ,,,,,,,,,,,,
57416,"Acciona Energy USA Global, LLC",69110,Coneflower Storage Project LLC,TX,Chambers,CONEF,Batteries,BA,,S,X,X,,,170.9, ,170.9,170.9,L,2,2027,9,2027,N,IPP Non-CHP,2,N,MWH,,,,,, ,,,,,,,,,,,,
49893,Invenergy Services LLC,69111,Trade Post Solar,IN,Sullivan,TRADE,Solar Photovoltaic,PV,,S,X,X,,,200, ,200,200,V,1,2027,7,2026,N,IPP Non-CHP,2,N,SUN,,,,,, ,,,,,,,,,,,,
3046,Duke Energy Progress - (NC),69119,New Hill 1 Battery,NC,Wake,NHBA1,Batteries,BA,,S,X,X,,,56, ,56,56,U,9,2027,9,2027,,Electric Utility,1,N,MWH,,,,,, ,,,,,,,,,,,,
66509,Red River Clean Energy,69120,Resaca Oasis Storage,TX,Cameron,RESBS,Batteries,BA,,S,X,X,,,200.7, ,200.7,200.7,T,9,2027,9,2027,,IPP Non-CHP,2,N,MWH,,,,,, ,,,,,,,,,,,,
67294,"Deer Creek Solar I, LLC",69121,Deer Creek Hybrid,CA,Tulare,DERBA,Batteries,BA,,S,X,X,,,51.4, ,50,50,U,2,2026,7,2026,N,IPP Non-CHP,2,N,MWH,,,,,, ,,,,,,,,,,,,
67294,"Deer Creek Solar I, LLC",69121,Deer Creek Hybrid,CA,Tulare,DERPV,Solar Photovoltaic,PV,,S,X,X,,,51.4, ,50,50,U,2,2026,7,2026,N,IPP Non-CHP,2,N,SUN,,,,,, ,,,,,,,,,,,,
67270,"RPCA Solar 10, LLC",69136,Redemeyer Road Solar,CA,Mendocino,REDBA,Batteries,BA,,S,X,X,,,4, ,4,4,TS,10,2025,6,2026,N,IPP Non-CHP,2,N,MWH,,,,,, ,,,,,,,,,,,,
67270,"RPCA Solar 10, LLC",69136,Redemeyer Road Solar,CA,Mendocino,REDPV,Solar Photovoltaic,PV,,S,X,X,,,4, ,4,4,TS,10,2025,6,2026,N,IPP Non-CHP,2,N,SUN,,,,,, ,,,,,,,,,,,,
67272,"RPCA Solar 8, LLC",69137,Althea Avenue Solar,CA,Fresno,ALP1,Solar Photovoltaic,PV,,S,X,X,,,5, ,5,5,TS,10,2025,2,2026,N,IPP Non-CHP,2,N,SUN,,,,,, ,,,,,,,,,,,,
67272,"RPCA Solar 8, LLC",69137,Althea Avenue Solar,CA,Fresno,ALP2,Solar Photovoltaic,PV,,S,X,X,,,3.9, ,3.9,3.9,TS,10,2025,12,2026,N,IPP Non-CHP,2,N,SUN,,,,,, ,,,,,,,,,,,,
5416,"Duke Energy Carolinas, LLC",69144,Baxter Creek Solar,NC,Davie,PV1,Solar Photovoltaic,PV,,W,X,X,,,30, ,30,30,U,6,2026,9,2026,,Electric Utility,1,N,SUN,,,,,, ,,,,,,,,,,,,
18642,Tennessee Valley Authority,69147,New Caledonia,MS,Lowndes,G1,Natural Gas Fired Combustion Turbine,GT,,S,X,X,,,84,0.8,81,98,P,12,2028,12,2028,N,Electric Utility,1,N,NG,,,,,, ,,,,,,,,,,N,,
18642,Tennessee Valley Authority,69147,New Caledonia,MS,Lowndes,G2,Natural Gas Fired Combustion Turbine,GT,,S,X,X,,,84,0.8,81,98,P,12,2028,12,2028,N,Electric Utility,1,N,NG,,,,,, ,,,,,,,,,,N,,
18642,Tennessee Valley Authority,69147,New Caledonia,MS,Lowndes,G3,Natural Gas Fired Combustion Turbine,GT,,S,X,X,,,84,0.8,81,98,P,12,2028,12,2028,N,Electric Utility,1,N,NG,,,,,, ,,,,,,,,,,N,,
18642,Tennessee Valley Authority,69147,New Caledonia,MS,Lowndes,G4,Natural Gas Fired Combustion Turbine,GT,,S,X,X,,,84,0.8,81,98,P,12,2028,12,2028,N,Electric Utility,1,N,NG,,,,,, ,,,,,,,,,,N,,
18642,Tennessee Valley Authority,69147,New Caledonia,MS,Lowndes,G5,Natural Gas Fired Combustion Turbine,GT,,S,X,X,,,84,0.8,81,98,P,12,2028,12,2028,N,Electric Utility,1,N,NG,,,,,, ,,,,,,,,,,N,,
18642,Tennessee Valley Authority,69147,New Caledonia,MS,Lowndes,G6,Natural Gas Fired Combustion Turbine,GT,,S,X,X,,,84,0.8,81,98,P,12,2028,12,2028,N,Electric Utility,1,N,NG,,,,,, ,,,,,,,,,,N,,
5416,"Duke Energy Carolinas, LLC",69148,Allen 2 BESS,NC,Gaston,BESS1,Batteries,BA,,S,X,X,,,167, ,167,167,P,6,2027,7,2027,,Electric Utility,1,N,MWH,,,,,, ,,,,,,,,,,,,
67298,"Anson Solar Center 2, LLC",69149,Anson 2 Solar,TX,Jones,ANSN2,Solar Photovoltaic,PV,,S,X,X,,,218.5, ,200,200,V,3,2026,9,2026,N,IPP Non-CHP,2,N,SUN,,,,,, ,,,,,,,,,,,,
67299,Sypert Branch Solar LLC,69150,Sypert Branch Solar,TX,Milam,SYPRT,Solar Photovoltaic,PV,,S,X,X,,,293.9, ,260,260,U,1,2026,9,2026,N,IPP Non-CHP,2,N,SUN,,,,,, ,,,,,,,,,,,,
67304,"BT Cantwell Solar, LLC",69151,Arroyo Storage,TX,Cameron,ARY_B,Batteries,BA,,S,X,X,,,180,1,180,180,TS,5,2025,9,2026,N,IPP Non-CHP,2,N,MWH,,,,,, ,,,,,,,,,,,,
67303,Wizard Energy Storage LLC,69152,Wizard Energy Storage,TX,Galveston,WZRD,Batteries,BA,,S,X,X,,,150, ,150,150,V,12,2025,4,2026,,IPP Non-CHP,2,N,MWH,,,,,, ,,,,,,,,,,,,
67302,Apache Hill Energy Center,69155,Apache Hill Energy Center,TX,Hood,AHBA1,Batteries,BA,,S,X,X,Hood8,Hood8,200, ,200,200,V,5,2026,11,2026,,IPP Non-CHP,2,N,MWH,,,,,, ,,,,,,,,,N,N,,
67271,Duff Solar Park LLC,69156,Duff Solar Park,IN,Dubois,GEN01,Solar Photovoltaic,PV,,S,X,X,,,100, ,100,100,U,12,2025,10,2026,N,IPP Non-CHP,2,N,SUN,,,,,, ,,,,,,,,,,,,
67286,SV CSG Paloma Solar LLC,69157,SV CSG Paloma Solar,IL,Bureau,PALOM,Solar Photovoltaic,PV,,S,X,X,,,2.8, ,2.8,2.8,U,3,2026,6,2026,N,IPP Non-CHP,2,N,SUN,,,,,,0,,,,,,,,,,,,
67287,"SV CSG Reeder Solar, LLC",69158,SV CSG Reeder Solar,IL,Knox,REEDR,Solar Photovoltaic,PV,,S,X,X,,,5, ,5,5,U,6,2026,4,2027,N,IPP Non-CHP,2,N,SUN,,,,,,0,,,,,,,,,,,,
67288,"SV CSG Diel 1, LLC",69159,SV CSG Diel 1,IL,Richland,DIEL,Solar Photovoltaic,PV,,S,X,X,,,5, ,5,5,U,10,2026,10,2026,N,IPP Non-CHP,2,N,SUN,,,,,,0,,,,,,,,,,,,
67289,SV CSG Ottawa 1 LLC,69160,SV CSG Ottawa 1,IL,LaSalle,OTTA1,Solar Photovoltaic,PV,,S,X,X,,,3, ,3,3,L,10,2026,9,2027,N,IPP Non-CHP,2,N,SUN,,,,,, ,,,,,,,,,,,,
18454,Tampa Electric Co,69165,Bayside Battery Storage,FL,Hillsborough,BESS1,Batteries,BA,,S,X,X,,,20, ,20,20,TS,12,2025,4,2026,,Electric Utility,1,N,MWH,,,,,, ,,,,,,,,,,,,
67305,Backbone BESS LLC,69167,Backbone Creek BESS,TX,Burnet,BCKBN,Batteries,BA,,S,X,X,,,121, ,121,121,L,12,2026,12,2026,N,IPP Non-CHP,2,N,MWH,,,,,,0,,,,,,,,,,,,
67306,Carambola BESS LLC,69168,Carambola BESS,TX,Hidalgo,CRBLA,Batteries,BA,,S,X,X,,,98.4, ,98.4,98.4,U,5,2026,6,2026,N,IPP Non-CHP,2,N,MWH,,,,,,0,,,,,,,,,,,,
67307,Freshwater Solar LLC,69169,"Freshwater Solar, LLC",MI,Montcalm,FWS,Solar Photovoltaic,PV,,S,X,X,,,200, ,200,200,U,6,2027,6,2027,N,IPP Non-CHP,2,N,SUN,,,,,, ,,,,,,,,,,,,
67308,"Freshwater Solar II, LLC",69170,"Freshwater Solar II, LLC",MI,Montcalm,FW2,Solar Photovoltaic,PV,,S,X,X,,,100, ,100,100,U,12,2027,12,2027,N,IPP Non-CHP,2,N,SUN,,,,,, ,,,,,,,,,,,,
61194,Generate Capital,69174,Arlington 1,IL,Bureau,11238,Solar Photovoltaic,PV,,W,X,X,,,4.5, ,4.5,4.5,U,9,2026,9,2026,,IPP Non-CHP,2,N,SUN,,,,,, ,,,,,,,,,,,,
61194,Generate Capital,69175,Arlington 2,IL,Bureau,11239,Solar Photovoltaic,PV,,W,X,X,,,4.5, ,4.5,4.5,U,5,2026,9,2026,,IPP Non-CHP,2,N,SUN,,,,,, ,,,,,,,,,,,,
61194,Generate Capital,69176,Bonacci 1,IL,Champaign,11218,Solar Photovoltaic,PV,,W,X,X,,,2.5, ,2.5,2.5,U,9,2026,2,2027,N,IPP Non-CHP,2,N,SUN,,,,,, ,,,,,,,,,,,,
61194,Generate Capital,69177,Bonacci 2,IL,Champaign,11218,Solar Photovoltaic,PV,,W,X,X,,,2.5, ,2.5,2.5,U,9,2026,2,2027,,IPP Non-CHP,2,N,SUN,,,,,, ,,,,,,,,,,,,
61194,Generate Capital,69178,Cherry Solar 1,IL,Bureau,11237,Solar Photovoltaic,PV,,W,X,X,,,5, ,5,5,U,6,2026,8,2026,,IPP Non-CHP,2,N,SUN,,,,,, ,,,,,,,,,,,,
61194,Generate Capital,69179,Chester,NY,Orange,11154,Solar Photovoltaic,PV,,W,X,X,,,5, ,5,5,V,1,2026,1,2026,,IPP Non-CHP,2,N,SUN,,,,,, ,,,,,,,,,,,,
61194,Generate Capital,69180,Cold Springs,NY,Onondaga,11254,Solar Photovoltaic,PV,,W,X,X,,,5, ,5,5,U,5,2026,8,2026,,IPP Non-CHP,2,N,SUN,,,,,, ,,,,,,,,,,,,
61194,Generate Capital,69181,Hillview,NY,Warren,11150,Solar Photovoltaic,PV,,W,X,X,,,5, ,5,5,U,6,2026,10,2026,,IPP Non-CHP,2,N,SUN,,,,,, ,,,,,,,,,,,,
61194,Generate Capital,69182,KA 340,IL,Kankakee,11225,Solar Photovoltaic,PV,,W,X,X,,,5, ,5,5,U,7,2026,10,2026,,IPP Non-CHP,2,N,SUN,,,,,, ,,,,,,,,,,,,
11241,Entergy Louisiana LLC,69184,Waterford 5,LA,St Charles,WF5CT,Natural Gas Fired Combined Cycle,CT,WF5,S,X,N,,,478,0.85,420,455,T,12,2029,6,2029,,Electric Utility,1,N,NG,,,,,, ,,,,,,,,,,N,,
11241,Entergy Louisiana LLC,69184,Waterford 5,LA,St Charles,WF5ST,Natural Gas Fired Combined Cycle,CA,WF5,S,Y,X,,,342,0.85,310,315,T,12,2029,6,2029,,Electric Utility,1,N,NG,,,,,, ,,,,,,,,,N,N,,
814,Entergy Arkansas LLC,69185,Jefferson Power Station,AR,Jefferson,JPS1,Natural Gas Fired Combined Cycle,CA,JPS1,S,Y,X,,,342,0.85,310,315,L,12,2029,11,2029,N,Electric Utility,1,N,NG,,,,,, ,,,,,,,,,N,N,,
814,Entergy Arkansas LLC,69185,Jefferson Power Station,AR,Jefferson,JPSCT,Natural Gas Fired Combined Cycle,CT,JPS1,S,X,N,,,478,0.85,420,455,L,12,2029,11,2029,N,Electric Utility,1,N,NG,,,,,, ,,,,,,,,,,N,,
67329,"TGE Wyoming 225, LLC",69189,Cowboy Solar II,WY,Laramie,C2BS,Batteries,BA,,S,X,X,,,200,0.95,200,200,P,12,2027,12,2027,N,IPP Non-CHP,2,N,MWH,,,,,, ,,,,,,,,,,,,
67329,"TGE Wyoming 225, LLC",69189,Cowboy Solar II,WY,Laramie,C2PV,Solar Photovoltaic,PV,,S,X,X,,,365,0.95,365,365,T,12,2027,12,2027,N,IPP Non-CHP,2,N,SUN,,,,,, ,,,,,,,,,,,,
5416,"Duke Energy Carolinas, LLC",69194,Maiden Creek Battery,NC,Catawba,MCBA,Batteries,BA,,S,X,X,,,50, ,50,50,U,7,2027,7,2027,N,Electric Utility,1,N,MWH,,,,,, ,,,,,,,,,,,,
5416,"Duke Energy Carolinas, LLC",69195,Longtown Energy Storage,SC,Fairfield,LONTB,Batteries,BA,,S,X,X,,,4.5, ,4.5,4.5,P,6,2026,9,2026,N,Electric Utility,1,N,MWH,,,,,, ,,,,,,,,,,,,
5416,"Duke Energy Carolinas, LLC",69196,Nebo Energy Storage,NC,Burke,NEBOB,Batteries,BA,,S,X,X,,,2.7, ,2.7,2.7,P,6,2026,10,2026,N,Electric Utility,1,N,MWH,,,,,, ,,,,,,,,,,,,
64904,AES Clean Energy,69197,Halifax County Solar,NC,Halifax,HALIF,Solar Photovoltaic,PV,,S,X,X,,,80, ,80,80,U,3,2026,8,2026,N,IPP Non-CHP,2,N,SUN,,,,,, ,,,,,,,,,,,,
67335,"ATLAS Solar Manager, LLC",69198,"ATLAS Solar X, LLC",AZ,La Paz,ATL10,Solar Photovoltaic,PV,,S,X,X,,,225,0.95,225,225,P,8,2026,12,2027,,IPP Non-CHP,2,N,SUN,,,,,, ,,,,,,,,,,,,
67335,"ATLAS Solar Manager, LLC",69199,"ATLAS Solar XI, LLC",AZ,La Paz,ATL11,Solar Photovoltaic,PV,,S,X,X,,,200,0.95,200,200,P,7,2026,12,2027,N,IPP Non-CHP,2,N,SUN,,,,,, ,,,,,,,,,,,,
67337,"ESTX-PLD-HOUSTON2, LLC",69200,SAHARA BESS (SOHO BESS),TX,Brazoria,SOHO1,Batteries,BA,,S,X,X,,,204.4,0.95,204.4,204.4,V,5,2026,7,2026,N,IPP Non-CHP,2,N,MWH,,,,,, ,,,,,,,,,,,,
67337,"ESTX-PLD-HOUSTON2, LLC",69200,SAHARA BESS (SOHO BESS),TX,Brazoria,SOHO2,Batteries,BA,,S,X,X,,,204.3,0.95,204.3,204.3,V,5,2026,7,2026,N,IPP Non-CHP,2,N,MWH,,,,,, ,,,,,,,,,,,,
61194,Generate Capital,69201,KA361,IL,Kankakee,11220,Solar Photovoltaic,PV,,W,X,X,,,2, ,2,2,V,1,2026,1,2026,,IPP Non-CHP,2,N,SUN,,,,,, ,,,,,,,,,,,,
61194,Generate Capital,69202,KE109,IL,Kendall,11203,Solar Photovoltaic,PV,,W,X,X,,,3.5, ,3.5,3.5,V,1,2026,7,2026,,IPP Non-CHP,2,N,SUN,,,,,, ,,,,,,,,,,,,
61194,Generate Capital,69203,KN07,IL,Kane,11227,Solar Photovoltaic,PV,,W,X,X,,,5, ,5,5,U,5,2026,7,2026,,IPP Non-CHP,2,N,SUN,,,,,, ,,,,,,,,,,,,
61194,Generate Capital,69204,Little Creek,IL,McDonough,11241,Solar Photovoltaic,PV,,W,X,X,,,4, ,4,4,U,6,2026,10,2026,,IPP Non-CHP,2,N,SUN,,,,,, ,,,,,,,,,,,,
61194,Generate Capital,69205,Lodi I,NY,Schuyler,11249,Solar Photovoltaic,PV,,W,X,X,,,5, ,5,5,U,5,2026,10,2026,,IPP Non-CHP,2,N,SUN,,,,,, ,,,,,,,,,,,,
61194,Generate Capital,69206,Lodi II,NY,Schuyler,11250,Solar Photovoltaic,PV,,W,X,X,,,5, ,5,5,U,5,2026,10,2026,N,IPP Non-CHP,2,N,SUN,,,,,, ,,,,,,,,,,,,
61194,Generate Capital,69207,Osman Trust,IL,McHenry,11215,Solar Photovoltaic,PV,,W,X,X,,,4.5, ,4.5,4.5,U,7,2026,10,2026,,IPP Non-CHP,2,N,SUN,,,,,, ,,,,,,,,,,,,
61194,Generate Capital,69208,Route 14-1,NY,Ontario,11036,Solar Photovoltaic,PV,,W,X,X,,,5, ,5,5,V,1,2026,7,2026,,IPP Non-CHP,2,N,SUN,,,,,, ,,,,,,,,,,,,
61194,Generate Capital,69209,Route 14-2,NY,Ontario,11037,Solar Photovoltaic,PV,,W,X,X,,,5, ,5,5,V,1,2026,7,2026,,IPP Non-CHP,2,N,SUN,,,,,, ,,,,,,,,,,,,
67311,"SPPM Operating, LLC",69211,San Pedro Public Market (SPPM),CA,Los Angeles,PV1,Solar Photovoltaic,PV,,W,X,X,,,1.2, ,1.2,1.2,P,6,2026,6,2027,,IPP Non-CHP,2,N,SUN,,,,,, ,,,,,,,,,,,,
61194,Generate Capital,69215,Sommer,IL,Massac,11216,Solar Photovoltaic,PV,,W,X,X,,,2, ,2,2,U,2,2027,2,2027,N,IPP Non-CHP,2,N,SUN,,,,,, ,,,,,,,,,,,,
61194,Generate Capital,69217,Thoroman,IL,Adams,11219,Solar Photovoltaic,PV,,W,X,X,,,2.5, ,2.5,2.5,U,7,2026,7,2026,,IPP Non-CHP,2,N,SUN,,,,,, ,,,,,,,,,,,,
61194,Generate Capital,69218,Vienna,NY,Oneida,11247,Solar Photovoltaic,PV,,W,X,X,,,5, ,5,5,U,9,2026,11,2026,,IPP Non-CHP,2,N,SUN,,,,,, ,,,,,,,,,,,,
61194,Generate Capital,69220,West Genesee,NY,Onondaga,11253,Solar Photovoltaic,PV,,W,X,X,,,2.9, ,2.9,2.9,U,5,2026,8,2026,N,IPP Non-CHP,2,N,SUN,,,,,, ,,,,,,,,,,,,
67309,Napa Junction RV Storage LLC,69222,American Canyon RV Boat Storage,CA,Napa,5381,Solar Photovoltaic,PV,,S,X,X,,,1.9, ,1.9,1.9,V,2,2026,11,2026,,Commercial Non-CHP,4,N,SUN,,,,,, ,,,,,,,,,,,,
12685,Entergy Mississippi LLC,69223,Vicksburg Advanced Power Station,MS,Warren,GT1,Natural Gas Fired Combined Cycle,CT,CC1,S,X,Y,,,477.7,0.85,422.8,547.5,U,8,2028,8,2028,N,Electric Utility,1,N,NG,,,,,, ,,,,,,,,,,N,,
12685,Entergy Mississippi LLC,69223,Vicksburg Advanced Power Station,MS,Warren,ST1,Natural Gas Fired Combined Cycle,CA,CC1,S,Y,X,,,341.7,0.85,291.9,292.4,U,8,2028,8,2028,N,Electric Utility,1,N,NG,,,,,, ,,,,,,,,,,N,,
67333,GoldenMax Energy Inc,69226,Knapp BESS,TX,Scurry,KNBA1,Batteries,BA,,J,X,X,KNAPP_RN,,10,1,10,10,V,10,2025,10,2026,,IPP Non-CHP,2,N,MWH,,,,,, ,,,,,,,,,,N,,
67331,"Dunkirk Solar One, LLC",69229,"Dunkirk Solar One, LLC",NY,Chautauqua,21687,Solar Photovoltaic,PV,,S,X,X,,,5, ,5,5,U,5,2026,7,2026,,IPP Non-CHP,2,N,SUN,,,,,, ,,,,,,,,,,,,
67340,"Sunset Road Solar 3, LLC",69231,Sunset Road Solar 3 Community Solar,IL,Macoupin,SR3,Solar Photovoltaic,PV,,S,X,X,,,5, ,5,5,V,12,2025,4,2026,N,IPP Non-CHP,2,N,SUN,,,,,, ,,,,,,,,,,,,
67341,"Sunset Road Solar 4, LLC",69232,Sunset Road Solar 4 Community Solar,IL,Macoupin,SR4,Solar Photovoltaic,PV,,S,X,X,,,2.5, ,2.5,2.5,V,12,2025,4,2026,N,IPP Non-CHP,2,N,SUN,,,,,, ,,,,,,,,,,,,
67343,CleanAmps AssetCo LLC,69234,Meadow Park Energy Center,TX,Tarrant,MPBA1,Batteries,BA,,S,X,X,,,9.9, ,9.9,9.9,V,2,2026,4,2026,N,IPP Non-CHP,2,N,MWH,,,,,, ,,,,,,,,,,,,
67968,"ATLAS Solar V, LLC",69237,"ATLAS Solar V, LLC",AZ,La Paz,ATL5,Solar Photovoltaic,PV,,S,X,X,,,200,0.95,200,200,TS,11,2025,7,2026,,IPP Non-CHP,2,N,SUN,,,,,, ,,,,,,,,,,,,
67969,"ATLAS Solar VI, LLC",69238,"ATLAS Solar VI, LLC",AZ,La Paz,ATL6,Solar Photovoltaic,PV,,S,X,X,,,100,0.95,100,100,U,1,2026,8,2026,,IPP Non-CHP,2,N,SUN,,,,,, ,,,,,,,,,,,,
67326,High Spring Solar Energy,69239,High Spring Solar Energy,OK,Muskogee,HSS,Solar Photovoltaic,PV,,S,X,X,,,400, ,250.4,195.6,P,12,2027,12,2027,,IPP Non-CHP,2,N,SUN,,,,,, ,,,,,,,,,,N,,
67310,"Roscoe Boulevard Operating, LLC",69242,AB Van Nuys,CA,Los Angeles,PV1,Solar Photovoltaic,PV,,S,X,X,,,1.6, ,1.6,1.6,P,6,2026,12,2027,N,IPP Non-CHP,2,N,SUN,,,,,, ,,,,,,,,,,,,
61677,Sol Systems,69245,Nightfall Solar,TX,Uvalde,NTFL,Solar Photovoltaic,PV,,S,X,X,,,180, ,180,180,U,12,2026,12,2026,N,IPP Non-CHP,2,N,SUN,,,,,, ,,,,,,,,,,N,,
67035,Prologis Logistics Services Incorporated BESS,69246,BESS TX Camarine - BSHOU001,TX,Harris,BSOU1,Batteries,BA,,S,X,X,,,9.9, ,9.9,9.9,U,7,2026,11,2026,,IPP Non-CHP,2,N,MWH,,,,,, ,,,,,,,,,,N,,
56990,NJR Clean Energy Ventures Corporation,69249,National Park Solar,NJ,Gloucester,NTLPK,Solar Photovoltaic,PV,,S,X,X,,,6, ,6,6,U,2,2026,5,2026,,IPP Non-CHP,2,N,SUN,,,,,, ,,,,,,,,,,,,
67346,"Cottonwood Bayou Storage, LLC",69251,Cottonwood Bayou Storage,TX,Brazoria,CTWST,Batteries,BA,,S,X,X,,,150, ,150,150,TS,12,2025,1,2026,,IPP Non-CHP,2,N,MWH,,,,,, ,,,,,,,,,,,,
67347,Harlingen ESS Assets LLC,69252,Harlingen #1 BESS 1,TX,Cameron,HABA1,Batteries,BA,,W,X,X,HARLIN_1_RN,,10,1,10,10,V,1,2026,11,2026,,IPP Non-CHP,2,N,MWH,,,,,, ,,,,,,,,,,,,
67348,Edinburg ESS Assets LLC,69253,North Edinburg BESS 1,TX,Hidalgo,NEBA1,Batteries,BA,,W,X,X,NEDIN_RN,,10, ,10,10,V,1,2026,11,2026,,IPP Non-CHP,2,N,MWH,,,,,, ,,,,,,,,,,,,
67351,"Wilmot Energy Center II, LLC",69254,Wilmot Energy Center II,AZ,Pima,WIL2B,Batteries,BA,,S,X,X,,,100, ,100,100,V,4,2026,4,2026,,IPP Non-CHP,2,N,MWH,,,,,, ,,,,,,,,,,,,
67351,"Wilmot Energy Center II, LLC",69254,Wilmot Energy Center II,AZ,Pima,WIL2S,Solar Photovoltaic,PV,,S,X,X,,,100, ,100,100,V,4,2026,4,2026,,IPP Non-CHP,2,N,SUN,,,,,, ,,,,,,,,,,,,
67357,"Vertus Energy Storage, LLC",69255,Vertus Energy Storage Plant,TX,Galveston,VESP1,Batteries,BA,,S,X,X,TNMAINLAND1,TNMAINLAND1,200,0.95,200,200,U,2,2026,8,2026,N,IPP Non-CHP,2,N,MWH,,,,,, ,,,,,,,,,,,,
67358,RE Papago PV LLC,69256,Papago PV,AZ,Maricopa,PPAPV,Solar Photovoltaic,PV,,S,X,X,,,150,0.95,150,150,TS,3,2026,5,2026,N,IPP Non-CHP,2,N,SUN,,,,,, ,,,,,,,,,,,,
17718,Southwestern Public Service Co,69258,Cunningham Solar I & BESS,NM,Lea,CHCB,Batteries,BA,,S,X,X,,,36, ,36,36,U,4,2026,4,2026,,Electric Utility,1,N,MWH,,,,,, ,,,,,,,,,,,,
17718,Southwestern Public Service Co,69258,Cunningham Solar I & BESS,NM,Lea,CHCS1,Solar Photovoltaic,PV,,S,X,X,,,72, ,72,72,U,4,2026,4,2026,,Electric Utility,1,N,SUN,,,,,, ,,,,,,,,,,,,
56990,NJR Clean Energy Ventures Corporation,69259,Changewater 1,NJ,Warren,CGWTR,Solar Photovoltaic,PV,,S,X,X,,,11, ,11,11,U,2,2026,5,2026,,IPP Non-CHP,2,N,SUN,,,,,, ,,,,,,,,,,,,
67313,Ellomay USA Inc,69260,Mexia Solar Project,TX,Limestone,MEXA1,Solar Photovoltaic,PV,,S,X,X,,,4, ,4,4,V,5,2025,4,2026,,IPP Non-CHP,2,N,SUN,,,,,, ,,,,,,,,,,,,
67313,Ellomay USA Inc,69260,Mexia Solar Project,TX,Limestone,MEXA2,Solar Photovoltaic,PV,,S,X,X,,,4, ,4,4,V,5,2025,4,2026,,IPP Non-CHP,2,N,SUN,,,,,, ,,,,,,,,,,,,
67313,Ellomay USA Inc,69262,Hillsboro Solar Project,TX,Hill,HILL1,Solar Photovoltaic,PV,,S,X,X,,,5, ,5,5,U,5,2026,9,2026,N,IPP Non-CHP,2,N,SUN,,,,,, ,,,,,,,,,,,,
67313,Ellomay USA Inc,69262,Hillsboro Solar Project,TX,Hill,HILL2,Solar Photovoltaic,PV,,S,X,X,,,5, ,5,5,U,5,2026,9,2026,N,IPP Non-CHP,2,N,SUN,,,,,, ,,,,,,,,,,,,
67314,Rockhound Sol,69266,Rockhound Sol Solar CSG,NM,Luna,ROCKH,Solar Photovoltaic,PV,,W,X,X,,,4, ,4,4,U,1,2026,6,2026,N,IPP Non-CHP,2,N,SUN,,,,,, ,,,,,,,,,,,,
67356,"RPC Merchant, LLC",69267,Cedarvale Gas,TX,Ward,CDRV1,Natural Gas Internal Combustion Engine,IC,,S,X,X,9247,9247,2.5,1,2.5,2.5,TS,1,2026,3,2026,,IPP Non-CHP,2,N,NG,,,,,, ,,,,,,,,,,N,,
67356,"RPC Merchant, LLC",69267,Cedarvale Gas,TX,Ward,CDRV2,Natural Gas Internal Combustion Engine,IC,,S,X,X,9247,9247,2.5,1,2.5,2.5,TS,1,2026,3,2026,,IPP Non-CHP,2,N,NG,,,,,, ,,,,,,,,,,N,,
67356,"RPC Merchant, LLC",69267,Cedarvale Gas,TX,Ward,CDRV3,Natural Gas Internal Combustion Engine,IC,,S,X,X,9247,9247,2.5,1,2.5,2.5,TS,1,2026,3,2026,,IPP Non-CHP,2,N,NG,,,,,, ,,,,,,,,,,N,,
67356,"RPC Merchant, LLC",69267,Cedarvale Gas,TX,Ward,CDRV4,Natural Gas Internal Combustion Engine,IC,,S,X,X,9247,9247,2.5,1,2.5,2.5,TS,1,2026,3,2026,,IPP Non-CHP,2,N,NG,,,,,, ,,,,,,,,,,N,,
67356,"RPC Merchant, LLC",69268,Coyanosa Gas,TX,Pecos,COYA1,Natural Gas Internal Combustion Engine,IC,,S,X,X,33,33,2.5,1,2.5,2.5,V,3,2026,12,2026,,IPP Non-CHP,2,N,NG,,,,,, ,,,,,,,,,,N,,
67356,"RPC Merchant, LLC",69268,Coyanosa Gas,TX,Pecos,COYA2,Natural Gas Internal Combustion Engine,IC,,S,X,X,33,33,2.5,1,2.5,2.5,V,3,2026,12,2026,,IPP Non-CHP,2,N,NG,,,,,, ,,,,,,,,,,N,,
67356,"RPC Merchant, LLC",69268,Coyanosa Gas,TX,Pecos,COYA3,Natural Gas Internal Combustion Engine,IC,,S,X,X,33,33,2.5,1,2.5,2.5,V,3,2026,12,2026,,IPP Non-CHP,2,N,NG,,,,,, ,,,,,,,,,,N,,
67356,"RPC Merchant, LLC",69268,Coyanosa Gas,TX,Pecos,COYA4,Natural Gas Internal Combustion Engine,IC,,S,X,X,33,33,2.5,1,2.5,2.5,V,3,2026,12,2026,,IPP Non-CHP,2,N,NG,,,,,, ,,,,,,,,,,N,,
67356,"RPC Merchant, LLC",69269,Pyote Gas,TX,Ward,PYOT1,Natural Gas Internal Combustion Engine,IC,,S,X,X,8401,8401,2.5, ,2.5,2.5,V,2,2026,7,2026,N,IPP Non-CHP,2,N,NG,,,,,, ,,,,,,,,,,N,,
67356,"RPC Merchant, LLC",69269,Pyote Gas,TX,Ward,PYOT2,Natural Gas Internal Combustion Engine,IC,,S,X,X,8401,8401,2.5,1,2.5,2.5,V,2,2026,7,2026,N,IPP Non-CHP,2,N,NG,,,,,, ,,,,,,,,,,N,,
67356,"RPC Merchant, LLC",69269,Pyote Gas,TX,Ward,PYOT3,Natural Gas Internal Combustion Engine,IC,,S,X,X,8401,8401,2.5,1,2.5,2.5,V,2,2026,7,2026,N,IPP Non-CHP,2,N,NG,,,,,, ,,,,,,,,,,N,,
67356,"RPC Merchant, LLC",69269,Pyote Gas,TX,Ward,PYOT4,Natural Gas Internal Combustion Engine,IC,,S,X,X,8401,8401,2.5,1,2.5,2.5,V,2,2026,7,2026,N,IPP Non-CHP,2,N,NG,,,,,, ,,,,,,,,,,N,,
67316,Juniper Sol Solar,69270,Juniper Sol Solar CSG,NM,Santa Fe,JUNIP,Solar Photovoltaic,PV,,W,X,X,,,5, ,5,5,U,1,2026,6,2026,N,IPP Non-CHP,2,N,SUN,,,,,, ,,,,,,,,,,,,
67356,"RPC Merchant, LLC",69271,Staghorn Gas,TX,Ward,STAG1,Natural Gas Internal Combustion Engine,IC,,S,X,X,9984,9984,3.3,1,3.3,3.3,T,3,2026,10,2026,N,IPP Non-CHP,2,N,NG,,,,,, ,,,,,,,,,,N,,
67356,"RPC Merchant, LLC",69271,Staghorn Gas,TX,Ward,STAG2,Natural Gas Internal Combustion Engine,IC,,S,X,X,9984,9984,3.3,1,3.3,3.3,T,3,2026,10,2026,N,IPP Non-CHP,2,N,NG,,,,,, ,,,,,,,,,,N,,
67356,"RPC Merchant, LLC",69271,Staghorn Gas,TX,Ward,STAG3,Natural Gas Internal Combustion Engine,IC,,S,X,X,9984,9984,3.3,1,3.3,3.3,T,3,2026,10,2026,N,IPP Non-CHP,2,N,NG,,,,,, ,,,,,,,,,,N,,
67361,"Enbridge Solar (Sequoia II), LLC",69272,Enbridge Solar (Sequoia II),TX,Callahan,SEQII,Solar Photovoltaic,PV,,S,X,X,,,415, ,415,350,U,12,2026,12,2026,N,IPP Non-CHP,2,N,SUN,,,,,, ,,,,,,,,,,,,
67372,"Dunkirk Solar Two, LLC",69274,Dunkirk Solar Two,NY,Chautauqua,21687,Solar Photovoltaic,PV,,S,X,X,,,4.8, ,4.8,4.8,U,5,2026,7,2026,N,IPP Non-CHP,2,N,SUN,,,,,, ,,,,,,,,,,,,
67373,"SL Ashville, LLC",69275,SL Ashville,NY,Chautauqua,23210,Solar Photovoltaic,PV,,S,X,X,,,3.8, ,3.8,3.8,U,9,2026,11,2026,N,IPP Non-CHP,2,N,SUN,,,,,, ,,,,,,,,,,,,
67374,"SL Ashville 2, LLC",69276,SL Ashville 2,NY,Chautauqua,23219,Solar Photovoltaic,PV,,S,X,X,,,4.3, ,4.3,4.3,U,9,2026,11,2026,N,IPP Non-CHP,2,N,SUN,,,,,, ,,,,,,,,,,,,
67370,Gunnar Reliability Project LLC,69277,Gunnar Reliability Project,TX,Hidalgo,GR001,Batteries,BA,,S,X,X,,,150, ,150,150,U,9,2026,12,2026,N,IPP Non-CHP,2,N,MWH,,,,,, ,,,,,,,,,,,,
67371,Fortress Solar 1 LLC,69278,Fortress 1,CO,Morgan,1,Solar Photovoltaic,PV,,S,X,X,,,199, ,199,199,L,3,2028,3,2028,,IPP Non-CHP,2,N,SUN,,,,,, ,,,,,,,,,,,,
67371,Fortress Solar 1 LLC,69278,Fortress 1,CO,Morgan,2,Batteries,BA,,S,X,X,,,150, ,150,150,L,3,2028,3,2028,,IPP Non-CHP,2,N,MWH,,,,,, ,,,,,,,,,,,,
67371,Fortress Solar 1 LLC,69278,Fortress 1,CO,Morgan,3,Batteries,BA,,S,X,X,,,49.9, ,49.9,49.9,L,3,2028,3,2028,,IPP Non-CHP,2,N,MWH,,,,,, ,,,,,,,,,,,,
56990,NJR Clean Energy Ventures Corporation,69282,Stafford Solar One,CT,Tolland,STFRD,Solar Photovoltaic,PV,,S,X,X,,,4, ,4,4,U,3,2026,4,2026,,IPP Non-CHP,2,N,SUN,,,,,, ,,,,,,,,,,,,
67381,Three W Solar LLC,69283,Three W Solar,TX,Hill,TWPV1,Solar Photovoltaic,PV,,W,X,X,,,110.9, ,110.9,110.9,V,1,2025,10,2026,N,IPP Non-CHP,2,N,SUN,,,,,, ,,,,,,,,,,,,
67382,Project Lynx - Giga Texas Energy,69286,Project Lynx,TX,Nueces,LYNX,Batteries,BA,,S,X,X,TBD,TBD,125,0.95,125,125,V,12,2025,8,2026,N,IPP Non-CHP,2,N,MWH,,,,,, ,,,,,,,,,,,,
67365,RE Desert Bloom LLC,69290,Desert Bloom,AZ,Maricopa,DSBLM,Batteries,BA,,S,X,X,,,150, ,150,150,V,6,2026,8,2026,N,IPP Non-CHP,2,N,MWH,,,,,, ,,,,,,,,,,N,,
56990,NJR Clean Energy Ventures Corporation,69291,Esky Solar,NJ,Gloucester,ESKY1,Solar Photovoltaic,PV,,S,X,X,,,7, ,7,7,U,5,2026,8,2026,,IPP Non-CHP,2,N,SUN,,,,,, ,,,,,,,,,,,,
15466,Public Service Co of Colorado,69293,Waterton Solar I,CO,Douglas,WTS1,Solar Photovoltaic,PV,,S,X,X,,,4, ,4,4,U,12,2025,9,2026,,Electric Utility,1,N,SUN,,,,,, ,,,,,,,,,,,,
15399,Avangrid Power LLC,69294,Oregon Trail Solar,OR,Gilliam,OTS,Solar Photovoltaic,PV,,S,X,X,,,41, ,41,41,T,4,2027,4,2027,N,IPP Non-CHP,2,N,SUN,,,,,, ,,,,,,,,,,,,
67389,Duffy Energy Storage LLC,69295,Duffy BESS,TX,Matagorda,DFBSS,Batteries,BA,,S,X,X,,,235.9,0.9,235.9,235.9,P,12,2026,12,2026,N,IPP Non-CHP,2,N,MWH,,,,,, ,,,,,,,,,,,,N
67388,Grenergy USA LLC,69296,BESS La Feria,TX,Cameron,LFBA1,Batteries,BA,,S,X,X,,,10, ,10,10,V,1,2026,2,2026,,IPP Non-CHP,2,N,MWH,,,,,, ,,,,,,,,,,,,
67388,Grenergy USA LLC,69297,BESS Stadium,TX,Jim Wells,STBA1,Batteries,BA,,S,X,X,,,10,1,10,10,V,1,2026,3,2026,N,IPP Non-CHP,2,N,MWH,,,,,, ,,,,,,,,,,,,
67383,"Singer Solar, LLC",69299,Singer Solar,LA,Beauregard,4519,Solar Photovoltaic,PV,,S,X,X,,,300, ,300,300,P,3,2027,3,2027,N,IPP Non-CHP,2,N,SUN,,,,,, ,,,,,,,,,,N,,
60531,Standard Solar,69305,Enterprise MN - Fitzthum,MN,Stearns,FITZH,Solar Photovoltaic,PV,,S,X,X,,,1, ,1,1,V,9,2026,10,2026,,IPP Non-CHP,2,N,SUN,,,,,, ,,,,,,,,,,N,,
67345,"Esmen Solar 1, LLC",69308,NL IL - Esmen East CSG,IL,Livingston,ESMNE,Solar Photovoltaic,PV,,S,X,X,,,5, ,5,5,TS,1,2026,5,2026,N,IPP Non-CHP,2,N,SUN,,,,,, ,,,,,,,,,,,,
67391,"SL Pembroke, LLC",69309,SL Pembroke,NY,Genesee,23215,Solar Photovoltaic,PV,,S,X,X,,,4, ,4,4,U,9,2026,11,2026,,IPP Non-CHP,2,N,SUN,,,,,, ,,,,,,,,,,,,
67392,"SL Pembroke 2, LLC",69310,SL Pembroke 2,NY,Genesee,23220,Solar Photovoltaic,PV,,S,X,X,,,5, ,5,5,U,9,2026,11,2026,N,IPP Non-CHP,2,N,SUN,,,,,, ,,,,,,,,,,,,
11479,Madison Gas & Electric Co,69311,Blount BESS,WI,Dane,BLTB,Batteries,BA,,S,X,X,MGE.BLT_ESR1,MGE.BLT_ESR1,7, ,7,7,V,1,2026,4,2026,N,Electric Utility,1,N,MWH,,,,,, ,,,,,,,,,,N,N,N
11479,Madison Gas & Electric Co,69312,Huiskamp BESS,WI,Dane,HKPB,Batteries,BA,,S,X,X,MGE.HKP_ESR1,MGE.HKP_ESR1,7, ,7,7,V,1,2026,4,2026,,Electric Utility,1,N,MWH,,,,,, ,,,,,,,,,,N,N,N
11479,Madison Gas & Electric Co,69313,West Middleton BESS,WI,Dane,WMB,Batteries,BA,,S,X,X,MGE.WMD_ESR1,MGE.WMD_ESR1,7, ,7,7,V,1,2026,4,2026,,Electric Utility,1,N,MWH,,,,,, ,,,,,,,,,,N,N,N
67411,"Apple Infra, LLC",69318,Apple BESS,TX,Ector,APPLE,Batteries,BA,,S,X,X,APPLE_ESR1,APPLE_ESR1,9.9,0.8,9.9,9.9,U,5,2026,9,2026,N,IPP Non-CHP,2,N,MWH,,,,,, ,,,,,,,,,,N,N,N
67437,"Kelso 2 Solar, LLC",69321,Kelso 2 Solar,MO,Scott,KLSO2,Solar Photovoltaic,PV,,S,X,X,,,149,0.95,149,149,V,2,2026,1,2026,N,IPP Non-CHP,2,N,SUN,,,,,, ,,,,,,,,,,,,
67414,Elm St Infra LLC,69322,Elm Street BESS,TX,Reeves,ELMST,Batteries,BA,,S,X,X,ELM_ST_RN,ELM_ST-RN,9.9,0.8,9.9,9.9,V,3,2026,7,2026,N,IPP Non-CHP,2,N,MWH,,,,,, ,,,,,,,,,,,N,N
67415,Hwy 6 Infra LLC,69323,Highway 6 BESS,TX,Brazos,HWY6,Batteries,BA,,S,X,X,HWY6_RN,HWY6_RN,9.9,0.8,9.9,9.9,V,3,2026,6,2026,,IPP Non-CHP,2,N,MWH,,,,,, ,,,,,,,,,,,,
67416,Buda Infra LLC,69324,Buda BESS,TX,Hays,BUDA,Batteries,BA,,S,X,X,BUDA-RN,BUDA-RN,9.9,0.8,9.9,9.9,U,4,2026,7,2026,N,IPP Non-CHP,2,N,MWH,,,,,, ,,,,,,,,,,,,
67445,BT Smith Storage LLC,69329,TE Smith Storage,TX,Rockwall,SMITH,Batteries,BA,,S,X,X,SMTH_ESS_RN,,125,0.95,125,125,TS,1,2026,1,2026,,IPP Non-CHP,2,N,MWH,,,,,, ,,,,,,,,,,,,
67401,Regis Escondido LLC,69332,Regis Escondido,TX,Maverick,ESCON,Batteries,BA,,S,X,X,,,9.9, ,9.9,9.9,U,12,2026,8,2026,N,IPP Non-CHP,2,N,MWH,,,,,, ,,,,,,,,,,,,
67403,Regis Hidden Valley LLC,69335,Regis Hidden Valley,TX,Harris,HIDD,Batteries,BA,,S,X,X,,,9.9, ,9.9,9.9,TS,4,2026,2,2026,N,IPP Non-CHP,2,N,MWH,,,,,, ,,,,,,,,,,,,
67399,Regis Gears Harris LLC,69336,Regis Gears Harris,TX,Harris,GEARS,Batteries,BA,,S,X,X,,,9.9, ,9.9,9.9,TS,3,2026,2,2026,N,IPP Non-CHP,2,N,MWH,,,,,, ,,,,,,,,,,,,
67404,Regis Laureles LLC,69337,Regis Laureles,TX,Cameron,LAURE,Batteries,BA,,S,X,X,,,9.9, ,9.9,9.9,TS,12,2025,2,2026,N,IPP Non-CHP,2,N,MWH,,,,,, ,,,,,,,,,,,,
67405,Regis Leakey LLC,69338,Regis Leakey,TX,Real,LEAKY,Batteries,BA,,S,X,X,,,9.9, ,9.9,9.9,V,12,2026,12,2026,N,IPP Non-CHP,2,N,MWH,,,,,, ,,,,,,,,,,,,
67406,Regis Lyssy LLC,69339,Regis Lyssy,TX,Karnes,LYSSY,Batteries,BA,,S,X,X,,,9.9, ,9.9,9.9,TS,3,2026,2,2026,N,IPP Non-CHP,2,N,MWH,,,,,, ,,,,,,,,,,,,
67408,Regis Medina Lake LLC,69341,Regis Medina Lake,TX,Bandera,MEDLA,Batteries,BA,,S,X,X,,,9.9, ,9.9,9.9,TS,12,2026,4,2026,N,IPP Non-CHP,2,N,MWH,,,,,, ,,,,,,,,,,,,
67409,Regis Milton LLC,69342,Regis Milton,TX,Karnes,MILT,Batteries,BA,,S,X,X,,,9.9, ,9.9,9.9,TS,12,2025,3,2026,N,IPP Non-CHP,2,N,MWH,,,,,, ,,,,,,,,,,,,
67410,Regis Utopia LLC,69343,Regis Utopia,TX,Bandera,UTOP,Batteries,BA,,S,X,X,,,9.9, ,9.9,9.9,U,12,2026,5,2026,N,IPP Non-CHP,2,N,MWH,,,,,, ,,,,,,,,,,,,
67448,"Honeycomb Solar Holdco, LLC",69351,Honeycomb Solar and Storage,TX,Bee,HNYBS,Batteries,BA,,S,X,X,,,76.5, ,76.5,76.5,U,5,2026,11,2026,N,IPP Non-CHP,2,N,MWH,,,,,, ,,,,,,,,,,,,
67448,"Honeycomb Solar Holdco, LLC",69351,Honeycomb Solar and Storage,TX,Bee,HNYPV,Solar Photovoltaic,PV,,S,X,X,,,74.8, ,74.8,74.8,U,5,2026,11,2026,N,IPP Non-CHP,2,N,SUN,,,,,, ,,,,,,,,,,,,
6455,"Duke Energy Florida, LLC",69356,Powerline Energy Storage,FL,Citrus,PWLNB,Batteries,BA,,S,X,X,,,100, ,100,100,P,3,2027,3,2027,N,Electric Utility,1,N,MWH,,,,,, ,,,,,,,,,,,,
3046,Duke Energy Progress - (NC),69357,Asheville Solar,NC,Buncombe,PV1,Solar Photovoltaic,PV,,S,X,X,,,9.5, ,9.5,9.5,V,3,2026,12,2026,N,Electric Utility,1,N,SUN,,,,,, ,,,,,,,,,,,,
67458,Barrett Solar Project LLC (RE),69359,Barrett Solar Project,TX,Rains,BARS1,Solar Photovoltaic,PV,,S,X,X,6798_SUNPTRC1_CN5,6798_SUNPTRC1_CN5,125,0.95,117,108,V,12,2025,5,2026,N,IPP Non-CHP,2,N,SUN,,,,,, ,,,,,,,,,,,,
67459,Bynum Solar Project LLC (RE),69360,Bynum Solar Project,TX,Coryell,BAYS1,Solar Photovoltaic,PV,,S,X,X,37470_TNOLSEN___0_9100,37470_TNOLSEN___0_9100,56,0.95,55,48,V,12,2025,5,2026,N,IPP Non-CHP,2,N,SUN,,,,,, ,,,,,,,,,,,,
67460,Distributed Generation Solutions LLC,69361,DGS Five Points,TX,Taylor,FPBAT,Batteries,BA,,S,X,X,60772_ABINDUST_K_13,60772_ABINDUST_K_13,9.9,0.85,9.9,9.9,TS,6,2025,5,2026,N,IPP Non-CHP,2,N,MWH,,,,,, ,,,,,,,,,,,,
67461,DGSP2 LLC,69362,Plaza Street,TX,Taylor,PSBAT,Batteries,BA,,S,X,X,6255_ELMCRK_138L1,6255_ELMCRK_138L1,9.9,0.85,9.9,9.9,TS,6,2025,5,2026,N,IPP Non-CHP,2,N,MWH,,,,,, ,,,,,,,,,,,,
67453,"Red Egret, LLC",69364,Red Egret,TX,Galveston,REDEG,Batteries,BA,,S,X,X,,,300, ,300,300,U,5,2027,10,2027,,IPP Non-CHP,2,N,MWH,,,,,, ,,,,,,,,,,,,
67456,SMT Dallas III LLC,69367,SMT Dallas III BESS,TX,Dallas,SMTD3,Batteries,BA,,S,X,X,,,10, ,10,10,V,10,2025,1,2026,,Commercial Non-CHP,4,N,MWH,,,,,, ,,,,,,,,,,,,
67417,Bartell South PV I LLC,69369,Bartell South PV I,NY,Onondaga,BARTE,Solar Photovoltaic,PV,,S,X,X,,,3, ,3,3,V,3,2026,10,2026,N,IPP Non-CHP,2,N,SUN,,,,,, ,,,,,,,,,,,,
67418,RP Minnesota Solar LLC,69370,RP Minnesota Solar,CA,Ventura,CONEJ,Solar Photovoltaic,PV,,S,X,X,,,1.8, ,1.8,1.8,V,12,2025,3,2026,N,IPP Non-CHP,2,N,SUN,,,,,, ,,,,,,,,,,,,
67419,Middle Road Solar Partners LLC,69371,Middle Road Solar Partners,PA,Dauphin,HALIF,Solar Photovoltaic,PV,,S,X,X,,,2.5, ,2.5,2.5,V,7,2026,9,2026,N,IPP Non-CHP,2,N,SUN,,,,,, ,,,,,,,,,,,,
67420,Knox II PV LLC,69372,Knox II PV,NY,Albany,KNOXS,Solar Photovoltaic,PV,,S,X,X,,,5, ,5,5,V,4,2026,11,2026,N,IPP Non-CHP,2,N,SUN,,,,,, ,,,,,,,,,,,,
67421,Little Falls PV LLC,69373,Little Falls PV,NY,Herkimer,LITTL,Solar Photovoltaic,PV,,S,X,X,,,2.5, ,2.5,2.5,U,2,2026,10,2026,N,IPP Non-CHP,2,N,SUN,,,,,, ,,,,,,,,,,,,
67423,Lysander III PV LLC,69375,Lysander III PV,NY,Onondaga,LYSAN,Solar Photovoltaic,PV,,S,X,X,,,2.4, ,2.4,2.4,V,12,2025,10,2026,N,IPP Non-CHP,2,N,SUN,,,,,, ,,,,,,,,,,,,
67424,Machias PV LLC,69376,Machias PV,NY,Cattaraugus,MACHI,Solar Photovoltaic,PV,,S,X,X,,,2, ,2,2,V,10,2025,5,2026,N,IPP Non-CHP,2,N,SUN,,,,,, ,,,,,,,,,,,,
67425,New Freedom Solar Partners LLC,69377,New Freedom Solar Partners,PA,York,NEWFR,Solar Photovoltaic,PV,,S,X,X,,,2.5, ,2.5,2.5,V,3,2026,10,2026,,IPP Non-CHP,2,N,SUN,,,,,, ,,,,,,,,,,,,
67433,Mallory South PV I LLC,69383,Mallory South PV I,NY,Oswego,MALL1,Solar Photovoltaic,PV,,S,X,X,,,5, ,5,5,V,12,2025,10,2026,N,IPP Non-CHP,2,N,SUN,,,,,, ,,,,,,,,,,,,
67434,Mallory South PV II LLC,69384,Mallory South PV II,NY,Oswego,MALL2,Solar Photovoltaic,PV,,S,X,X,,,5, ,5,5,V,12,2025,10,2026,N,IPP Non-CHP,2,N,SUN,,,,,, ,,,,,,,,,,,,
67428,NAPS - Hastings LLC,69385,Hastings Generating Facility,MI,Barry,GEN1,Landfill Gas,IC,,S,X,X,,,1.6,0.98,1.6,1.6,L,8,2026,4,2027,,IPP Non-CHP,2,N,LFG,,,,,, ,,,,,,,,,,Y,N,Y
67463,Barton Branch IA LLC,69392,Barton Branch IA,TX,Robertson,BBIA,Batteries,BA,,S,X,X,,,200, ,200,200,P,7,2026,11,2026,N,IPP Non-CHP,2,N,MWH,,,,,, ,,,,,,,,,,,,
67464,Pamela Heights I Energy Center LLC,69393,Pamela Heights I Energy Center,TX,Harris,PHIEC,Batteries,BA,,S,X,X,,,100, ,100,100,P,7,2026,1,2027,,IPP Non-CHP,2,N,MWH,,,,,, ,,,,,,,,,,,,
67465,"Redfield PV I, LLC",69394,Redfield Solar,AR,Grant,REDF1,Solar Photovoltaic,PV,,S,X,X,,,100, ,100,100,V,4,2026,4,2026,,IPP Non-CHP,2,N,SUN,,,,,, ,,,,,,,,,,,,
67462,"FGE Goodnight II, LLC",69403,Goodnight Wind II,TX,Armstrong,GOOD2,Onshore Wind Turbine,WT,,S,X,X,LZ_WEST,LZ_WEST,265.5,0.98,265.5,265.5,U,5,2027,5,2027,,IPP Non-CHP,2,,WND,,,,,,59,,,,,,,,N,,N,,
5416,"Duke Energy Carolinas, LLC",69404,Craggy Energy Storage,NC,Buncombe,CRAGB,Batteries,BA,,S,X,X,,,30.5, ,30.5,30.5,U,6,2026,9,2026,N,Electric Utility,1,N,MWH,,,,,, ,,,,,,,,,,,,
62759,Geronimo Power,69414,Blevins Solar & Storage,TX,Falls,BSLR2,Solar Photovoltaic,PV,,S,X,X,,,132, ,132,132,P,12,2025,6,2026,,IPP Non-CHP,2,,SUN,,,,,, ,,,,,,,,,,,,
62759,Geronimo Power,69414,Blevins Solar & Storage,TX,Falls,BSLR3,Solar Photovoltaic,PV,,S,X,X,,,138, ,138,138,P,12,2025,6,2026,,IPP Non-CHP,2,,SUN,,,,,, ,,,,,,,,,,,,
67470,AETS AM LLC,69416,Aggreko MSR Grid PC2,TX,Nueces,PC2,Batteries,BA,,W,X,X,LANTANA_RN,LANTANA_RN,10, ,10,10,TS,9,2025,4,2026,,IPP Non-CHP,2,N,MWH,,,,,, ,,,,,,,,,,,,
67470,AETS AM LLC,69417,Aggreko MSR Grid PC5,TX,Cameron,PC5,Batteries,BA,,W,X,X,E_HARRIS_RN,E_HARRIS_RN,10, ,10,10,TS,9,2025,4,2026,,IPP Non-CHP,2,N,MWH,,,,,, ,,,,,,,,,,,,
67470,AETS AM LLC,69418,Aggreko MSR Grid PC7,TX,Cameron,PC7,Batteries,BA,,W,X,X,OLMITO_RN,OLMITO_RN,10, ,10,10,TS,9,2025,4,2026,,IPP Non-CHP,2,N,MWH,,,,,, ,,,,,,,,,,,,
67413,County Rd Infra LLC,69422,County Road BESS,TX,Reeves,CTRD,Batteries,BA,,S,X,X,CNTYRDS_ESR1,CNTYRDS_ESR1,9.9,0.8,9.9,9.9,V,3,2026,7,2026,N,IPP Non-CHP,2,N,MWH,,,,,, ,,,,,,,,N,N,N,,N
67488,Bocanova Power II LLC,69423,Bocanova Energy Storage II,TX,Brazoria,BCNV2,Batteries,BA,,S,X,X,,,150,0.95,150,150,U,8,2026,8,2026,N,IPP Non-CHP,2,N,MWH,,,,,, ,,,,,,,,,,,,
66950,Lydian Energy,69424,Faraday Energy Storage,UT,Utah,FBS1,Batteries,BA,,S,X,X,,,150, ,150,150,U,9,2026,9,2026,N,IPP Non-CHP,2,N,MWH,,,,,, ,,,,,,,,,,,,
11241,Entergy Louisiana LLC,69426,Westlake Power Station,LA,Calcasieu,CA1,Natural Gas Fired Combined Cycle,CA,WL1,S,Y,X,,,341.7,0.85,341.7,299.6,P,10,2030,10,2030,Y,Electric Utility,1,N,NG,,,,,, ,,,,,,,,,,N,,
11241,Entergy Louisiana LLC,69426,Westlake Power Station,LA,Calcasieu,CT1,Natural Gas Fired Combined Cycle,CT,WL1,S,X,N,,,477.7,0.85,390,443.4,P,10,2030,10,2030,Y,Electric Utility,1,N,NG,,,,,, ,,,,,,,,,,N,,
67315,Waxwing Solar,69427,Waxwing Solar CSG,CO,Pueblo,WAXWI,Solar Photovoltaic,PV,,W,X,X,,,3, ,3,3,U,1,2026,1,2027,N,IPP Non-CHP,2,N,SUN,,,,,, ,,,,,,,,,,,,
67483,"Petersburg Energy Center, LLC",69428,Petersburg Energy Center,IN,Pike,BA,Batteries,BA,,S,X,X,,,250, ,250,250,TS,12,2025,1,2026,,IPP Non-CHP,2,N,MWH,,,,,, ,,,,,,,,,,,,
67483,"Petersburg Energy Center, LLC",69428,Petersburg Energy Center,IN,Pike,PECPV,Solar Photovoltaic,PV,,S,X,X,,,250, ,250,250,TS,12,2025,1,2026,,IPP Non-CHP,2,N,SUN,,,,,, ,,,,,,,,,,,,
3046,Duke Energy Progress - (NC),69429,Asheville BESS,NC,Buncombe,AVLB1,Batteries,BA,,S,X,X,,,17.3, ,17.3,17.3,U,3,2026,9,2026,,Electric Utility,1,N,MWH,,,,,, ,,,,,,,,,,,,
65869,Prologis Logistics Services Incorporated,69434,Gourmet Lane - SLNNJ480,NJ,Middlesex,NN480,Solar Photovoltaic,PV,,S,X,X,,,2, ,2,2,TS,11,2025,2,2026,,IPP Non-CHP,2,N,SUN,,,,,, ,,,,,,,,,,,,
17718,Southwestern Public Service Co,69435,Plant X Solar,TX,Lamb,PLXS,Solar Photovoltaic,PV,,S,X,X,,,150, ,150,150,V,4,2026,4,2026,,Electric Utility,1,N,SUN,,,,,, ,,,,,,,,,,,,
65869,Prologis Logistics Services Incorporated,69436,Prologis Portside 2509 - SLSAV502,GA,Chatham,SA502,Solar Photovoltaic,PV,,S,X,X,,,2.2, ,2.2,2.2,TS,12,2025,6,2026,,IPP Non-CHP,2,N,SUN,,,,,, ,,,,,,,,,,,,
65869,Prologis Logistics Services Incorporated,69437,Lathrop 4 - SLCVA204,CA,San Joaquin,BA204,Batteries,BA,,S,X,X,,,2, ,2,2,TS,7,2025,6,2026,,IPP Non-CHP,2,N,MWH,,,,,, ,,,,,,,,,,,,
65869,Prologis Logistics Services Incorporated,69437,Lathrop 4 - SLCVA204,CA,San Joaquin,CV204,Solar Photovoltaic,PV,,S,X,X,,,1.4, ,1.4,1.4,U,7,2025,6,2026,,IPP Non-CHP,2,N,SUN,,,,,, ,,,,,,,,,,,,
65869,Prologis Logistics Services Incorporated,69438,Prologis Edison 0405 - SLCNJ405 - Community Solar,NJ,Middlesex,CN405,Solar Photovoltaic,PV,,S,X,X,,,1.2, ,1.2,1.2,TS,12,2025,4,2026,,IPP Non-CHP,2,N,SUN,,,,,, ,,,,,,,,,,,,
11241,Entergy Louisiana LLC,69445,Waterford 6,LA,St Charles,CT1,Natural Gas Fired Combined Cycle,CT,WF6,S,X,N,,,478,0.85,420,455,P,6,2030,6,2030,,Electric Utility,1,N,NG,,,,,, ,,,,,,,,,,N,,
11241,Entergy Louisiana LLC,69445,Waterford 6,LA,St Charles,ST1,Natural Gas Fired Combined Cycle,CA,WF6,S,Y,X,,,342,0.85,310,315,P,6,2030,6,2030,,Electric Utility,1,N,NG,,,,,, ,,,,,,,,,,N,,
5416,"Duke Energy Carolinas, LLC",69446,Frieden,NC,Guilford,FRD1,Batteries,BA,,S,X,X,,,3.5, ,3.5,3.5,TS,1,2026,2,2026,N,Electric Utility,1,N,MWH,,,,,, ,,,,,,,,,,,,
11241,Entergy Louisiana LLC,69449,Richland Parish Power Station 1&2,LA,Richland,1A,Natural Gas Fired Combined Cycle,CT,CC01,S,X,N,,,469.3,1,435.4,469.3,P,3,2030,3,2030,,Electric Utility,1,N,NG,,,,,, ,,,,,,,,,,N,,
11241,Entergy Louisiana LLC,69449,Richland Parish Power Station 1&2,LA,Richland,1B,Natural Gas Fired Combined Cycle,CA,CC01,S,Y,X,,,311,1,302.8,303,P,3,2030,3,2030,,Electric Utility,1,N,NG,,,,,, ,,,,,,,,,,N,,
11241,Entergy Louisiana LLC,69449,Richland Parish Power Station 1&2,LA,Richland,2A,Natural Gas Fired Combined Cycle,CT,CC02,S,X,N,,,469.3,1,435.4,469.3,P,3,2030,3,2030,,Electric Utility,1,N,NG,,,,,, ,,,,,,,,,,N,,
11241,Entergy Louisiana LLC,69449,Richland Parish Power Station 1&2,LA,Richland,2B,Natural Gas Fired Combined Cycle,CA,CC02,S,Y,X,,,311, ,302.8,303,P,3,2030,3,2030,,Electric Utility,1,N,NG,,,,,, ,,,,,,,,,,N,,
67482,Emerald Bluffs Solar Park LLC,69450,Emerald Bluffs Solar Park,WI,Juneau,GEN01,Solar Photovoltaic,PV,,S,X,X,,,225, ,225,225,L,12,2028,12,2028,,IPP Non-CHP,2,N,SUN,,,,,, ,,,,,,,,,,,,
64904,AES Clean Energy,69451,West Camp Wind Farm,AZ,Navajo,WCAMP,Onshore Wind Turbine,WT,,S,X,X,,,500, ,500,500,V,3,2026,4,2026,N,IPP Non-CHP,2,N,WND,,,,,,112,,,,,,,,,,N,,
67494,On Energy Storage,69453,Alamo Clean Energy Center (BESS),TX,Pecos,ALBA1,Batteries,BA,,S,X,X,,,10.1,1,10.1,10.1,TS,12,2025,2,2026,,IPP Non-CHP,2,N,MWH,,,,,, ,,,,,,,,,,N,,
67494,On Energy Storage,69455,Fort Stockton Clean Energy Center (BESS),TX,Pecos,FSBA1,Batteries,BA,,S,X,X,,,10.1, ,10.1,10.1,TS,12,2025,2,2026,,IPP Non-CHP,2,N,MWH,,,,,, ,,,,,,,,,,N,,N
67494,On Energy Storage,69457,Mesquite Clean Energy Center (BESS),TX,Cameron,MEBA1,Batteries,BA,,S,X,X,,,10.1, ,10.1,10.1,TS,12,2025,9,2026,,IPP Non-CHP,2,N,MWH,,,,,, ,,,,,,,,,,N,,
67494,On Energy Storage,69458,North Pecos Clean Energy Center (BESS),TX,Reeves,NPBA1,Batteries,BA,,S,X,X,,,10.1, ,10,10.1,TS,12,2025,2,2026,,IPP Non-CHP,2,N,MWH,,,,,, ,,,,,,,,,,N,,
18454,Tampa Electric Co,69461,Keene Branch Solar,FL,Hillsborough,1,Solar Photovoltaic,PV,,S,X,X,,,74.5, ,74.5,74.5,T,12,2026,12,2026,,Electric Utility,1,N,SUN,,,,,, ,,,,,,,,,,,,
5109,DTE Electric Company,69462,Au Gres Solar Park,MI,Arenac,AUGSP,Solar Photovoltaic,PV,,S,X,X,,,175, ,175,175,U,8,2028,8,2028,,Electric Utility,1,N,SUN,,,,,, ,,,,,,,,,,,,
5109,DTE Electric Company,69463,Beecher Solar Park,MI,Lenawee,BCRSP,Solar Photovoltaic,PV,,S,X,X,,,80, ,80,80,U,6,2027,6,2027,,Electric Utility,1,N,SUN,,,,,, ,,,,,,,,,,,,
5109,DTE Electric Company,69464,Cedar Field Solar Park,MI,Gladwin,CDFSP,Solar Photovoltaic,PV,,S,X,X,,,145, ,145,145,U,8,2027,7,2027,,Electric Utility,1,N,SUN,,,,,, ,,,,,,,,,,,,
5109,DTE Electric Company,69465,City of Detroit Castle Solar,MI,Wayne,CSTSP,Solar Photovoltaic,PV,,S,X,X,,,10, ,10,10,U,6,2026,10,2026,,Electric Utility,1,N,SUN,,,,,, ,,,,,,,,,,,,
5109,DTE Electric Company,69466,City of Detroit Greenfield,MI,Wayne,GRESP,Solar Photovoltaic,PV,,S,X,X,,,7, ,7,7,U,9,2027,9,2027,N,Electric Utility,1,N,SUN,,,,,, ,,,,,,,,,,,,
5109,DTE Electric Company,69467,Peatville Solar Park,MI,Sanilac,PETSP,Solar Photovoltaic,PV,,S,X,X,,,185, ,185,185,U,7,2028,7,2028,N,Electric Utility,1,N,SUN,,,,,, ,,,,,,,,,,,,
5109,DTE Electric Company,69468,Poseyville Solar Park,MI,Midland,PSVSP,Solar Photovoltaic,PV,,S,X,X,,,206.4, ,117,117,U,1,2027,4,2028,N,Electric Utility,1,N,SUN,,,,,, ,,,,,,,,,,,,
65715,Strata Clean Energy,69469,Justice Energy Storage,AZ,Maricopa,JES1,Batteries,BA,,S,X,X,,,150, ,150,150,V,3,2026,5,2026,N,IPP Non-CHP,2,N,MWH,,,,,, ,,,,,,,,,,,,
5109,DTE Electric Company,69470,Silver Creek Solar Park,MI,Huron,SVCSP,Solar Photovoltaic,PV,,S,X,X,,,200, ,200,200,U,8,2028,8,2028,N,Electric Utility,1,N,SUN,,,,,, ,,,,,,,,,,,,
5109,DTE Electric Company,69471,Cold Creek Solar Park,MI,Branch,CLCSP,Solar Photovoltaic,PV,,S,X,X,,,100, ,100,100,U,9,2026,10,2026,N,Electric Utility,1,N,SUN,,,,,, ,,,,,,,,,,,,
67491,"NYSolar06, LLC",69472,NYSolar06,NY,Erie,18198,Solar Photovoltaic,PV,,S,X,X,,,3.5, ,3.5,3.5,U,10,2026,10,2026,,IPP Non-CHP,2,N,SUN,,,,,, ,,,,,,,,,,,,
67490,"SL Brockport, LLC",69473,SL Brockport,NY,Monroe,23211,Solar Photovoltaic,PV,,S,X,X,,,4.3, ,4.3,4.3,U,9,2026,11,2026,N,IPP Non-CHP,2,N,SUN,,,,,, ,,,,,,,,,,,,
58468,Dominion Renewable Energy,69474,Sweet Sue Solar,VA,King William,SWTSU,Solar Photovoltaic,PV,,S,X,X,,,74.8, ,74.8,74.8,V,5,2026,9,2027,N,IPP Non-CHP,2,N,SUN,,,,,, ,,,,,,,,,,,,
49893,Invenergy Services LLC,69475,Split Rail Solar Energy LLC,MO,Warren,SPTRL,Solar Photovoltaic,PV,,S,X,X,,,300, ,300,300,V,4,2026,6,2026,N,IPP Non-CHP,2,N,SUN,,,,,, ,,,,,,,,,,,,
61029,Upper Michigan Energy Resources Company,69476,Renegade Solar Energy LLC,MI,Delta,RNGDE,Solar Photovoltaic,PV,,S,X,X,,,100, ,100,100,U,4,2026,3,2026,N,Electric Utility,1,N,SUN,,,,,, ,,,,,,,,,,,,
49893,Invenergy Services LLC,69477,Pleasant Prairie Solar Energy LLC,OH,Franklin,PLSNT,Solar Photovoltaic,PV,,S,X,X,,,200, ,200,200,U,12,2026,12,2026,N,IPP Non-CHP,2,N,SUN,,,,,, ,,,,,,,,,,,,
49893,Invenergy Services LLC,69478,Lazbuddie Wind Energy LLC,TX,Parmer,LZBDE,Onshore Wind Turbine,WT,,S,X,X,,,265, ,265,265,V,7,2026,8,2026,N,IPP Non-CHP,2,N,WND,,,,,,78,,,,,,,,,,,,
49893,Invenergy Services LLC,69479,Koshkonong Solar Energy Center LLC,WI,Dane,KSHKS,Solar Photovoltaic,PV,,S,X,X,,,300, ,300,300,U,12,2026,12,2026,N,IPP Non-CHP,2,N,SUN,,,,,, ,,,,,,,,,,,,
49893,Invenergy Services LLC,69480,High Noon Solar Energy LLC,WI,Columbia,HGHNN,Solar Photovoltaic,PV,,S,X,X,,,300, ,300,300,U,9,2027,9,2027,N,IPP Non-CHP,2,N,SUN,,,,,, ,,,,,,,,,,,,
12698,Evergy Missouri West,69481,Foxtrot Solar Energy LLC,MO,Jasper,FXTRT,Solar Photovoltaic,PV,,S,X,X,,,107, ,107,107,U,4,2027,4,2027,N,Electric Utility,1,N,SUN,,,,,, ,,,,,,,,,,,,
15399,Avangrid Power LLC,69482,Bluebird Solar,WA,Klickitat,BBS1,Solar Photovoltaic,PV,,S,X,X,,,140, ,140,140,T,12,2027,12,2027,N,IPP Non-CHP,2,N,SUN,,,,,, ,,,,,,,,,,,,
65539,Pivot Energy,69483,Pivot Solar 40,CO,Weld,PS40,Solar Photovoltaic,PV,,S,X,X,,,2.8, ,2.8,2.8,V,12,2025,1,2026,,IPP Non-CHP,2,N,SUN,,,,,, ,,,,,,,,,,,,
67487,"Piedra Solar, LLC",69496,Piedra Solar,TX,Freestone,PDRA,Solar Photovoltaic,PV,,S,X,X,,,280, ,280,280,U,12,2026,12,2026,N,IPP Non-CHP,2,N,SUN,,,,,, ,,,,,,,,,,,,
67486,Star Light Energy Center,69497,Star Light Energy Center,NM,Valencia,SLB,Batteries,BA,,S,X,X,,,100,0.95,100,100,U,12,2026,12,2026,N,IPP Non-CHP,2,N,MWH,,,,,, ,,,,,,,,,,,,
67486,Star Light Energy Center,69497,Star Light Energy Center,NM,Valencia,SLS,Solar Photovoltaic,PV,,S,X,X,,,100,0.95,100,100,U,12,2026,12,2026,N,IPP Non-CHP,2,N,SUN,,,,,, ,,,,,,,,,,,,
20847,Wisconsin Electric Power Co,69503,"Perch Solar WI, LLC",WI,Winnebago,20257,Solar Photovoltaic,PV,,S,X,X,,,6, ,6,6,TS,1,2026,2,2026,,Electric Utility,1,N,SUN,,,,,, ,,,,,,,,,,,,
20847,Wisconsin Electric Power Co,69504,"Strawberry Creek Solar WI, LLC",WI,Kenosha,20258,Solar Photovoltaic,PV,,S,X,X,,,6, ,6,6,TS,3,2026,4,2026,,Electric Utility,1,N,SUN,,,,,, ,,,,,,,,,,,,
66509,Red River Clean Energy,69506,Gail Mountain Solar,TX,Borden,GAIPV,Solar Photovoltaic,PV,,S,X,X,,,244.4, ,244.4,244.4,T,8,2028,8,2028,N,IPP Non-CHP,2,N,SUN,,,,,, ,,,,,,,,,,,,
67495,New Hickory Solar LLC,69507,New Hickory Solar,TX,Jackson,NHKRY,Solar Photovoltaic,PV,,S,X,X,,,206, ,206,206,P,7,2026,8,2026,N,IPP Non-CHP,2,N,SUN,,,,,, ,,,,,,,,,,,,
67498,Marici Project LLC,69508,Marici,CA,Los Angeles,1,Batteries,BA,,S,X,X,WALNUT_6_N008,WALNUT_6_N008,400, ,400,400,L,6,2027,6,2027,N,IPP Non-CHP,2,N,MWH,,,,,, ,,,,,,,,,,,,
67499,San Gabriel Project LLC,69509,Gabriel,CA,Los Angeles,1,Batteries,BA,,S,X,X,,,400,0.95,400,400,T,4,2027,4,2027,N,IPP Non-CHP,2,N,MWH,,,,,, ,,,,,,,,,,,,
67504,"Marubeni Power International, Inc.",69510,Cotulla BESS 1,TX,La Salle,COTUL,Batteries,BA,,S,X,X,COTULLA_RN,COTULLA_RN,9.9,0.8,9.9,9.9,V,11,2025,7,2026,N,IPP Non-CHP,2,N,MWH,,,,,, ,,,,,,,,,,,,
67504,"Marubeni Power International, Inc.",69511,Palmview BESS,TX,Hidalgo,PALMV,Batteries,BA,,S,X,X,PALMVIEW_RN,PALMVIEW_RN,9.9,0.8,9.9,9.9,V,11,2025,7,2026,N,IPP Non-CHP,2,N,MWH,,,,,, ,,,,,,,,,,,,
67504,"Marubeni Power International, Inc.",69512,SE Edinburg BESS,TX,Hidalgo,SEEDI,Batteries,BA,,S,X,X,SE_EDINB_RN,SE_EDINB_RN,9.9,0.8,9.9,9.9,V,11,2025,7,2026,N,IPP Non-CHP,2,N,MWH,,,,,, ,,,,,,,,,,,,
56990,NJR Clean Energy Ventures Corporation,69515,Mansfield Landfill,CT,Tolland,MNSFL,Solar Photovoltaic,PV,,S,X,X,,,1.8, ,1.8,1.8,U,6,2026,6,2026,,IPP Non-CHP,2,N,SUN,,,,,, ,,,,,,,,,,,,
56990,NJR Clean Energy Ventures Corporation,69516,Hamms Landfill,NJ,Sussex,HAMM,Solar Photovoltaic,PV,,S,X,X,,,6, ,6,6,T,8,2026,9,2026,,IPP Non-CHP,2,N,SUN,,,,,, ,,,,,,,,,,,,
67485,"Buena Vista Energy Center III, LLC",69517,Buena Vista Energy Center III,NM,Otero,BV3BA,Batteries,BA,,S,X,X,,,100,0.95,100,100,U,12,2026,12,2026,,IPP Non-CHP,2,N,MWH,,,,,, ,,,,,,,,,,,,
67485,"Buena Vista Energy Center III, LLC",69517,Buena Vista Energy Center III,NM,Otero,BV3SO,Solar Photovoltaic,PV,,S,X,X,,,100,0.95,100,100,U,12,2026,12,2026,,IPP Non-CHP,2,N,SUN,,,,,, ,,,,,,,,,,,,
67500,BT Amador Storage LLC,69520,Amador BESS,TX,Van Zandt,AMDRB,Batteries,BA,,S,X,X,EXPLORRC_L_A,,220, ,220,220,V,12,2025,1,2027,N,IPP Non-CHP,2,N,MWH,,,,,, ,,,,,,,,,,,,
67503,Archtop Property Management LLC,69521,Archtop Solar,IL,Ford,ARCH1,Solar Photovoltaic,PV,,S,X,X,MISO-IL,MISO-IL,61.4, ,61.4,61.4,V,5,2026,6,2026,N,IPP Non-CHP,2,N,SUN,,,,,, ,,,,,,,,,,,,
67503,Archtop Property Management LLC,69521,Archtop Solar,IL,Ford,ARCH2,Solar Photovoltaic,PV,,S,X,X,MISO-IL,MISO-IL,53.3, ,53.3,53.3,V,5,2026,6,2026,N,IPP Non-CHP,2,N,SUN,,,,,, ,,,,,,,,,,,,
67503,Archtop Property Management LLC,69521,Archtop Solar,IL,Ford,ARCH3,Solar Photovoltaic,PV,,S,X,X,MISO-IL,MISO-IL,36.9, ,36.9,36.9,V,5,2026,6,2026,N,IPP Non-CHP,2,N,SUN,,,,,, ,,,,,,,,,,,,
67503,Archtop Property Management LLC,69521,Archtop Solar,IL,Ford,ARCH4,Solar Photovoltaic,PV,,S,X,X,MISO-IL,MISO-IL,24.6, ,24.6,24.6,V,5,2026,6,2026,N,IPP Non-CHP,2,N,SUN,,,,,, ,,,,,,,,,,,,
67503,Archtop Property Management LLC,69521,Archtop Solar,IL,Ford,ARCH5,Solar Photovoltaic,PV,,S,X,X,MISO-IL,MISO-IL,49.2, ,49.2,49.2,V,5,2026,6,2026,N,IPP Non-CHP,2,N,SUN,,,,,, ,,,,,,,,,,,,
67503,Archtop Property Management LLC,69521,Archtop Solar,IL,Ford,ARCH6,Solar Photovoltaic,PV,,S,X,X,MISO-IL,MISO-IL,61.4, ,61.4,61.4,V,5,2026,6,2026,N,IPP Non-CHP,2,N,SUN,,,,,, ,,,,,,,,,,,,
18454,Tampa Electric Co,69522,Brewster Solar,FL,Polk,1,Solar Photovoltaic,PV,,S,X,X,,,42.7, ,42.7,42.7,T,12,2026,12,2026,N,Electric Utility,1,N,SUN,,,,,, ,,,,,,,,,,,,
18454,Tampa Electric Co,69523,Mattaniah Solar,FL,Polk,1,Solar Photovoltaic,PV,,S,X,X,,,52, ,52,52,U,12,2026,12,2026,N,Electric Utility,1,N,SUN,,,,,, ,,,,,,,,,,,,
67507,"Windy Lane Energy Center, LLC",69524,Windy Lane Energy Center,NM,De Baca,WLB,Batteries,BA,,S,X,X,,,68, ,68,68,U,12,2026,12,2026,N,IPP Non-CHP,2,N,MWH,,,,,, ,,,,,,,,,,,,
67507,"Windy Lane Energy Center, LLC",69524,Windy Lane Energy Center,NM,De Baca,WLS,Solar Photovoltaic,PV,,S,X,X,,,90, ,90,90,U,12,2026,12,2026,N,IPP Non-CHP,2,N,SUN,,,,,, ,,,,,,,,,,,,
60531,Standard Solar,69525,Pennsville Landfill (CSG),NJ,Salem,PNSVL,Solar Photovoltaic,PV,,S,X,X,,,4.3, ,4.3,4.3,TS,11,2025,1,2026,N,IPP Non-CHP,2,N,SUN,,,,,, ,,,,,,,,,,,,
67510,"Catalyze National City Terminal Avenue Microgrid, LLC",69533,CA National City Terminal Ave,CA,San Diego,21938,Solar Photovoltaic,PV,,S,X,X,,,1.1, ,1.1,1.1,U,2,2026,10,2026,,IPP Non-CHP,2,N,SUN,,,,,, ,,,,,,,,,,,,
67511,"Torrecillas Energy Storage, LLC",69534,Torrecillas Energy Storage,TX,Webb,TOR_B,Batteries,BA,,S,X,X,,,9.9, ,9.9,9.9,V,12,2025,12,2026,,IPP Non-CHP,2,N,MWH,,,,,, ,,,,,,,,,,N,,N
67489,Walden Renewables Development LLC,69535,Nutes Solar,NH,Strafford,NS1,Solar Photovoltaic,PV,,S,X,X,LD.TASKERFM34.5,LD.TASKERFM34.5,20,0.95,20,20,U,8,2026,10,2026,,IPP Non-CHP,2,N,SUN,,,,,, ,,,,,,,,,,,,
13781,Northern States Power Co - Minnesota,69537,Lyon County Generating Station,MN,Lyon,1,Natural Gas Fired Combustion Turbine,GT,,S,X,X,,,210,0.85,193.3,222.5,L,12,2028,12,2028,,Electric Utility,1,N,NG,,,,,, ,,,,,,,,,,U,,
13781,Northern States Power Co - Minnesota,69537,Lyon County Generating Station,MN,Lyon,2,Natural Gas Fired Combustion Turbine,GT,,S,X,X,,,210,0.85,193.3,222.5,L,12,2028,12,2028,,Electric Utility,1,N,NG,,,,,, ,,,,,,,,,,U,,
50123,"Leeward Asset Management, LLC",69538,Twelvemile Solar 2,OK,Mayes,TS2,Solar Photovoltaic,PV,,S,X,X,,,52.2, ,52.2,52.2,V,12,2025,3,2026,,IPP Non-CHP,2,N,SUN,,,,,, ,,,,,,,,,,,,
67514,Middle River Power,69539,Tracy BESS,CA,San Joaquin,TRAB,Batteries,BA,,S,X,X,,,40,0.95,40,40,T,1,2027,5,2027,,IPP Non-CHP,2,N,MWH,,,,,, ,,,,,,,,,,,,
67515,Rock Creek Solar LLC,69540,Rock Creek Solar,IA,Clinton,RCS01,Solar Photovoltaic,PV,,S,X,X,,,150, ,150,150,U,12,2026,10,2026,N,IPP Non-CHP,2,N,SUN,,,,,, ,,,,,,,,,,,,
67516,Vaca Dixon BESS LLC,69541,Vaca BESS,CA,Solano,VACB,Batteries,BA,,S,X,X,,,59.5,1,57,57,L,7,2027,7,2027,N,IPP Non-CHP,2,N,MWH,,,,,, ,,,,,,,,,,,,
67519,FRP Forest Trail Solar LLC,69548,FRP Forest Trail Solar,FL,Duval,SFE,Solar Photovoltaic,PV,,S,X,X,,,50, ,50,50,U,12,2026,12,2026,N,IPP Non-CHP,2,N,SUN,,,,,, ,,,,,,,,,,,,
67520,Dry Lake East Energy Center,69549,Dry Lake East Energy Center,NV,Clark,DLE1,Solar Photovoltaic,PV,,S,X,X,,,200,0.95,200,200,U,12,2026,12,2026,N,IPP Non-CHP,2,N,SUN,,,,,, ,,,,,,,,,,,,N
67522,Holyoke MA BESS 1 LLC,69551,Holyoke MA BESS 1,MA,Hampden,90915,Batteries,BA,,S,X,X,WCMA,WCMA,5, ,5,5,U,4,2026,9,2026,,IPP Non-CHP,2,N,MWH,,,,,, ,,,,,,,,,,,,
67523,Danville VA BESS 2 LLC,69552,Danville VA BESS 2,VA,Pittsylvania,90916,Batteries,BA,,S,X,X,AEP,AEP,11, ,11,11,U,4,2026,9,2026,,IPP Non-CHP,2,N,MWH,,,,,, ,,,,,,,,,,,,
67526,"Blacks Creek Energy Center, LLC",69553,Blacks Creek Solar,ID,Ada,BCS,Solar Photovoltaic,PV,,S,X,X,,,400, ,400,400,T,6,2027,6,2027,N,IPP Non-CHP,2,N,SUN,,,,,, ,,,,,,,,,,,,
60531,Standard Solar,69554,BPL NJ - Belmont,NJ,Somerset,BELMO,Solar Photovoltaic,PV,,S,X,X,,,1.8, ,1.8,1.8,TS,8,2025,9,2026,N,IPP Non-CHP,2,N,SUN,,,,,, ,,,,,,,,,,,,
60531,Standard Solar,69555,Citrine NJ - West Pkwy,NJ,Morris,WESTP,Solar Photovoltaic,PV,,S,X,X,,,2.3, ,2.3,2.3,TS,9,2025,6,2026,N,IPP Non-CHP,2,N,SUN,,,,,, ,,,,,,,,,,,,
60531,Standard Solar,69556,Pluma - Clovis Concrete North CSG,NM,Curry,CLOCN,Solar Photovoltaic,PV,,S,X,X,,,3.4, ,3.4,3.4,TS,6,2026,4,2026,N,IPP Non-CHP,2,N,SUN,,,,,, ,,,,,,,,,,,,
60531,Standard Solar,69557,Pluma - Reynolds (CSG),NM,Otero,REYNO,Solar Photovoltaic,PV,,S,X,X,,,5, ,5,5,TS,7,2025,1,2026,N,IPP Non-CHP,2,N,SUN,,,,,, ,,,,,,,,,,,,
60531,Standard Solar,69558,Pluma - SLT Grant,NM,Grant,GRANT,Solar Photovoltaic,PV,,S,X,X,,,4.8, ,4.8,4.8,TS,7,2025,10,2026,N,IPP Non-CHP,2,N,SUN,,,,,, ,,,,,,,,,,,,
60531,Standard Solar,69559,Pluma - SLT Hidalgo CSG,NM,Hidalgo,DALGO,Solar Photovoltaic,PV,,S,X,X,,,3.8, ,3.8,3.8,TS,1,2026,6,2026,N,IPP Non-CHP,2,N,SUN,,,,,, ,,,,,,,,,,,,
60531,Standard Solar,69560,Sunrise Magnolia DE,DE,Kent,MAGNO,Solar Photovoltaic,PV,,S,X,X,,,3, ,3,3,TS,9,2026,3,2027,N,IPP Non-CHP,2,N,SUN,,,,,, ,,,,,,,,,,,,
60531,Standard Solar,69561,Sunrise Solar Lincoln DE (CSG),DE,Sussex,LINCO,Solar Photovoltaic,PV,,S,X,X,,,4, ,4,4,TS,10,2025,3,2026,N,IPP Non-CHP,2,N,SUN,,,,,, ,,,,,,,,,,,,
67524,Minneola Solar,69562,Minneola Solar,CA,San Bernardino,MINNE,Solar Photovoltaic,PV,,S,X,X,,,3, ,3,3,U,6,2026,11,2026,N,IPP Non-CHP,2,N,SUN,,,,,, ,,,,,,,,,,,,
67527,CPV Basin Ranch,69566,CPV Basin Ranch Energy Center,TX,Ward,GEN1,Natural Gas Fired Combined Cycle,CS,,S,Y,N,,,722.5,0.85,672.4,700.1,U,2,2029,2,2029,N,IPP Non-CHP,2,N,NG,,,,,, ,,,,,,,,,,N,,
67527,CPV Basin Ranch,69566,CPV Basin Ranch Energy Center,TX,Ward,GEN2,Natural Gas Fired Combined Cycle,CS,,S,Y,N,,,722.5,0.85,672.4,700.1,U,2,2029,2,2029,N,IPP Non-CHP,2,N,NG,,,,,, ,,,,,,,,,,N,,
60531,Standard Solar,69570,Kieffer Funk,MD,Washington,KIEFF,Solar Photovoltaic,PV,,S,X,X,,,12, ,12,12,TS,2,2026,3,2026,N,IPP Non-CHP,2,N,SUN,,,,,, ,,,,,,,,,,,,
49893,Invenergy Services LLC,69577,"Superior Solar Project, LLC",MI,Marquette,SPROR,Solar Photovoltaic,PV,,S,X,X,MIUP.WEPM,,150, ,100,100,P,12,2028,12,2028,N,IPP Non-CHP,2,N,SUN,,,,,, ,,,,,,,,,,,,
67192,RWE Clean Energy,69578,"Casey Fork Solar, LLC",IL,Jefferson,CFSPV,Solar Photovoltaic,PV,,S,X,X,,,150, ,150,150,TS,11,2025,10,2026,,IPP Non-CHP,2,N,SUN,,,,,, ,,,,,,,,,,,,
67192,RWE Clean Energy,69579,"Honey Mesquite Wind, LLC",TX,Sterling,HMWT,Onshore Wind Turbine,WT,,S,X,X,,,180.5, ,180.5,180.5,V,7,2026,12,2026,N,IPP Non-CHP,2,N,WND,,,,,,64,,,,,,,,,,,,
67530,"Heritage Energy Holdings, LLC",69580,Lone Wolfe Phase One,TX,Mitchell,LW1,Solar Photovoltaic,PV,,S,X,X,,,1.1, ,1.1,1.1,V,5,2026,2,2026,,IPP Non-CHP,2,N,SUN,,,,,, ,,,,,,,,,,,,
67532,"Chester Solar Technology Park, LLC",69582,"Chester Solar Technology Park, LLC",VA,Chesterfield,CSTP,Solar Photovoltaic,PV,,S,X,X,,,160, ,160,160,L,10,2027,10,2027,,IPP Non-CHP,2,N,SUN,,,,,, ,,,,,,,,,,,,
67534,"Rising Star Solar, LLC",69584,Rising Star Solar,TX,Starr,3572,Solar Photovoltaic,PV,,S,X,X,,,500, ,500,500,T,12,2028,12,2028,N,IPP Non-CHP,2,N,SUN,,,,,, ,,,,,,,,,,,,
67535,"Kaufman Solar, LLC",69585,Kaufman Solar,TX,Kaufman,5568,Solar Photovoltaic,PV,,S,X,X,,,200, ,200,200,U,12,2026,9,2026,N,IPP Non-CHP,2,N,SUN,,,,,, ,,,,,,,,,,,,
67536,"Great Plains Solar, LLC",69586,"Great Plains Solar, LLC",IL,Perry,GPS,Solar Photovoltaic,PV,,S,X,X,,,100, ,100,100,U,12,2026,12,2026,N,IPP Non-CHP,2,N,SUN,,,,,, ,,,,,,,,,,,,
67192,RWE Clean Energy,69588,"Yellow Cat Wind, LLC",TX,Navarro,YCWT,Onshore Wind Turbine,WT,,S,X,X,,,270, ,270,270,V,5,2026,12,2026,N,IPP Non-CHP,2,N,WND,,,,,,60,,,,,,,,,,,,
67538,"Beekman PV I, LLC",69589,Beekman Solar,LA,Morehouse,BEEK1,Solar Photovoltaic,PV,,S,X,X,,,206.8, ,185,185,U,2,2027,2,2027,N,IPP Non-CHP,2,N,SUN,,,,,, ,,,,,,,,,,,,
67539,"Hollis Creek PV I, LLC",69590,Hollis Creek Solar,LA,Sabine,HC1,Solar Photovoltaic,PV,,S,X,X,,,220, ,200,200,U,5,2027,5,2027,N,IPP Non-CHP,2,N,SUN,,,,,, ,,,,,,,,,,,,
67540,"Amiscope Nordhoff, LP",69591,20525 Nordhoff PV (North),CA,Los Angeles,20525,Solar Photovoltaic,PV,,S,X,X,,,1.9, ,1.9,1.9,TS,12,2025,12,2026,N,IPP Non-CHP,2,N,SUN,,,,,, ,,,,,,,,,,,,
60531,Standard Solar,69592,NL NY- Pulaski,NY,Orange,PSKBS,Batteries,BA,,S,X,X,,,2.5,1,2.5,2.5,TS,8,2025,9,2026,N,IPP Non-CHP,2,N,MWH,,,,,, ,,,,,,,,,,,,
60531,Standard Solar,69592,NL NY- Pulaski,NY,Orange,PSKPV,Solar Photovoltaic,PV,,S,X,X,,,2.5,1,2.5,2.5,TS,8,2025,9,2026,N,IPP Non-CHP,2,N,SUN,,,,,, ,,,,,,,,,,,,
59122,The Medical Center Company,69593,MCCo BESS Generating Facility,OH,Cuyahoga,1,Batteries,BA,,S,X,X,,,3.9, ,3.9,3.9,U,12,2026,10,2026,,IPP Non-CHP,2,N,MWH,,,,,, ,,,,,,,,,,N,,N
59122,The Medical Center Company,69593,MCCo BESS Generating Facility,OH,Cuyahoga,2,Batteries,BA,,S,X,X,,,3.9, ,3.9,3.9,U,12,2026,10,2026,,IPP Non-CHP,2,N,MWH,,,,,, ,,,,,,,,,,N,,N
59122,The Medical Center Company,69593,MCCo BESS Generating Facility,OH,Cuyahoga,3,Batteries,BA,,S,X,X,,,3.9, ,3.9,3.9,U,12,2026,10,2026,,IPP Non-CHP,2,N,MWH,,,,,, ,,,,,,,,,,N,,N
59122,The Medical Center Company,69593,MCCo BESS Generating Facility,OH,Cuyahoga,4,Batteries,BA,,S,X,X,,,3.9, ,3.9,3.9,U,12,2026,10,2026,,IPP Non-CHP,2,N,MWH,,,,,, ,,,,,,,,,,N,,N
67537,"Switchgrass Plains Solar, LLC",69594,"Switchgrass Plains Solar, LLC",IL,Fayette,SPS,Solar Photovoltaic,PV,,S,X,X,,,100, ,100,100,U,12,2026,12,2026,N,IPP Non-CHP,2,N,SUN,,,,,, ,,,,,,,,,,,,
66217,Copia Power,69595,Saddleback Generation Station,AZ,Maricopa,GTGEN,Natural Gas Fired Combined Cycle,CT,DMSO,S,X,Y,,,375,0.85,345,365,P,12,2030,12,2030,,IPP Non-CHP,2,N,NG,,,,,, ,,,,,,,,,,N,N,N
66217,Copia Power,69595,Saddleback Generation Station,AZ,Maricopa,GTGN2,Natural Gas Fired Combined Cycle,CT,DMSO,S,X,Y,,,375,0.85,345,345,P,12,2030,12,2030,,IPP Non-CHP,2,N,NG,,,,,, ,,,,,,,,,,N,,N
66217,Copia Power,69595,Saddleback Generation Station,AZ,Maricopa,STGEN,Natural Gas Fired Combined Cycle,CA,DMSO,S,X,X,,,250,0.85,230,245,P,12,2030,12,2030,,IPP Non-CHP,2,N,NG,,,,,, ,,,,,,,,,N,N,N,N
66217,Copia Power,69595,Saddleback Generation Station,AZ,Maricopa,STGN2,Natural Gas Fired Combined Cycle,CA,DMSO,S,N,X,,,250,0.85,230,245,P,12,2030,12,2030,,IPP Non-CHP,2,N,NG,,,,,, ,,,,,,,,,N,N,N,N
67543,Essex VT BESS 1 LLC,69602,Essex VT BESS 1,VT,Chittenden,90918,Batteries,BA,,W,X,X,VT,VT,16,0.95,16,16,U,4,2026,12,2026,,IPP Non-CHP,2,N,MWH,,,,,, ,,,,,,,,,,,,
67542,Ipswich MA BESS 1 LLC,69603,Ipswich MA BESS 1,MA,Essex,90917,Batteries,BA,,W,X,X,NEMA,NEMA,5,0.95,5,5,U,4,2026,10,2026,N,IPP Non-CHP,2,N,MWH,,,,,, ,,,,,,,,,,,,
67546,BNB Tennyson Solar LLC,69605,Tennyson Solar,TX,Coke,TENN,Solar Photovoltaic,PV,,S,X,X,,,150, ,150,150,U,12,2026,12,2026,,IPP Non-CHP,2,N,SUN,,,,,, ,,,,,,,,,,,,
67547,"Monarch Creek Wind, LLC",69606,"Monarch Creek Wind, LLC",TX,Throckmorton,7496,Onshore Wind Turbine,WT,,S,X,X,,,287.6, ,287.6,287.6,U,2,2027,2,2027,,IPP Non-CHP,2,N,WND,,,,,,102,,,,,,,,,,,,
67550,Bexar Corrilla LLC,69607,Bexar Corrilla BESS,TX,Bexar,CORR1,Batteries,BA,,S,X,X,BECK_BUS1,BECK-BUS1,9.9, ,9.9,9.9,P,12,2025,6,2026,N,IPP Non-CHP,2,N,MWH,,,,,, ,,,,,,,,,,,,
49893,Invenergy Services LLC,69608,Sinnissippi Solar Energy LLC,WI,Jefferson,SNSPI,Solar Photovoltaic,PV,,S,X,X,WEC.CCDGTC1,,100, ,100,100,P,12,2028,12,2028,N,IPP Non-CHP,2,N,SUN,,,,,, ,,,,,,,,,,,,
65869,Prologis Logistics Services Incorporated,69609,San Leandro 10 - sleba702,CA,Alameda,EB702,Solar Photovoltaic,PV,,S,X,X,,,1, ,1,1,U,7,2026,1,2027,N,IPP Non-CHP,2,N,SUN,,,,,, ,,,,,,,,,,,,
65173,United States Solar Corporation,69610,USS Tall Grass Solar LLC,CO,Arapahoe,USTGS,Solar Photovoltaic,PV,,S,X,X,,,5, ,5,5,V,1,2026,4,2026,N,IPP Non-CHP,2,N,SUN,,,,,, ,,,,,,,,,,,,
65173,United States Solar Corporation,69611,USS Calico Solar LLC,CO,Arapahoe,USCA,Solar Photovoltaic,PV,,S,X,X,,,5, ,5,5,V,1,2026,4,2026,N,IPP Non-CHP,2,N,SUN,,,,,, ,,,,,,,,,,,,
65173,United States Solar Corporation,69612,USS Great Plains Solar LLC,CO,Arapahoe,USGPL,Solar Photovoltaic,PV,,S,X,X,,,5, ,5,5,V,1,2026,3,2026,N,IPP Non-CHP,2,N,SUN,,,,,, ,,,,,,,,,,,,
65173,United States Solar Corporation,69614,USS High Plains Solar LLC,CO,Arapahoe,USHPL,Solar Photovoltaic,PV,,S,X,X,,,5, ,5,5,V,1,2026,4,2026,N,IPP Non-CHP,2,N,SUN,,,,,, ,,,,,,,,,,,,
65173,United States Solar Corporation,69615,USS Raptor Solar LLC,CO,Arapahoe,USRAP,Solar Photovoltaic,PV,,S,X,X,,,5, ,5,5,V,1,2026,1,2026,,IPP Non-CHP,2,N,SUN,,,,,, ,,,,,,,,,,,,
65173,United States Solar Corporation,69616,USS Lyndon Solar LLC,IL,Whiteside,USLYN,Solar Photovoltaic,PV,,S,X,X,,,1, ,1,1,T,5,2026,9,2026,,IPP Non-CHP,2,,SUN,,,,,, ,,,,,,,,,,,,
65869,Prologis Logistics Services Incorporated,69619,Prologis Edison 0503 - SLCNJ005 - Community Solar,NJ,Middlesex,CN005,Solar Photovoltaic,PV,,S,X,X,,,1.4, ,1,1,TS,1,2026,4,2026,,IPP Non-CHP,2,,SUN,,,,,, ,,,,,,,,,,,,
15466,Public Service Co of Colorado,69620,Waterton Solar II,CO,Douglas,WTS2,Solar Photovoltaic,PV,,S,X,X,,,4, ,4,4,U,12,2025,9,2026,,Electric Utility,1,N,SUN,,,,,, ,,,,,,,,,,,,
67549,38DN Asset Management LLC ,69625,Moore Rd,NY,Rensselaer,MRPV,Solar Photovoltaic,PV,,S,X,X,,,4.8, ,4.8,4.8,TS,3,2026,2,2026,N,IPP Non-CHP,2,N,SUN,,,,,, ,,,,,,,,,,,,
67557,FRP Miller Solar LLC,69626,FRP Miller Solar,FL,Duval,BMF,Batteries,BA,,S,X,X,,,50, ,50,50,U,12,2026,12,2026,,IPP Non-CHP,2,N,MWH,,,,,, ,,,,,,,,,,,,
67557,FRP Miller Solar LLC,69626,FRP Miller Solar,FL,Duval,SMF,Solar Photovoltaic,PV,,S,X,X,,,74.5, ,74.5,74.5,U,12,2026,12,2026,,IPP Non-CHP,2,N,SUN,,,,,, ,,,,,,,,,,,,
6455,"Duke Energy Florida, LLC",69627,Jumper Creek Solar Plant,FL,Sumter,JCSP1,Solar Photovoltaic,PV,,S,X,X,,,74.9, ,74.9,74.9,V,5,2026,4,2026,N,Electric Utility,1,N,SUN,,,,,, ,,,,,,,,,,,,
67558,"Greater Bryant G Solar, LLC",69628,GBG SOLAR,TX,Midland,GBPV1,Solar Photovoltaic,PV,,S,X,X,,,22.2, ,17.7,17.7,TS,6,2026,9,2026,N,Industrial Non-CHP,6,N,SUN,,,,,, ,,,,,,,,,,,,
67560,"Big Muddy Solar Project, LLC",69629,Big Muddy Solar,IL,Jackson,BIGM1,Solar Photovoltaic,PV,,S,X,X,,,95, ,95,95,V,12,2026,10,2026,N,IPP Non-CHP,2,N,SUN,,,,,, ,,,,,,,,,,,,
12698,Evergy Missouri West,69631,Sunflower Sky Energy Center,KS,Wilson,SFS01,Solar Photovoltaic,PV,,S,X,X,,,65, ,65,65,U,2,2027,5,2027,,Electric Utility,1,N,SUN,,,,,, ,,,,,,,,,,,,
67554,Lion Solar LLC,69633,Lion Solar,AR,Jefferson,99757,Solar Photovoltaic,PV,,S,X,X,,,200,0.95,200,200,P,12,2029,12,2029,N,IPP Non-CHP,2,N,SUN,,,,,, ,,,,,,,,,,,,
67563,Peach WoodSolar LLC,69635,Peach Wood Solar,GA,Mitchell,74964,Solar Photovoltaic,PV,,S,X,X,,,261,0.95,261,261,P,12,2030,12,2030,N,IPP Non-CHP,2,N,SUN,,,,,, ,,,,,,,,,,,,
67564,Main Horn Solar LLC,69636,Main Horn Solar,TX,Navarro,69363,Solar Photovoltaic,PV,,S,X,X,,,100, ,100,100,P,12,2029,12,2029,N,IPP Non-CHP,2,N,SUN,,,,,, ,,,,,,,,,,,,
67565,Oakley BESS LLC,69637,Oakley BESS,TX,Denton,28152,Batteries,BA,,S,X,X,,,200,0.95,200,200,P,12,2030,12,2030,,IPP Non-CHP,2,N,MWH,,,,,, ,,,,,,,,,,,,
67566,Landshark Energy Generation Facility LLC,69638,Landshark Energy Generation Facility,MS,Calhoun,11767,Solar Photovoltaic,PV,,S,X,X,,,160,0.95,160,160,P,12,2030,12,2030,,IPP Non-CHP,2,N,SUN,,,,,, ,,,,,,,,,,,,
67567,Triune Solar LLC,69639,Triune Solar,TX,Trinity,16777,Solar Photovoltaic,PV,,S,X,X,,,100,0.95,100,100,P,12,2030,12,2030,,IPP Non-CHP,2,N,SUN,,,,,, ,,,,,,,,,,,,
67568,Cazadores Solar LLC,69640,Cazadores Solar,TX,Duval,73509,Solar Photovoltaic,PV,,S,X,X,,,300,0.95,300,300,P,12,2029,12,2029,,IPP Non-CHP,2,N,SUN,,,,,, ,,,,,,,,,,,,
67569,Metro BESS LLC,69641,Metro BESS,TX,Caldwell,49453,Batteries,BA,,S,X,X,,,200,0.95,200,200,P,12,2030,12,2030,N,IPP Non-CHP,2,N,MWH,,,,,, ,,,,,,,,,,,,
67570,Arkana Solar LLC,69642,Arkana Solar,AR,Columbia,96513,Solar Photovoltaic,PV,,S,X,X,,,100,0.95,100,100,P,12,2029,12,2029,N,IPP Non-CHP,2,N,SUN,,,,,, ,,,,,,,,,,,,
67571,Deep Space Solar LLC,69643,Deep Space Solar,CO,Kiowa,60215,Solar Photovoltaic,PV,,S,X,X,,,300,0.95,300,300,P,12,2030,12,2030,N,IPP Non-CHP,2,N,SUN,,,,,, ,,,,,,,,,,,,
67572,Pease River Solar LLC,69644,Pease River Solar,TX,Foard,58441,Solar Photovoltaic,PV,,S,X,X,,,300,0.95,300,300,P,12,2030,12,2030,N,IPP Non-CHP,2,N,SUN,,,,,, ,,,,,,,,,,,,
62759,Geronimo Power,69647,"Jackson County Solar, LLC",MI,Jackson,JCKSN,Solar Photovoltaic,PV,,S,X,X,,,125, ,125,125,V,6,2026,9,2026,,IPP Non-CHP,2,N,SUN,,,,,, ,,,,,,,,,,,,
67587,"Golden Fields Solar VI, LLC",69648,Rosamond South II,CA,Kern,BSBA2,Batteries,BA,,S,X,X,,,48, ,48,48,U,11,2026,11,2026,N,IPP Non-CHP,2,N,MWH,,,,,, ,,,,,,,,,,,,
67587,"Golden Fields Solar VI, LLC",69648,Rosamond South II,CA,Kern,RSBA,Batteries,BA,,S,X,X,,,44, ,44,44,U,11,2026,11,2026,N,IPP Non-CHP,2,N,MWH,,,,,, ,,,,,,,,,,,,
11241,Entergy Louisiana LLC,69649,Richland Parish Power Station 3,LA,Richland,3A,Natural Gas Fired Combined Cycle,CT,CC03,S,X,N,,,469.3,1,435.4,469.3,P,10,2030,10,2030,,Electric Utility,1,N,NG,,,,,, ,,,,,,,,,,N,,
11241,Entergy Louisiana LLC,69649,Richland Parish Power Station 3,LA,Richland,3B,Natural Gas Fired Combined Cycle,CA,CC03,S,Y,X,,,311,1,302.8,303,P,10,2030,10,2030,,Electric Utility,1,N,NG,,,,,, ,,,,,,,,,,N,,
11241,Entergy Louisiana LLC,69650,Richland Parish Power Station 4,LA,Richland,4A,Natural Gas Fired Combined Cycle,CT,CC04,S,X,N,,,469.3,1,435.4,469.3,P,10,2030,10,2030,,Electric Utility,1,N,NG,,,,,, ,,,,,,,,,,N,,
11241,Entergy Louisiana LLC,69650,Richland Parish Power Station 4,LA,Richland,4B,Natural Gas Fired Combined Cycle,CA,CC04,S,Y,X,,,311,1,302.8,303,P,10,2030,10,2030,,Electric Utility,1,N,NG,,,,,, ,,,,,,,,,,N,,
67580,Zeus BESS LLC,69654,Zeus BESS,CA,San Joaquin,ZEUB,Batteries,BA,,S,X,X,NP15,CISO,213.6,0.95,200,200,P,6,2024,9,2031,N,IPP Non-CHP,2,N,MWH,,,,,, ,,,,,,,,,,,,
67576,New Salem Wind I,69657,New Salem Wind I,ND,Morton,NS1,Onshore Wind Turbine,WT,,W,X,X,,,200, ,83.1,102.6,P,12,2028,12,2028,N,IPP Non-CHP,2,N,WND,,,,,,71,,,,,,,,,,,,
67577,New Salem Wind II,69658,New Salem Wind II,ND,Morton,NS2,Onshore Wind Turbine,WT,,W,X,X,,,226, ,95.3,117.5,P,12,2028,12,2028,N,IPP Non-CHP,2,N,WND,,,,,,71,,,,,,,,,,,,
67578,Red Butte Wind,69659,Red Butte Wind,ND,Morton,RBW,Onshore Wind Turbine,WT,,W,X,X,,,202, ,84,108.4,P,12,2027,12,2027,,IPP Non-CHP,2,N,WND,,,,,,71,,,,,,,,,,,,
67579,Heritage Solar LLC,69660,El Patrimonio,TX,Bexar,HS,Solar Photovoltaic,PV,,S,X,X,,,150, ,150,150,L,7,2027,9,2027,,IPP Non-CHP,2,N,SUN,,,,,, ,,,,,,,,,,,,
67582,"Intersect USA, LLC",69661,Darden I Solar,CA,Fresno,IPD1B,Batteries,BA,,S,X,X,,,303.7, ,287.5,287.5,T,3,2028,3,2028,N,IPP Non-CHP,2,N,MWH,,,,,, ,,,,,,,,,,,,
67582,"Intersect USA, LLC",69661,Darden I Solar,CA,Fresno,IPD1S,Solar Photovoltaic,PV,,S,X,X,,,342.7, ,287.5,287.5,T,3,2028,3,2028,N,IPP Non-CHP,2,N,SUN,,,,,, ,,,,,,,,,,,,
67582,"Intersect USA, LLC",69662,Darden II Solar,CA,Fresno,IPD2B,Batteries,BA,,S,X,X,,,303.7, ,287.5,287.5,T,3,2028,3,2028,N,IPP Non-CHP,2,N,MWH,,,,,, ,,,,,,,,,,,,
67582,"Intersect USA, LLC",69662,Darden II Solar,CA,Fresno,IPD2S,Solar Photovoltaic,PV,,S,X,X,,,342.7, ,287.5,287.5,T,3,2028,3,2028,,IPP Non-CHP,2,N,SUN,,,,,, ,,,,,,,,,,,,
67582,"Intersect USA, LLC",69663,Darden III Solar,CA,Fresno,IPD3B,Batteries,BA,,S,X,X,,,303.7, ,287.5,287.5,T,3,2028,3,2028,N,IPP Non-CHP,2,N,MWH,,,,,, ,,,,,,,,,,,,
67582,"Intersect USA, LLC",69663,Darden III Solar,CA,Fresno,IPD3S,Solar Photovoltaic,PV,,S,X,X,,,342.7, ,287.5,287.5,T,3,2028,3,2028,N,IPP Non-CHP,2,N,SUN,,,,,, ,,,,,,,,,,,,
67582,"Intersect USA, LLC",69664,Darden IV Solar,CA,Fresno,IPD4B,Batteries,BA,,S,X,X,,,303.7, ,287.5,287.5,T,3,2028,3,2028,N,IPP Non-CHP,2,N,MWH,,,,,, ,,,,,,,,,,,,
67582,"Intersect USA, LLC",69664,Darden IV Solar,CA,Fresno,IPD4S,Solar Photovoltaic,PV,,S,X,X,,,342.7, ,287.5,287.5,T,3,2028,3,2028,N,IPP Non-CHP,2,N,SUN,,,,,, ,,,,,,,,,,,,
67581,"IEP Tejas Verde, LLC",69665,Orchard BESS,TX,Fort Bend,ORCH,Batteries,BA,,S,X,X,,,10,1,10,10,TS,11,2025,11,2026,,IPP Non-CHP,2,N,MWH,,,,,, ,,,,,,,,,N,N,,
65654,Birch Creek Development,69666,FR_Williamsport LLC,PA,Franklin,WSSPV,Solar Photovoltaic,PV,,S,X,X,2156114987,2156114987,20,1,20,20,U,6,2026,4,2026,,IPP Non-CHP,2,N,SUN,,,,,, ,,,,,,,,,,N,,
63524,Freepoint Commodities LLC,69667,Fair Haven Solar,VT,Rutland,FHS1,Solar Photovoltaic,PV,,S,X,X,,,20,0.95,20,20,T,7,2027,3,2028,,IPP Non-CHP,2,N,SUN,,,,,, ,,,,,,,,,,,,
2220,Brigham City Corporation,69668,Brigham City Gas,UT,Box Elder,BCIC1,Natural Gas Internal Combustion Engine,IC,,S,X,X,,,2.5,0.8,2.5,2.5,T,3,2028,8,2027,N,Electric Utility,1,N,NG,,,,,, ,,,,,,,,,,N,,
2220,Brigham City Corporation,69668,Brigham City Gas,UT,Box Elder,BCIC2,Natural Gas Internal Combustion Engine,IC,,S,X,X,,,2.5,0.8,2.5,2.5,T,3,2028,8,2027,N,Electric Utility,1,N,NG,,,,,, ,,,,,,,,,,N,,
2220,Brigham City Corporation,69668,Brigham City Gas,UT,Box Elder,BCIC3,Natural Gas Internal Combustion Engine,IC,,S,X,X,,,2.5,0.8,2.5,2.5,T,3,2028,8,2027,N,Electric Utility,1,N,NG,,,,,, ,,,,,,,,,,N,,
65654,Birch Creek Development,69670,Samaritan Solar,PA,Erie,SAMPV,Solar Photovoltaic,PV,,S,X,X,2156117045,2156117045,12,1,12,12,V,1,2026,3,2026,N,IPP Non-CHP,2,N,SUN,,,,,, ,,,,,,,,,,N,,
67336,"Elawan Pitts Dudik Solar II, LLC",69674,Pitts Dudik Solar II,TX,Hill,PDII,Solar Photovoltaic,PV,,S,X,X,,,30.4, ,30.4,30.4,TS,2,2026,7,2026,N,IPP Non-CHP,2,N,SUN,,,,,, ,,,,,,,,,,,,
67599,Escalante BESS I LLC,69677,Escalante BESS I,UT,Beaver,ESCBA,Batteries,BA,,S,X,X,,,80, ,80,80,U,2,2026,4,2026,,IPP Non-CHP,2,N,MWH,,,,,, ,,,,,,,,,,,,
67600,Enterprise Storage LLC,69678,Enterprise Storage,UT,Iron,ESBA,Batteries,BA,,S,X,X,,,80, ,80,80,U,4,2026,4,2026,,IPP Non-CHP,2,N,MWH,,,,,, ,,,,,,,,,,,,
67601,Granite Mountain BESS East LLC,69679,Granite Mountain BESS East,UT,Iron,GMEBA,Batteries,BA,,S,X,X,,,80, ,80,80,U,4,2026,4,2026,,IPP Non-CHP,2,N,MWH,,,,,, ,,,,,,,,,,,,
67597,"Mallard Energy Storage, LLC",69681,Mallard Energy Storage,TX,Collin,DRAKE,Batteries,BA,,S,X,X,,,250, ,250,250,U,6,2026,10,2026,,IPP Non-CHP,2,N,MWH,,,,,, ,,,,,,,,,,N,,
67585,Maricopa Solar,69684,Maricopa Solar,AZ,Maricopa,70124,Solar Photovoltaic,PV,,S,X,X,,,550, ,550,550,U,9,2026,7,2026,,IPP Non-CHP,2,N,SUN,,,,,, ,,,,,,,,,,,,
67585,Maricopa Solar,69684,Maricopa Solar,AZ,Maricopa,70125,Batteries,BA,,S,X,X,,,550, ,550,550,U,9,2026,9,2026,,IPP Non-CHP,2,N,MWH,,,,,, ,,,,,,,,,,,,
67592,Lucky 7 Solar Farm LLC,69687,Lucky 7 Solar Farm LLC,TX,Hopkins,L7SF,Solar Photovoltaic,PV,,S,X,X,,,100, ,100,100,U,10,2027,10,2027,,IPP Non-CHP,2,N,SUN,,,,,, ,,,,,,,,,,,,
63260,Cobb Electric Membership Corporation,69688,Allatoona Substation #10,GA,Cobb,BES02,Batteries,BA,,W,X,X,,,10, ,10,10,V,6,2026,6,2026,,Electric Utility,1,N,MWH,,,,,, ,,,,,,,,,,,,
67602,Permian Power I LLC,69689,Vast Sands Power,TX,Ward,CT11,Natural Gas Fired Combustion Turbine,GT,,S,X,X,,,440,0.85,440,440,U,5,2027,5,2027,N,IPP Non-CHP,2,N,NG,,,,,, ,,,,,,,,,N,N,,
67602,Permian Power I LLC,69689,Vast Sands Power,TX,Ward,CT12,Natural Gas Fired Combustion Turbine,GT,,S,X,X,,,440,0.85,440,440,U,5,2027,5,2027,N,IPP Non-CHP,2,N,NG,,,,,, ,,,,,,,,,,N,,
67598,Panther Grove 2 LLC,69690,Panther Grove 2,IL,Livingston,PG2,Onshore Wind Turbine,WT,,S,X,X,,,472.5, ,472.5,472.5,U,12,2027,12,2027,N,IPP Non-CHP,2,N,WND,,,,,,105,,,,,,,,,,,,
67603,NRG Greens Bayou 6 LLC,69691,Greens Bayou 6,TX,Harris,06,Natural Gas Fired Combustion Turbine,GT,,S,X,X,,,447,0.8,411,432,U,5,2028,5,2028,,IPP Non-CHP,2,N,NG,,,,,, ,,,,,,,,,,N,,
67606,"Allegheny Hydro Group Lock and Dam 4, Inc",69694,Allegheny Lock and Dam 4,PA,Allegheny,AL4-1,Conventional Hydroelectric,HY,,S,X,X,,,0.8,0.9,0.8,0.8,L,2,2031,2,2031,N,IPP Non-CHP,2,N,WAT,,,,,,1,,,,,,,,,,N,,
67606,"Allegheny Hydro Group Lock and Dam 4, Inc",69694,Allegheny Lock and Dam 4,PA,Allegheny,AL4-2,Conventional Hydroelectric,HY,,S,X,X,,,0.8,0.9,0.8,0.8,L,2,2031,2,2031,N,IPP Non-CHP,2,N,WAT,,,,,,1,,,,,,,,,,N,,
67606,"Allegheny Hydro Group Lock and Dam 4, Inc",69694,Allegheny Lock and Dam 4,PA,Allegheny,AL4-3,Conventional Hydroelectric,HY,,S,X,X,,,0.8,0.9,0.8,0.8,L,2,2031,2,2031,N,IPP Non-CHP,2,N,WAT,,,,,,1,,,,,,,,,,N,,
67606,"Allegheny Hydro Group Lock and Dam 4, Inc",69694,Allegheny Lock and Dam 4,PA,Allegheny,AL4-4,Conventional Hydroelectric,HY,,S,X,X,,,0.8,0.9,0.8,0.8,L,2,2031,2,2031,N,IPP Non-CHP,2,N,WAT,,,,,,1,,,,,,,,,,N,,
67606,"Allegheny Hydro Group Lock and Dam 4, Inc",69694,Allegheny Lock and Dam 4,PA,Allegheny,AL4-5,Conventional Hydroelectric,HY,,S,X,X,,,0.8,0.9,0.8,0.8,L,2,2031,2,2031,N,IPP Non-CHP,2,N,WAT,,,,,,1,,,,,,,,,,N,,
67606,"Allegheny Hydro Group Lock and Dam 4, Inc",69694,Allegheny Lock and Dam 4,PA,Allegheny,AL4-6,Conventional Hydroelectric,HY,,S,X,X,,,0.8,0.9,0.8,0.8,L,2,2031,2,2031,N,IPP Non-CHP,2,N,WAT,,,,,,1,,,,,,,,,,N,,
67606,"Allegheny Hydro Group Lock and Dam 4, Inc",69694,Allegheny Lock and Dam 4,PA,Allegheny,AL4-7,Conventional Hydroelectric,HY,,S,X,X,,,0.8,0.9,0.8,0.8,L,2,2031,2,2031,N,IPP Non-CHP,2,N,WAT,,,,,,1,,,,,,,,,,N,,
67606,"Allegheny Hydro Group Lock and Dam 4, Inc",69694,Allegheny Lock and Dam 4,PA,Allegheny,AL4-8,Conventional Hydroelectric,HY,,S,X,X,,,0.8,0.9,0.8,0.8,L,2,2031,2,2031,N,IPP Non-CHP,2,N,WAT,,,,,,1,,,,,,,,,,N,,
67607,Maynard Hydroelectric LLC,69695,Colonel Charles D. Maynard Project,AR,Jefferson,CCM-1,Conventional Hydroelectric,HY,,S,X,X,,,8.6,0.9,8.6,8.6,L,11,2031,11,2031,N,IPP Non-CHP,2,N,WAT,,,,,,1,,,,,,,,,,N,,
67607,Maynard Hydroelectric LLC,69695,Colonel Charles D. Maynard Project,AR,Jefferson,CCM-2,Conventional Hydroelectric,HY,,S,X,X,,,8.6,0.9,8.6,8.6,L,11,2031,11,2031,N,IPP Non-CHP,2,N,WAT,,,,,,1,,,,,,,,,N,N,,
67607,Maynard Hydroelectric LLC,69695,Colonel Charles D. Maynard Project,AR,Jefferson,CCM-3,Conventional Hydroelectric,HY,,S,X,X,,,8.6,0.9,8.6,8.6,L,11,2031,11,2031,N,IPP Non-CHP,2,N,WAT,,,,,,1,,,,,,,,,,N,,
67608,"C.W. Bill Young Hydropower Group, Inc",69697,CW Bill Young Hydropower Project,PA,Allegheny,CW-1,Conventional Hydroelectric,HY,,S,X,X,,,1.2,0.9,1.2,1.2,L,10,2031,10,2031,N,IPP Non-CHP,2,N,WAT,,,,,,1,,,,,,,,,,N,,
67608,"C.W. Bill Young Hydropower Group, Inc",69697,CW Bill Young Hydropower Project,PA,Allegheny,CW-2,Conventional Hydroelectric,HY,,S,X,X,,,1.2,0.9,1.2,1.2,L,10,2031,10,2031,N,IPP Non-CHP,2,N,WAT,,,,,,1,,,,,,,,,,N,,
67608,"C.W. Bill Young Hydropower Group, Inc",69697,CW Bill Young Hydropower Project,PA,Allegheny,CW-3,Conventional Hydroelectric,HY,,S,X,X,,,1.2,0.9,1.2,1.2,L,10,2031,10,2031,N,IPP Non-CHP,2,N,WAT,,,,,,1,,,,,,,,,,N,,
67608,"C.W. Bill Young Hydropower Group, Inc",69697,CW Bill Young Hydropower Project,PA,Allegheny,CW-4,Conventional Hydroelectric,HY,,S,X,X,,,1.2,0.9,1.2,1.2,L,10,2031,10,2031,N,IPP Non-CHP,2,N,WAT,,,,,,1,,,,,,,,,,N,,
67608,"C.W. Bill Young Hydropower Group, Inc",69697,CW Bill Young Hydropower Project,PA,Allegheny,CW-5,Conventional Hydroelectric,HY,,S,X,X,,,1.2,0.9,1.2,1.2,L,10,2031,10,2031,N,IPP Non-CHP,2,N,WAT,,,,,,1,,,,,,,,,,N,,
67608,"C.W. Bill Young Hydropower Group, Inc",69697,CW Bill Young Hydropower Project,PA,Allegheny,CW-6,Conventional Hydroelectric,HY,,S,X,X,,,1.2,0.9,1.2,1.2,L,10,2031,10,2031,N,IPP Non-CHP,2,N,WAT,,,,,,1,,,,,,,,,,N,,
67608,"C.W. Bill Young Hydropower Group, Inc",69697,CW Bill Young Hydropower Project,PA,Allegheny,CW-7,Conventional Hydroelectric,HY,,S,X,X,,,1.2,0.9,1.2,1.2,L,10,2031,10,2031,N,IPP Non-CHP,2,N,WAT,,,,,,1,,,,,,,,,N,N,,
67609,Dashields Hydropower Corporations,69698,Dashields Hydroelectric Project,PA,Allegheny,DAS-1,Conventional Hydroelectric,HY,,S,X,X,,,1.1,0.9,1.1,1.1,L,8,2030,8,2030,N,IPP Non-CHP,2,N,WAT,,,,,,1,,,,,,,,,,N,,
67609,Dashields Hydropower Corporations,69698,Dashields Hydroelectric Project,PA,Allegheny,DAS-2,Conventional Hydroelectric,HY,,S,X,X,,,1.1,0.9,1.1,1.1,L,8,2030,8,2030,N,IPP Non-CHP,2,N,WAT,,,,,,1,,,,,,,,,,N,,
67609,Dashields Hydropower Corporations,69698,Dashields Hydroelectric Project,PA,Allegheny,DAS-3,Conventional Hydroelectric,HY,,S,X,X,,,1.1,0.9,1.1,1.1,L,8,2030,8,2030,N,IPP Non-CHP,2,N,WAT,,,,,,1,,,,,,,,,,N,,
67609,Dashields Hydropower Corporations,69698,Dashields Hydroelectric Project,PA,Allegheny,DAS-4,Conventional Hydroelectric,HY,,S,X,X,,,1.1,0.9,1.1,1.1,L,8,2030,8,2030,N,IPP Non-CHP,2,N,WAT,,,,,,1,,,,,,,,,,N,,
67609,Dashields Hydropower Corporations,69698,Dashields Hydroelectric Project,PA,Allegheny,DAS-5,Conventional Hydroelectric,HY,,S,X,X,,,1.1,0.9,1.1,1.1,L,8,2030,8,2030,N,IPP Non-CHP,2,N,WAT,,,,,,1,,,,,,,,,,N,,
67609,Dashields Hydropower Corporations,69698,Dashields Hydroelectric Project,PA,Allegheny,DAS-6,Conventional Hydroelectric,HY,,S,X,X,,,1.1,0.9,1.1,1.1,L,8,2030,8,2030,N,IPP Non-CHP,2,N,WAT,,,,,,1,,,,,,,,,,,,
67609,Dashields Hydropower Corporations,69698,Dashields Hydroelectric Project,PA,Allegheny,DAS-7,Conventional Hydroelectric,HY,,S,X,X,,,1.1,0.9,1.1,1.1,L,8,2030,8,2030,N,IPP Non-CHP,2,N,WAT,,,,,,1,,,,,,,,,,N,,
67609,Dashields Hydropower Corporations,69698,Dashields Hydroelectric Project,PA,Allegheny,DAS-8,Conventional Hydroelectric,HY,,S,X,X,,,1.1,0.9,1.1,1.1,L,8,2030,8,2030,N,IPP Non-CHP,2,N,WAT,,,,,,1,,,,,,,,,N,N,,
67610,"Northern Illinois Hydropower, LLC",69699,Dresden Island Hydroelectric Project,IL,Grundy,DI-1,Conventional Hydroelectric,HY,,S,X,X,,,1,0.9,1,1,L,12,2030,12,2030,N,IPP Non-CHP,2,N,WAT,,,,,,1,,,,,,,,,,N,,
67610,"Northern Illinois Hydropower, LLC",69699,Dresden Island Hydroelectric Project,IL,Grundy,DI-10,Conventional Hydroelectric,HY,,S,X,X,,,1,0.9,1,1,L,12,2030,12,2030,N,IPP Non-CHP,2,N,WAT,,,,,,1,,,,,,,,,,N,,
67610,"Northern Illinois Hydropower, LLC",69699,Dresden Island Hydroelectric Project,IL,Grundy,DI-2,Conventional Hydroelectric,HY,,S,X,X,,,1,0.9,1,1,L,12,2030,12,2030,N,IPP Non-CHP,2,N,WAT,,,,,,1,,,,,,,,,,N,,
67610,"Northern Illinois Hydropower, LLC",69699,Dresden Island Hydroelectric Project,IL,Grundy,DI-3,Conventional Hydroelectric,HY,,S,X,X,,,1,0.9,1,1,L,12,2030,12,2030,N,IPP Non-CHP,2,N,WAT,,,,,,1,,,,,,,,,,N,,
67610,"Northern Illinois Hydropower, LLC",69699,Dresden Island Hydroelectric Project,IL,Grundy,DI-4,Conventional Hydroelectric,HY,,S,X,X,,,1,0.9,1,1,L,12,2030,12,2030,N,IPP Non-CHP,2,N,WAT,,,,,,1,,,,,,,,,,N,,
67610,"Northern Illinois Hydropower, LLC",69699,Dresden Island Hydroelectric Project,IL,Grundy,DI-5,Conventional Hydroelectric,HY,,S,X,X,,,1,0.9,1,1,L,12,2030,12,2030,N,IPP Non-CHP,2,N,WAT,,,,,,1,,,,,,,,,,N,,
67610,"Northern Illinois Hydropower, LLC",69699,Dresden Island Hydroelectric Project,IL,Grundy,DI-6,Conventional Hydroelectric,HY,,S,X,X,,,1,0.9,1,1,L,12,2030,12,2030,N,IPP Non-CHP,2,N,WAT,,,,,,1,,,,,,,,,,N,,
67610,"Northern Illinois Hydropower, LLC",69699,Dresden Island Hydroelectric Project,IL,Grundy,DI-7,Conventional Hydroelectric,HY,,S,X,X,,,1,0.9,1,1,L,12,2030,12,2030,N,IPP Non-CHP,2,N,WAT,,,,,,1,,,,,,,,,,N,,
67610,"Northern Illinois Hydropower, LLC",69699,Dresden Island Hydroelectric Project,IL,Grundy,DI-8,Conventional Hydroelectric,HY,,S,X,X,,,1,0.9,1,1,L,12,2030,12,2030,N,IPP Non-CHP,2,N,WAT,,,,,,1,,,,,,,,,,N,,
67610,"Northern Illinois Hydropower, LLC",69699,Dresden Island Hydroelectric Project,IL,Grundy,DI-9,Conventional Hydroelectric,HY,,S,X,X,,,1,0.9,1,1,L,12,2030,12,2030,N,IPP Non-CHP,2,N,WAT,,,,,,1,,,,,,,,,N,N,,
67611,"Current Hydro Project 19, LLC",69701,New Cumberland Hydroelectric Project,WV,Hancock,NC-1,Conventional Hydroelectric,HY,,S,X,X,,,10,0.9,10,10,L,4,2029,4,2029,N,IPP Non-CHP,2,N,WAT,,,,,,1,,,,,,,,,,N,,
67611,"Current Hydro Project 19, LLC",69701,New Cumberland Hydroelectric Project,WV,Hancock,NC-2,Conventional Hydroelectric,HY,,S,X,X,,,10,0.9,10,10,L,4,2029,4,2029,N,IPP Non-CHP,2,N,WAT,,,,,,1,,,,,,,,,N,N,,
67612,Pike Island Hydropower Corporation,69702,Pike Island Hydroelectric Project,OH,Jefferson,PI-1,Conventional Hydroelectric,HY,,S,X,X,,,10,0.9,10,10,L,1,2029,1,2029,N,IPP Non-CHP,2,N,WAT,,,,,,1,,,,,,,,,,N,,
67612,Pike Island Hydropower Corporation,69702,Pike Island Hydroelectric Project,OH,Jefferson,PI-2,Conventional Hydroelectric,HY,,S,X,X,,,10,0.9,10,10,L,1,2029,1,2029,N,IPP Non-CHP,2,N,WAT,,,,,,1,,,,,,,,,N,N,,
67613,Ohio Power and Light LLC,69704,R.C. Byrd L&D Hydroelectric Project,WV,Mason,RC-1,Conventional Hydroelectric,HY,,S,X,X,,,4.8,0.9,4.8,4.8,L,2,2029,2,2029,N,IPP Non-CHP,2,N,WAT,,,,,,1,,,,,,,,,,N,,
67613,Ohio Power and Light LLC,69704,R.C. Byrd L&D Hydroelectric Project,WV,Mason,RC-2,Conventional Hydroelectric,HY,,S,X,X,,,4.8,0.9,4.8,4.8,L,2,2029,2,2029,N,IPP Non-CHP,2,N,WAT,,,,,,1,,,,,,,,,,N,,
67613,Ohio Power and Light LLC,69704,R.C. Byrd L&D Hydroelectric Project,WV,Mason,RC-3,Conventional Hydroelectric,HY,,S,X,X,,,4.8,0.9,4.8,4.8,L,2,2029,2,2029,N,IPP Non-CHP,2,N,WAT,,,,,,1,,,,,,,,,,N,,
67613,Ohio Power and Light LLC,69704,R.C. Byrd L&D Hydroelectric Project,WV,Mason,RC-4,Conventional Hydroelectric,HY,,S,X,X,,,4.8,0.9,4.8,4.8,L,2,2029,2,2029,N,IPP Non-CHP,2,N,WAT,,,,,,1,,,,,,,,,,N,,
67613,Ohio Power and Light LLC,69704,R.C. Byrd L&D Hydroelectric Project,WV,Mason,RC-5,Conventional Hydroelectric,HY,,S,X,X,,,4.8,0.9,4.8,4.8,L,2,2029,2,2029,N,IPP Non-CHP,2,N,WAT,,,,,,1,,,,,,,,,,N,,
67613,Ohio Power and Light LLC,69704,R.C. Byrd L&D Hydroelectric Project,WV,Mason,RC-6,Conventional Hydroelectric,HY,,S,X,X,,,4.8,0.9,4.8,4.8,L,2,2029,2,2029,N,IPP Non-CHP,2,N,WAT,,,,,,1,,,,,,,,,N,N,,
67616,"Camino Ramon BR 3-GG Solar Project 2020, LLC",69706,Bishop Ranch - BR 3-GG,CA,Contra Costa,4149B,Batteries,BA,,S,X,X,,,0.6, ,0.6,0.6,V,10,2026,7,2027,N,IPP Non-CHP,2,N,MWH,,,,,,0,,,,,,,,,,,,
67616,"Camino Ramon BR 3-GG Solar Project 2020, LLC",69706,Bishop Ranch - BR 3-GG,CA,Contra Costa,4149C,Solar Photovoltaic,PV,,S,X,X,,,1.1, ,1.1,1.1,V,10,2026,7,2027,N,IPP Non-CHP,2,N,SUN,,,,,, ,,,,,,,,,,,,
67616,"Camino Ramon BR 3-GG Solar Project 2020, LLC",69706,Bishop Ranch - BR 3-GG,CA,Contra Costa,4149R,Solar Photovoltaic,PV,,S,X,X,,,0.2, ,0.2,0.2,V,10,2026,7,2027,N,IPP Non-CHP,2,N,SUN,,,,,, ,,,,,,,,,,,,
67617,"Camino Ramon BR 3-HH Solar Project 2020, LLC",69708,Bishop Ranch - BR 3-HH,CA,Contra Costa,4150B,Batteries,BA,,S,X,X,,,0.6, ,0.6,0.6,V,7,2026,7,2027,N,IPP Non-CHP,2,N,MWH,,,,,,0,,,,,,,,,,,,
67617,"Camino Ramon BR 3-HH Solar Project 2020, LLC",69708,Bishop Ranch - BR 3-HH,CA,Contra Costa,4150C,Solar Photovoltaic,PV,,S,X,X,,,0.6, ,0.6,0.6,V,7,2026,7,2027,N,IPP Non-CHP,2,N,SUN,,,,,, ,,,,,,,,,,,,
67617,"Camino Ramon BR 3-HH Solar Project 2020, LLC",69708,Bishop Ranch - BR 3-HH,CA,Contra Costa,4150R,Solar Photovoltaic,PV,,S,X,X,,,0.2, ,0.2,0.2,V,7,2026,7,2027,N,IPP Non-CHP,2,N,SUN,,,,,, ,,,,,,,,,,,,
67618,"Camino Ramon BR 3-FF Solar Project 2020, LLC",69710,Bishop Ranch - BR 3-FF,CA,Contra Costa,4148B,Batteries,BA,,S,X,X,,,0.6, ,0.6,0.6,V,12,2026,7,2027,N,IPP Non-CHP,2,N,MWH,,,,,,0,,,,,,,,,,,,
67618,"Camino Ramon BR 3-FF Solar Project 2020, LLC",69710,Bishop Ranch - BR 3-FF,CA,Contra Costa,4148C,Solar Photovoltaic,PV,,S,X,X,,,0.6, ,0.6,0.6,V,12,2026,7,2027,N,IPP Non-CHP,2,N,SUN,,,,,, ,,,,,,,,,,,,
67618,"Camino Ramon BR 3-FF Solar Project 2020, LLC",69710,Bishop Ranch - BR 3-FF,CA,Contra Costa,4148R,Solar Photovoltaic,PV,,S,X,X,,,0.2, ,0.2,0.2,V,12,2026,7,2027,N,IPP Non-CHP,2,N,SUN,,,,,, ,,,,,,,,,,,,
67619,"Balboa Avenue I Solar Project 2023, LLC",69711,L3 Harris San Diego,CA,San Diego,6672,Solar Photovoltaic,PV,,S,X,X,,,1.6, ,1.6,1.6,V,5,2026,10,2026,N,IPP Non-CHP,2,N,SUN,,,,,, ,,,,,,,,,,,,
67621,"South Fowler Avenue Solar Project 2023, LLC",69713,Sanger USD - Sanger West HS,CA,Fresno,9985B,Batteries,BA,,S,X,X,,,0.5, ,0.5,0.5,V,4,2026,10,2026,,IPP Non-CHP,2,N,MWH,,,,,, ,,,,,,,,,,,,
67621,"South Fowler Avenue Solar Project 2023, LLC",69713,Sanger USD - Sanger West HS,CA,Fresno,9985C,Solar Photovoltaic,PV,,S,X,X,,,0.9, ,0.9,0.9,V,4,2026,10,2026,,IPP Non-CHP,2,N,SUN,,,,,, ,,,,,,,,,,,,
67615,Medway Grid LLC,69720,Medway Grid,MA,Norfolk,MEDWA,Batteries,BA,,S,X,X,,,250, ,250,250,V,2,2026,3,2026,,IPP Non-CHP,2,N,MWH,,,,,, ,,,,,,,,,,,,
67630,Energizar Storage LLC,69721,Energizar BESS,MA,Suffolk,BESS1,Batteries,BA,,S,X,X,,,250, ,250,250,L,9,2027,9,2027,,IPP Non-CHP,2,N,MWH,,,,,, ,,,,,,,,,,,,
67631,"Somerset Energy Storage, LLC",69722,Salt Cod BESS,MA,Bristol,BESS1,Batteries,BA,,S,X,X,,,168, ,168,168,L,12,2028,12,2028,,IPP Non-CHP,2,N,MWH,,,,,, ,,,,,,,,,,,,
67632,FE Taft LLC,69723,Taft BESS,MA,Worcester,BESS1,Batteries,BA,,S,X,X,,,200, ,200,200,U,12,2026,2,2027,,IPP Non-CHP,2,N,MWH,,,,,, ,,,,,,,,,,,,
9209,Illinois Rural Electric Coop,69724,Pike County Solar,IL,Pike,PIKE,Solar Photovoltaic,PV,,S,X,X,,,1.2,1,1.2,1.2,P,9,2026,2,2027,,Electric Utility,1,N,SUN,,,,,, ,,,,,,,,,,N,,
5580,"East Kentucky Power Coop, Inc",69726,Liberty Station,KY,Casey,L1,Natural Gas Internal Combustion Engine,IC,,S,X,X,,,18.1,0.8,17.8,17.8,P,12,2028,12,2028,,Electric Utility,1,N,NG,DFO,,,,, ,,,,,,,,,,Y,Y,N
5580,"East Kentucky Power Coop, Inc",69726,Liberty Station,KY,Casey,L10,Natural Gas Internal Combustion Engine,IC,,S,X,X,,,18.1,0.8,17.8,17.8,P,12,2028,12,2028,,Electric Utility,1,N,NG,DFO,,,,, ,,,,,,,,,,Y,Y,N
5580,"East Kentucky Power Coop, Inc",69726,Liberty Station,KY,Casey,L11,Natural Gas Internal Combustion Engine,IC,,S,X,X,,,18.1,0.8,17.8,17.8,P,12,2028,12,2028,,Electric Utility,1,N,NG,DFO,,,,, ,,,,,,,,,,Y,Y,N
5580,"East Kentucky Power Coop, Inc",69726,Liberty Station,KY,Casey,L12,Natural Gas Internal Combustion Engine,IC,,S,X,X,,,18.1,0.8,17.8,17.8,P,12,2028,12,2028,,Electric Utility,1,N,NG,DFO,,,,, ,,,,,,,,,,Y,Y,N
5580,"East Kentucky Power Coop, Inc",69726,Liberty Station,KY,Casey,L2,Natural Gas Internal Combustion Engine,IC,,S,X,X,,,18.1,0.8,17.8,17.8,P,12,2028,12,2028,,Electric Utility,1,N,NG,DFO,,,,, ,,,,,,,,,,Y,Y,N
5580,"East Kentucky Power Coop, Inc",69726,Liberty Station,KY,Casey,L3,Natural Gas Internal Combustion Engine,IC,,S,X,X,,,18.1,0.8,17.8,17.8,P,12,2028,12,2028,,Electric Utility,1,N,NG,DFO,,,,, ,,,,,,,,,,Y,Y,N
5580,"East Kentucky Power Coop, Inc",69726,Liberty Station,KY,Casey,L4,Natural Gas Internal Combustion Engine,IC,,S,X,X,,,18.1,0.8,17.8,17.8,P,12,2028,12,2028,,Electric Utility,1,N,NG,DFO,,,,, ,,,,,,,,,,Y,Y,N
5580,"East Kentucky Power Coop, Inc",69726,Liberty Station,KY,Casey,L5,Natural Gas Internal Combustion Engine,IC,,S,X,X,,,18.1,0.8,17.8,17.8,P,12,2028,12,2028,,Electric Utility,1,N,NG,DFO,,,,, ,,,,,,,,,,Y,Y,N
5580,"East Kentucky Power Coop, Inc",69726,Liberty Station,KY,Casey,L6,Natural Gas Internal Combustion Engine,IC,,S,X,X,,,18.1,0.8,17.8,17.8,P,12,2028,12,2028,,Electric Utility,1,N,NG,DFO,,,,, ,,,,,,,,,,Y,Y,N
5580,"East Kentucky Power Coop, Inc",69726,Liberty Station,KY,Casey,L7,Natural Gas Internal Combustion Engine,IC,,S,X,X,,,18.1,0.8,17.8,17.8,P,12,2028,12,2028,,Electric Utility,1,N,NG,DFO,,,,, ,,,,,,,,,,Y,Y,N
5580,"East Kentucky Power Coop, Inc",69726,Liberty Station,KY,Casey,L8,Natural Gas Internal Combustion Engine,IC,,S,X,X,,,18.1,0.8,17.8,17.8,P,12,2028,12,2028,,Electric Utility,1,N,NG,DFO,,,,, ,,,,,,,,,,Y,Y,N
5580,"East Kentucky Power Coop, Inc",69726,Liberty Station,KY,Casey,L9,Natural Gas Internal Combustion Engine,IC,,S,X,X,,,18.1,0.8,17.8,17.8,P,12,2028,12,2028,,Electric Utility,1,N,NG,DFO,,,,, ,,,,,,,,,,Y,Y,N
5580,"East Kentucky Power Coop, Inc",69741,Cooperative Solar Two-Fayette,KY,Fayette,PV2,Solar Photovoltaic,PV,,S,X,X,,,40, ,40,40,T,7,2027,11,2027,N,Electric Utility,1,N,SUN,,,,,, ,,,,,,,,,,,,
5580,"East Kentucky Power Coop, Inc",69742,Cooperative Solar Three-Marion,KY,Marion,PV3,Solar Photovoltaic,PV,,S,X,X,,,96, ,96,96,T,8,2027,8,2027,N,Electric Utility,1,N,SUN,,,,,, ,,,,,,,,,,,,
64904,AES Clean Energy,69743,Kuihelani Phase 2,HI,Maui,KUIHE,Solar Photovoltaic,PV,,S,X,X,,,40, ,40,40,L,11,2028,11,2028,N,IPP Non-CHP,2,N,SUN,,,,,, ,,,,,,,,,,,,
7294,City of Glendale - (CA),69749,Scholl Canyon,CA,Los Angeles,U1,Landfill Gas,IC,,S,X,X,,,3,0.8,2.8,2.8,V,5,2025,2,2027,N,Electric Utility,1,N,LFG,NG,,,,, ,,,,,,,,,,Y,N,N
7294,City of Glendale - (CA),69749,Scholl Canyon,CA,Los Angeles,U2,Landfill Gas,IC,,S,X,X,,,3,0.8,2.8,2.8,V,5,2025,2,2027,N,Electric Utility,1,N,LFG,NG,,,,, ,,,,,,,,,,Y,N,N
7294,City of Glendale - (CA),69749,Scholl Canyon,CA,Los Angeles,U3,Landfill Gas,IC,,S,X,X,,,3,0.8,2.8,2.8,V,5,2025,2,2027,N,Electric Utility,1,N,LFG,NG,,,,, ,,,,,,,,,,Y,N,N
7294,City of Glendale - (CA),69749,Scholl Canyon,CA,Los Angeles,U4,Landfill Gas,IC,,S,X,X,,,3,0.8,2.8,2.8,V,5,2025,2,2027,N,Electric Utility,1,N,LFG,NG,,,,, ,,,,,,,,,,Y,N,N
814,Entergy Arkansas LLC,69750,Ironwood Power Station,AR,Hot Spring,1A,Natural Gas Fired Combustion Turbine,GT,,S,X,X,,,467.3,1,432,467.3,L,7,2028,7,2028,N,Electric Utility,1,N,NG,,,,,, ,,,,,,,,N,,N,,
67646,"Meister Avenue Branchburg Solar Project 2024, LLC",69753,50 Meister Ave,NJ,Somerset,13790,Solar Photovoltaic,PV,,S,X,X,,,1.5, ,1.5,1.5,V,4,2026,10,2026,N,IPP Non-CHP,2,N,SUN,,,,,, ,,,,,,,,,,,,
67628,"King Mountain Solar, LLC",69755,King Mountain Solar,TX,Upton,5568,Solar Photovoltaic,PV,,S,X,X,,,175, ,175,175,U,12,2026,9,2026,,IPP Non-CHP,2,N,SUN,,,,,, ,,,,,,,,,,N,,
67629,"SL Dunkirk, LLC",69756,SL Dunkirk,NY,Chautauqua,23212,Solar Photovoltaic,PV,,S,X,X,,,5, ,5,5,U,9,2026,11,2026,N,IPP Non-CHP,2,N,SUN,,,,,, ,,,,,,,,N,N,N,,
67688,Pacifico Tracy Linne LLC,69759,Tracy Linne,CA,San Joaquin,LINB,Batteries,BA,,S,X,X,,,1.3, ,1.3,1.3,V,3,2026,3,2026,N,IPP Non-CHP,2,N,MWH,,,,,, ,,,,,,,,,,,,
67688,Pacifico Tracy Linne LLC,69759,Tracy Linne,CA,San Joaquin,LINS,Solar Photovoltaic,PV,,S,X,X,,,1.4, ,1.4,1.4,V,3,2026,3,2026,N,IPP Non-CHP,2,N,SUN,,,,,, ,,,,,,,,,,,,
67625,Kerrville Public Utility Board Public Facility Corp,69760,Rock Island Generation Project,TX,Colorado,RIG1,Natural Gas Internal Combustion Engine,IC,,S,X,X,SKY1,ROCK ISLAND GENERATING,20.3,0.8,19.9,19.9,L,8,2027,9,2027,,Electric Utility,1,N,NG,,,,,, ,,,,,,,,,,N,,
67625,Kerrville Public Utility Board Public Facility Corp,69760,Rock Island Generation Project,TX,Colorado,RIG2,Natural Gas Internal Combustion Engine,IC,,S,X,X,SKY1,ROCK ISLAND GENERATING,20.3,0.8,19.9,19.9,L,8,2027,9,2027,,Electric Utility,1,N,NG,,,,,, ,,,,,,,,,,N,,
67625,Kerrville Public Utility Board Public Facility Corp,69760,Rock Island Generation Project,TX,Colorado,RIG3,Natural Gas Internal Combustion Engine,IC,,S,X,X,SKY1,ROCK ISLAND GENERATING,20.3,0.8,19.9,19.9,L,8,2027,9,2027,,Electric Utility,1,N,NG,,,,,, ,,,,,,,,,,N,,
67625,Kerrville Public Utility Board Public Facility Corp,69760,Rock Island Generation Project,TX,Colorado,RIG4,Natural Gas Internal Combustion Engine,IC,,S,X,X,SKY1,ROCK ISLAND GENERATING,20.3,0.8,19.9,19.9,L,8,2027,9,2027,,Electric Utility,1,N,NG,,,,,, ,,,,,,,,,,N,,
67625,Kerrville Public Utility Board Public Facility Corp,69760,Rock Island Generation Project,TX,Colorado,RIG5,Natural Gas Internal Combustion Engine,IC,,S,X,X,SKY1,ROCK ISLAND GENERATING,20.3,0.8,19.9,19.9,L,8,2027,9,2027,,Electric Utility,1,N,NG,,,,,, ,,,,,,,,,,N,,
67625,Kerrville Public Utility Board Public Facility Corp,69760,Rock Island Generation Project,TX,Colorado,RIG6,Natural Gas Internal Combustion Engine,IC,,S,X,X,SKY1,ROCK ISLAND GENERATING,20.3,0.8,19.9,19.9,L,8,2027,9,2027,,Electric Utility,1,N,NG,,,,,, ,,,,,,,,,,N,,
67689,"Dawn Break Solar, LLC",69761,Dawn Break Solar,WI,Waushara,DBBES,Batteries,BA,,S,X,X,,,180, ,180,180,L,9,2029,9,2029,,IPP Non-CHP,2,N,MWH,,,,,, ,,,,,,,,,,,,
67689,"Dawn Break Solar, LLC",69761,Dawn Break Solar,WI,Waushara,DBSOL,Solar Photovoltaic,PV,,S,X,X,,,180, ,180,180,L,9,2029,9,2029,,IPP Non-CHP,2,N,SUN,,,,,, ,,,,,,,,,,,,
67694,425LM 8ME LLC,69762,Southern Bighorn Solar 2,NV,Clark,425LM,Solar Photovoltaic,PV,,S,X,X,,,100, ,100,100,L,7,2028,7,2028,N,IPP Non-CHP,2,N,SUN,,,,,, ,,,,,,,,,,,,
67694,425LM 8ME LLC,69762,Southern Bighorn Solar 2,NV,Clark,BESS2,Batteries,BA,,S,X,X,,,100, ,100,100,L,7,2028,7,2028,N,IPP Non-CHP,2,N,MWH,,,,,, ,,,,,,,,,,,,
56545,Pattern Operators LP,69763,Heritage Prairie Solar LLC,IL,Kankakee,HPS,Solar Photovoltaic,PV,,J,X,X,,,300, ,300,300,T,9,2028,9,2028,N,IPP Non-CHP,2,N,SUN,,,,,, ,,,,,,,,,,,,
56545,Pattern Operators LP,69764,Illinois Generation LLC,IL,Livingston,HPW,Onshore Wind Turbine,WT,,J,X,X,,,616.5, ,616.5,616.5,T,4,2028,4,2028,N,IPP Non-CHP,2,N,WND,,,,,,137,,,,,,,,,,,,
65539,Pivot Energy,69766,Kalaeloa Home Lands Solar,HI,Honolulu,KHLS,Solar Photovoltaic,PV,,S,X,X,,,1.7, ,1.7,1.7,V,4,2026,11,2026,N,IPP Non-CHP,2,N,SUN,,,,,, ,,,,,,,,,,,,
65539,Pivot Energy,69767,NCBP Seven,MD,Prince Georges,NCBP7,Solar Photovoltaic,PV,,S,X,X,,,2.4, ,2.4,2.4,V,4,2026,11,2026,N,IPP Non-CHP,2,N,SUN,,,,,, ,,,,,,,,,,,,
65539,Pivot Energy,69768,TPE MD PR232,MD,Prince Georges,PR232,Solar Photovoltaic,PV,,S,X,X,,,2, ,2,2,V,4,2026,5,2026,N,IPP Non-CHP,2,N,SUN,,,,,, ,,,,,,,,,,,,
65539,Pivot Energy,69769,TPE MD PR270,MD,Prince Georges,PR270,Solar Photovoltaic,PV,,S,X,X,,,2, ,2,2,V,4,2026,5,2026,N,IPP Non-CHP,2,N,SUN,,,,,, ,,,,,,,,,,,,
67702,Ryan Storage LLC,69770,Ryan Storage,TX,Coryell,BRS,Batteries,BA,,S,X,X,,,50, ,50,50,U,2,2027,2,2027,N,IPP Non-CHP,2,N,MWH,,,,,, ,,,,,,,,,,,,
5416,"Duke Energy Carolinas, LLC",69771,Clark Creek Solar Plant,NC,Lincoln,CCBS1,Batteries,BA,,S,X,X,,,14, ,14,14,L,2,2028,2,2028,N,Electric Utility,1,N,MWH,,,,,, ,,,,,,,,,,,,
5416,"Duke Energy Carolinas, LLC",69771,Clark Creek Solar Plant,NC,Lincoln,CCSP1,Solar Photovoltaic,PV,,S,X,X,,,40, ,40,40,L,2,2028,2,2028,N,Electric Utility,1,N,SUN,,,,,, ,,,,,,,,,,,,
5416,"Duke Energy Carolinas, LLC",69772,Bush River Solar Plant,SC,Laurens,BRSP1,Solar Photovoltaic,PV,,S,X,X,,,45, ,45,45,L,1,2028,1,2028,N,Electric Utility,1,N,SUN,,,,,, ,,,,,,,,,,,,
796,Arizona Electric Pwr Coop Inc,69773,Mohave Energy Park,AZ,Mohave,GT1,Natural Gas Fired Combustion Turbine,GT,,S,X,X,,,60.5,0.85,43,43,L,6,2027,12,2027,,Electric Utility,1,N,NG,,,,,, ,,,,,,,,,,N,,
796,Arizona Electric Pwr Coop Inc,69773,Mohave Energy Park,AZ,Mohave,GT2,Natural Gas Fired Combustion Turbine,GT,,S,X,X,,,60.5,0.85,43,43,L,6,2027,12,2027,,Electric Utility,1,N,NG,,,,,, ,,,,,,,,,,N,,
796,Arizona Electric Pwr Coop Inc,69773,Mohave Energy Park,AZ,Mohave,GT3,Natural Gas Fired Combustion Turbine,GT,,S,X,X,,,60.5,0.85,43,43,L,6,2027,12,2027,,Electric Utility,1,N,NG,,,,,, ,,,,,,,,,,N,,
796,Arizona Electric Pwr Coop Inc,69773,Mohave Energy Park,AZ,Mohave,GT4,Natural Gas Fired Combustion Turbine,GT,,S,X,X,,,60.5,0.85,43,43,L,6,2027,12,2027,,Electric Utility,1,N,NG,,,,,, ,,,,,,,,,N,N,,
5109,DTE Electric Company,69775,Strasburg Solar Park,MI,Monroe,STBSP,Solar Photovoltaic,PV,,S,X,X,,,100, ,100,100,U,12,2028,12,2028,,Electric Utility,1,N,SUN,,,,,, ,,,,,,,,,,,,
5109,DTE Electric Company,69776,Deckerville Solar Park,MI,Sanilac,DKVSP,Solar Photovoltaic,PV,,S,X,X,,,200, ,200,200,U,11,2028,11,2028,,Electric Utility,1,N,SUN,,,,,, ,,,,,,,,,,,,
49893,Invenergy Services LLC,69778,Hashknife Energy Center LLC,AZ,Navajo,HK1SO,Solar Photovoltaic,PV,,S,X,X,,,275, ,275,275,V,4,2026,9,2026,N,IPP Non-CHP,2,N,SUN,,,,,, ,,,,,,,,,,,,
49893,Invenergy Services LLC,69778,Hashknife Energy Center LLC,AZ,Navajo,HK1ST,Batteries,BA,,S,X,X,,,275, ,275,275,V,4,2026,9,2026,N,IPP Non-CHP,2,N,MWH,,,,,, ,,,,,,,,,,,,
49893,Invenergy Services LLC,69779,Hashknife Energy Center II LLC,AZ,Navajo,HK2SO,Solar Photovoltaic,PV,,S,X,X,,,200, ,200,200,V,4,2026,3,2027,N,IPP Non-CHP,2,N,SUN,,,,,, ,,,,,,,,,,,,
49893,Invenergy Services LLC,69779,Hashknife Energy Center II LLC,AZ,Navajo,HK2ST,Batteries,BA,,S,X,X,,,200, ,200,200,V,4,2026,3,2027,N,IPP Non-CHP,2,N,MWH,,,,,, ,,,,,,,,,,,,
67724,"Cardinal Investment Company, Inc.",69780,Oystercatcher Solar,TX,Ellis,OCPV1,Solar Photovoltaic,PV,,W,X,X,,,197, ,197,197,P,11,2026,3,2027,,IPP Non-CHP,2,N,SUN,,,,,, ,,,,,,,,,,,,
67728,Cartwright Solar I LLC,69781,Cartwright Solar I,OR,Crook,CW140,Solar Photovoltaic,PV,,W,X,X,,,44, ,44,44,V,3,2026,4,2026,N,IPP Non-CHP,2,N,SUN,,,,,, ,,,,,,,,,,,,
67729,Cartwright Solar II LLC,69782,Cartwright Solar II,OR,Crook,CW216,Solar Photovoltaic,PV,,W,X,X,,,17.6, ,17.6,17.6,V,3,2026,11,2026,N,IPP Non-CHP,2,N,SUN,,,,,, ,,,,,,,,,,,,
20069,City of Wamego - (KS),69783,Public Works Generation,KS,Pottawatomie,PW13,Petroleum Liquids,IC,,S,X,X,,,3,0.8,3,3,U,6,2026,8,2026,N,Electric Utility,1,N,DFO,,,,,, ,,,,,,,,N,N,N,,
65869,Prologis Logistics Services Incorporated,69785,Stockton 1 - slcva801,CA,San Joaquin,CV801,Solar Photovoltaic,PV,,S,X,X,,,1, ,1,1,U,9,2026,7,2027,N,IPP Non-CHP,2,N,SUN,,,,,, ,,,,,,,,,,,,
65869,Prologis Logistics Services Incorporated,69786,Stockton 9 - slcva209,CA,San Joaquin,CV209,Solar Photovoltaic,PV,,S,X,X,,,1, ,1,1,U,9,2026,11,2026,N,IPP Non-CHP,2,N,SUN,,,,,, ,,,,,,,,,,,,
60531,Standard Solar,69787,AC IL - Hillsboro CSG,IL,Montgomery,HILLS,Solar Photovoltaic,PV,,S,X,X,,,5, ,5,5,TS,6,2026,5,2026,N,IPP Non-CHP,2,N,SUN,,,,,, ,,,,,,,,,,,,
60531,Standard Solar,69788,SPG IL Valley Run CSG,IL,Kendall,VARUN,Solar Photovoltaic,PV,,S,X,X,,,2.3, ,2.3,2.3,TS,12,2025,6,2026,N,IPP Non-CHP,2,N,SUN,,,,,, ,,,,,,,,,,,,
60531,Standard Solar,69789,SPG IL Green River CSG,IL,Henry,GREEN,Solar Photovoltaic,PV,,S,X,X,,,2.8, ,2.8,2.8,TS,12,2025,5,2026,N,IPP Non-CHP,2,N,SUN,,,,,, ,,,,,,,,,,,,
60531,Standard Solar,69790,Elizabeth Metropolitan Logistics Center,NJ,Union,EZMLC,Solar Photovoltaic,PV,,S,X,X,,,1.2, ,1.2,1.2,TS,4,2025,9,2026,N,IPP Non-CHP,2,N,SUN,,,,,, ,,,,,,,,,,,,
60531,Standard Solar,69791,BPL NJ - Union Distribution Center,NJ,Union,NJUDC,Solar Photovoltaic,PV,,S,X,X,,,1.5, ,1.5,1.5,TS,4,2025,9,2026,,IPP Non-CHP,2,N,SUN,,,,,, ,,,,,,,,,,,,
60531,Standard Solar,69792,NL DE Taylor CSG,DE,Sussex,NLDET,Solar Photovoltaic,PV,,S,X,X,,,3, ,3,3,TS,12,2025,5,2026,,IPP Non-CHP,2,N,SUN,,,,,, ,,,,,,,,,,,,
67720,Stellar Renewable Power,69793,Henderson County Solar,KY,Henderson,HEPV1,Solar Photovoltaic,PV,,S,X,X,"BREC.GREEN1, BREC.GREEN2","BREC.GREEN, BREC.GREEN2",51.1, ,50,50,L,9,2026,9,2027,,IPP Non-CHP,2,N,SUN,,,,,, ,,,,,,,,,,,,
58135,Ecos Energy LLC,69794,Rose Solar,MA,Hampshire,ROSE,Solar Photovoltaic,PV,,S,X,X,,,4, ,4,4,TS,4,2026,4,2026,N,IPP Non-CHP,2,N,SUN,,,,,, ,,,,,,,,,,,,
64904,AES Clean Energy,69795,Keamuku,HI,Hawaii,KEABE,Batteries,BA,,S,X,X,,,86, ,86,86,L,12,2030,5,2030,,IPP Non-CHP,2,N,MWH,,,,,, ,,,,,,,,,,,,
64904,AES Clean Energy,69795,Keamuku,HI,Hawaii,KEAMU,Solar Photovoltaic,PV,,S,X,X,,,86, ,86,86,L,12,2030,5,2030,,IPP Non-CHP,2,N,SUN,,,,,, ,,,,,,,,,,,,
50123,"Leeward Asset Management, LLC",69796,Harvey Solar,OH,Licking,HARVS,Solar Photovoltaic,PV,,S,X,X,,,350, ,350,350,T,8,2028,8,2028,,IPP Non-CHP,2,N,SUN,,,,,, ,,,,,,,,,,,,
67719,Northern Sun LLC,69797,Northern Sun,MN,Rice,POPL,Solar Photovoltaic,PV,,S,X,X,,,1, ,1,1,U,6,2026,8,2026,N,IPP Non-CHP,2,N,SUN,,,,,, ,,,,,,,,,,,,
67737,Fermi Nuclear,69798,Project Matador Nuclear,TX,Carson,PMN1,Nuclear,ST,,S,X,X,,,"1,117.00",1,"1,117.00","1,117.00",P,12,2031,12,2031,,IPP Non-CHP,2,N,NUC,,,,,, ,,,,,,,,,,N,,
67737,Fermi Nuclear,69798,Project Matador Nuclear,TX,Carson,PMN2,Nuclear,ST,,S,X,X,,,"1,117.00",1,"1,117.00","1,117.00",P,12,2032,12,2032,,IPP Non-CHP,2,N,NUC,,,,,, ,,,,,,,,,,N,,
67737,Fermi Nuclear,69798,Project Matador Nuclear,TX,Carson,PMN3,Nuclear,ST,,S,X,X,,,"1,117.00",1,"1,117.00","1,117.00",P,12,2031,12,2031,,IPP Non-CHP,2,N,NUC,,,,,, ,,,,,,,,,,N,,
67737,Fermi Nuclear,69798,Project Matador Nuclear,TX,Carson,PMN4,Nuclear,ST,,S,X,X,,,"1,117.00",1,"1,117.00","1,117.00",P,12,2032,12,2032,,IPP Non-CHP,2,N,NUC,,,,,, ,,,,,,,,,,N,,
67738,Fermi America,69799,Project Matador Gas Plant (PMG),TX,Carson,EG001,Natural Gas Fired Combined Cycle,CT,E001,S,X,N,,,57,1,57,57,P,12,2030,12,2030,,IPP Non-CHP,2,N,NG,,,,,, ,,,,,,,,,N,N,,
67738,Fermi America,69799,Project Matador Gas Plant (PMG),TX,Carson,EG002,Natural Gas Fired Combined Cycle,CT,E001,S,X,N,,,57,1,57,57,P,12,2030,12,2030,,IPP Non-CHP,2,N,NG,,,,,, ,,,,,,,,,N,N,,
67738,Fermi America,69799,Project Matador Gas Plant (PMG),TX,Carson,EG003,Natural Gas Fired Combined Cycle,CT,E001,S,X,N,,,57,1,57,57,P,12,2030,12,2030,,IPP Non-CHP,2,N,NG,,,,,, ,,,,,,,,,N,N,,
67738,Fermi America,69799,Project Matador Gas Plant (PMG),TX,Carson,EG004,Natural Gas Fired Combined Cycle,CT,E002,S,X,N,,,57,1,57,57,P,12,2030,12,2030,,IPP Non-CHP,2,N,NG,,,,,, ,,,,,,,,,N,N,,
67738,Fermi America,69799,Project Matador Gas Plant (PMG),TX,Carson,EG005,Natural Gas Fired Combined Cycle,CT,E002,S,X,N,,,57,1,57,57,P,12,2030,12,2030,,IPP Non-CHP,2,N,NG,,,,,, ,,,,,,,,,N,N,,
67738,Fermi America,69799,Project Matador Gas Plant (PMG),TX,Carson,EG006,Natural Gas Fired Combined Cycle,CT,E002,S,X,N,,,57,1,57,57,P,12,2030,12,2030,,IPP Non-CHP,2,N,NG,,,,,, ,,,,,,,,,N,N,,
67738,Fermi America,69799,Project Matador Gas Plant (PMG),TX,Carson,EG007,Natural Gas Fired Combined Cycle,CT,E003,S,X,N,,,57,1,57,57,P,12,2030,12,2030,,IPP Non-CHP,2,N,NG,,,,,, ,,,,,,,,,N,N,,
67738,Fermi America,69799,Project Matador Gas Plant (PMG),TX,Carson,EG008,Natural Gas Fired Combined Cycle,CT,E003,S,X,N,,,57,1,57,57,P,12,2030,12,2030,,IPP Non-CHP,2,N,NG,,,,,, ,,,,,,,,,N,N,,
67738,Fermi America,69799,Project Matador Gas Plant (PMG),TX,Carson,EG009,Natural Gas Fired Combined Cycle,CT,E003,S,X,N,,,57,1,57,57,P,12,2030,12,2030,,IPP Non-CHP,2,N,NG,,,,,, ,,,,,,,,,N,N,,
67738,Fermi America,69799,Project Matador Gas Plant (PMG),TX,Carson,EG010,Natural Gas Fired Combined Cycle,CT,E004,S,X,N,,,57,1,57,57,P,12,2030,12,2030,,IPP Non-CHP,2,N,NG,,,,,, ,,,,,,,,,N,N,,
67738,Fermi America,69799,Project Matador Gas Plant (PMG),TX,Carson,EG011,Natural Gas Fired Combined Cycle,CT,E004,S,X,N,,,57,1,57,57,P,12,2030,12,2030,,IPP Non-CHP,2,N,NG,,,,,, ,,,,,,,,,N,N,,
67738,Fermi America,69799,Project Matador Gas Plant (PMG),TX,Carson,EG012,Natural Gas Fired Combined Cycle,CT,E004,S,X,N,,,57,1,57,57,P,12,2030,12,2030,,IPP Non-CHP,2,N,NG,,,,,, ,,,,,,,,,N,N,,
67738,Fermi America,69799,Project Matador Gas Plant (PMG),TX,Carson,EG013,Natural Gas Fired Combined Cycle,CT,E005,S,X,N,,,57,1,57,57,P,12,2030,12,2030,,IPP Non-CHP,2,N,NG,,,,,, ,,,,,,,,,N,N,,
67738,Fermi America,69799,Project Matador Gas Plant (PMG),TX,Carson,EG014,Natural Gas Fired Combined Cycle,CT,E005,S,X,N,,,57,1,57,57,P,12,2030,12,2030,,IPP Non-CHP,2,N,NG,,,,,, ,,,,,,,,,N,N,,
67738,Fermi America,69799,Project Matador Gas Plant (PMG),TX,Carson,EG015,Natural Gas Fired Combined Cycle,CT,E005,S,X,N,,,57,1,57,57,P,12,2030,12,2030,,IPP Non-CHP,2,N,NG,,,,,, ,,,,,,,,,N,N,,
67738,Fermi America,69799,Project Matador Gas Plant (PMG),TX,Carson,EG016,Natural Gas Fired Combined Cycle,CT,E006,S,X,N,,,57,1,57,57,P,12,2030,12,2030,,IPP Non-CHP,2,N,NG,,,,,, ,,,,,,,,,N,N,,
67738,Fermi America,69799,Project Matador Gas Plant (PMG),TX,Carson,EG017,Natural Gas Fired Combined Cycle,CT,E006,S,X,N,,,57,1,57,57,P,12,2030,12,2030,,IPP Non-CHP,2,N,NG,,,,,, ,,,,,,,,,N,N,,
67738,Fermi America,69799,Project Matador Gas Plant (PMG),TX,Carson,EG018,Natural Gas Fired Combined Cycle,CT,E006,S,X,N,,,57,1,57,57,P,12,2030,12,2030,,IPP Non-CHP,2,N,NG,,,,,, ,,,,,,,,,N,N,,
67738,Fermi America,69799,Project Matador Gas Plant (PMG),TX,Carson,EG019,Natural Gas Fired Combined Cycle,CT,E007,S,X,N,,,57,1,57,57,P,12,2030,12,2030,,IPP Non-CHP,2,N,NG,,,,,, ,,,,,,,,,N,N,,
67738,Fermi America,69799,Project Matador Gas Plant (PMG),TX,Carson,EG020,Natural Gas Fired Combined Cycle,CT,E007,S,X,N,,,57,1,57,57,P,12,2030,12,2030,,IPP Non-CHP,2,N,NG,,,,,, ,,,,,,,,,N,N,,
67738,Fermi America,69799,Project Matador Gas Plant (PMG),TX,Carson,EG021,Natural Gas Fired Combined Cycle,CT,E007,S,X,N,,,57,1,57,57,P,12,2030,12,2030,,IPP Non-CHP,2,N,NG,,,,,, ,,,,,,,,,N,N,,
67738,Fermi America,69799,Project Matador Gas Plant (PMG),TX,Carson,EG022,Natural Gas Fired Combined Cycle,CT,E008,S,X,N,,,57,1,57,57,P,12,2030,12,2030,,IPP Non-CHP,2,N,NG,,,,,, ,,,,,,,,,N,N,,
67738,Fermi America,69799,Project Matador Gas Plant (PMG),TX,Carson,EG023,Natural Gas Fired Combined Cycle,CT,E008,S,X,N,,,57,1,57,57,P,12,2030,12,2030,,IPP Non-CHP,2,N,NG,,,,,, ,,,,,,,,,N,N,,
67738,Fermi America,69799,Project Matador Gas Plant (PMG),TX,Carson,EG024,Natural Gas Fired Combined Cycle,CT,E008,S,X,N,,,57,1,57,57,P,12,2030,12,2030,,IPP Non-CHP,2,N,NG,,,,,, ,,,,,,,,,N,N,,
67738,Fermi America,69799,Project Matador Gas Plant (PMG),TX,Carson,EG025,Natural Gas Fired Combined Cycle,CT,E009,S,X,N,,,57,1,57,57,P,12,2030,12,2030,,IPP Non-CHP,2,N,NG,,,,,, ,,,,,,,,,N,N,,
67738,Fermi America,69799,Project Matador Gas Plant (PMG),TX,Carson,EG026,Natural Gas Fired Combined Cycle,CT,E009,S,X,N,,,57,1,57,57,P,12,2030,12,2030,,IPP Non-CHP,2,N,NG,,,,,, ,,,,,,,,,N,N,,
67738,Fermi America,69799,Project Matador Gas Plant (PMG),TX,Carson,EG027,Natural Gas Fired Combined Cycle,CT,E009,S,X,N,,,57,1,57,57,P,12,2030,12,2030,,IPP Non-CHP,2,N,NG,,,,,, ,,,,,,,,,N,N,,
67738,Fermi America,69799,Project Matador Gas Plant (PMG),TX,Carson,EG028,Natural Gas Fired Combined Cycle,CT,E010,S,X,N,,,57,1,57,57,P,12,2030,12,2030,,IPP Non-CHP,2,N,NG,,,,,, ,,,,,,,,,N,N,,
67738,Fermi America,69799,Project Matador Gas Plant (PMG),TX,Carson,EG029,Natural Gas Fired Combined Cycle,CT,E010,S,X,N,,,57,1,57,57,P,12,2030,12,2030,,IPP Non-CHP,2,N,NG,,,,,, ,,,,,,,,,N,N,,
67738,Fermi America,69799,Project Matador Gas Plant (PMG),TX,Carson,EG030,Natural Gas Fired Combined Cycle,CT,E010,S,X,N,,,57,1,57,57,P,12,2030,12,2030,,IPP Non-CHP,2,N,NG,,,,,, ,,,,,,,,,N,N,,
67738,Fermi America,69799,Project Matador Gas Plant (PMG),TX,Carson,EG031,Natural Gas Fired Combined Cycle,CT,E011,S,X,N,,,57,1,57,57,P,12,2030,12,2030,,IPP Non-CHP,2,N,NG,,,,,, ,,,,,,,,,N,N,,
67738,Fermi America,69799,Project Matador Gas Plant (PMG),TX,Carson,EG032,Natural Gas Fired Combined Cycle,CT,E011,S,X,N,,,57,1,57,57,P,12,2030,12,2030,,IPP Non-CHP,2,N,NG,,,,,, ,,,,,,,,,N,N,,
67738,Fermi America,69799,Project Matador Gas Plant (PMG),TX,Carson,EG033,Natural Gas Fired Combined Cycle,CT,E011,S,X,N,,,57,1,57,57,P,12,2030,12,2030,,IPP Non-CHP,2,N,NG,,,,,, ,,,,,,,,,N,N,,
67738,Fermi America,69799,Project Matador Gas Plant (PMG),TX,Carson,EG034,Natural Gas Fired Combined Cycle,CT,E012,S,X,N,,,57,1,57,57,P,12,2030,12,2030,,IPP Non-CHP,2,N,NG,,,,,, ,,,,,,,,,N,N,,
67738,Fermi America,69799,Project Matador Gas Plant (PMG),TX,Carson,EG035,Natural Gas Fired Combined Cycle,CT,E012,S,X,N,,,57,1,57,57,P,12,2030,12,2030,,IPP Non-CHP,2,N,NG,,,,,, ,,,,,,,,,N,N,,
67738,Fermi America,69799,Project Matador Gas Plant (PMG),TX,Carson,EG036,Natural Gas Fired Combined Cycle,CT,E012,S,X,N,,,57,1,57,57,P,12,2030,12,2030,,IPP Non-CHP,2,N,NG,,,,,, ,,,,,,,,,N,N,,
67738,Fermi America,69799,Project Matador Gas Plant (PMG),TX,Carson,EG037,Natural Gas Fired Combined Cycle,CT,E013,S,X,N,,,57,1,57,57,P,12,2030,12,2030,,IPP Non-CHP,2,N,NG,,,,,, ,,,,,,,,,N,N,,
67738,Fermi America,69799,Project Matador Gas Plant (PMG),TX,Carson,EG038,Natural Gas Fired Combined Cycle,CT,E013,S,X,N,,,57,1,57,57,P,12,2030,12,2030,,IPP Non-CHP,2,N,NG,,,,,, ,,,,,,,,,N,N,,
67738,Fermi America,69799,Project Matador Gas Plant (PMG),TX,Carson,EG039,Natural Gas Fired Combined Cycle,CT,E013,S,X,N,,,57,1,57,57,P,12,2030,12,2030,,IPP Non-CHP,2,N,NG,,,,,, ,,,,,,,,,N,N,,
67738,Fermi America,69799,Project Matador Gas Plant (PMG),TX,Carson,EG040,Natural Gas Fired Combined Cycle,CT,E014,S,X,N,,,57,1,57,57,P,12,2030,12,2030,,IPP Non-CHP,2,N,NG,,,,,, ,,,,,,,,,N,N,,
67738,Fermi America,69799,Project Matador Gas Plant (PMG),TX,Carson,EG041,Natural Gas Fired Combined Cycle,CT,E014,S,X,N,,,57,1,57,57,P,12,2030,12,2030,,IPP Non-CHP,2,N,NG,,,,,, ,,,,,,,,,N,N,,
67738,Fermi America,69799,Project Matador Gas Plant (PMG),TX,Carson,EG042,Natural Gas Fired Combined Cycle,CT,E014,S,X,N,,,57,1,57,57,P,12,2030,12,2030,,IPP Non-CHP,2,N,NG,,,,,, ,,,,,,,,,N,N,,
67738,Fermi America,69799,Project Matador Gas Plant (PMG),TX,Carson,EG043,Natural Gas Fired Combined Cycle,CT,E015,S,X,N,,,57,1,57,57,P,12,2030,12,2030,,IPP Non-CHP,2,N,NG,,,,,, ,,,,,,,,,N,N,,
67738,Fermi America,69799,Project Matador Gas Plant (PMG),TX,Carson,EG044,Natural Gas Fired Combined Cycle,CT,E015,S,X,N,,,57,1,57,57,P,12,2030,12,2030,,IPP Non-CHP,2,N,NG,,,,,, ,,,,,,,,,N,N,,
67738,Fermi America,69799,Project Matador Gas Plant (PMG),TX,Carson,EG045,Natural Gas Fired Combined Cycle,CT,E015,S,X,N,,,57,1,57,57,P,12,2030,12,2030,,IPP Non-CHP,2,N,NG,,,,,, ,,,,,,,,,N,N,,
67738,Fermi America,69799,Project Matador Gas Plant (PMG),TX,Carson,EG046,Natural Gas Fired Combined Cycle,CT,E016,S,X,N,,,57,1,57,57,P,12,2030,12,2030,,IPP Non-CHP,2,N,NG,,,,,, ,,,,,,,,,N,N,,
67738,Fermi America,69799,Project Matador Gas Plant (PMG),TX,Carson,EG047,Natural Gas Fired Combined Cycle,CT,E016,S,X,N,,,57,1,57,57,P,12,2030,12,2030,,IPP Non-CHP,2,N,NG,,,,,, ,,,,,,,,,N,N,,
67738,Fermi America,69799,Project Matador Gas Plant (PMG),TX,Carson,EG048,Natural Gas Fired Combined Cycle,CT,E016,S,X,N,,,57,1,57,57,P,12,2030,12,2030,,IPP Non-CHP,2,N,NG,,,,,, ,,,,,,,,,N,N,,
67738,Fermi America,69799,Project Matador Gas Plant (PMG),TX,Carson,ES001,Natural Gas Fired Combined Cycle,CA,E001,S,N,X,,,105,1,105,105,P,12,2030,12,2030,,IPP Non-CHP,2,N,NG,,,,,, ,,,,,,,,,N,N,,
67738,Fermi America,69799,Project Matador Gas Plant (PMG),TX,Carson,ES002,Natural Gas Fired Combined Cycle,CA,E002,S,N,X,,,105,1,105,105,P,12,2030,12,2030,,IPP Non-CHP,2,N,NG,,,,,, ,,,,,,,,,N,N,,
67738,Fermi America,69799,Project Matador Gas Plant (PMG),TX,Carson,ES003,Natural Gas Fired Combined Cycle,CA,E003,S,N,X,,,105,1,105,105,P,12,2030,12,2030,,IPP Non-CHP,2,N,NG,,,,,, ,,,,,,,,,N,N,,
67738,Fermi America,69799,Project Matador Gas Plant (PMG),TX,Carson,ES004,Natural Gas Fired Combined Cycle,CA,E004,S,N,X,,,105,1,105,105,P,12,2030,12,2030,,IPP Non-CHP,2,N,NG,,,,,, ,,,,,,,,,N,N,,
67738,Fermi America,69799,Project Matador Gas Plant (PMG),TX,Carson,ES005,Natural Gas Fired Combined Cycle,CA,E005,S,N,X,,,105,1,105,105,P,12,2030,12,2030,,IPP Non-CHP,2,N,NG,,,,,, ,,,,,,,,,N,N,,
67738,Fermi America,69799,Project Matador Gas Plant (PMG),TX,Carson,ES006,Natural Gas Fired Combined Cycle,CA,E006,S,N,X,,,105,1,105,105,P,12,2030,12,2030,,IPP Non-CHP,2,N,NG,,,,,, ,,,,,,,,,N,N,,
67738,Fermi America,69799,Project Matador Gas Plant (PMG),TX,Carson,ES007,Natural Gas Fired Combined Cycle,CA,E007,S,N,X,,,105,1,105,105,P,12,2030,12,2030,,IPP Non-CHP,2,N,NG,,,,,, ,,,,,,,,,N,N,,
67738,Fermi America,69799,Project Matador Gas Plant (PMG),TX,Carson,ES008,Natural Gas Fired Combined Cycle,CA,E008,S,N,X,,,105,1,105,105,P,12,2030,12,2030,,IPP Non-CHP,2,N,NG,,,,,, ,,,,,,,,,N,N,,
67738,Fermi America,69799,Project Matador Gas Plant (PMG),TX,Carson,ES009,Natural Gas Fired Combined Cycle,CA,E009,S,N,X,,,105,1,105,105,P,12,2030,12,2030,,IPP Non-CHP,2,N,NG,,,,,, ,,,,,,,,,N,N,,
67738,Fermi America,69799,Project Matador Gas Plant (PMG),TX,Carson,ES010,Natural Gas Fired Combined Cycle,CA,E010,S,N,X,,,105,1,105,105,P,12,2030,12,2030,,IPP Non-CHP,2,N,NG,,,,,, ,,,,,,,,,N,N,,
67738,Fermi America,69799,Project Matador Gas Plant (PMG),TX,Carson,ES011,Natural Gas Fired Combined Cycle,CA,E011,S,N,X,,,105,1,105,105,P,12,2030,12,2030,,IPP Non-CHP,2,N,NG,,,,,, ,,,,,,,,,N,N,,
67738,Fermi America,69799,Project Matador Gas Plant (PMG),TX,Carson,ES012,Natural Gas Fired Combined Cycle,CA,E012,S,N,X,,,105,1,105,105,P,12,2030,12,2030,,IPP Non-CHP,2,N,NG,,,,,, ,,,,,,,,,N,N,,
67738,Fermi America,69799,Project Matador Gas Plant (PMG),TX,Carson,ES013,Natural Gas Fired Combined Cycle,CA,E013,S,N,X,,,105,1,105,105,P,12,2030,12,2030,,IPP Non-CHP,2,N,NG,,,,,, ,,,,,,,,,N,N,,
67738,Fermi America,69799,Project Matador Gas Plant (PMG),TX,Carson,ES014,Natural Gas Fired Combined Cycle,CA,E014,S,N,X,,,105,1,105,105,P,12,2030,12,2030,,IPP Non-CHP,2,N,NG,,,,,, ,,,,,,,,,N,N,,
67738,Fermi America,69799,Project Matador Gas Plant (PMG),TX,Carson,ES015,Natural Gas Fired Combined Cycle,CA,E015,S,N,X,,,105,1,105,105,P,12,2030,12,2030,,IPP Non-CHP,2,N,NG,,,,,, ,,,,,,,,,N,N,,
67738,Fermi America,69799,Project Matador Gas Plant (PMG),TX,Carson,ES016,Natural Gas Fired Combined Cycle,CA,E016,S,N,X,,,105,1,105,105,P,12,2030,12,2030,,IPP Non-CHP,2,N,NG,,,,,, ,,,,,,,,,N,N,,
67738,Fermi America,69799,Project Matador Gas Plant (PMG),TX,Carson,F1G01,Natural Gas Fired Combined Cycle,CT,MC01,S,X,N,,,260,1,242.7,242.7,P,9,2027,9,2027,,IPP Non-CHP,2,N,NG,,,,,, ,,,,,,,,,N,N,,
67738,Fermi America,69799,Project Matador Gas Plant (PMG),TX,Carson,F1G02,Natural Gas Fired Combined Cycle,CT,MC02,S,X,N,,,260,1,242.7,242.7,P,9,2027,9,2027,,IPP Non-CHP,2,N,NG,,,,,, ,,,,,,,,,N,N,,
67738,Fermi America,69799,Project Matador Gas Plant (PMG),TX,Carson,F1G03,Natural Gas Fired Combined Cycle,CT,MC03,S,X,N,,,260,1,242.7,242.7,P,9,2027,9,2027,,IPP Non-CHP,2,N,NG,,,,,, ,,,,,,,,,N,N,,
67738,Fermi America,69799,Project Matador Gas Plant (PMG),TX,Carson,F1S01,Natural Gas Fired Combined Cycle,CA,MC01,S,N,X,,,105,1,104.6,104.6,P,12,2027,12,2027,,IPP Non-CHP,2,N,NG,,,,,, ,,,,,,,,,N,N,,
67738,Fermi America,69799,Project Matador Gas Plant (PMG),TX,Carson,F1S02,Natural Gas Fired Combined Cycle,CA,MC02,S,N,X,,,105,1,104.6,104.6,P,12,2027,12,2027,,IPP Non-CHP,2,N,NG,,,,,, ,,,,,,,,,N,N,,
67738,Fermi America,69799,Project Matador Gas Plant (PMG),TX,Carson,F1S03,Natural Gas Fired Combined Cycle,CA,MC03,S,N,X,,,105,1,104.6,104.6,P,12,2027,12,2027,,IPP Non-CHP,2,N,NG,,,,,, ,,,,,,,,,N,N,,
67738,Fermi America,69799,Project Matador Gas Plant (PMG),TX,Carson,F2G01,Natural Gas Fired Combined Cycle,CT,EC01,S,X,N,,,260,1,242.7,242.7,P,9,2027,9,2027,,IPP Non-CHP,2,N,NG,,,,,, ,,,,,,,,,N,N,,
67738,Fermi America,69799,Project Matador Gas Plant (PMG),TX,Carson,F2G02,Natural Gas Fired Combined Cycle,CT,EC02,S,X,N,,,260,1,242.7,242.7,P,9,2027,9,2027,,IPP Non-CHP,2,N,NG,,,,,, ,,,,,,,,,N,N,,
67738,Fermi America,69799,Project Matador Gas Plant (PMG),TX,Carson,F2G03,Natural Gas Fired Combined Cycle,CT,EC03,S,X,N,,,260,1,242.7,242.7,P,9,2027,9,2027,,IPP Non-CHP,2,N,NG,,,,,, ,,,,,,,,,N,N,,
67738,Fermi America,69799,Project Matador Gas Plant (PMG),TX,Carson,F2S01,Natural Gas Fired Combined Cycle,CA,EC01,S,N,X,,,105,1,104.6,104.6,P,12,2027,12,2027,,IPP Non-CHP,2,N,NG,,,,,, ,,,,,,,,,N,N,,
67738,Fermi America,69799,Project Matador Gas Plant (PMG),TX,Carson,F2S02,Natural Gas Fired Combined Cycle,CA,EC02,S,N,X,,,105,1,104.6,104.6,P,12,2027,12,2027,,IPP Non-CHP,2,N,NG,,,,,, ,,,,,,,,,N,N,,
67738,Fermi America,69799,Project Matador Gas Plant (PMG),TX,Carson,F2S03,Natural Gas Fired Combined Cycle,CA,EC03,S,N,X,,,105,1,104.6,104.6,P,12,2027,12,2027,,IPP Non-CHP,2,N,NG,,,,,, ,,,,,,,,,N,N,,
67738,Fermi America,69799,Project Matador Gas Plant (PMG),TX,Carson,FBG01,Natural Gas Fired Combined Cycle,CT,FBRD,S,X,N,,,50,1,49.4,49.4,T,12,2026,3,2027,,IPP Non-CHP,2,N,NG,,,,,, ,,,,,,,,,N,N,,
67738,Fermi America,69799,Project Matador Gas Plant (PMG),TX,Carson,FBG02,Natural Gas Fired Combined Cycle,CT,FBRD,S,X,N,,,50,1,49.4,49.4,T,12,2026,3,2027,,IPP Non-CHP,2,N,NG,,,,,, ,,,,,,,,,N,N,,
67738,Fermi America,69799,Project Matador Gas Plant (PMG),TX,Carson,FBG03,Natural Gas Fired Combined Cycle,CT,FBRD,S,X,N,,,50,1,49.4,49.4,T,12,2026,3,2027,,IPP Non-CHP,2,N,NG,,,,,, ,,,,,,,,,N,N,,
67738,Fermi America,69799,Project Matador Gas Plant (PMG),TX,Carson,FBG04,Natural Gas Fired Combined Cycle,CT,FBRD,S,X,N,,,50,1,49.4,49.4,T,12,2026,3,2027,,IPP Non-CHP,2,N,NG,,,,,, ,,,,,,,,,N,N,,
67738,Fermi America,69799,Project Matador Gas Plant (PMG),TX,Carson,FBG05,Natural Gas Fired Combined Cycle,CT,FBRD,S,X,N,,,50,1,49.4,49.4,T,12,2026,3,2027,,IPP Non-CHP,2,N,NG,,,,,, ,,,,,,,,,N,N,,
67738,Fermi America,69799,Project Matador Gas Plant (PMG),TX,Carson,FBG06,Natural Gas Fired Combined Cycle,CT,FBRD,S,X,N,,,50,1,49.4,49.4,T,12,2026,3,2027,,IPP Non-CHP,2,N,NG,,,,,, ,,,,,,,,,N,N,,
67738,Fermi America,69799,Project Matador Gas Plant (PMG),TX,Carson,FBS01,Natural Gas Fired Combined Cycle,CA,FBRD,S,N,X,,,105,1,101.8,101.8,P,12,2027,12,2027,,IPP Non-CHP,2,N,NG,,,,,, ,,,,,,,,,N,N,,
67738,Fermi America,69799,Project Matador Gas Plant (PMG),TX,Carson,G6B01,Natural Gas Fired Combustion Turbine,GT,,S,X,X,,,40,1,38.7,38.7,T,12,2026,3,2027,,IPP Non-CHP,2,N,NG,,,,,, ,,,,,,,,,N,N,,
67738,Fermi America,69799,Project Matador Gas Plant (PMG),TX,Carson,G6B02,Natural Gas Fired Combustion Turbine,GT,,S,X,X,,,40,1,38.7,38.7,T,12,2026,3,2027,,IPP Non-CHP,2,N,NG,,,,,, ,,,,,,,,,N,N,,
67738,Fermi America,69799,Project Matador Gas Plant (PMG),TX,Carson,G6B03,Natural Gas Fired Combustion Turbine,GT,,S,X,X,,,40,1,38.7,38.7,T,12,2026,3,2027,,IPP Non-CHP,2,N,NG,,,,,, ,,,,,,,,,N,N,,
67738,Fermi America,69799,Project Matador Gas Plant (PMG),TX,Carson,MG001,Natural Gas Fired Combined Cycle,CT,M001,S,X,N,,,57,1,57,57,P,12,2030,12,2030,,IPP Non-CHP,2,N,NG,,,,,, ,,,,,,,,,N,N,,
67738,Fermi America,69799,Project Matador Gas Plant (PMG),TX,Carson,MG002,Natural Gas Fired Combined Cycle,CT,M001,S,X,N,,,57,1,57,57,P,12,2030,12,2030,,IPP Non-CHP,2,N,NG,,,,,, ,,,,,,,,,N,N,,
67738,Fermi America,69799,Project Matador Gas Plant (PMG),TX,Carson,MG003,Natural Gas Fired Combined Cycle,CT,M001,S,X,N,,,57,1,57,57,P,12,2030,12,2030,,IPP Non-CHP,2,N,NG,,,,,, ,,,,,,,,,N,N,,
67738,Fermi America,69799,Project Matador Gas Plant (PMG),TX,Carson,MG004,Natural Gas Fired Combined Cycle,CT,M002,S,X,N,,,57,1,57,57,P,12,2030,12,2030,,IPP Non-CHP,2,N,NG,,,,,, ,,,,,,,,,N,N,,
67738,Fermi America,69799,Project Matador Gas Plant (PMG),TX,Carson,MG005,Natural Gas Fired Combined Cycle,CT,M002,S,X,N,,,57,1,57,57,P,12,2030,12,2030,,IPP Non-CHP,2,N,NG,,,,,, ,,,,,,,,,N,N,,
67738,Fermi America,69799,Project Matador Gas Plant (PMG),TX,Carson,MG006,Natural Gas Fired Combined Cycle,CT,M002,S,X,N,,,57,1,57,57,P,12,2030,12,2030,,IPP Non-CHP,2,N,NG,,,,,, ,,,,,,,,,N,N,,
67738,Fermi America,69799,Project Matador Gas Plant (PMG),TX,Carson,MG007,Natural Gas Fired Combined Cycle,CT,M003,S,X,N,,,57,1,57,57,P,12,2030,12,2030,,IPP Non-CHP,2,N,NG,,,,,, ,,,,,,,,,N,N,,
67738,Fermi America,69799,Project Matador Gas Plant (PMG),TX,Carson,MG008,Natural Gas Fired Combined Cycle,CT,M003,S,X,N,,,57,1,57,57,P,12,2030,12,2030,,IPP Non-CHP,2,N,NG,,,,,, ,,,,,,,,,N,N,,
67738,Fermi America,69799,Project Matador Gas Plant (PMG),TX,Carson,MG009,Natural Gas Fired Combined Cycle,CT,M003,S,X,N,,,57,1,57,57,P,12,2030,12,2030,,IPP Non-CHP,2,N,NG,,,,,, ,,,,,,,,,N,N,,
67738,Fermi America,69799,Project Matador Gas Plant (PMG),TX,Carson,MG010,Natural Gas Fired Combined Cycle,CT,M004,S,X,N,,,57,1,57,57,P,12,2030,12,2030,,IPP Non-CHP,2,N,NG,,,,,, ,,,,,,,,,N,N,,
67738,Fermi America,69799,Project Matador Gas Plant (PMG),TX,Carson,MG011,Natural Gas Fired Combined Cycle,CT,M004,S,X,N,,,57,1,57,57,P,12,2030,12,2030,,IPP Non-CHP,2,N,NG,,,,,, ,,,,,,,,,N,N,,
67738,Fermi America,69799,Project Matador Gas Plant (PMG),TX,Carson,MG012,Natural Gas Fired Combined Cycle,CT,M004,S,X,N,,,57,1,57,57,P,12,2030,12,2030,,IPP Non-CHP,2,N,NG,,,,,, ,,,,,,,,,N,N,,
67738,Fermi America,69799,Project Matador Gas Plant (PMG),TX,Carson,MG013,Natural Gas Fired Combined Cycle,CT,M005,S,X,N,,,57,1,57,57,P,12,2030,12,2030,,IPP Non-CHP,2,N,NG,,,,,, ,,,,,,,,,N,N,,
67738,Fermi America,69799,Project Matador Gas Plant (PMG),TX,Carson,MG014,Natural Gas Fired Combined Cycle,CT,M005,S,X,N,,,57,1,57,57,P,12,2030,12,2030,,IPP Non-CHP,2,N,NG,,,,,, ,,,,,,,,,N,N,,
67738,Fermi America,69799,Project Matador Gas Plant (PMG),TX,Carson,MG015,Natural Gas Fired Combined Cycle,CT,M005,S,X,N,,,57,1,57,57,P,12,2030,12,2030,,IPP Non-CHP,2,N,NG,,,,,, ,,,,,,,,,N,N,,
67738,Fermi America,69799,Project Matador Gas Plant (PMG),TX,Carson,MG016,Natural Gas Fired Combined Cycle,CT,M006,S,X,N,,,57,1,57,57,P,12,2030,12,2030,,IPP Non-CHP,2,N,NG,,,,,, ,,,,,,,,,N,N,,
67738,Fermi America,69799,Project Matador Gas Plant (PMG),TX,Carson,MG017,Natural Gas Fired Combined Cycle,CT,M006,S,X,N,,,57,1,57,57,P,12,2030,12,2030,,IPP Non-CHP,2,N,NG,,,,,, ,,,,,,,,,N,N,,
67738,Fermi America,69799,Project Matador Gas Plant (PMG),TX,Carson,MG018,Natural Gas Fired Combined Cycle,CT,M006,S,X,N,,,57,1,57,57,P,12,2030,12,2030,,IPP Non-CHP,2,N,NG,,,,,, ,,,,,,,,,N,N,,
67738,Fermi America,69799,Project Matador Gas Plant (PMG),TX,Carson,MG019,Natural Gas Fired Combined Cycle,CT,M007,S,X,N,,,57,1,57,57,P,12,2030,12,2030,,IPP Non-CHP,2,N,NG,,,,,, ,,,,,,,,,N,N,,
67738,Fermi America,69799,Project Matador Gas Plant (PMG),TX,Carson,MG020,Natural Gas Fired Combined Cycle,CT,M007,S,X,N,,,57,1,57,57,P,12,2030,12,2030,,IPP Non-CHP,2,N,NG,,,,,, ,,,,,,,,,N,N,,
67738,Fermi America,69799,Project Matador Gas Plant (PMG),TX,Carson,MG021,Natural Gas Fired Combined Cycle,CT,M007,S,X,N,,,57,1,57,57,P,12,2030,12,2030,,IPP Non-CHP,2,N,NG,,,,,, ,,,,,,,,,N,N,,
67738,Fermi America,69799,Project Matador Gas Plant (PMG),TX,Carson,MG022,Natural Gas Fired Combined Cycle,CT,M008,S,X,N,,,57,1,57,57,P,12,2030,12,2030,,IPP Non-CHP,2,N,NG,,,,,, ,,,,,,,,,N,N,,
67738,Fermi America,69799,Project Matador Gas Plant (PMG),TX,Carson,MG023,Natural Gas Fired Combined Cycle,CT,M008,S,X,N,,,57,1,57,57,P,12,2030,12,2030,,IPP Non-CHP,2,N,NG,,,,,, ,,,,,,,,,N,N,,
67738,Fermi America,69799,Project Matador Gas Plant (PMG),TX,Carson,MG024,Natural Gas Fired Combined Cycle,CT,M008,S,X,N,,,57,1,57,57,P,12,2030,12,2030,,IPP Non-CHP,2,N,NG,,,,,, ,,,,,,,,,N,N,,
67738,Fermi America,69799,Project Matador Gas Plant (PMG),TX,Carson,MG025,Natural Gas Fired Combined Cycle,CT,M009,S,X,N,,,57,1,57,57,P,12,2030,12,2030,,IPP Non-CHP,2,N,NG,,,,,, ,,,,,,,,,N,N,,
67738,Fermi America,69799,Project Matador Gas Plant (PMG),TX,Carson,MG026,Natural Gas Fired Combined Cycle,CT,M009,S,X,N,,,57,1,57,57,P,12,2030,12,2030,,IPP Non-CHP,2,N,NG,,,,,, ,,,,,,,,,N,N,,
67738,Fermi America,69799,Project Matador Gas Plant (PMG),TX,Carson,MG027,Natural Gas Fired Combined Cycle,CT,M009,S,X,N,,,57,1,57,57,P,12,2030,12,2030,,IPP Non-CHP,2,N,NG,,,,,, ,,,,,,,,,N,N,,
67738,Fermi America,69799,Project Matador Gas Plant (PMG),TX,Carson,MG028,Natural Gas Fired Combined Cycle,CT,M010,S,X,N,,,57,1,57,57,P,12,2030,12,2030,,IPP Non-CHP,2,N,NG,,,,,, ,,,,,,,,,N,N,,
67738,Fermi America,69799,Project Matador Gas Plant (PMG),TX,Carson,MG029,Natural Gas Fired Combined Cycle,CT,M010,S,X,N,,,57,1,57,57,P,12,2030,12,2030,,IPP Non-CHP,2,N,NG,,,,,, ,,,,,,,,,N,N,,
67738,Fermi America,69799,Project Matador Gas Plant (PMG),TX,Carson,MG030,Natural Gas Fired Combined Cycle,CT,M010,S,X,N,,,57,1,57,57,P,12,2030,12,2030,,IPP Non-CHP,2,N,NG,,,,,, ,,,,,,,,,N,N,,
67738,Fermi America,69799,Project Matador Gas Plant (PMG),TX,Carson,MG031,Natural Gas Fired Combined Cycle,CT,M011,S,X,N,,,57,1,57,57,P,12,2030,12,2030,,IPP Non-CHP,2,N,NG,,,,,, ,,,,,,,,,N,N,,
67738,Fermi America,69799,Project Matador Gas Plant (PMG),TX,Carson,MG032,Natural Gas Fired Combined Cycle,CT,M011,S,X,N,,,57,1,57,57,P,12,2030,12,2030,,IPP Non-CHP,2,N,NG,,,,,, ,,,,,,,,,N,N,,
67738,Fermi America,69799,Project Matador Gas Plant (PMG),TX,Carson,MG033,Natural Gas Fired Combined Cycle,CT,M011,S,X,N,,,57,1,57,57,P,12,2030,12,2030,,IPP Non-CHP,2,N,NG,,,,,, ,,,,,,,,,N,N,,
67738,Fermi America,69799,Project Matador Gas Plant (PMG),TX,Carson,MG034,Natural Gas Fired Combined Cycle,CT,M012,S,X,N,,,57,1,57,57,P,12,2030,12,2030,,IPP Non-CHP,2,N,NG,,,,,, ,,,,,,,,,N,N,,
67738,Fermi America,69799,Project Matador Gas Plant (PMG),TX,Carson,MG035,Natural Gas Fired Combined Cycle,CT,M012,S,X,N,,,57,1,57,57,P,12,2030,12,2030,,IPP Non-CHP,2,N,NG,,,,,, ,,,,,,,,,N,N,,
67738,Fermi America,69799,Project Matador Gas Plant (PMG),TX,Carson,MG036,Natural Gas Fired Combined Cycle,CT,M012,S,X,N,,,57,1,57,57,P,12,2030,12,2030,,IPP Non-CHP,2,N,NG,,,,,, ,,,,,,,,,N,N,,
67738,Fermi America,69799,Project Matador Gas Plant (PMG),TX,Carson,MG037,Natural Gas Fired Combined Cycle,CT,M013,S,X,N,,,57,1,57,57,P,12,2030,12,2030,,IPP Non-CHP,2,N,NG,,,,,, ,,,,,,,,,N,N,,
67738,Fermi America,69799,Project Matador Gas Plant (PMG),TX,Carson,MG038,Natural Gas Fired Combined Cycle,CT,M013,S,X,N,,,57,1,57,57,P,12,2030,12,2030,,IPP Non-CHP,2,N,NG,,,,,, ,,,,,,,,,N,N,,
67738,Fermi America,69799,Project Matador Gas Plant (PMG),TX,Carson,MG039,Natural Gas Fired Combined Cycle,CT,M013,S,X,N,,,57,1,57,57,P,12,2030,12,2030,,IPP Non-CHP,2,N,NG,,,,,, ,,,,,,,,,N,N,,
67738,Fermi America,69799,Project Matador Gas Plant (PMG),TX,Carson,MG040,Natural Gas Fired Combined Cycle,CT,M014,S,X,N,,,57,1,57,57,P,12,2030,12,2030,,IPP Non-CHP,2,N,NG,,,,,, ,,,,,,,,,N,N,,
67738,Fermi America,69799,Project Matador Gas Plant (PMG),TX,Carson,MG041,Natural Gas Fired Combined Cycle,CT,M014,S,X,N,,,57,1,57,57,P,12,2030,12,2030,,IPP Non-CHP,2,N,NG,,,,,, ,,,,,,,,,N,N,,
67738,Fermi America,69799,Project Matador Gas Plant (PMG),TX,Carson,MG042,Natural Gas Fired Combined Cycle,CT,M014,S,X,N,,,57,1,57,57,P,12,2030,12,2030,,IPP Non-CHP,2,N,NG,,,,,, ,,,,,,,,,N,N,,
67738,Fermi America,69799,Project Matador Gas Plant (PMG),TX,Carson,MG043,Natural Gas Fired Combined Cycle,CT,M015,S,X,N,,,57,1,57,57,P,12,2030,12,2030,,IPP Non-CHP,2,N,NG,,,,,, ,,,,,,,,,N,N,,
67738,Fermi America,69799,Project Matador Gas Plant (PMG),TX,Carson,MG044,Natural Gas Fired Combined Cycle,CT,M015,S,N,N,,,57,1,57,57,P,12,2030,12,2030,,IPP Non-CHP,2,N,NG,,,,,, ,,,,,,,,,N,N,,
67738,Fermi America,69799,Project Matador Gas Plant (PMG),TX,Carson,MG045,Natural Gas Fired Combined Cycle,CT,M015,S,X,N,,,57,1,57,57,P,12,2030,12,2030,,IPP Non-CHP,2,N,NG,,,,,, ,,,,,,,,,N,N,,
67738,Fermi America,69799,Project Matador Gas Plant (PMG),TX,Carson,MG046,Natural Gas Fired Combined Cycle,CT,M016,S,X,N,,,57,1,57,57,P,12,2030,12,2030,,IPP Non-CHP,2,N,NG,,,,,, ,,,,,,,,,N,N,,
67738,Fermi America,69799,Project Matador Gas Plant (PMG),TX,Carson,MG047,Natural Gas Fired Combined Cycle,CT,M016,S,X,N,,,57,1,57,57,P,12,2030,12,2030,,IPP Non-CHP,2,N,NG,,,,,, ,,,,,,,,,N,N,,
67738,Fermi America,69799,Project Matador Gas Plant (PMG),TX,Carson,MG048,Natural Gas Fired Combined Cycle,CT,M016,S,X,N,,,57,1,57,57,P,12,2030,12,2030,,IPP Non-CHP,2,N,NG,,,,,, ,,,,,,,,,N,N,,
67738,Fermi America,69799,Project Matador Gas Plant (PMG),TX,Carson,MS001,Natural Gas Fired Combined Cycle,CA,M001,S,N,X,,,105,1,105,105,P,12,2030,12,2030,,IPP Non-CHP,2,N,NG,,,,,, ,,,,,,,,,N,N,,
67738,Fermi America,69799,Project Matador Gas Plant (PMG),TX,Carson,MS002,Natural Gas Fired Combined Cycle,CA,M002,S,N,X,,,105,1,105,105,P,12,2030,12,2030,,IPP Non-CHP,2,N,NG,,,,,, ,,,,,,,,,N,N,,
67738,Fermi America,69799,Project Matador Gas Plant (PMG),TX,Carson,MS003,Natural Gas Fired Combined Cycle,CA,M003,S,N,X,,,105,1,105,105,P,12,2030,12,2030,,IPP Non-CHP,2,N,NG,,,,,, ,,,,,,,,,N,N,,
67738,Fermi America,69799,Project Matador Gas Plant (PMG),TX,Carson,MS004,Natural Gas Fired Combined Cycle,CA,M004,S,N,X,,,105,1,105,105,P,12,2030,12,2030,,IPP Non-CHP,2,N,NG,,,,,, ,,,,,,,,,N,N,,
67738,Fermi America,69799,Project Matador Gas Plant (PMG),TX,Carson,MS005,Natural Gas Fired Combined Cycle,CA,M005,S,N,X,,,105,1,105,105,P,12,2030,12,2030,,IPP Non-CHP,2,N,NG,,,,,, ,,,,,,,,,N,N,,
67738,Fermi America,69799,Project Matador Gas Plant (PMG),TX,Carson,MS006,Natural Gas Fired Combined Cycle,CA,M006,S,N,X,,,105,1,105,105,P,12,2030,12,2030,,IPP Non-CHP,2,N,NG,,,,,, ,,,,,,,,,N,N,,
67738,Fermi America,69799,Project Matador Gas Plant (PMG),TX,Carson,MS007,Natural Gas Fired Combined Cycle,CA,M007,S,N,X,,,105,1,105,105,P,12,2030,12,2030,,IPP Non-CHP,2,N,NG,,,,,, ,,,,,,,,,N,N,,
67738,Fermi America,69799,Project Matador Gas Plant (PMG),TX,Carson,MS008,Natural Gas Fired Combined Cycle,CA,M008,S,N,X,,,105,1,105,105,P,12,2030,12,2030,,IPP Non-CHP,2,N,NG,,,,,, ,,,,,,,,,N,N,,
67738,Fermi America,69799,Project Matador Gas Plant (PMG),TX,Carson,MS009,Natural Gas Fired Combined Cycle,CA,M009,S,N,X,,,105,1,105,105,P,12,2030,12,2030,,IPP Non-CHP,2,N,NG,,,,,, ,,,,,,,,,N,N,,
67738,Fermi America,69799,Project Matador Gas Plant (PMG),TX,Carson,MS010,Natural Gas Fired Combined Cycle,CA,M010,S,N,X,,,105,1,105,105,P,12,2030,12,2030,,IPP Non-CHP,2,N,NG,,,,,, ,,,,,,,,,N,N,,
67738,Fermi America,69799,Project Matador Gas Plant (PMG),TX,Carson,MS011,Natural Gas Fired Combined Cycle,CA,M011,S,N,X,,,105,1,105,105,P,12,2030,12,2030,,IPP Non-CHP,2,N,NG,,,,,, ,,,,,,,,,N,N,,
67738,Fermi America,69799,Project Matador Gas Plant (PMG),TX,Carson,MS012,Natural Gas Fired Combined Cycle,CA,M012,S,N,X,,,105,1,105,105,P,12,2030,12,2030,,IPP Non-CHP,2,N,NG,,,,,, ,,,,,,,,,N,N,,
67738,Fermi America,69799,Project Matador Gas Plant (PMG),TX,Carson,MS013,Natural Gas Fired Combined Cycle,CA,M013,S,N,X,,,105,1,105,105,P,12,2030,12,2030,,IPP Non-CHP,2,N,NG,,,,,, ,,,,,,,,,N,N,,
67738,Fermi America,69799,Project Matador Gas Plant (PMG),TX,Carson,MS014,Natural Gas Fired Combined Cycle,CA,M014,S,N,X,,,105,1,105,105,P,12,2030,12,2030,,IPP Non-CHP,2,N,NG,,,,,, ,,,,,,,,,N,N,,
67738,Fermi America,69799,Project Matador Gas Plant (PMG),TX,Carson,MS015,Natural Gas Fired Combined Cycle,CA,M015,S,N,X,,,105,1,105,105,P,12,2030,12,2030,,IPP Non-CHP,2,N,NG,,,,,, ,,,,,,,,,N,N,,
67738,Fermi America,69799,Project Matador Gas Plant (PMG),TX,Carson,MS016,Natural Gas Fired Combined Cycle,CA,M016,S,N,X,,,105,1,105,105,P,12,2030,12,2030,,IPP Non-CHP,2,N,NG,,,,,, ,,,,,,,,,N,N,,
67738,Fermi America,69799,Project Matador Gas Plant (PMG),TX,Carson,TM001,Natural Gas Fired Combustion Turbine,GT,,S,X,X,,,18.9,1,18,18,P,3,2027,3,2027,,IPP Non-CHP,2,N,NG,,,,,, ,,,,,,,,,N,N,,
67738,Fermi America,69799,Project Matador Gas Plant (PMG),TX,Carson,TM002,Natural Gas Fired Combustion Turbine,GT,,S,X,X,,,18.9,1,18,18,P,3,2027,3,2027,,IPP Non-CHP,2,N,NG,,,,,, ,,,,,,,,,N,N,,
67738,Fermi America,69799,Project Matador Gas Plant (PMG),TX,Carson,TM003,Natural Gas Fired Combustion Turbine,GT,,S,X,X,,,18.9,1,18,18,P,3,2027,3,2027,,IPP Non-CHP,2,N,NG,,,,,, ,,,,,,,,,N,N,,
67738,Fermi America,69799,Project Matador Gas Plant (PMG),TX,Carson,TM004,Natural Gas Fired Combustion Turbine,GT,,S,X,X,,,18.9,1,18,18,P,3,2027,3,2027,,IPP Non-CHP,2,N,NG,,,,,, ,,,,,,,,,N,N,,
67738,Fermi America,69799,Project Matador Gas Plant (PMG),TX,Carson,TM005,Natural Gas Fired Combustion Turbine,GT,,S,X,X,,,18.9,1,18,18,P,3,2027,3,2027,,IPP Non-CHP,2,N,NG,,,,,, ,,,,,,,,,N,N,,
67738,Fermi America,69799,Project Matador Gas Plant (PMG),TX,Carson,TM006,Natural Gas Fired Combustion Turbine,GT,,S,X,X,,,18.9,1,18,18,P,3,2027,3,2027,,IPP Non-CHP,2,N,NG,,,,,, ,,,,,,,,,N,N,,
67738,Fermi America,69799,Project Matador Gas Plant (PMG),TX,Carson,TM007,Natural Gas Fired Combustion Turbine,GT,,S,X,X,,,18.9,1,18,18,P,3,2027,3,2027,,IPP Non-CHP,2,N,NG,,,,,, ,,,,,,,,,N,N,,
67734,ENGIE Distributed Renewables Development LLC,69804,Menard 1,IL,Menard,MEPV1,Solar Photovoltaic,PV,,S,X,X,,,2.8, ,2.8,2.8,U,12,2026,9,2027,,IPP Non-CHP,2,N,SUN,,,,,, ,,,,,,,,,,,,
67734,ENGIE Distributed Renewables Development LLC,69805,Rockford Plant 7,IL,Winnebago,RFRD7,Solar Photovoltaic,PV,,S,X,X,,,1.5, ,1.5,1.5,U,1,2027,3,2027,,IPP Non-CHP,2,N,SUN,,,,,, ,,,,,,,,,,,,
67735,Matrix Renewables,69806,"Gaskell West Storage 1, LLC",CA,Kern,GWBS1,Batteries,BA,,S,X,X,,,21.6, ,21.6,21.6,P,6,2026,9,2026,N,IPP Non-CHP,2,N,MWH,,,,,, ,,,,,,,,,,,,
67734,ENGIE Distributed Renewables Development LLC,69807,Windsor Locks,CT,Hartford,WNSRL,Solar Photovoltaic,PV,,S,X,X,,,1.8, ,1.8,1.8,U,11,2026,11,2026,,IPP Non-CHP,2,N,SUN,,,,,, ,,,,,,,,,,,,
13337,Nebraska Public Power District,69808,Princeton Road Station,NE,Lancaster,CT1,Natural Gas Fired Combustion Turbine,GT,,S,X,X,,,265.4,0.85,239.6,252.9,P,12,2029,12,2029,N,Electric Utility,1,N,NG,DFO,,,,, ,,,,,,,,N,,Y,,N
13337,Nebraska Public Power District,69808,Princeton Road Station,NE,Lancaster,CT2,Natural Gas Fired Combustion Turbine,GT,,S,X,X,,,265.4,0.85,239.6,252.9,P,12,2029,12,2029,N,Electric Utility,1,N,NG,DFO,,,,, ,,,,,,,,N,,Y,,N
13337,Nebraska Public Power District,69808,Princeton Road Station,NE,Lancaster,R01,Natural Gas Internal Combustion Engine,IC,,S,X,X,,,18.1,0.8,18.1,18.1,P,6,2029,6,2029,N,Electric Utility,1,N,NG,DFO,,,,, ,,,,,,,,N,,Y,Y,N
13337,Nebraska Public Power District,69808,Princeton Road Station,NE,Lancaster,R02,Natural Gas Internal Combustion Engine,IC,,S,X,X,,,18.1,0.8,18.1,18.1,P,6,2029,6,2029,N,Electric Utility,1,N,NG,DFO,,,,, ,,,,,,,,N,,Y,Y,N
13337,Nebraska Public Power District,69808,Princeton Road Station,NE,Lancaster,R03,Natural Gas Internal Combustion Engine,IC,,S,X,X,,,18.1,0.8,18.1,18.1,P,6,2029,6,2029,N,Electric Utility,1,N,NG,DFO,,,,, ,,,,,,,,N,,Y,Y,N
13337,Nebraska Public Power District,69808,Princeton Road Station,NE,Lancaster,R04,Natural Gas Internal Combustion Engine,IC,,S,X,X,,,18.1,0.8,18.1,18.1,P,6,2029,6,2029,N,Electric Utility,1,N,NG,DFO,,,,, ,,,,,,,,N,,Y,Y,N
13337,Nebraska Public Power District,69808,Princeton Road Station,NE,Lancaster,R05,Natural Gas Internal Combustion Engine,IC,,S,X,X,,,18.1,0.8,18.1,18.1,P,6,2029,6,2029,N,Electric Utility,1,N,NG,DFO,,,,, ,,,,,,,,N,,Y,Y,N
13337,Nebraska Public Power District,69808,Princeton Road Station,NE,Lancaster,R06,Natural Gas Internal Combustion Engine,IC,,S,X,X,,,18.1,0.8,18.1,18.1,P,6,2029,6,2029,N,Electric Utility,1,N,NG,DFO,,,,, ,,,,,,,,N,,Y,Y,N
13337,Nebraska Public Power District,69808,Princeton Road Station,NE,Lancaster,R07,Natural Gas Internal Combustion Engine,IC,,S,X,X,,,18.1,0.8,18.1,18.1,P,6,2029,6,2029,N,Electric Utility,1,N,NG,DFO,,,,, ,,,,,,,,N,,Y,Y,N
13337,Nebraska Public Power District,69808,Princeton Road Station,NE,Lancaster,R08,Natural Gas Internal Combustion Engine,IC,,S,X,X,,,18.1,0.8,18.1,18.1,P,6,2029,6,2029,N,Electric Utility,1,N,NG,DFO,,,,, ,,,,,,,,N,,Y,Y,N
13337,Nebraska Public Power District,69808,Princeton Road Station,NE,Lancaster,R09,Natural Gas Internal Combustion Engine,IC,,S,X,X,,,18.1,0.8,18.1,18.1,P,6,2029,6,2029,N,Electric Utility,1,N,NG,DFO,,,,, ,,,,,,,,N,,Y,Y,N
13337,Nebraska Public Power District,69808,Princeton Road Station,NE,Lancaster,R10,Natural Gas Internal Combustion Engine,IC,,S,X,X,,,18.1,0.8,18.1,18.1,P,6,2029,6,2029,N,Electric Utility,1,N,NG,DFO,,,,, ,,,,,,,,N,,Y,Y,N
13337,Nebraska Public Power District,69808,Princeton Road Station,NE,Lancaster,R11,Natural Gas Internal Combustion Engine,IC,,S,X,X,,,18.1,0.8,18.1,18.1,P,6,2029,6,2029,N,Electric Utility,1,N,NG,DFO,,,,, ,,,,,,,,N,,Y,Y,N
13337,Nebraska Public Power District,69808,Princeton Road Station,NE,Lancaster,R12,Natural Gas Internal Combustion Engine,IC,,S,X,X,,,18.1,0.8,18.1,18.1,P,6,2029,6,2029,N,Electric Utility,1,N,NG,DFO,,,,, ,,,,,,,,N,N,Y,Y,N
67717,"Northern Divide Energy Storage, LLC",69809,Northern Divide Energy Storage,ND,Burke,5756,Batteries,BA,,S,X,X,,,100, ,100,100,L,12,2026,12,2026,,IPP Non-CHP,2,N,MWH,,,,,, ,,,,,,,,,,,,
67741,"SV CSG Mahomet, LLC",69810,SV CSG Mahomet,IL,Champaign,MAHOM,Solar Photovoltaic,PV,,S,X,X,,,3.5, ,3.5,3.5,L,5,2027,9,2027,N,IPP Non-CHP,2,N,SUN,,,,,, ,,,,,,,,,,,,
67742,"SV CSG Angelly 1, LLC",69811,SV CSG Angelly 1,IL,Saline,ANGEL,Solar Photovoltaic,PV,,S,X,X,,,3.6, ,3.6,3.6,T,11,2026,11,2026,N,IPP Non-CHP,2,N,SUN,,,,,, ,,,,,,,,,,,,
67743,"SV CSG Brownstown 1, LLC",69812,SV CSG Brownstown 1,IL,Fayette,BROWN,Solar Photovoltaic,PV,,S,X,X,,,1, ,1,1,T,10,2026,2,2027,N,IPP Non-CHP,2,N,SUN,,,,,, ,,,,,,,,,,,,
67744,"Argenta Solar, LLC",69813,Argenta Solar,IL,Macon,ARGEN,Solar Photovoltaic,PV,,S,X,X,,,1.5, ,1.5,1.5,U,11,2026,11,2026,N,IPP Non-CHP,2,N,SUN,,,,,, ,,,,,,,,,,,,
67745,"SV CSG Sun Trust Solar, LLC",69814,SV CSG Sun Trust Solar,IL,Kane,SUNSO,Solar Photovoltaic,PV,,S,X,X,,,5, ,5,5,T,12,2026,2,2027,N,IPP Non-CHP,2,N,SUN,,,,,, ,,,,,,,,,,,,
67746,"SV CSG Kingston Solar 1, LLC",69815,SV CSG Kingston Solar 1,IL,DeKalb,KINGS,Solar Photovoltaic,PV,,S,X,X,,,5, ,5,5,T,11,2026,11,2026,N,IPP Non-CHP,2,N,SUN,,,,,, ,,,,,,,,,,,,
67747,"SV CSG Wilson School Solar, LLC",69816,SV CSG Wilson School Solar,IL,Kane,WILSN,Solar Photovoltaic,PV,,S,X,X,,,5, ,5,5,L,1,2027,4,2027,N,IPP Non-CHP,2,N,SUN,,,,,, ,,,,,,,,,,,,
67748,"SV CSG St Anne 1, LLC",69817,SV CSG St Anne 1,IL,Kankakee,SANNE,Solar Photovoltaic,PV,,S,X,X,,,5, ,5,5,T,2,2027,7,2027,N,IPP Non-CHP,2,N,SUN,,,,,, ,,,,,,,,,,,,
67749,"SV CSG North Creek 1, LLC",69818,SV CSG North Creek 1,IL,Livingston,NCREK,Solar Photovoltaic,PV,,S,X,X,,,2.1, ,2.1,2.1,T,12,2026,6,2027,N,IPP Non-CHP,2,N,SUN,,,,,, ,,,,,,,,,,,,
67734,ENGIE Distributed Renewables Development LLC,69819,Trenton Solar - (OH),OH,Butler,TRNTN,Solar Photovoltaic,PV,,S,X,X,,,9.5, ,9.5,9.5,U,2,2027,5,2027,N,IPP Non-CHP,2,N,SUN,,,,,, ,,,,,,,,,,,,
67750,"Grace Orchard Interconnection, LLC",69820,Grace Energy Center,CA,Riverside,GRA1,Solar Photovoltaic,PV,,S,X,X,,,500, ,500,500,T,6,2027,8,2027,,IPP Non-CHP,2,N,SUN,,,,,, ,,,,,,,,,,,,
67750,"Grace Orchard Interconnection, LLC",69820,Grace Energy Center,CA,Riverside,GRA2,Batteries,BA,,S,X,X,,,500, ,500,500,T,6,2027,10,2027,,IPP Non-CHP,2,N,MWH,,,,,, ,,,,,,,,,,,,
67740,"SV CSG South Roxana, LLC",69821,SV CSG South Roxana,IL,Madison,SROX,Solar Photovoltaic,PV,,S,X,X,,,5, ,5,5,L,9,2027,9,2027,N,IPP Non-CHP,2,N,SUN,,,,,, ,,,,,,,,,,,,
67739,"Cabokenze Energy Storage, LLC",69823,Cabokenze Energy Storage,GA,Burke,CABOK,Batteries,BA,,W,X,X,,,76, ,76,76,P,11,2027,11,2027,,IPP Non-CHP,2,N,MWH,,,,,, ,,,,,,,,,,,,
67756,"Madden Creek Solar, LLC",69825,Madden Creek Solar,IL,Piatt,MADCR,Solar Photovoltaic,PV,,S,X,X,,,5, ,5,5,T,4,2027,4,2027,N,IPP Non-CHP,2,N,SUN,,,,,, ,,,,,,,,,,,,
65677,Dimension Energy LLC,69826,Ohara CSG 1 LLC,PA,Allegheny,OHAR1,Solar Photovoltaic,PV,,S,X,X,,,3, ,3,3,TS,4,2026,4,2026,,IPP Non-CHP,2,N,SUN,,,,,, ,,,,,,,,,,,,
65677,Dimension Energy LLC,69827,Mount Laurel Solar 2 LLC CSG,NJ,Burlington,MTLA2,Solar Photovoltaic,PV,,S,X,X,,,1.9, ,1.9,1.9,TS,4,2026,4,2026,N,IPP Non-CHP,2,N,SUN,,,,,, ,,,,,,,,,,,,
65677,Dimension Energy LLC,69828,"Mexico PV, LLC",NY,Oswego,MEXIC,Solar Photovoltaic,PV,,S,X,X,,,4.5, ,4.5,4.5,U,4,2026,9,2026,,IPP Non-CHP,2,N,SUN,,,,,, ,,,,,,,,,,,,
65677,Dimension Energy LLC,69829,Kanesolar01 LLC,IL,Kane,KANE1,Solar Photovoltaic,PV,,S,X,X,,,5, ,5,5,TS,5,2026,6,2026,N,IPP Non-CHP,2,N,SUN,,,,,, ,,,,,,,,,,,,
65677,Dimension Energy LLC,69830,Hampden CSG 1 LLC,PA,Cumberland,HMPD1,Solar Photovoltaic,PV,,S,X,X,,,1.8, ,1.8,1.8,U,4,2026,6,2026,N,IPP Non-CHP,2,N,SUN,,,,,, ,,,,,,,,,,,,
65677,Dimension Energy LLC,69831,Chaberton Solar Blue Hen LLC,DE,Sussex,BLUHN,Solar Photovoltaic,PV,,S,X,X,,,4, ,4,4,U,4,2026,6,2026,N,IPP Non-CHP,2,N,SUN,,,,,, ,,,,,,,,,,,,
65677,Dimension Energy LLC,69832,Chaberton Solar Biggins Creek LLC,DE,Sussex,BIGGC,Solar Photovoltaic,PV,,S,X,X,,,4, ,4,4,U,4,2026,6,2026,N,IPP Non-CHP,2,N,SUN,,,,,, ,,,,,,,,,,,,
65677,Dimension Energy LLC,69833,Bayonne Solar 2 LLC (CSG),NJ,Hudson,BAYO2,Solar Photovoltaic,PV,,S,X,X,,,2.1, ,2.1,2.1,U,4,2026,7,2026,N,IPP Non-CHP,2,N,SUN,,,,,, ,,,,,,,,,,,,
65677,Dimension Energy LLC,69834,Avon CSG 2 LLC,NY,Livingston,AVON2,Solar Photovoltaic,PV,,S,X,X,,,4.1, ,4.1,4.1,TS,4,2026,8,2026,N,IPP Non-CHP,2,N,SUN,,,,,, ,,,,,,,,,,,,
65677,Dimension Energy LLC,69835,Starke Solar LLC (CSG),NJ,Bergen,STARK,Solar Photovoltaic,PV,,S,X,X,,,2.5, ,2.5,2.5,U,4,2026,7,2026,N,IPP Non-CHP,2,N,SUN,,,,,, ,,,,,,,,,,,,
65677,Dimension Energy LLC,69836,West Deptford Solar 1 LLC,NJ,Gloucester,DEPT1,Solar Photovoltaic,PV,,S,X,X,,,1.4, ,1.4,1.4,TS,3,2026,3,2026,,IPP Non-CHP,2,N,SUN,,,,,, ,,,,,,,,,,,,
65677,Dimension Energy LLC,69837,"Falconhead Solar, LLC",IL,Will,FALCH,Solar Photovoltaic,PV,,S,X,X,,,5, ,5,5,U,8,2026,10,2026,N,IPP Non-CHP,2,N,SUN,,,,,, ,,,,,,,,,,,,
65677,Dimension Energy LLC,69838,"Paris Solar, LLC (CSG)",IL,Macoupin,PARIS,Solar Photovoltaic,PV,,S,X,X,,,5, ,5,5,U,8,2026,7,2026,N,IPP Non-CHP,2,N,SUN,,,,,, ,,,,,,,,,,,,
65677,Dimension Energy LLC,69839,"Gracy Solar 1, LLC",IL,McHenry,GRACY,Solar Photovoltaic,PV,,S,X,X,,,5, ,5,5,U,7,2026,6,2026,N,IPP Non-CHP,2,N,SUN,,,,,, ,,,,,,,,,,,,
65677,Dimension Energy LLC,69840,CVE US IL Ridge Farm 324 LLC (CSG),IL,Vermilion,RIDGF,Solar Photovoltaic,PV,,S,X,X,,,2.5, ,2.5,2.5,U,7,2026,7,2026,N,IPP Non-CHP,2,N,SUN,,,,,, ,,,,,,,,,,,,
65677,Dimension Energy LLC,69841,"Bluestar Solar Project, LLC",IL,Montgomery,BLUST,Solar Photovoltaic,PV,,S,X,X,,,5, ,5,5,U,7,2026,8,2026,N,IPP Non-CHP,2,N,SUN,,,,,, ,,,,,,,,,,,,
65677,Dimension Energy LLC,69842,Carneys Point Solar 1 LLC,NJ,Salem,CARN1,Solar Photovoltaic,PV,,S,X,X,,,3, ,3,3,U,6,2026,9,2026,N,IPP Non-CHP,2,N,SUN,,,,,, ,,,,,,,,,,,,
65677,Dimension Energy LLC,69843,Wild Cat Solar 22 LLC,IL,Union,WILD2,Solar Photovoltaic,PV,,S,X,X,,,2.3, ,2.3,2.3,U,6,2026,6,2026,N,IPP Non-CHP,2,N,SUN,,,,,, ,,,,,,,,,,,,
65677,Dimension Energy LLC,69844,"Horseshoe Solar Project, LLC",IL,Montgomery,HORSE,Solar Photovoltaic,PV,,S,X,X,,,5, ,5,5,U,6,2026,8,2026,N,IPP Non-CHP,2,N,SUN,,,,,, ,,,,,,,,,,,,
65677,Dimension Energy LLC,69845,CVE US IL TAMAROA 316 LLC,IL,Perry,TAMAR,Solar Photovoltaic,PV,,S,X,X,,,3.6, ,3.6,3.6,TS,6,2026,6,2026,N,IPP Non-CHP,2,N,SUN,,,,,, ,,,,,,,,,,,,
65677,Dimension Energy LLC,69846,"Gerstenschlager Family Solar 1, LLC (CSG)",IL,Jackson,GRST1,Solar Photovoltaic,PV,,S,X,X,,,5, ,5,5,TS,6,2026,6,2026,N,IPP Non-CHP,2,N,SUN,,,,,, ,,,,,,,,,,,,
65677,Dimension Energy LLC,69847,Spillertown CSG 2 LLC,IL,Williamson,SPIL2,Solar Photovoltaic,PV,,S,X,X,,,5, ,5,5,U,5,2026,9,2026,N,IPP Non-CHP,2,N,SUN,,,,,, ,,,,,,,,,,,,
65677,Dimension Energy LLC,69848,Spillertown CSG 1 LLC,IL,Williamson,SPIL1,Solar Photovoltaic,PV,,S,X,X,,,5, ,5,5,U,5,2026,8,2026,N,IPP Non-CHP,2,N,SUN,,,,,, ,,,,,,,,,,,,
65677,Dimension Energy LLC,69849,Corfee Solar LLC,IL,Macoupin,CORFE,Solar Photovoltaic,PV,,S,X,X,,,5, ,5,5,U,5,2026,6,2026,N,IPP Non-CHP,2,N,SUN,,,,,, ,,,,,,,,,,,,
65677,Dimension Energy LLC,69850,"Blue Iris Solar, LLC CSG",IL,DeWitt,BLUIR,Solar Photovoltaic,PV,,S,X,X,,,5, ,5,5,U,5,2026,5,2026,N,IPP Non-CHP,2,N,SUN,,,,,, ,,,,,,,,,,,,
65677,Dimension Energy LLC,69851,"Salvia Solar, LLC",IL,Bureau,SALVI,Solar Photovoltaic,PV,,S,X,X,,,5, ,5,5,U,5,2026,6,2026,N,IPP Non-CHP,2,N,SUN,,,,,, ,,,,,,,,,,,,
65677,Dimension Energy LLC,69852,"McCray Solar 1, LLC",IL,Bond,MCCR1,Solar Photovoltaic,PV,,S,X,X,,,5, ,5,5,U,5,2026,9,2026,N,IPP Non-CHP,2,N,SUN,,,,,, ,,,,,,,,,,,,
65677,Dimension Energy LLC,69853,West Deptford Solar 2 LLC CSG,NJ,Gloucester,DEPT2,Solar Photovoltaic,PV,,S,X,X,,,1.7, ,1.7,1.7,TS,5,2026,4,2026,N,IPP Non-CHP,2,N,SUN,,,,,, ,,,,,,,,,,,,
65677,Dimension Energy LLC,69854,"TJA-NY-1806 Perth Rd Galway, LLC",NY,Saratoga,GLWAY,Solar Photovoltaic,PV,,S,X,X,,,3.3, ,3.3,3.3,TS,4,2026,9,2026,N,IPP Non-CHP,2,N,SUN,,,,,, ,,,,,,,,,,,,
65677,Dimension Energy LLC,69855,"Pomfret PV, LLC",NY,Chautauqua,POMFR,Solar Photovoltaic,PV,,S,X,X,,,3, ,3,3,TS,4,2026,10,2026,N,IPP Non-CHP,2,N,SUN,,,,,, ,,,,,,,,,,,,
67760,Libra Solar LLC,69857,Libra Solar,NV,Lyon,LBRBS,Batteries,BA,,S,X,X,,,700,1,700,700,U,12,2027,12,2027,,IPP Non-CHP,2,N,MWH,,,,,, ,,,,,,,,,,,,
67760,Libra Solar LLC,69857,Libra Solar,NV,Lyon,LBRPV,Solar Photovoltaic,PV,,S,X,X,,,700,1,700,700,U,12,2027,12,2027,,IPP Non-CHP,2,N,SUN,,,,,, ,,,,,,,,,,,,
67170,"Pastoria Power, LLC",69858,Pastoria Power Bank,CA,Kern,GEN1,Batteries,BA,,S,X,X,PASTSR_7_CN006,,80,0.95,80,80,U,7,2026,7,2026,,IPP Non-CHP,2,N,MWH,,,,,, ,,,,,,,,,,N,,
62836,Navisun LLC,69859,Murphysboro 1,IL,Jackson,MURP1,Solar Photovoltaic,PV,,S,X,X,,,5, ,5,5,P,10,2026,10,2027,N,IPP Non-CHP,2,N,SUN,,,,,, ,,,,,,,,,,,,
62836,Navisun LLC,69860,Murphysboro 2,IL,Jackson,MURP2,Solar Photovoltaic,PV,,S,X,X,,,1.3, ,1.3,1.3,P,10,2026,10,2027,,IPP Non-CHP,2,N,SUN,,,,,, ,,,,,,,,,,,,
62836,Navisun LLC,69861,Norris City 2,IL,White,NORR2,Solar Photovoltaic,PV,,S,X,X,,,3.2, ,3.2,3.2,P,10,2026,10,2027,N,IPP Non-CHP,2,N,SUN,,,,,, ,,,,,,,,,,,,
62836,Navisun LLC,69862,Galva School,IL,Henry,GALF,Solar Photovoltaic,PV,,S,X,X,,,1.5, ,1.5,1.5,P,10,2026,10,2027,,IPP Non-CHP,2,N,SUN,,,,,, ,,,,,,,,,,,,
67494,On Energy Storage,69864,Colorado Clean Energy Center (BESS),TX,Colorado,COBA1,Batteries,BA,,S,X,X,,,10.1,1,10.1,10.1,V,3,2026,12,2026,N,IPP Non-CHP,2,N,MWH,,,,,, ,,,,,,,,,,,,
67494,On Energy Storage,69865,Columbus Clean Energy Center (BESS),TX,Colorado,CLBA1,Batteries,BA,,S,X,X,,,10.1,1,10.1,10.1,V,3,2026,11,2026,N,IPP Non-CHP,2,N,MWH,,,,,, ,,,,,,,,,,,,
67494,On Energy Storage,69866,Matagorda Clean Energy Center (BESS),TX,Matagorda,MGBA1,Batteries,BA,,S,X,X,,,10.1,1,10.1,10.1,V,3,2026,12,2026,,IPP Non-CHP,2,N,MWH,,,,,, ,,,,,,,,,,,,
67722,"SR Shelby II, LLC",69867,"SR Shelby II, LLC",TN,Shelby,SHEII,Solar Photovoltaic,PV,,S,X,X,,,6, ,6,6,T,12,2026,2,2028,N,IPP Non-CHP,2,N,SUN,,,,,, ,,,,,,,,,,,,
12670,Missouri Jnt Muni.Pwr Elec. Ut. Comm.,69868,Fulton Energy Center,MO,Callaway,UNIT1,Natural Gas Fired Combustion Turbine,GT,,S,X,X,,,16.5, ,15.1,16.5,P,12,2027,12,2027,N,IPP Non-CHP,2,N,NG,DFO,,,,, ,,,,,,,,N,,Y,Y,N
12670,Missouri Jnt Muni.Pwr Elec. Ut. Comm.,69869,Hannibal Energy Center,MO,Marion,UNIT1,Natural Gas Fired Combustion Turbine,GT,,S,X,X,,,38, ,32.2,39.1,P,6,2029,6,2029,N,IPP Non-CHP,2,N,NG,DFO,,,,, ,,,,,,,,N,N,Y,Y,N
12670,Missouri Jnt Muni.Pwr Elec. Ut. Comm.,69869,Hannibal Energy Center,MO,Marion,UNIT2,Natural Gas Fired Combustion Turbine,GT,,S,X,X,,,38, ,32.2,39.1,P,6,2029,6,2029,N,IPP Non-CHP,2,N,NG,DFO,,,,, ,,,,,,,,N,,Y,Y,N
13683,North Carolina El Member Corp,69870,Parkwood BESS,NC,Union,BAT1,Batteries,BA,,S,X,X,,,11.6, ,11.6,11.6,P,12,2026,12,2026,,Electric Utility,1,N,MWH,,,,,, ,,,,,,,,,,,,
13683,North Carolina El Member Corp,69871,Tanglewood BESS,NC,Pasquotank,BAT1,Batteries,BA,,S,X,X,,,3.7, ,3.7,3.7,P,12,2026,12,2026,,Electric Utility,1,N,MWH,,,,,, ,,,,,,,,,,,,
13683,North Carolina El Member Corp,69872,Windsor BESS,NC,Bertie,BAT1,Batteries,BA,,S,X,X,,,3.7, ,3.7,3.7,P,12,2026,12,2026,,Electric Utility,1,N,MWH,,,,,, ,,,,,,,,,,,,
15466,Public Service Co of Colorado,69873,Cheyenne Ridge II,CO,Cheyenne,CRW02,Onshore Wind Turbine,WT,,S,X,X,,,438, ,438,438,U,5,2026,6,2027,N,Electric Utility,1,N,WND,,,,,,100,,,,,,,,,,,,
62759,Geronimo Power,69874,"Bee Hollow Solar, LLC",IL,St Clair,BHSF,Solar Photovoltaic,PV,,S,X,X,,,150, ,150,150,L,11,2026,11,2026,N,IPP Non-CHP,2,N,SUN,,,,,, ,,,,,,,,,,,,
61194,Generate Capital,69876,New Road,NY,Erie,11205,Solar Photovoltaic,PV,,W,X,X,,,5, ,5,5,V,2,2026,3,2026,,IPP Non-CHP,2,N,SUN,,,,,, ,,,,,,,,,,,,
67764,AP Solar 4 LLC,69877,Charger Solar,TX,Refugio,CHPV1,Solar Photovoltaic,PV,,W,X,X,,,394.4, ,394.4,394.4,U,9,2026,9,2026,,IPP Non-CHP,2,N,SUN,,,,,, ,,,,,,,,,,,,
67718,"Emmons-Logan Energy Storage, LLC",69878,Emmons-Logan Energy Storage,ND,Emmons,5869,Batteries,BA,,S,X,X,,,140, ,140,140,T,12,2026,12,2026,,IPP Non-CHP,2,N,MWH,,,,,, ,,,,,,,,,,,,
64260,Nextera Energy Resources,69879,Ninnescah Flats Solar,KS,Pratt,N3884,Solar Photovoltaic,PV,,S,X,X,,,201.6, ,201.6,201.6,P,12,2026,12,2026,N,IPP Non-CHP,2,N,SUN,,,,,, ,,,,,,,,,,,,
67767,USS Hermanas Solar LLC,69881,USS Hermanas Solar,NM,Luna,USHER,Solar Photovoltaic,PV,,S,X,X,,,3.3, ,3.3,3.3,T,12,2026,12,2026,N,IPP Non-CHP,2,N,SUN,,,,,, ,,,,,,,,,,,,
67768,USS Middle Solar LLC,69882,USS Middle Solar,IL,Grundy,USMID,Solar Photovoltaic,PV,,S,X,X,,,5, ,5,5,T,12,2026,12,2026,N,IPP Non-CHP,2,N,SUN,,,,,, ,,,,,,,,,,,,
67769,USS Jornada Solar LLC,69883,USS Jornada Solar,NM,Dona Ana,USJOR,Solar Photovoltaic,PV,,S,X,X,,,5, ,5,5,T,12,2026,12,2026,N,IPP Non-CHP,2,N,SUN,,,,,, ,,,,,,,,,,,,
67770,USS Meadow Lake Solar LLC,69884,USS Meadow Lake Solar,NM,Valencia,USMED,Solar Photovoltaic,PV,,S,X,X,,,3, ,3,3,T,12,2026,12,2026,N,IPP Non-CHP,2,N,SUN,,,,,, ,,,,,,,,,,,,
67765,USS Mourning Lane,69885,USS Mourning,IL,Schuyler,USMOU,Solar Photovoltaic,PV,,S,X,X,,,2, ,2,2,T,12,2026,12,2026,N,IPP Non-CHP,2,N,SUN,,,,,, ,,,,,,,,,,,,
67766,USS Swank Solar LLC,69886,USS Swank Solar,IL,Henry,USSWA,Solar Photovoltaic,PV,,S,X,X,,,1, ,1,1,T,6,2026,10,2026,N,IPP Non-CHP,2,N,SUN,,,,,, ,,,,,,,,,,,,
62759,Geronimo Power,69887,"Portage Solar, LLC",WI,Portage,PRTGS,Solar Photovoltaic,PV,,S,X,X,,,250, ,250,250,T,3,2027,7,2027,N,IPP Non-CHP,2,N,SUN,,,,,, ,,,,,,,,,,,,
67771,USS Fletcher Solar LLC,69888,USS Fletcher Solar,NM,Hidalgo,USFLE,Solar Photovoltaic,PV,,S,X,X,,,1.7, ,1.7,1.7,T,10,2026,10,2026,N,IPP Non-CHP,2,N,SUN,,,,,, ,,,,,,,,,,,,
67772,USS Gold Solar LLC,69889,USS Gold Solar,NM,Luna,USGOL,Solar Photovoltaic,PV,,S,X,X,,,4.3, ,4.3,4.3,T,11,2026,12,2026,N,IPP Non-CHP,2,N,SUN,,,,,, ,,,,,,,,,,,,
12670,Missouri Jnt Muni.Pwr Elec. Ut. Comm.,69890,Marshall Energy Center,MO,Saline,UNIT1,Natural Gas Fired Combustion Turbine,GT,,S,X,X,,,23.1,0.8,19.9,22.3,U,12,2026,12,2026,N,IPP Non-CHP,2,N,NG,DFO,,,,, ,,,,,,,,N,N,Y,Y,N
12670,Missouri Jnt Muni.Pwr Elec. Ut. Comm.,69890,Marshall Energy Center,MO,Saline,UNIT2,Natural Gas Fired Combustion Turbine,GT,,S,X,X,,,23.1,0.8,19.9,22.3,U,12,2026,12,2026,N,IPP Non-CHP,2,N,NG,DFO,,,,, ,,,,,,,,N,,Y,Y,N
12670,Missouri Jnt Muni.Pwr Elec. Ut. Comm.,69890,Marshall Energy Center,MO,Saline,UNIT3,Natural Gas Fired Combustion Turbine,GT,,S,X,X,,,38,0.8,33.7,38.7,T,12,2028,12,2028,N,IPP Non-CHP,2,N,NG,DFO,,,,, ,,,,,,,,N,,Y,Y,N
12670,Missouri Jnt Muni.Pwr Elec. Ut. Comm.,69890,Marshall Energy Center,MO,Saline,UNIT4,Natural Gas Fired Combustion Turbine,GT,,S,X,X,,,38,0.8,33.7,38.7,T,12,2028,12,2028,N,IPP Non-CHP,2,N,NG,DFO,,,,, ,,,,,,,,N,N,Y,Y,N
65869,Prologis Logistics Services Incorporated,69891,Torrance Dis Ctr 2 - SLLAX100,CA,Los Angeles,LA100,Solar Photovoltaic,PV,,S,X,X,,,1.4, ,1.4,1.4,U,6,2026,9,2026,N,IPP Non-CHP,2,N,SUN,,,,,, ,,,,,,,,,,,,
67776,Oak Valley Solar LLC,69892,Oak Valley Solar,TX,Ellis,OAK,Solar Photovoltaic,PV,,S,X,X,,,251.3, ,251.3,251.3,P,5,2029,9,2029,,IPP Non-CHP,2,N,SUN,,,,,, ,,,,,,,,,,,,
67773,"Dusty Rose Wind, LLC",69893,Dusty Rose Wind,CO,Kit Carson,5937,Onshore Wind Turbine,WT,,S,X,X,,,502, ,502,502,V,5,2026,6,2026,,IPP Non-CHP,2,N,WND,,,,,,178,,,,,,,,,N,N,,
67777,"HQCA Energy Solutions, LLC",69894,E 1300 Street Solar LLC,IL,Henry,13PV1,Solar Photovoltaic,PV,,S,X,X,,,5, ,5,5,L,6,2026,9,2027,,IPP Non-CHP,2,N,SUN,,,,,, ,,,,,,,,,,,,
67754,"Coast Energy Holdings, LLC",69895,Gateway#1&2 (Newark CA),CA,Alameda,Gy1a2,Solar Photovoltaic,PV,,S,X,X,,,1.1, ,1.1,1.1,P,4,2027,4,2027,N,IPP Non-CHP,2,N,SUN,,,,,, ,,,,,,,,,,,,
67754,"Coast Energy Holdings, LLC",69896,7999 Gateway Solar,CA,Alameda,7999G,Solar Photovoltaic,PV,,S,X,X,,,4.6, ,4.6,4.6,U,7,2026,9,2026,N,IPP Non-CHP,2,N,SUN,,,,,, ,,,,,,,,,,,,
67781,Hockley LLC,69902,Hockley,TX,Harris,HOCKL,Batteries,BA,,S,X,X,,,9.9,1,9.9,9.9,V,2,2027,2,2027,,IPP Non-CHP,2,N,MWH,,,,,, ,,,,,,,,,,,,
67782,East Bernard LLC,69903,East Bernard,TX,Wharton,EBERN,Batteries,BA,,S,X,X,,,9.5,1,9.5,9.5,V,11,2026,11,2026,,IPP Non-CHP,2,N,MWH,,,,,, ,,,,,,,,,,,,
67783,Pledger LLC,69904,Pledger,TX,Wharton,PLEDG,Batteries,BA,,S,X,X,,,9.5, ,9.5,9.5,V,11,2026,11,2026,N,IPP Non-CHP,2,N,MWH,,,,,, ,,,,,,,,,,,,
67720,Stellar Renewable Power,69925,Stellar Wright BESS,CA,Merced,SWBA1,Batteries,BA,,S,X,X,"CAISO-WRGTSRGN_7_N001, CAISO-WRGHTPP_6_N001","CAISO-WRGTSRGN_7_N001, CAISO-WRGHTPP_6_N001",84.8, ,80,80,L,10,2026,10,2026,,IPP Non-CHP,2,N,MWH,,,,,, ,,,,,,,,,,,,
67780,Weirs Creek Solar LLC,69929,Weirs Creek,KY,Hopkins,WC001,Solar Photovoltaic,PV,,S,X,X,,,150, ,150,150,U,5,2027,5,2027,N,IPP Non-CHP,2,N,SUN,,,,,, ,,,,,,,,,,,,
67778,"Milford Solar Phase II, LLC",69930,Milford Solar Phase II,UT,Beaver,MS2,Solar Photovoltaic,PV,,S,X,X,,,310, ,310,310,U,12,2027,9,2027,N,IPP Non-CHP,2,N,SUN,,,,,, ,,,,,,,,,,,,
66783,"OneEnergy, Inc.",69931,Bjorn,WI,Barron,BJORN,Solar Photovoltaic,PV,,S,X,X,,,5, ,5,5,P,12,2026,11,2026,N,IPP Non-CHP,2,N,SUN,,,,,, ,,,,,,,,,,,,
66783,"OneEnergy, Inc.",69932,Castle Rock Lake Solar,WI,Juneau,CSTLO,Solar Photovoltaic,PV,,S,X,X,,,4.5, ,4.5,4.5,P,10,2026,10,2026,N,IPP Non-CHP,2,N,SUN,,,,,, ,,,,,,,,,,,,
66783,"OneEnergy, Inc.",69933,Clark Solar-Longwood,WI,Clark,CLARK,Solar Photovoltaic,PV,,S,X,X,,,2.5, ,2.5,2.5,P,11,2026,11,2026,N,IPP Non-CHP,2,N,SUN,,,,,, ,,,,,,,,,,,,
66783,"OneEnergy, Inc.",69934,Falun,WI,Burnett,FALUN,Solar Photovoltaic,PV,,S,X,X,,,2.5, ,2.5,2.5,P,12,2026,12,2026,N,IPP Non-CHP,2,N,SUN,,,,,, ,,,,,,,,,,,,
66783,"OneEnergy, Inc.",69935,Gilman,WI,Chippewa,GILMN,Solar Photovoltaic,PV,,S,X,X,,,3.8, ,3.8,3.8,P,12,2026,12,2026,N,IPP Non-CHP,2,N,SUN,,,,,, ,,,,,,,,,,,,
66783,"OneEnergy, Inc.",69936,Kalmar,MN,Olmsted,KALMR,Solar Photovoltaic,PV,,S,X,X,,,2.5, ,2.5,2.5,P,12,2026,12,2026,,IPP Non-CHP,2,N,SUN,,,,,, ,,,,,,,,,,,,
66783,"OneEnergy, Inc.",69937,Mondovi,WI,Buffalo,MNDVI,Solar Photovoltaic,PV,,S,X,X,,,3, ,3,3,P,11,2026,11,2026,N,IPP Non-CHP,2,N,SUN,,,,,, ,,,,,,,,,,,,
66783,"OneEnergy, Inc.",69938,Ringe,MN,Olmsted,RINGE,Solar Photovoltaic,PV,,S,X,X,,,2.5, ,2.5,2.5,P,12,2026,12,2026,N,IPP Non-CHP,2,N,SUN,,,,,, ,,,,,,,,,,,,
66783,"OneEnergy, Inc.",69939,Spooner,WI,Washburn,SPOON,Solar Photovoltaic,PV,,S,X,X,,,2.3, ,2.3,2.3,P,11,2026,11,2026,N,IPP Non-CHP,2,N,SUN,,,,,, ,,,,,,,,,,,,
66783,"OneEnergy, Inc.",69940,Teeple Creek,IA,Allamakee,TEEPL,Solar Photovoltaic,PV,,S,X,X,,,2.5, ,2.5,2.5,P,12,2026,12,2026,N,IPP Non-CHP,2,N,SUN,,,,,, ,,,,,,,,,,,,
11241,Entergy Louisiana LLC,69944,Pointe Coupee Power Station,LA,Pointe Coupee,PC1A,Natural Gas Fired Combined Cycle,CT,PC01,S,X,N,,,469.3,1,435.4,469.3,P,10,2031,10,2031,,Electric Utility,1,N,NG,,,,,, ,,,,,,,,,,N,,
11241,Entergy Louisiana LLC,69944,Pointe Coupee Power Station,LA,Pointe Coupee,PC1B,Natural Gas Fired Combined Cycle,CA,PC01,S,Y,X,,,311,1,302.8,311,P,10,2031,10,2031,,Electric Utility,1,N,NG,,,,,, ,,,,,,,,,,N,,
11241,Entergy Louisiana LLC,69944,Pointe Coupee Power Station,LA,Pointe Coupee,PC2A,Natural Gas Fired Combined Cycle,CT,PC02,S,X,N,,,469.3,1,435.4,469.3,P,11,2031,11,2031,,Electric Utility,1,N,NG,,,,,, ,,,,,,,,,,N,,
11241,Entergy Louisiana LLC,69944,Pointe Coupee Power Station,LA,Pointe Coupee,PC2B,Natural Gas Fired Combined Cycle,CA,PC02,S,Y,X,,,311,1,302.8,311,P,11,2031,11,2031,,Electric Utility,1,N,NG,,,,,, ,,,,,,,,,,N,,
11241,Entergy Louisiana LLC,69944,Pointe Coupee Power Station,LA,Pointe Coupee,PC3A,Natural Gas Fired Combined Cycle,CT,PC03,S,X,N,,,469.3,1,435.4,469.3,P,12,2031,12,2031,,Electric Utility,1,N,NG,,,,,, ,,,,,,,,,,N,,
11241,Entergy Louisiana LLC,69944,Pointe Coupee Power Station,LA,Pointe Coupee,PC3B,Natural Gas Fired Combined Cycle,CA,PC03,S,Y,X,,,311,1,302.8,311,P,12,2031,12,2031,,Electric Utility,1,N,NG,,,,,, ,,,,,,,,,N,N,,
67802,"Watertown Solar, LLC",69945,Watertown Solar,MI,Sanilac,WTRTN,Solar Photovoltaic,PV,,S,X,X,,,154, ,154,154,U,4,2027,4,2027,N,IPP Non-CHP,2,N,SUN,,,,,, ,,,,,,,,,,,,
67799,Spindle Battery LLC,69946,Spindle BESS,CO,Weld,SBA,Batteries,BA,,S,X,X,,,199, ,199,199,U,12,2026,12,2026,,IPP Non-CHP,2,N,MWH,,,,,, ,,,,,,,,,N,N,,
67790,EDPR Scarlet III LLC,69947,EDPR Scarlet III,CA,Fresno,GEN05,Batteries,BA,,S,X,X,,,70, ,70,70,P,12,2026,12,2026,,IPP Non-CHP,2,N,MWH,,,,,, ,,,,,,,,,,,,
67797,"SV CSG Manteno, LLC",69948,SV CSG Manteno,IL,Kankakee,MANTB,Batteries,BA,,S,X,X,,,5, ,5,5,T,3,2027,8,2027,N,IPP Non-CHP,2,N,MWH,,,,,, ,,,,,,,,,,,,
67797,"SV CSG Manteno, LLC",69948,SV CSG Manteno,IL,Kankakee,MANTO,Solar Photovoltaic,PV,,S,X,X,,,5, ,5,5,T,3,2027,8,2027,N,IPP Non-CHP,2,N,SUN,,,,,, ,,,,,,,,,,,,
67798,"SV CSG Bloomington, LLC",69949,SV CSG Bloomington,IL,McLean,BLOMB,Batteries,BA,,S,X,X,,,5, ,5,5,T,4,2027,8,2027,N,IPP Non-CHP,2,N,MWH,,,,,, ,,,,,,,,,,,,
67798,"SV CSG Bloomington, LLC",69949,SV CSG Bloomington,IL,McLean,BLOOM,Solar Photovoltaic,PV,,S,X,X,,,5, ,5,5,T,4,2027,8,2027,N,IPP Non-CHP,2,N,SUN,,,,,, ,,,,,,,,,,,,
61194,Generate Capital,69950,Allium,IL,Livingston,11135,Solar Photovoltaic,PV,,W,X,X,,,5, ,5,5,V,6,2026,8,2026,,IPP Non-CHP,2,N,SUN,,,,,, ,,,,,,,,,,,,
56990,NJR Clean Energy Ventures Corporation,69951,Vineland Solar LLC,NJ,Cumberland,VNLD2,Solar Photovoltaic,PV,,S,X,X,,,15, ,15,15,TS,4,2026,4,2026,N,IPP Non-CHP,2,N,SUN,,,,,, ,,,,,,,,,,,,
11241,Entergy Louisiana LLC,69952,Cypress Harvest Solar Station,LA,Iberville,CH1,Solar Photovoltaic,PV,,S,X,X,,,200, ,200,200,P,8,2028,8,2028,N,Electric Utility,1,N,SUN,,,,,, ,,,,,,,,,,,,
11241,Entergy Louisiana LLC,69952,Cypress Harvest Solar Station,LA,Iberville,CH2,Batteries,BA,,S,X,X,,,200, ,200,200,P,9,2029,9,2029,N,Electric Utility,1,N,MWH,,,,,, ,,,,,,,,,,,,
64366,Terra-Gen Operating Co-Hybrid,69956,Sanborn Hybrid 3,CA,Kern,S10BS,Batteries,BA,,W,X,X,PHSP15,PHSP15,210, ,210,210,U,11,2026,11,2026,,IPP Non-CHP,2,N,MWH,,,,,, ,,,,,,,,,,,,
64366,Terra-Gen Operating Co-Hybrid,69956,Sanborn Hybrid 3,CA,Kern,S10PV,Solar Photovoltaic,PV,,W,X,X,PHSP15,PHSP15,210,0.95,210,210,U,11,2026,11,2026,,IPP Non-CHP,2,N,SUN,,,,,, ,,,,,,,,,,,,
64366,Terra-Gen Operating Co-Hybrid,69956,Sanborn Hybrid 3,CA,Kern,S8,Solar Photovoltaic,PV,,W,X,X,PHSP15,PHSP15,55,0.95,55,55,U,11,2026,11,2026,,IPP Non-CHP,2,N,SUN,,,,,, ,,,,,,,,,,,,
64366,Terra-Gen Operating Co-Hybrid,69956,Sanborn Hybrid 3,CA,Kern,S9,Solar Photovoltaic,PV,,W,X,X,PHSP15,PHSP15,103,0.95,103,103,U,11,2026,11,2026,,IPP Non-CHP,2,N,SUN,,,,,, ,,,,,,,,,,,,
49893,Invenergy Services LLC,69963,Yellow Wood Solar Energy LLC,OH,Clinton,YLWWD,Solar Photovoltaic,PV,,S,X,X,,,300, ,300,300,U,12,2027,12,2027,N,IPP Non-CHP,2,N,SUN,,,,,, ,,,,,,,,,,,,
64904,AES Clean Energy,69964,Baldy Mesa Storage,CA,San Bernardino,BALBE,Batteries,BA,,S,X,X,,,50, ,50,50,U,9,2026,9,2026,N,IPP Non-CHP,2,N,MWH,,,,,, ,,,,,,,,,,,,
67775,Roccasecca BESS LLC,69965,Roccasecca BESS LLC,NV,Clark,RS,Batteries,BA,,S,X,X,,,126.5, ,126.5,126.5,U,3,2027,2,2027,,IPP Non-CHP,2,N,MWH,,,,,, ,,,,,,,,,,,,
67808,"Four Mile Mesa Solar, LLC",69966,"Four Mile Mesa Solar, LLC",NM,San Juan,FMM,Solar Photovoltaic,PV,,S,X,X,,,100, ,100,100,U,6,2027,7,2027,,IPP Non-CHP,2,N,SUN,,,,,, ,,,,,,,,,,,,
67808,"Four Mile Mesa Solar, LLC",69966,"Four Mile Mesa Solar, LLC",NM,San Juan,FMMS,Batteries,BA,,S,X,X,,,100, ,100,100,T,7,2027,7,2027,,IPP Non-CHP,2,N,MWH,,,,,, ,,,,,,,,,,,,
67809,"Foxtail Flats Solar, LLC",69967,"Foxtail Flats Solar, LLC",NM,San Juan,FTB,Batteries,BA,,S,X,X,,,80, ,80,80,T,6,2027,5,2027,,IPP Non-CHP,2,N,MWH,,,,,, ,,,,,,,,,,,,
67809,"Foxtail Flats Solar, LLC",69967,"Foxtail Flats Solar, LLC",NM,San Juan,FTS,Solar Photovoltaic,PV,,S,X,X,,,170, ,170,170,U,5,2027,6,2027,,IPP Non-CHP,2,N,SUN,,,,,, ,,,,,,,,,,,,
67811,"Rumble Solar, LLC",69968,Rumble Solar,OK,Grady,RUS,Solar Photovoltaic,PV,,S,X,X,,,250, ,250,250,P,12,2026,10,2026,,IPP Non-CHP,2,N,SUN,,,,,, ,,,,,,,,,,,,
67812,"Panhandle Solar, LLC",69969,Panhandle Solar,OK,Texas,PAS,Solar Photovoltaic,PV,,S,X,X,,,102, ,102,102,P,12,2026,12,2026,,IPP Non-CHP,2,N,SUN,,,,,, ,,,,,,,,,,,,
67734,ENGIE Distributed Renewables Development LLC,69970,Maple Ridge A,PA,Franklin,MPLRA,Solar Photovoltaic,PV,,S,X,X,,,3, ,3,3,U,1,2027,4,2028,,IPP Non-CHP,2,N,SUN,,,,,, ,,,,,,,,,,,,
67734,ENGIE Distributed Renewables Development LLC,69971,Maple Ridge B,PA,Franklin,MPLRB,Solar Photovoltaic,PV,,S,X,X,,,3, ,3,3,U,1,2027,4,2028,,IPP Non-CHP,2,N,SUN,,,,,, ,,,,,,,,,,,,
67816,South Platte Solar,69972,South Platte Solar,CO,Morgan,SP150,Solar Photovoltaic,PV,,S,X,X,,,150, ,150,150,U,12,2027,12,2027,,IPP Non-CHP,2,N,SUN,,,,,, ,,,,,,,,,,,,
67813,"Oso Negro, LLC",69973,Oso Negro,NM,Bernalillo,OSON1,Batteries,BA,,S,X,X,,,100,0.95,100,100,T,5,2028,5,2028,N,IPP Non-CHP,2,N,MWH,,,,,, ,,,,,,,,,,,,
67814,"Corazon Energy Storage, LLC",69974,Corazon Energy Storage,NM,Bernalillo,CRZN1,Batteries,BA,,S,X,X,,,150,0.95,150,150,T,12,2027,9,2027,N,IPP Non-CHP,2,N,MWH,,,,,, ,,,,,,,,,,,,
65654,Birch Creek Development,69977,Blue Branch Solar,IL,Johnson,BBPV,Solar Photovoltaic,PV,,S,X,X,,,25,1,25,25,U,1,2027,1,2027,N,IPP Non-CHP,2,N,SUN,,,,,, ,,,,,,,,,,,,
65654,Birch Creek Development,69978,Station Solar,IL,Mercer,STPV,Solar Photovoltaic,PV,,S,X,X,,,40,1,40,40,U,8,2027,8,2027,,IPP Non-CHP,2,N,SUN,,,,,, ,,,,,,,,,,,,
62759,Geronimo Power,69981,"Grant Solar, LLC",SD,McCook,GRNTS,Solar Photovoltaic,PV,,S,X,X,,,99, ,99,99,L,10,2027,10,2027,,IPP Non-CHP,2,N,SUN,,,,,, ,,,,,,,,,,,,
67821,"Diamondback Solar, LLC",69982,Diamondback Solar,TX,Starr,3569,Solar Photovoltaic,PV,,S,X,X,,,200, ,200,200,T,12,2027,12,2027,N,IPP Non-CHP,2,N,SUN,,,,,, ,,,,,,,,,,,,
67820,Novel Gertken Solar LLC,69983,Novel Gertken Solar LLC,MN,Stearns,GRTKN,Solar Photovoltaic,PV,,S,X,X,,,1, ,1,1,V,5,2025,9,2026,,IPP Non-CHP,2,N,SUN,,,,,, ,,,,,,,,,,,,
67822,"Hackberry Creek Solar, LLC",69984,Hackberry Creek Solar,TX,Mitchell,6059,Solar Photovoltaic,PV,,S,X,X,,,175, ,175,175,T,3,2028,3,2028,N,IPP Non-CHP,2,N,SUN,,,,,, ,,,,,,,,,,,,
67824,"Pomfret II PV, LLC",69986,Pomfret II Community Solar,NY,Chautauqua,PV1,Solar Photovoltaic,PV,,S,X,X,,,4.7, ,4.7,4.7,TS,3,2026,3,2026,N,IPP Non-CHP,2,N,SUN,,,,,, ,,,,,,,,,,,,
67825,"2065 George St Solar, LLC",69987,2065 George St Community Solar,IL,Cook,PV1,Solar Photovoltaic,PV,,S,X,X,,,3.2, ,3.2,3.2,V,4,2026,4,2026,N,IPP Non-CHP,2,N,SUN,,,,,, ,,,,,,,,,,,,
3046,Duke Energy Progress - (NC),69988,Warsaw 2 Energy Storage,NC,Duplin,WBA2,Batteries,BA,,S,X,X,,,11, ,10.1,10.1,U,6,2026,8,2026,N,Electric Utility,1,N,MWH,,,,,, ,,,,,,,,,,,,
814,Entergy Arkansas LLC,69989,Arkansas Cypress Solar Station,AR,Jefferson,PB1,Solar Photovoltaic,PV,,S,X,X,,,600, ,600,600,P,1,2029,1,2029,N,Electric Utility,1,N,SUN,,,,,, ,,,,,,,,,,,,
814,Entergy Arkansas LLC,69989,Arkansas Cypress Solar Station,AR,Jefferson,PB2,Batteries,BA,,S,X,X,,,350, ,350,350,P,1,2029,1,2029,N,Electric Utility,1,N,MWH,,,,,, ,,,,,,,,,,,,
11241,Entergy Louisiana LLC,69990,Bogalusa West Solar Station,LA,Washington,BW1,Solar Photovoltaic,PV,,S,X,X,,,200, ,200,200,P,12,2028,12,2028,N,Electric Utility,1,N,SUN,,,,,, ,,,,,,,,,,,,
11241,Entergy Louisiana LLC,69991,Segno Solar Station,TX,Polk,SN1,Solar Photovoltaic,PV,,S,X,X,,,170, ,170,170,P,3,2029,3,2029,,Electric Utility,1,N,SUN,,,,,, ,,,,,,,,,,,,
13478,"Entergy New Orleans, LLC",69992,Sherwood Forest BESS,LA,Orleans,BA1,Batteries,BA,,S,X,X,,,7.7,0.95,7.7,7.7,P,7,2027,7,2027,N,Electric Utility,1,N,MWH,,,,,, ,,,,,,,,,,,,
11241,Entergy Louisiana LLC,69993,Votaw Solar Station,TX,Hardin,VT1,Solar Photovoltaic,PV,,S,X,X,,,141, ,141,141,P,5,2029,5,2029,N,Electric Utility,1,N,SUN,,,,,, ,,,,,,,,,,,,
65677,Dimension Energy LLC,69994,Montour Tower Drive Solar LLC,PA,Columbia,MONTR,Solar Photovoltaic,PV,,S,X,X,,,3, ,3,3,T,5,2027,9,2027,N,IPP Non-CHP,2,N,SUN,,,,,, ,,,,,,,,,,,,
65677,Dimension Energy LLC,69995,Muncy Creek Lime Bluff Road Solar,PA,Lycoming,MUNCL,Solar Photovoltaic,PV,,S,X,X,,,3, ,3,3,T,5,2027,11,2027,,IPP Non-CHP,2,N,SUN,,,,,, ,,,,,,,,,,,,
65677,Dimension Energy LLC,69996,Penn Hemlock Solar LLC,PA,Snyder,HEMLK,Solar Photovoltaic,PV,,S,X,X,,,3, ,3,3,T,11,2026,12,2026,N,IPP Non-CHP,2,N,SUN,,,,,, ,,,,,,,,,,,,
65677,Dimension Energy LLC,69997,Fast Ave Solar LLC,IL,Tazewell,FASTA,Solar Photovoltaic,PV,,S,X,X,,,5, ,5,5,T,12,2026,12,2026,N,IPP Non-CHP,2,N,SUN,,,,,, ,,,,,,,,,,,,
65677,Dimension Energy LLC,69998,Franklin White Church Road Solar LLC,PA,Snyder,WHTCH,Solar Photovoltaic,PV,,S,X,X,,,3, ,3,3,T,3,2027,3,2027,N,IPP Non-CHP,2,N,SUN,,,,,, ,,,,,,,,,,,,
65677,Dimension Energy LLC,69999,Greenwood Bottom Road Solar LLC,PA,Columbia,GREEB,Solar Photovoltaic,PV,,S,X,X,,,3, ,3,3,T,3,2027,3,2027,N,IPP Non-CHP,2,N,SUN,,,,,, ,,,,,,,,,,,,
65677,Dimension Energy LLC,70000,Greenwood Route 254 Solar LLC,PA,Columbia,GREER,Solar Photovoltaic,PV,,S,X,X,,,3, ,3,3,T,3,2027,3,2027,N,IPP Non-CHP,2,N,SUN,,,,,, ,,,,,,,,,,,,
65677,Dimension Energy LLC,70001,"Harper Creek Solar, LLC",IL,Jefferson,HARPC,Solar Photovoltaic,PV,,S,X,X,,,5, ,5,5,U,12,2026,12,2026,N,IPP Non-CHP,2,N,SUN,,,,,, ,,,,,,,,,,,,
65677,Dimension Energy LLC,70002,Macedon CSG LLC,NY,Wayne,MACED,Solar Photovoltaic,PV,,S,X,X,,,5, ,5,5,T,9,2026,9,2026,N,IPP Non-CHP,2,N,SUN,,,,,, ,,,,,,,,,,,,
65677,Dimension Energy LLC,70003,Madison Taylor Road Solar LLC,PA,Columbia,TAYLR,Solar Photovoltaic,PV,,S,X,X,,,3, ,3,3,T,3,2027,3,2027,N,IPP Non-CHP,2,N,SUN,,,,,, ,,,,,,,,,,,,
65677,Dimension Energy LLC,70004,Monroe Route 35 Solar LLC,PA,Juniata,MONRO,Solar Photovoltaic,PV,,S,X,X,,,3, ,3,3,T,12,2026,12,2026,N,IPP Non-CHP,2,N,SUN,,,,,, ,,,,,,,,,,,,
65677,Dimension Energy LLC,70005,Penn Shoofly Solar LLC,PA,Columbia,SHOOF,Solar Photovoltaic,PV,,S,X,X,,,3, ,3,3,T,5,2027,5,2027,N,IPP Non-CHP,2,N,SUN,,,,,, ,,,,,,,,,,,,
65677,Dimension Energy LLC,70006,Perry Route 104 Solar LLC,PA,Snyder,PERRR,Solar Photovoltaic,PV,,S,X,X,,,3, ,3,3,U,12,2026,12,2026,N,IPP Non-CHP,2,N,SUN,,,,,, ,,,,,,,,,,,,
65677,Dimension Energy LLC,70007,Richmond Road Solar LLC,VA,James City,RICHR,Solar Photovoltaic,PV,,S,X,X,,,5, ,5,5,T,12,2026,6,2027,N,IPP Non-CHP,2,N,SUN,,,,,, ,,,,,,,,,,,,
65677,Dimension Energy LLC,70008,West Perry Planing Mill Road Solar LLC,PA,Snyder,WPERR,Solar Photovoltaic,PV,,S,X,X,,,3, ,3,3,T,12,2026,2,2027,,IPP Non-CHP,2,N,SUN,,,,,, ,,,,,,,,,,,,
65677,Dimension Energy LLC,70009,"Willis Solar 1, LLC - (IL)",IL,Macoupin,WILL1,Solar Photovoltaic,PV,,S,X,X,,,5, ,5,5,U,12,2026,1,2027,N,IPP Non-CHP,2,N,SUN,,,,,, ,,,,,,,,,,,,
67827,Pescara 1 Solar LLC,70010,Pescara 1,NY,Orleans,167,Solar Photovoltaic,PV,,S,X,X,,,4.9, ,4.9,4.9,U,6,2026,9,2026,N,IPP Non-CHP,2,N,SUN,,,,,, ,,,,,,,,,,,,
67828,Pescara 2 Solar LLC,70011,Pescara 2,NY,Orleans,168,Solar Photovoltaic,PV,,S,X,X,,,4.9, ,4.9,4.9,U,6,2026,9,2026,N,IPP Non-CHP,2,N,SUN,,,,,, ,,,,,,,,,,,,
65869,Prologis Logistics Services Incorporated,70012,Redlands DC 9 - sline609,CA,San Bernardino,BA609,Batteries,BA,,S,X,X,40.57,,2.4, ,2.4,2.4,U,6,2026,10,2026,,IPP Non-CHP,2,N,MWH,,,,,, ,,,,,,,,,,,,
65869,Prologis Logistics Services Incorporated,70012,Redlands DC 9 - sline609,CA,San Bernardino,IN609,Solar Photovoltaic,PV,,S,X,X,40.57,,2.6, ,2.6,2.6,U,6,2026,9,2026,,IPP Non-CHP,2,N,SUN,,,,,, ,,,,,,,,,,,,
67829,"IL Solar Bradley Project1, LLC",70014,IL - ForeFront CS (BBCHS 1) Community Solar,IL,Kankakee,BCHS1,Solar Photovoltaic,PV,,S,X,X,,,5, ,5,5,U,3,2026,3,2026,N,IPP Non-CHP,2,N,SUN,,,,,, ,,,,,,,,,,,,
67830,"IL Solar Bradley Project2, LLC",70015,IL - ForeFront CS (BBCHS 2) Community Solar,IL,Kankakee,BCHS2,Solar Photovoltaic,PV,,S,X,X,,,2,1,2,2,U,3,2026,3,2026,N,IPP Non-CHP,2,N,SUN,,,,,, ,,,,,,,,,,,,
67836,"SL Portland Community, LLC",70018,"SL Portland Community, LLC",NY,Chautauqua,23216,Solar Photovoltaic,PV,,S,X,X,,,3.5, ,3.5,3.5,U,2,2027,2,2027,N,IPP Non-CHP,2,N,SUN,,,,,, ,,,,,,,,,,,,
67837,"SL Portland Community 2, LLC",70019,"SL Portland Community 2, LLC",NY,Chautauqua,23221,Solar Photovoltaic,PV,,S,X,X,,,3.8, ,3.8,3.8,U,2,2027,2,2027,N,IPP Non-CHP,2,N,SUN,,,,,, ,,,,,,,,,,,,
67838,Pinopolis BESS LLC,70020,Pinopolis BESS,SC,Berkeley,1,Batteries,BA,,W,X,X,,,300, ,300,300,P,9,2027,9,2027,,IPP Non-CHP,2,N,MWH,,,,,, ,,,,,,,,,,,,
65815,Sunraycer Assets I LLC,70021,Staccato BESS,TX,Fayette,STACB,Batteries,BA,,S,X,X,ERCOT:L_WARDA8_1Y,ERCOT:L_WARDA8_1Y,200.5, ,200.5,200.5,T,12,2026,4,2027,N,IPP Non-CHP,2,N,MWH,,,,,, ,,,,,,,,,,,,
49893,Invenergy Services LLC,70022,Decoy Solar Energy LLC,AR,Arkansas,DCYSO,Solar Photovoltaic,PV,,S,X,X,,,155, ,155,155,U,12,2027,12,2027,N,IPP Non-CHP,2,N,SUN,,,,,, ,,,,,,,,,,,,
49893,Invenergy Services LLC,70023,Edgecombe Solar LLC,NC,Edgecombe,EDGCM,Solar Photovoltaic,PV,,S,X,X,,,75, ,75,75,U,9,2027,9,2027,N,IPP Non-CHP,2,N,SUN,,,,,, ,,,,,,,,,,,,
65677,Dimension Energy LLC,70024,Beaver Gross Road Solar LLC,PA,Snyder,BEAVE,Solar Photovoltaic,PV,,S,X,X,,,3, ,3,3,T,3,2028,3,2028,N,IPP Non-CHP,2,N,SUN,,,,,, ,,,,,,,,,,,,
65677,Dimension Energy LLC,70025,Cincinnati CSG 1 LLC,IL,Tazewell,CINC1,Solar Photovoltaic,PV,,S,X,X,,,5, ,5,5,U,10,2026,10,2026,N,IPP Non-CHP,2,N,SUN,,,,,, ,,,,,,,,,,,,
65677,Dimension Energy LLC,70026,Cincinnati CSG 2 LLC,IL,Tazewell,CINC2,Solar Photovoltaic,PV,,S,X,X,,,5, ,5,5,U,10,2026,10,2026,N,IPP Non-CHP,2,N,SUN,,,,,, ,,,,,,,,,,,,
65677,Dimension Energy LLC,70027,Cortland CSG 2 LLC,NY,Cortland,CORT2,Solar Photovoltaic,PV,,S,X,X,,,5, ,5,5,T,10,2026,10,2026,N,IPP Non-CHP,2,N,SUN,,,,,, ,,,,,,,,,,,,
65677,Dimension Energy LLC,70028,Delaware Conrath Road Solar LLC,PA,Northumberland,CONRR,Solar Photovoltaic,PV,,S,X,X,,,3, ,3,3,T,3,2028,3,2028,N,IPP Non-CHP,2,N,SUN,,,,,, ,,,,,,,,,,,,
65677,Dimension Energy LLC,70029,East Windsor Solar 1 LLC,NJ,Mercer,EWIN1,Solar Photovoltaic,PV,,S,X,X,,,1.4, ,1.4,1.4,T,3,2027,3,2027,N,IPP Non-CHP,2,N,SUN,,,,,, ,,,,,,,,,,,,
65677,Dimension Energy LLC,70030,Fabius CSG LLC,NY,Onondaga,FABIU,Solar Photovoltaic,PV,,S,X,X,,,5, ,5,5,T,11,2026,11,2026,N,IPP Non-CHP,2,N,SUN,,,,,, ,,,,,,,,,,,,
65677,Dimension Energy LLC,70031,"Zebrawood Solar, LLC",IL,Hancock,ZEBRA,Solar Photovoltaic,PV,,S,X,X,,,2.5, ,2.5,2.5,U,10,2026,10,2026,N,IPP Non-CHP,2,N,SUN,,,,,, ,,,,,,,,,,,,
65677,Dimension Energy LLC,70032,Liberty Keefer Mill Road Solar LLC,PA,Montour,KEEFE,Solar Photovoltaic,PV,,S,X,X,,,3, ,3,3,T,6,2028,6,2028,N,IPP Non-CHP,2,N,SUN,,,,,, ,,,,,,,,,,,,
67835,White Tank Energy Storage LLC,70033,White Tank Energy Storage,AZ,Maricopa,WT001,Batteries,BA,,S,X,X,,,100, ,100,100,U,3,2027,3,2027,,IPP Non-CHP,2,N,MWH,,,,,, ,,,,,,,,,,,,
67834,"Evlou Solar, LLC",70034,"Evlou Solar, LLC",TX,El Paso,ES,Solar Photovoltaic,PV,,S,X,X,,,250, ,250,250,U,1,2028,1,2028,,IPP Non-CHP,2,N,SUN,,,,,, ,,,,,,,,,,,,
67834,"Evlou Solar, LLC",70034,"Evlou Solar, LLC",TX,El Paso,ESS,Batteries,BA,,S,X,X,,,250, ,250,250,U,1,2028,1,2028,,IPP Non-CHP,2,N,MWH,,,,,, ,,,,,,,,,,,,
67833,"North Star Energy Storage, LLC",70035,"North Star Energy Storage, LLC",MN,Chisago,NSES,Batteries,BA,,S,X,X,,,80, ,80,80,T,4,2027,4,2027,,IPP Non-CHP,2,N,MWH,,,,,, ,,,,,,,,,,,,
65043,Madison Energy Investments LLC,70036,St. Josephs Wayne,NJ,Passaic,SP418,Solar Photovoltaic,PV,,S,X,X,,,2.5, ,2.5,2.5,TS,5,2026,7,2026,,IPP Non-CHP,2,,SUN,,,,,, ,,,,,,,,,,,,
67839,"Generate USF La Mirada, LLC",70040,CA- US Foods- La Mirada,CA,Los Angeles,LMBA,Batteries,BA,,S,X,X,,,1.4, ,1.4,1.4,V,1,2026,7,2026,N,IPP Non-CHP,2,N,MWH,,,,,, ,,,,,,,,,,,,
67839,"Generate USF La Mirada, LLC",70040,CA- US Foods- La Mirada,CA,Los Angeles,LMPV,Solar Photovoltaic,PV,,S,X,X,,,2.6, ,2.6,2.6,V,1,2026,7,2026,N,IPP Non-CHP,2,N,SUN,,,,,, ,,,,,,,,,,,,
61227,Nautilus Solar Solutions,70043,Clover - (IL) CSG,IL,Whiteside,16877,Solar Photovoltaic,PV,,S,X,X,,,5, ,5,5,V,4,2026,5,2026,,IPP Non-CHP,2,N,SUN,,,,,, ,,,,,,,,,,,,
60531,Standard Solar,70044,NL IL Kane Rd CSG,IL,DeKalb,KNERD,Solar Photovoltaic,PV,,S,X,X,,,5, ,5,5,TS,7,2025,6,2026,,IPP Non-CHP,2,N,SUN,,,,,, ,,,,,,,,,,,,
60531,Standard Solar,70045,NL IL Bastian CSG,IL,DeKalb,BASTN,Solar Photovoltaic,PV,,S,X,X,,,5, ,5,5,TS,7,2025,6,2026,,IPP Non-CHP,2,N,SUN,,,,,, ,,,,,,,,,,,,
60531,Standard Solar,70046,OER IL - Groundhog,IL,McHenry,GNDHG,Solar Photovoltaic,PV,,S,X,X,,,2, ,2,2,TS,5,2026,9,2026,,IPP Non-CHP,2,N,SUN,,,,,, ,,,,,,,,,,,,
67843,NextEra Energy Resources - ERCOT,70047,Selenite Springs Solar,TX,Pecos,SSPV,Solar Photovoltaic,PV,,S,X,X,,,250, ,250,250,L,12,2027,12,2027,N,IPP Non-CHP,2,N,SUN,,,,,, ,,,,,,,,,,,,
67844,WEC: City of Milwaukee - Airport Expansion,70048,City of Milwaukee- Airport Expansion,WI,Milwaukee,AIREX,Solar Photovoltaic,PV,,S,X,X,,,4.6, ,4.6,4.6,U,1,2027,9,2026,N,IPP Non-CHP,2,N,SUN,,,,,, ,,,,,,,,,,,,
67845,Sierra Solar LLC,70049,Sierra Solar,AZ,Mohave,NUCPV,Solar Photovoltaic,PV,,S,X,X,,,25, ,25,25,T,6,2027,6,2027,N,IPP Non-CHP,2,N,SUN,,,,,, ,,,,,,,,,,,,
67846,Drennan Energy Storage LLC,70050,Drennan Energy Storage,CO,El Paso,DRENN,Batteries,BA,,S,X,X,,,100, ,100,100,L,3,2028,3,2028,N,IPP Non-CHP,2,N,MWH,,,,,, ,,,,,,,,,,,,
67847,Kearsarge Grissom LLC,70051,Kearsarge Grissom,NH,Sullivan,GRISS,Solar Photovoltaic,PV,,S,X,X,,,4, ,4,4,U,7,2026,9,2026,N,IPP Non-CHP,2,N,SUN,,,,,, ,,,,,,,,,,,,
67842,Ferrovial Energy US,70052,Misae Solar IV LLC,TX,Leon,LEON,Solar Photovoltaic,PV,,S,X,X,,,209, ,209,209,TS,7,2026,9,2026,N,IPP Non-CHP,2,N,SUN,,,,,, ,,,,,,,,,,,,
67848,"South Platte Storage, LLC",70053,South Platte Storage,CO,Morgan,SP250,Batteries,BA,,S,X,X,,,250, ,250,250,T,6,2027,6,2027,N,IPP Non-CHP,2,N,MWH,,,,,, ,,,,,,,,,,,,
15399,Avangrid Power LLC,70055,Allen Acres Solar,IL,LaSalle,AA1,Solar Photovoltaic,PV,,S,X,X,,,150, ,150,150,P,5,2029,5,2029,N,IPP Non-CHP,2,N,SUN,,,,,, ,,,,,,,,,,,,
60531,Standard Solar,70056,CE DE - Harbeson,DE,Sussex,HRBSN,Solar Photovoltaic,PV,,S,X,X,,,4, ,4,4,TS,7,2026,5,2026,,IPP Non-CHP,2,N,SUN,,,,,, ,,,,,,,,,,,,
67853,"Kewanee Renewables, LLC",70064,IL - Nexamp Kewanee,IL,Henry,KWNEE,Solar Photovoltaic,PV,,S,X,X,,,5, ,5,5,U,5,2026,5,2026,N,IPP Non-CHP,2,N,SUN,,,,,, ,,,,,,,,,,,,
67854,"Percy Renewables 1, LLC",70065,IL - Nexamp Percy (CSG),IL,Randolph,PERCY,Solar Photovoltaic,PV,,S,X,X,,,5, ,5,5,U,2,2026,2,2026,N,IPP Non-CHP,2,N,SUN,,,,,, ,,,,,,,,,,,,
67855,CVE US PA Bigler 409 LLC,70075,Bigler - PA 0409 (Flango 1),PA,Clearfield,409,Solar Photovoltaic,PV,,S,X,X,,,3, ,3,3,U,5,2027,11,2027,N,IPP Non-CHP,2,N,SUN,,,,,, ,,,,,,,,,,,,
67856,CVE US PA Bigler 436 LLC,70076,Bigler - PA 0436 (Flango 2),PA,Clearfield,436,Solar Photovoltaic,PV,,S,X,X,,,3, ,3,3,U,2,2027,2,2028,N,IPP Non-CHP,2,N,SUN,,,,,, ,,,,,,,,,,,,
67857,CVE US PA Bigler 437 LLC,70077,Bigler - PA 0437 (Flango 3),PA,Clearfield,437,Solar Photovoltaic,PV,,S,X,X,,,3, ,3,3,U,3,2027,12,2027,,IPP Non-CHP,2,N,SUN,,,,,, ,,,,,,,,,,,,
67858,CVE US PA Bigler 438 LLC,70078,Bigler - PA 0438 (Flango 4),PA,Clearfield,438,Solar Photovoltaic,PV,,S,X,X,,,2, ,2,2,U,3,2027,12,2027,N,IPP Non-CHP,2,N,SUN,,,,,, ,,,,,,,,,,,,
67859,CVE US PA BUCKINGHAM 151 LLC,70079,Buckingham - PA 0151 (Crea),PA,Wayne,151,Solar Photovoltaic,PV,,S,X,X,,,3, ,3,3,U,11,2026,11,2027,N,IPP Non-CHP,2,N,SUN,,,,,, ,,,,,,,,,,,,
67860,CVE US PA Burrell 396 LLC,70080,Burrell - PA 0396 (Copeland),PA,Armstrong,396,Solar Photovoltaic,PV,,S,X,X,,,3, ,3,3,U,11,2027,11,2027,,IPP Non-CHP,2,N,SUN,,,,,, ,,,,,,,,,,,,
67861,CVE US PA Dayton 379 LLC,70081,CVE US PA Dayton 379,PA,Armstrong,379,Solar Photovoltaic,PV,,S,X,X,,,3, ,3,3,U,11,2026,11,2027,,IPP Non-CHP,2,N,SUN,,,,,, ,,,,,,,,,,,,
67862,CVE US PA Dayton 404 LLC,70082,Dayton - PA 0404 (Good East),PA,Armstrong,404,Solar Photovoltaic,PV,,S,X,X,,,2.5, ,2.5,2.5,U,10,2026,12,2027,N,IPP Non-CHP,2,N,SUN,,,,,, ,,,,,,,,,,,,
67863,CVE US PA Jones 399 LLC,70083,Jones - PA 0399 (Rhodes),PA,Elk,399,Solar Photovoltaic,PV,,S,X,X,,,3, ,3,3,U,11,2026,11,2027,N,IPP Non-CHP,2,N,SUN,,,,,, ,,,,,,,,,,,,
67864,"Alligator Creek Solar, LLC",70084,Alligator Creek Solar,GA,Wheeler,AC,Solar Photovoltaic,PV,,S,X,X,,,80, ,80,80,P,9,2026,9,2026,N,IPP Non-CHP,2,N,SUN,,,,,, ,,,,,,,,,,,,
63689,"Wonderful Renewable Energy, LLC.",70085,North Kern Water Storage District,CA,Kern,NKWSD,Solar Photovoltaic,PV,,S,X,X,,,3, ,3,3,V,4,2026,6,2026,,Industrial Non-CHP,6,N,SUN,,,,,, ,,,,,,,,,,,,
63689,"Wonderful Renewable Energy, LLC.",70086,Ranch 3461,CA,Kern,3461,Solar Photovoltaic,PV,,S,X,X,,,2.8, ,2.8,2.8,V,4,2026,6,2026,,Industrial Non-CHP,6,N,SUN,,,,,, ,,,,,,,,,,,,
63689,"Wonderful Renewable Energy, LLC.",70087,Inland Empire,CA,Kern,INLAN,Solar Photovoltaic,PV,,S,X,X,,,1.8, ,1.8,1.8,V,4,2026,6,2026,,Industrial Non-CHP,6,N,SUN,,,,,, ,,,,,,,,,,,,
63689,"Wonderful Renewable Energy, LLC.",70088,Rosedale,CA,Kern,ROSED,Solar Photovoltaic,PV,,S,X,X,,,1.8, ,1.8,1.8,V,4,2026,6,2026,,Industrial Non-CHP,6,N,SUN,,,,,, ,,,,,,,,,,,,
67865,"Murch Solar, LLC",70089,"Murch Solar, LLC",MI,Van Buren,MURCH,Solar Photovoltaic,PV,,S,X,X,,,85, ,85,85,P,1,2027,1,2027,N,IPP Non-CHP,2,N,SUN,,,,,, ,,,,,,,,,,,,
67867,"Snapdragon Solar, LLC",70090,"Snapdragon Solar, LLC",IL,Perry,SNPDR,Solar Photovoltaic,PV,,S,X,X,,,28, ,28,28,P,12,2026,12,2026,N,IPP Non-CHP,2,N,SUN,,,,,, ,,,,,,,,,,,,
63689,"Wonderful Renewable Energy, LLC.",70091,Blankenship,CA,Kern,BLANK,Solar Photovoltaic,PV,,S,X,X,,,1, ,1,1,V,4,2026,6,2026,,Industrial Non-CHP,6,N,SUN,,,,,, ,,,,,,,,,,,,
67868,"Two Blues Solar, LLC",70092,"Two Blues Solar, LLC",IL,Perry,2BLUE,Solar Photovoltaic,PV,,S,X,X,,,40, ,40,40,P,1,2027,1,2027,N,IPP Non-CHP,2,N,SUN,,,,,, ,,,,,,,,,,,,
67869,"Delaware Ranch Solar, LLC",70093,Wallace Solar - (TX),TX,Culberson,WSPV1,Solar Photovoltaic,PV,,S,X,X,,,36, ,36,36,TS,11,2026,11,2026,N,Industrial Non-CHP,6,N,SUN,,,,,, ,,,,,,,,,,,,
65869,Prologis Logistics Services Incorporated,70094,Mid Counties DC 45 - sllax345,CA,Los Angeles,LA345,Solar Photovoltaic,PV,,S,X,X,,,2.2, ,2.2,2.2,U,5,2026,6,2026,N,IPP Non-CHP,2,N,SUN,,,,,, ,,,,,,,,,,,,
65869,Prologis Logistics Services Incorporated,70095,Perris DC 5 - sline015,CA,Riverside,IN015,Solar Photovoltaic,PV,,S,X,X,,,1.6, ,1.6,1.6,U,6,2026,9,2026,N,IPP Non-CHP,2,N,SUN,,,,,, ,,,,,,,,,,,,
13781,Northern States Power Co - Minnesota,70097,Sherco BESS,MN,Sherburne,SSB,Batteries,BA,,S,X,X,,,300, ,300,300,U,12,2027,12,2027,N,Electric Utility,1,N,MWH,,,,,, ,,,,,,,,,,,,
13781,Northern States Power Co - Minnesota,70097,Sherco BESS,MN,Sherburne,SWB,Batteries,BA,,S,X,X,,,300, ,300,300,U,11,2027,11,2027,N,Electric Utility,1,N,MWH,,,,,, ,,,,,,,,,,,,
13781,Northern States Power Co - Minnesota,70098,Blue Lake BESS,MN,Scott,BEB,Batteries,BA,,S,X,X,,,135.5,0.95,135.5,135.5,U,5,2027,5,2027,N,Electric Utility,1,N,MWH,,,,,, ,,,,,,,,,,,,
65539,Pivot Energy,70099,Pivot Energy IL 7 LLC,IL,Logan,IL007,Solar Photovoltaic,PV,,S,X,X,,,1.4, ,1.4,1.4,V,7,2026,9,2026,N,IPP Non-CHP,2,N,SUN,,,,,, ,,,,,,,,,,,,
65539,Pivot Energy,70100,Pivot Energy IL 70 LLC,IL,Boone,IL070,Solar Photovoltaic,PV,,S,X,X,,,5, ,5,5,V,8,2026,2,2027,N,IPP Non-CHP,2,N,SUN,,,,,, ,,,,,,,,,,,,
65539,Pivot Energy,70101,Pivot Energy PPA 29 LLC,CA,Placer,PA29B,Batteries,BA,,S,X,X,,,0.1, ,0.1,0.1,V,8,2026,11,2026,N,IPP Non-CHP,2,N,MWH,,,,,, ,,,,,,,,,,,,
65539,Pivot Energy,70101,Pivot Energy PPA 29 LLC,CA,Placer,PPA29,Solar Photovoltaic,PV,,S,X,X,,,2.2, ,2.2,2.2,V,8,2026,11,2026,N,IPP Non-CHP,2,N,SUN,,,,,, ,,,,,,,,,,,,
65539,Pivot Energy,70102,Pivot Solar 33 LLC,CO,Weld,PS33,Solar Photovoltaic,PV,,S,X,X,,,5, ,5,5,V,7,2026,1,2027,N,IPP Non-CHP,2,N,SUN,,,,,, ,,,,,,,,,,,,
65539,Pivot Energy,70103,Pivot Solar 43 LLC,CO,Adams,PS43,Solar Photovoltaic,PV,,S,X,X,,,3.5, ,3.5,3.5,V,8,2026,9,2026,N,IPP Non-CHP,2,N,SUN,,,,,, ,,,,,,,,,,,,
65539,Pivot Energy,70104,Pivot Solar 53 LLC,CO,Adams,PS53,Solar Photovoltaic,PV,,S,X,X,,,4, ,4,4,V,8,2026,11,2026,N,IPP Non-CHP,2,N,SUN,,,,,, ,,,,,,,,,,,,
60059,ZGlobal Inc,70105,Gardenia 1,CA,Kings,GDNAB,Batteries,BA,,W,X,X,,,3,0.8,3,3,P,6,2027,6,2027,N,IPP Non-CHP,2,N,MWH,,,,,, ,,,,,,,,,,,,
60059,ZGlobal Inc,70105,Gardenia 1,CA,Kings,GDNAS,Solar Photovoltaic,PV,,W,X,X,,,3,0.8,3,3,P,6,2027,6,2027,N,IPP Non-CHP,2,N,SUN,,,,,, ,,,,,,,,,,,,
60059,ZGlobal Inc,70106,Jade Solar 3,CA,Madera,JADEB,Batteries,BA,,W,X,X,,,1.5,0.8,1.5,1.5,P,6,2027,6,2027,N,IPP Non-CHP,2,N,MWH,,,,,, ,,,,,,,,,,,,
60059,ZGlobal Inc,70106,Jade Solar 3,CA,Madera,JADES,Solar Photovoltaic,PV,,W,X,X,,,1.5,0.8,1.5,1.5,P,6,2027,6,2027,N,IPP Non-CHP,2,N,SUN,,,,,, ,,,,,,,,,,,,
12341,MidAmerican Energy Co,70107,Mills Solar Project,IA,Mills,MSP,Solar Photovoltaic,PV,,S,X,X,,,50,0.95,50,50,T,12,2026,12,2026,N,Electric Utility,1,N,SUN,,,,,, ,,,,,,,,,,,,
67866,"Pike Solar, LLC",70108,PIKE Solar,IL,Fayette,PIKE,Solar Photovoltaic,PV,,S,X,X,,,18, ,18,18,P,11,2026,11,2026,N,IPP Non-CHP,2,N,SUN,,,,,, ,,,,,,,,,,,,
64904,AES Clean Energy,70109,Jasmine,CA,Kern,JASBE,Batteries,BA,,S,X,X,,,64.4, ,64.4,64.4,V,4,2027,5,2027,N,IPP Non-CHP,2,N,MWH,,,,,, ,,,,,,,,,,,,
64904,AES Clean Energy,70109,Jasmine,CA,Kern,JASMI,Solar Photovoltaic,PV,,S,X,X,,,70, ,70,70,V,12,2026,5,2027,N,IPP Non-CHP,2,N,SUN,,,,,, ,,,,,,,,,,,,
67870,Swire Coca-Cola,70112,Swire Coca-Cola Draper,UT,Salt Lake,11794,Solar Photovoltaic,PV,,S,X,X,14.36,,2.1, ,2.1,1.7,V,2,2027,1,2026,N,Commercial Non-CHP,4,N,SUN,,,,,, ,,,,,,,,,,,,
67884,CVE US PA New Alexandria 363 LLC,70114,New Alexandria  - PA 0363 (Weimer North),PA,Westmoreland,363,Solar Photovoltaic,PV,,S,X,X,,,1.5, ,1.5,1.5,U,6,2027,12,2027,N,IPP Non-CHP,2,N,SUN,,,,,, ,,,,,,,,,,,,
67897,"Clay Creek Energy, LLC",70115,Fort Lyon Solar,CO,Bent,GEN1,Solar Photovoltaic,PV,,S,X,X,,,1.8, ,1.8,1.8,L,12,2026,2,2027,,IPP Non-CHP,2,N,SUN,,,,,, ,,,,,,,,,,,,
67897,"Clay Creek Energy, LLC",70116,La Junta Solar,CO,Otero,GEN1,Solar Photovoltaic,PV,,S,X,X,,,4.8, ,4.8,4.8,L,12,2026,2,2027,N,IPP Non-CHP,2,N,SUN,,,,,, ,,,,,,,,,,,,
67897,"Clay Creek Energy, LLC",70117,Lamar Solar,CO,Prowers,GEN1,Solar Photovoltaic,PV,,S,X,X,,,4.8, ,4.8,4.8,L,12,2026,2,2027,N,IPP Non-CHP,2,N,SUN,,,,,, ,,,,,,,,,,,,
67897,"Clay Creek Energy, LLC",70118,Trinidad Solar,CO,Las Animas,GEN1,Solar Photovoltaic,PV,,S,X,X,,,1.8, ,1.8,1.8,L,12,2026,2,2027,N,IPP Non-CHP,2,N,SUN,,,,,, ,,,,,,,,,,,,
67898,"Raceway Solar, LLC",70119,Raceway Solar - (CO),CO,Morgan,GEN1,Solar Photovoltaic,PV,,S,X,X,,,7, ,7,7,L,12,2026,3,2027,,IPP Non-CHP,2,N,SUN,,,,,, ,,,,,,,,,,,,
67885,CVE US PA New Alexandria 185 LLC,70120,New Alexandria - PA 0185 (Weimer),PA,Westmoreland,185,Solar Photovoltaic,PV,,S,X,X,,,3, ,3,3,U,6,2026,12,2027,N,IPP Non-CHP,2,N,SUN,,,,,, ,,,,,,,,,,,,
67886,CVE US VA Petersburg 224 LLC,70123,Petersburg - VA 0224 (Murphy),VA,Chesterfield,224,Solar Photovoltaic,PV,,S,X,X,,,2.6, ,2.6,2.6,U,6,2026,12,2027,N,IPP Non-CHP,2,N,SUN,,,,,, ,,,,,,,,,,,,
67887,CVE US PA Roulette 467 LLC,70126,Roulette - PA 0467,PA,Potter,467,Solar Photovoltaic,PV,,S,X,X,,,2.6, ,2.6,2.6,U,6,2027,12,2027,N,IPP Non-CHP,2,N,SUN,,,,,, ,,,,,,,,,,,,
67888,CVE US PA Roulette 479 LLC,70128,Roulette - PA 0479,PA,Potter,479,Solar Photovoltaic,PV,,S,X,X,,,1.1, ,1.1,1.1,U,6,2027,12,2027,N,IPP Non-CHP,2,N,SUN,,,,,, ,,,,,,,,,,,,
67889,CVE US VA Suffolk 141 LLC,70130,Suffolk - VA 0141 (Johnson South),VA,Suffolk City,141,Solar Photovoltaic,PV,,S,X,X,,,5, ,5,5,U,11,2026,11,2027,,IPP Non-CHP,2,N,SUN,,,,,, ,,,,,,,,,,,,
67890,CVE US VA Patterson 426 LLC,70132,Waynesboro - VA 0426 (Patterson B),VA,Augusta,426,Solar Photovoltaic,PV,,S,X,X,,,5, ,5,5,U,10,2026,11,2027,N,IPP Non-CHP,2,N,SUN,,,,,, ,,,,,,,,,,,,
67891,CVE US NY Westhampton 243 LLC,70134,Westhampton - NY 0243 (Giaquinto 1),NY,Suffolk,243,Solar Photovoltaic,PV,,S,X,X,,,5, ,5,5,U,9,2026,9,2027,N,IPP Non-CHP,2,N,SUN,,,,,, ,,,,,,,,,,,,
67901,Swenson Solar LLC,70135,Swenson Solar,TX,Stonewall,SWNSN,Solar Photovoltaic,PV,,S,X,X,,,600, ,600,600,U,11,2026,11,2026,N,IPP Non-CHP,2,N,SUN,,,,,, ,,,,,,,,,,,,
67900,Morel Energy Storage LLC,70136,Morel Energy Storage,CO,Moffat,MORL1,Batteries,BA,,S,X,X,,,200, ,200,200,T,12,2030,12,2030,N,IPP Non-CHP,2,N,MWH,,,,,, ,,,,,,,,,,,,
67912,"Dry Land Prairie Energy Storage, LLC",70137,Dry Land Prairie Energy Storage,CO,Cheyenne,DL250,Batteries,BA,,S,X,X,,,250, ,250,250,T,12,2026,12,2026,,IPP Non-CHP,2,N,MWH,,,,,, ,,,,,,,,,,,,
67914,Crawfish Creek Energy Storage LLC,70138,Crawfish Creek Energy Storage,AL,Jackson,CRAW1,Batteries,BA,,S,X,X,,,200,0.95,200,200,T,6,2029,6,2029,N,IPP Non-CHP,2,N,MWH,,,,,, ,,,,,,,,,,,,
67896,CVE US PA Kittanning 406 LLC,70164,Kittanning - PA 0406 (Hoeter B),PA,Armstrong,406,Solar Photovoltaic,PV,,S,X,X,,,3, ,3,3,U,12,2028,12,2028,N,IPP Non-CHP,2,N,SUN,,,,,, ,,,,,,,,,,,,
67903,CVE US PA Kittanning 407 LLC,70165,Kittanning - PA 0407 (Hoeter C),PA,Armstrong,407,Solar Photovoltaic,PV,,S,X,X,,,3, ,3,3,U,12,2028,12,2028,N,IPP Non-CHP,2,N,SUN,,,,,, ,,,,,,,,,,,,
67904,CVE US PA Latrobe 385 LLC,70166,Unity - PA 0385 (Soccerhound),PA,Clearfield,385,Solar Photovoltaic,PV,,S,X,X,,,3, ,3,3,U,11,2027,11,2027,N,IPP Non-CHP,2,N,SUN,,,,,, ,,,,,,,,,,,,
67905,CVE US PA Latrobe 408 LLC,70167,Latrobe - PA 0408 (Soccerhound B),PA,Clearfield,408,Solar Photovoltaic,PV,,S,X,X,,,1, ,1,1,U,1,2027,12,2027,N,IPP Non-CHP,2,N,SUN,,,,,, ,,,,,,,,,,,,
67906,CVE US PA Monroe 485 LLC,70168,Monroe - PA 0485 (Lawrence),PA,Clarion,485,Solar Photovoltaic,PV,,S,X,X,,,2.4, ,2.4,2.4,U,2,2027,12,2027,N,IPP Non-CHP,2,N,SUN,,,,,, ,,,,,,,,,,,,
67907,CVE US PA Monroe 486 LLC,70169,Monroe - PA 0486 (Acey),PA,Clarion,486,Solar Photovoltaic,PV,,S,X,X,,,3, ,3,3,U,2,2027,12,2027,N,IPP Non-CHP,2,N,SUN,,,,,, ,,,,,,,,,,,,
67908,CVE US PA Jones 429 LLC,70170,Jones - PA 0429 (Rhodes South),PA,Elk,429,Solar Photovoltaic,PV,,S,X,X,,,3, ,3,3,U,10,2026,10,2027,N,IPP Non-CHP,2,N,SUN,,,,,, ,,,,,,,,,,,,
67909,CVE US PA Kane 187 LLC,70171,Wetmore - PA 0187 (Chittester),PA,McKean,187,Solar Photovoltaic,PV,,S,X,X,,,3, ,3,3,U,11,2026,11,2027,N,IPP Non-CHP,2,N,SUN,,,,,, ,,,,,,,,,,,,
67910,CVE US PA Kittanning 383 LLC,70172,Kittanning - PA 0383 (Hoeter),PA,Armstrong,383,Solar Photovoltaic,PV,,S,X,X,,,3, ,3,3,U,11,2027,11,2027,N,IPP Non-CHP,2,N,SUN,,,,,, ,,,,,,,,,,,,
67843,NextEra Energy Resources - ERCOT,70175,ZSS Solar,TX,Knox,ZSPV,Solar Photovoltaic,PV,,S,X,X,,,450, ,450,450,T,12,2027,12,2027,N,IPP Non-CHP,2,N,SUN,,,,,, ,,,,,,,,,,,,
64904,AES Clean Energy,70176,Kieser,IL,McLean,KIESE,Solar Photovoltaic,PV,,S,X,X,,,5, ,5,5,U,9,2026,9,2026,N,IPP Non-CHP,2,N,SUN,,,,,, ,,,,,,,,,,,,
64904,AES Clean Energy,70177,Allen CSG,IL,Peoria,ALLEN,Solar Photovoltaic,PV,,S,X,X,,,5, ,5,5,U,9,2026,1,2027,N,IPP Non-CHP,2,N,SUN,,,,,, ,,,,,,,,,,,,
67917,RE Cobalt LLC,70178,Cobalt,CA,Riverside,CBLT,Solar Photovoltaic,PV,,S,X,X,,,250, ,250,250,T,8,2027,8,2027,N,IPP Non-CHP,2,N,SUN,,,,,, ,,,,,,,,,,,,
65869,Prologis Logistics Services Incorporated,70181,Prologis - SLCNJ001 - Community Solar,NJ,Middlesex,CN001,Solar Photovoltaic,PV,,S,X,X,,,3.2, ,3.2,3.2,U,3,2026,9,2026,N,IPP Non-CHP,2,N,SUN,,,,,, ,,,,,,,,,,,,
67915,Steger Road Solar 1 LLC,70182,Steger,IL,Cook,PV1,Solar Photovoltaic,PV,,S,X,X,,,2, ,2,2,U,7,2026,8,2026,N,IPP Non-CHP,2,N,SUN,,,,,, ,,,,,,,,,,,,
67918,"Flatland Solar Energy, LLC",70183,Flatland Solar,TX,Scurry,FSPV,Solar Photovoltaic,PV,,S,X,X,,,180, ,180,180,L,11,2027,11,2027,N,IPP Non-CHP,2,N,SUN,,,,,, ,,,,,,,,,,,,
67913,"11601 Copenhagen Ct, LLC",70185,Copenhagen Ct,IL,Cook,PV1,Solar Photovoltaic,PV,,S,X,X,,,3.5, ,3.5,3.5,U,7,2026,8,2026,N,IPP Non-CHP,2,N,SUN,,,,,, ,,,,,,,,,,,,
66571,Clenera DevCo LLC,70186,Solstice Solar LLC,OK,Le Flore,SOLBS,Batteries,BA,,S,X,X,,,200,1,200,200,P,12,2029,12,2029,,IPP Non-CHP,2,N,MWH,,,,,, ,,,,,,,,,,,,
66571,Clenera DevCo LLC,70186,Solstice Solar LLC,OK,Le Flore,SOLPV,Solar Photovoltaic,PV,,S,X,X,,,200,1,200,200,P,12,2029,12,2029,,IPP Non-CHP,2,N,SUN,,,,,, ,,,,,,,,,,,,
12685,Entergy Mississippi LLC,70187,Traceview Advanced Power Station,MS,Madison,CT1,Natural Gas Fired Combined Cycle,CT,CC1,S,X,Y,,,477.7,0.85,422.8,547.5,U,8,2028,8,2028,N,Electric Utility,1,N,NG,,,,,, ,,,,,,,,N,,N,N,
12685,Entergy Mississippi LLC,70187,Traceview Advanced Power Station,MS,Madison,ST1,Natural Gas Fired Combined Cycle,CA,CC1,S,Y,X,,,341.7,0.85,291.9,292.4,U,8,2028,8,2028,N,Electric Utility,1,N,NG,,,,,, ,,,,,,,,N,N,N,N,
67929,"Weld Energy Storage, LLC",70188,Weld Energy Storage,CO,Weld,WES01,Batteries,BA,,S,X,X,,,100, ,100,100,L,12,2026,12,2026,N,IPP Non-CHP,2,N,MWH,,,,,, ,,,,,,,,,,,,
67919,"Romero Energy Center, LLC",70193,Romero Energy Center,AZ,Maricopa,REC01,Batteries,BA,,S,X,X,,,225, ,225,225,U,6,2027,6,2027,,IPP Non-CHP,2,N,MWH,,,,,, ,,,,,,,,,,,,
67920,"Romero Energy Center II, LLC",70194,"Romero Energy Center II, LLC",AZ,Maricopa,REC02,Batteries,BA,,S,X,X,,,225, ,225,225,U,6,2028,6,2028,,IPP Non-CHP,2,N,MWH,,,,,, ,,,,,,,,,,,,
67923,"Mammoth Plains Energy Storage, LLC",70195,Mammoth Plains Energy Storage,OK,Dewey,MAMM1,Batteries,BA,,S,X,X,,,150, ,150,150,P,11,2027,11,2027,,IPP Non-CHP,2,N,MWH,,,,,, ,,,,,,,,,,,,
65539,Pivot Energy,70196,"DEL022-30423B Thorogoods Rd, LLC",DE,Sussex,DEL22,Solar Photovoltaic,PV,,S,X,X,,,2, ,2,2,V,9,2026,1,2027,N,IPP Non-CHP,2,N,SUN,,,,,, ,,,,,,,,,,,,
67924,"Lorenzo Energy Storage, LLC",70197,Lorenzo Energy Storage,TX,Crosby,LORE1,Batteries,BA,,S,X,X,,,50, ,50,50,P,11,2027,11,2027,,IPP Non-CHP,2,N,MWH,,,,,, ,,,,,,,,,,,,
65539,Pivot Energy,70198,"CF IL Solar Marigold Lane, Flora2 LLC",IL,Clay,FLOR2,Solar Photovoltaic,PV,,S,X,X,,,2, ,2,2,V,9,2026,11,2026,N,IPP Non-CHP,2,N,SUN,,,,,, ,,,,,,,,,,,,
67925,"Palo Duro Energy Storage, LLC",70199,Palo Duro Energy Storage,TX,Ochiltree,PALO1,Batteries,BA,,S,X,X,,,150, ,150,150,P,11,2027,11,2027,,IPP Non-CHP,2,N,MWH,,,,,, ,,,,,,,,,,,,
67895,Concho County Solar 1 LLC,70200,Lucy Solar,TX,Concho,64205,Solar Photovoltaic,PV,,S,X,X,,,351.3, ,351.3,351.3,V,6,2027,7,2027,N,IPP Non-CHP,2,N,SUN,,,,,, ,,,,,,,,,,,,
65539,Pivot Energy,70201,Pivot Solar 50 LLC,CO,Weld,PS50,Solar Photovoltaic,PV,,S,X,X,,,4, ,4,4,V,9,2026,9,2026,N,IPP Non-CHP,2,N,SUN,,,,,, ,,,,,,,,,,,,
65539,Pivot Energy,70202,Pivot Solar 56 LLC,CO,Weld,PS56,Solar Photovoltaic,PV,,S,X,X,,,3.6, ,3.6,3.6,V,9,2026,2,2027,N,IPP Non-CHP,2,N,SUN,,,,,, ,,,,,,,,,,,,
67725,"TerraForm Power Operating, LLC",70203,Bealeton Solar,VA,Fauquier,GEN1,Solar Photovoltaic,PV,,S,X,X,,,14.2, ,14,14,L,3,2027,3,2027,N,IPP Non-CHP,2,N,SUN,,,,,, ,,,,,,,,,,,,
67930,Cantaloupe Solar - ERCOT,70204,Cantaloupe Solar,TX,Reeves,CANPV,Solar Photovoltaic,PV,,S,X,X,,,300, ,300,300,U,12,2027,12,2027,,IPP Non-CHP,2,N,SUN,,,,,, ,,,,,,,,,,N,,
65539,Pivot Energy,70205,Bureau Solar 2 LLC,IL,Bureau,BURS2,Solar Photovoltaic,PV,,S,X,X,,,2.5, ,2.5,2.5,V,9,2026,9,2026,,IPP Non-CHP,2,N,SUN,,,,,, ,,,,,,,,,,,,
65539,Pivot Energy,70206,Pivot Solar 57 LLC,CO,Mesa,PS57,Solar Photovoltaic,PV,,S,X,X,,,2, ,2,2,V,9,2026,9,2026,,IPP Non-CHP,2,N,SUN,,,,,, ,,,,,,,,,,,,
65539,Pivot Energy,70207,Pivot Solar 60 LLC,CO,Weld,PS60,Solar Photovoltaic,PV,,S,X,X,,,1.1, ,1.1,1.1,V,9,2026,10,2026,N,IPP Non-CHP,2,N,SUN,,,,,, ,,,,,,,,,,,,
67931,"NY Fallsburg II, LLC",70210,Cypert - Fallsburg I,NY,Sullivan,PV1,Solar Photovoltaic,PV,,S,X,X,,,5, ,5,5,P,6,2027,6,2027,,IPP Non-CHP,2,N,SUN,,,,,, ,,,,,,,,,,,,
67875,"Selma Energy Center, LLC",70218,Selma Energy Center,AZ,Pinal,SEL1B,Batteries,BA,,S,X,X,,,150, ,150,150,U,12,2027,12,2027,,IPP Non-CHP,2,N,MWH,,,,,, ,,,,,,,,N,,N,,
67875,"Selma Energy Center, LLC",70218,Selma Energy Center,AZ,Pinal,SEL1S,Solar Photovoltaic,PV,,S,X,X,,,125, ,125,125,U,12,2027,12,2027,,IPP Non-CHP,2,N,SUN,,,,,, ,,,,,,,,N,N,N,,
67876,"Valley Farms Energy Center, LLC",70219,Valley Farms Energy Center,AZ,Pinal,VALLE,Batteries,BA,,S,X,X,,,400, ,400,400,U,12,2027,12,2027,N,IPP Non-CHP,2,N,MWH,,,,,, ,,,,,,,,N,N,N,,
5416,"Duke Energy Carolinas, LLC",70220,Robinson Solar Plant,SC,Chesterfield,RSP1,Solar Photovoltaic,PV,,S,X,X,,,76, ,76,76,L,12,2027,12,2027,N,Electric Utility,1,N,SUN,,,,,, ,,,,,,,,,,,,
5416,"Duke Energy Carolinas, LLC",70221,Hudson Place Solar Plant,SC,Newberry,HPSP1,Solar Photovoltaic,PV,,S,X,X,,,70.7, ,70.7,70.7,L,1,2028,1,2028,N,Electric Utility,1,N,SUN,,,,,, ,,,,,,,,,,,,
6455,"Duke Energy Florida, LLC",70222,Lonesome Camp Solar Plant,FL,Osceola,LCSP1,Solar Photovoltaic,PV,,S,X,X,,,74.9, ,74.9,74.9,V,4,2027,4,2027,N,Electric Utility,1,N,SUN,,,,,, ,,,,,,,,,,,,
6455,"Duke Energy Florida, LLC",70223,Turnpike Solar Plant,FL,Osceola,TPSP1,Solar Photovoltaic,PV,,S,X,X,,,74.9, ,74.9,74.9,V,2,2027,2,2027,N,Electric Utility,1,N,SUN,,,,,, ,,,,,,,,,,,,
15399,Avangrid Power LLC,70225,Shutler Energy Storage,OR,Gilliam,SES,Batteries,BA,,S,X,X,,,41, ,41,41,U,3,2028,3,2028,N,IPP Non-CHP,2,N,MWH,,,,,, ,,,,,,,,,,,,
11018,Lincoln Electric System,70226,2nd & N BESS,NE,Lancaster,1,Batteries,BA,,S,X,X,LES8_NLD8_N2,LES8_NLD8_N2,3, ,3,2.9,V,10,2025,7,2026,,Electric Utility,1,N,MWH,,,,,, ,,,,,,,,,,,,
60531,Standard Solar,70227,AC IL - Lockport East,IL,Will,LOCKE,Solar Photovoltaic,PV,,S,X,X,,,3.1, ,3.1,3.1,TS,6,2026,10,2026,N,IPP Non-CHP,2,N,SUN,,,,,, ,,,,,,,,,,,,
60531,Standard Solar,70228,AC IL - Lockport West,IL,Will,LOCKW,Solar Photovoltaic,PV,,S,X,X,,,3.4, ,3.4,3.4,TS,6,2026,10,2026,N,IPP Non-CHP,2,N,SUN,,,,,, ,,,,,,,,,,,,
61980,Valta Energy,70229,"VS HW Napa A, LLC",CA,San Bernardino,1141,Solar Photovoltaic,PV,,S,X,X,,,3, ,3,3,V,4,2026,4,2026,,Commercial Non-CHP,4,N,SUN,,,,,, ,,,,,,,,,,,,
61980,Valta Energy,70230,VS BI 4th St. RCMU LLC,CA,San Bernardino,1433,Solar Photovoltaic,PV,,S,X,X,,,3.2, ,3.2,3.2,V,4,2026,4,2026,,Commercial Non-CHP,4,N,SUN,,,,,, ,,,,,,,,,,,,
67449,"East Point Energy, LLC",70231,"Bethlehem Energy Center, LLC - (VA)",VA,Prince William,BETHL,Batteries,BA,,S,X,X,RAILRDDP230 KV NOVECLD1,RAILRDDP230 KV NOVECLD1,20, ,20,20,U,10,2026,10,2026,,IPP Non-CHP,2,N,MWH,,,,,, ,,,,,,,,,,,,
67449,"East Point Energy, LLC",70232,"Evergreen Energy Center, LLC",VA,Loudoun,EVERG,Batteries,BA,,S,X,X,BRAMBLET230 KV NOVEC1,BRAMBLET230 KV NOVEC1,20, ,20,20,V,7,2026,9,2026,,IPP Non-CHP,2,N,MWH,,,,,, ,,,,,,,,,,,,
67449,"East Point Energy, LLC",70233,"Railroad Energy Center, LLC",VA,Prince William,RAILR,Batteries,BA,,S,X,X,RAILRDDP230 KV NOVECLD1,RAILRDDP230 KV NOVECLD1,20, ,20,20,U,10,2026,10,2026,,IPP Non-CHP,2,N,MWH,,,,,, ,,,,,,,,,,,,
67449,"East Point Energy, LLC",70234,"Reid Energy Center, LLC",VA,Prince William,REID,Batteries,BA,,S,X,X,VINTHLDP230 KV,VINTHLDP230 KV,20, ,20,20,L,12,2026,12,2026,,IPP Non-CHP,2,N,MWH,,,,,, ,,,,,,,,,,,,
67960,Mulqueeney Wind Energy LLC,70235,Mulqueeney Wind Energy,CA,Alameda,68372,Onshore Wind Turbine,WT,,S,X,X,,,80, ,80,80,V,10,2026,10,2026,N,IPP Non-CHP,2,N,WND,,,,,,19,,,,,,,,,,,,
67945,Sierra Luna Energy Storage LLC,70236,Sierra Luna Energy Storage,AZ,Maricopa,SLRN1,Batteries,BA,,S,X,X,,,150,0.95,150,150,P,12,2030,12,2030,N,IPP Non-CHP,2,N,MWH,,,,,, ,,,,,,,,,,,,
67946,Mule Shoe Energy Storage LLC,70237,Mule Shoe Energy Storage,TX,Yoakum,MULE1,Batteries,BA,,S,X,X,,,207,0.95,207,207,T,8,2028,8,2028,N,IPP Non-CHP,2,N,MWH,,,,,, ,,,,,,,,,,,,
67947,Roadhouse Energy Storage,70238,Roadhouse Energy Center,CA,San Bernardino,RDHS,Batteries,BA,,S,X,X,,,300, ,300,300,L,10,2027,12,2027,,IPP Non-CHP,2,N,MWH,,,,,, ,,,,,,,,,N,N,,
67937,PF Onsite Generation LLC,70240,PF Onsite BESS,PA,Luzerne,PFNON,Batteries,BA,,S,X,X,,,21, ,21,21,L,6,2027,6,2027,N,IPP Non-CHP,2,N,MWH,,,,,, ,,,,,,,,,,,,
67934,CVE US NY Riverhead 215 LLC,70242,Riverhead - CVE,NY,Suffolk,215,Solar Photovoltaic,PV,,S,X,X,,,4.9, ,4.9,4.9,U,7,2026,8,2026,N,IPP Non-CHP,2,N,SUN,,,,,, ,,,,,,,,,,,,
67934,CVE US NY Riverhead 215 LLC,70242,Riverhead - CVE,NY,Suffolk,216,Batteries,BA,,S,X,X,,,4, ,4,4,U,7,2026,8,2026,N,IPP Non-CHP,2,N,MWH,,,,,, ,,,,,,,,,,,,
67939,"South River Phase 2, LLC",70244,South River 2,NJ,Middlesex,SOUR2,Batteries,BA,,S,X,X,,,10, ,10,10,TS,1,2026,1,2026,,IPP Non-CHP,2,N,MWH,,,,,, ,,,,,,,,,,,,
67944,"Dry Creek Energy Storage, LLC",70256,"Dry Creek Energy Storage, LLC",CA,Sacramento,DCES,Batteries,BA,,S,X,X,,,160, ,160,160,T,11,2027,11,2027,,IPP Non-CHP,2,N,MWH,,,,,, ,,,,,,,,,,,,
67961,"Hawkeye Solar, LLC",70257,"Hawkeye Solar, LLC",IA,Clinton,H1SLR,Solar Photovoltaic,PV,,S,X,X,,,200, ,200,200,L,3,2028,3,2028,N,IPP Non-CHP,2,N,SUN,,,,,, ,,,,,,,,,,,,
67962,"Hawkeye Solar II, LLC",70258,"Hawkeye Solar II, LLC",IA,Clinton,H2SLR,Solar Photovoltaic,PV,,S,X,X,,,250, ,250,250,L,3,2028,3,2028,N,IPP Non-CHP,2,N,SUN,,,,,, ,,,,,,,,,,,,
17718,Southwestern Public Service Co,70259,Cunningham Solar II,NM,Lea,CHCS2,Solar Photovoltaic,PV,,S,X,X,,,196, ,196,196,T,4,2027,4,2027,N,Electric Utility,1,N,SUN,,,,,, ,,,,,,,,,,,,
60281,"Altus Power America Management, LLC",70260,Scipio Solar,NY,Cayuga,SCIPI,Solar Photovoltaic,PV,,S,X,X,,,18, ,18,18,U,4,2027,4,2027,,IPP Non-CHP,2,N,SUN,,,,,, ,,,,,,,,,,,,
67953,"Saddle Butte Energy Farmington, LLC",70261,Westside - (NM),NM,San Juan,WS01,Natural Gas Internal Combustion Engine,IC,,S,X,X,,,16,0.8,16,16,V,12,2026,3,2027,,IPP Non-CHP,2,N,NG,,,,,, ,,,,,,,,,,N,,
67953,"Saddle Butte Energy Farmington, LLC",70261,Westside - (NM),NM,San Juan,WS02,Natural Gas Internal Combustion Engine,IC,,S,X,X,,,24,0.8,24,24,U,1,2028,1,2028,,IPP Non-CHP,2,N,NG,,,,,, ,,,,,,,,,,N,,
67953,"Saddle Butte Energy Farmington, LLC",70261,Westside - (NM),NM,San Juan,WS03,Natural Gas Internal Combustion Engine,IC,,S,X,X,,,20,0.8,20,20,U,5,2028,5,2028,,IPP Non-CHP,2,N,NG,,,,,, ,,,,,,,,,,N,,
62842,"Lightsource Renewable Energy Asset Management, LLC",70271,"Fiddle Leaf Solar, LLC",OK,Delaware,OKFL1,Solar Photovoltaic,PV,,W,X,X,,,80, ,76,76,T,10,2027,10,2027,N,IPP Non-CHP,2,N,SUN,,,,,, ,,,,,,,,N,,N,,
67948,Swanton MD Mt Zion Rd CSEGS Solar LLC,70272,Swanton MD Mt Zion Rd CDG A4,MD,Garrett,ZION4,Solar Photovoltaic,PV,,S,X,X,,,2, ,2,2,TS,5,2026,6,2026,N,IPP Non-CHP,2,N,SUN,,,,,, ,,,,,,,,,,,,
67948,Swanton MD Mt Zion Rd CSEGS Solar LLC,70273,Swanton MD Mt Zion Rd CDG A3,MD,Garrett,ZION3,Solar Photovoltaic,PV,,S,X,X,,,2, ,2,2,TS,5,2026,6,2026,N,IPP Non-CHP,2,N,SUN,,,,,, ,,,,,,,,,,,,
67948,Swanton MD Mt Zion Rd CSEGS Solar LLC,70274,Swanton MD Mt Zion Rd CDG A2,MD,Garrett,ZION2,Solar Photovoltaic,PV,,S,X,X,,,2, ,2,2,TS,5,2026,6,2026,N,IPP Non-CHP,2,N,SUN,,,,,, ,,,,,,,,,,,,
67959,Roxbury Road Solar 1 LLC,70275,Roxbury,MD,Howard,PV1,Solar Photovoltaic,PV,,S,X,X,,,1.5, ,1.5,1.5,U,7,2026,8,2026,,IPP Non-CHP,2,N,SUN,,,,,, ,,,,,,,,,,,,
67951,"Freeport Solar North, LLC",70278,IL - Ameresco - Freeport North,IL,Stephenson,FRPTN,Solar Photovoltaic,PV,,S,X,X,,,2.7, ,2.7,2.7,TS,6,2026,6,2026,N,IPP Non-CHP,2,N,SUN,,,,,, ,,,,,,,,,,,,
67952,"Freeport Solar South, LLC",70279,IL - Ameresco - Freeport South,IL,Stephenson,FRPTS,Solar Photovoltaic,PV,,S,X,X,,,3.9, ,3.9,3.9,TS,6,2026,5,2026,N,IPP Non-CHP,2,N,SUN,,,,,, ,,,,,,,,,,,,
67965,"1150th Sun, LLC",70292,1150th Sun,IL,McDonough,14591,Solar Photovoltaic,PV,,S,X,X,,,2, ,2,1.8,U,6,2026,6,2026,,IPP Non-CHP,2,N,SUN,,,,,, ,,,,,,,,,,,,
67967,Swanton MD Coopers Ln CSEGS Solar LLC,70293,Swanton Coopers ANEM,MD,Garrett,COOP1,Solar Photovoltaic,PV,,S,X,X,,,2, ,2,2,TS,6,2026,7,2026,,IPP Non-CHP,2,N,SUN,,,,,, ,,,,,,,,,,,,
60531,Standard Solar,70294,NL IL 2700 East,IL,Livingston,EAST,Solar Photovoltaic,PV,,S,X,X,,,2, ,2,2,TS,6,2026,11,2026,N,IPP Non-CHP,2,N,SUN,,,,,, ,,,,,,,,,,,,
60531,Standard Solar,70295,NL IL Lake,IL,Lake,LAKE,Solar Photovoltaic,PV,,S,X,X,,,5, ,5,5,TS,7,2025,12,2026,,IPP Non-CHP,2,N,SUN,,,,,, ,,,,,,,,,,,,
67975,"Milltown Onsite Generation, LLC",70296,Milltown Onsite BESS,NJ,Middlesex,MTBAT,Batteries,BA,,S,X,X,,,13.2,0.95,13.2,13.2,V,8,2026,8,2026,N,IPP Non-CHP,2,N,MWH,,,,,, ,,,,,,,,,,,,
67973,"Blackwater Solar Center, LLC",70297,Blackwater Solar Center - NM,NM,Roosevelt,BWTS,Solar Photovoltaic,PV,,S,X,X,,,200,0.95,200,200,T,12,2027,12,2027,,IPP Non-CHP,2,N,SUN,,,,,, ,,,,,,,,,,,,
67974,"NextEra Energy Resources, LLC",70299,"Pioneer Creek Wind, LLC",KS,Ford,814,Onshore Wind Turbine,WT,,S,X,X,SPP-S,SPP-S,252, ,252,252,V,3,2027,3,2027,N,IPP Non-CHP,2,N,WND,,,,,,91,,,,,,,,,,,,
67971,"Adams Creek Solar Project, LLC",70300,Adams Creek Solar Project,TX,Wilbarger,USADC,Solar Photovoltaic,PV,,S,X,X,,,250, ,250,250,T,6,2027,6,2027,N,IPP Non-CHP,2,N,SUN,,,,,, ,,,,,,,,,,,,
67966,MN CSG 2019-57 LLC,70301,MN CSG 2019-57,MN,Blue Earth,BOHRE,Solar Photovoltaic,PV,,S,X,X,,,1, ,1,1,T,9,2026,9,2026,N,IPP Non-CHP,2,N,SUN,,,,,, ,,,,,,,,,,,,
67082,"Headwater Energy, LLC",70302,"Gum Swamp Solar, LLC",NC,Scotland,22,Solar Photovoltaic,PV,,S,X,X,,,80, ,80,80,U,12,2026,5,2027,N,IPP Non-CHP,2,N,SUN,,,,,, ,,,,,,,,,,,,
67082,"Headwater Energy, LLC",70303,"Midfield Solar, LLC",NC,Columbus,20,Solar Photovoltaic,PV,,S,X,X,,,25, ,25,25,U,9,2026,9,2026,,IPP Non-CHP,2,N,SUN,,,,,, ,,,,,,,,,,,,
67082,"Headwater Energy, LLC",70304,"Sleepy Creek Solar, LLC",NC,Bladen,24,Solar Photovoltaic,PV,,S,X,X,,,80, ,80,80,U,10,2027,10,2027,N,IPP Non-CHP,2,N,SUN,,,,,, ,,,,,,,,,,,,
67082,"Headwater Energy, LLC",70305,"Tanglewood Solar, LLC",NC,Pasquotank,23,Solar Photovoltaic,PV,,S,X,X,,,8.4, ,8.4,8.4,U,9,2026,9,2026,N,IPP Non-CHP,2,N,SUN,,,,,, ,,,,,,,,,,,,
67082,"Headwater Energy, LLC",70306,"Westfield Solar, LLC",NC,Hoke,21,Solar Photovoltaic,PV,,S,X,X,,,40, ,40,40,U,12,2026,12,2026,,IPP Non-CHP,2,N,SUN,,,,,, ,,,,,,,,,,,,
66445,"NineDot Holdings, LLC",70308,Blue Aster Clean Energy LLC,NY,Kings,ND030,Batteries,BA,,S,X,X,,,4.9, ,4.9,4.9,U,8,2027,8,2027,N,IPP Non-CHP,2,N,MWH,,,,,, ,,,,,,,,,,,,
66445,"NineDot Holdings, LLC",70309,Blue Aster B Clean Energy LLC,NY,Kings,ND031,Batteries,BA,,S,X,X,,,4.9, ,4.9,4.9,U,8,2027,8,2027,,IPP Non-CHP,2,N,MWH,,,,,, ,,,,,,,,,,,,
66445,"NineDot Holdings, LLC",70310,Blue Aster C Clean Energy LLC,NY,Kings,ND028,Batteries,BA,,S,X,X,,,4.9, ,4.9,4.9,U,8,2027,8,2027,N,IPP Non-CHP,2,N,MWH,,,,,, ,,,,,,,,,,,,
66445,"NineDot Holdings, LLC",70311,Eastern BlueBird Clean Energy LLC,NY,Bronx,ND020,Batteries,BA,,S,X,X,,,4.4, ,4.4,4.4,U,6,2027,6,2027,N,IPP Non-CHP,2,N,MWH,,,,,, ,,,,,,,,,,,,
66445,"NineDot Holdings, LLC",70312,Lobelia Clean Energy LLC,NY,Bronx,ND022,Batteries,BA,,S,X,X,,,4.9, ,4.9,4.9,U,7,2027,7,2027,N,IPP Non-CHP,2,N,MWH,,,,,, ,,,,,,,,,,,,
66445,"NineDot Holdings, LLC",70313,Lobelia 4452 Clean Energy LLC,NY,Bronx,ND024,Batteries,BA,,S,X,X,,,4.9, ,4.9,4.9,U,7,2027,7,2027,,IPP Non-CHP,2,N,MWH,,,,,, ,,,,,,,,,,,,
66445,"NineDot Holdings, LLC",70314,"Mourning Dove Clean Energy, LLC",NY,Richmond,ND010,Batteries,BA,,S,X,X,,,3, ,3,3,U,7,2026,7,2026,,IPP Non-CHP,2,N,MWH,,,,,, ,,,,,,,,,,,,
66445,"NineDot Holdings, LLC",70315,"Northern Cardinal Clean Energy, LLC",NY,Bronx,ND021,Batteries,BA,,S,X,X,,,4.4, ,4.4,4.4,U,6,2027,6,2027,,IPP Non-CHP,2,N,MWH,,,,,, ,,,,,,,,,,,,
66445,"NineDot Holdings, LLC",70316,"Piping Plover Clean Energy, LLC",NY,Bronx,ND017,Batteries,BA,,S,X,X,,,2.3, ,2.3,2.3,U,4,2027,4,2027,,IPP Non-CHP,2,N,MWH,,,,,, ,,,,,,,,,,,,
66445,"NineDot Holdings, LLC",70317,Roseate Tern Clean Energy LLC,NY,Bronx,ND029,Batteries,BA,,S,X,X,,,3.3, ,3.3,3.3,U,8,2027,8,2027,N,IPP Non-CHP,2,N,MWH,,,,,, ,,,,,,,,,,,,
66445,"NineDot Holdings, LLC",70318,Sugar Maple Clean Energy LLC,NY,Richmond,ND011,Batteries,BA,,S,X,X,,,2.5, ,2.5,2.5,U,7,2026,8,2026,N,IPP Non-CHP,2,N,MWH,,,,,, ,,,,,,,,,,,,
66445,"NineDot Holdings, LLC",70319,Warbler Clean Energy LLC,NY,Bronx,ND016,Batteries,BA,,S,X,X,,,2.3, ,2.3,2.3,U,4,2027,4,2027,N,IPP Non-CHP,2,N,MWH,,,,,, ,,,,,,,,,,,,
66445,"NineDot Holdings, LLC",70320,Water Willow A Clean Energy LLC,NY,Queens,ND018,Batteries,BA,,S,X,X,,,3.9, ,3.9,3.9,U,4,2027,4,2027,N,IPP Non-CHP,2,N,MWH,,,,,, ,,,,,,,,,,,,
66445,"NineDot Holdings, LLC",70321,Water Willow B Clean Energy LLC,NY,Queens,ND019,Batteries,BA,,S,X,X,,,3.9, ,3.9,3.9,U,4,2027,4,2027,N,IPP Non-CHP,2,N,MWH,,,,,, ,,,,,,,,,,,,
66445,"NineDot Holdings, LLC",70322,"Wintergreen Clean Energy, LLC",NY,Bronx,ND025,Batteries,BA,,S,X,X,,,4.9, ,4.9,4.9,U,7,2027,7,2027,N,IPP Non-CHP,2,N,MWH,,,,,, ,,,,,,,,,,,,
66445,"NineDot Holdings, LLC",70323,Wintergreen B Clean Energy LLC,NY,Bronx,ND027,Batteries,BA,,S,X,X,,,4.9, ,4.9,4.9,U,7,2027,7,2027,N,IPP Non-CHP,2,N,MWH,,,,,, ,,,,,,,,,,,,
66445,"NineDot Holdings, LLC",70324,Wintergreen C Clean Energy LLC,NY,Bronx,ND023,Batteries,BA,,S,X,X,,,4.9, ,4.9,4.9,U,7,2027,7,2027,N,IPP Non-CHP,2,N,MWH,,,,,, ,,,,,,,,,,,,
66445,"NineDot Holdings, LLC",70325,Wintergreen D Clean Energy LLC,NY,Bronx,ND026,Batteries,BA,,S,X,X,,,4.9, ,4.9,4.9,U,7,2027,7,2027,,IPP Non-CHP,2,N,MWH,,,,,, ,,,,,,,,,,,,
66445,"NineDot Holdings, LLC",70326,Coral Honeysuckle Clean Energy LLC,NY,Queens,ND014,Batteries,BA,,S,X,X,,,3.7, ,3.7,3.7,U,3,2027,3,2027,,IPP Non-CHP,2,N,MWH,,,,,, ,,,,,,,,,,,,
66445,"NineDot Holdings, LLC",70327,"Heron Clean Energy, LLC",NY,Kings,ND012,Batteries,BA,,S,X,X,,,4.9, ,4.9,4.9,U,11,2026,11,2026,,IPP Non-CHP,2,N,MWH,,,,,, ,,,,,,,,,,,,
66445,"NineDot Holdings, LLC",70328,"Jamaica Community Energy, LLC",NY,Kings,ND013,Batteries,BA,,S,X,X,,,4.9, ,4.9,4.9,U,1,2027,1,2027,N,IPP Non-CHP,2,N,MWH,,,,,, ,,,,,,,,,,,,
66445,"NineDot Holdings, LLC",70329,"Linden Clean Energy, LLC",NY,Queens,ND015,Batteries,BA,,S,X,X,,,3.7, ,3.7,3.7,U,3,2027,3,2027,N,IPP Non-CHP,2,N,MWH,,,,,, ,,,,,,,,,,,,
67843,NextEra Energy Resources - ERCOT,70330,Bighorn Ridge Solar,TX,Pecos,BRSPV,Solar Photovoltaic,PV,,S,X,X,,,300, ,300,300,T,12,2027,12,2027,N,IPP Non-CHP,2,N,SUN,,,,,, ,,,,,,,,,,,,
67993,"Mirasol Energy Center, LLC",70331,"Mirasol Energy Center, LLC.",CO,Pueblo,MRASL,Solar Photovoltaic,PV,,S,X,X,,,400, ,400,400,T,12,2028,12,2028,N,IPP Non-CHP,2,N,SUN,,,,,, ,,,,,,,,,,,,
67734,ENGIE Distributed Renewables Development LLC,70333,Keenesburg,CO,Weld,KBPV1,Solar Photovoltaic,PV,,S,X,X,,,7.2, ,7.2,7.2,U,10,2026,10,2026,N,IPP Non-CHP,2,N,SUN,,,,,, ,,,,,,,,,,,,
65539,Pivot Energy,70334,Pivot Energy IL 55b LLC,IL,McHenry,IL55B,Solar Photovoltaic,PV,,S,X,X,,,2.8, ,2.8,2.8,V,10,2026,12,2026,N,IPP Non-CHP,2,N,SUN,,,,,, ,,,,,,,,,,,,
65539,Pivot Energy,70335,Pivot Solar 42 LLC,CO,Larimer,PS42,Solar Photovoltaic,PV,,S,X,X,,,1.9, ,1.9,1.9,V,10,2026,10,2026,N,IPP Non-CHP,2,N,SUN,,,,,, ,,,,,,,,,,,,
65539,Pivot Energy,70336,"NCBP ONE, LLC",MD,Prince Georges,NCBP1,Solar Photovoltaic,PV,,S,X,X,,,2.5, ,2.5,2.5,V,10,2026,10,2026,N,IPP Non-CHP,2,N,SUN,,,,,, ,,,,,,,,,,,,
65539,Pivot Energy,70337,Pivot Solar 71 LLC,CO,Morgan,PS71,Solar Photovoltaic,PV,,S,X,X,,,1.8, ,1.8,1.8,V,10,2026,10,2026,N,IPP Non-CHP,2,N,SUN,,,,,, ,,,,,,,,,,,,
65539,Pivot Energy,70338,"NCBP TEN, LLC",MD,Prince Georges,NCB10,Solar Photovoltaic,PV,,S,X,X,,,1.4, ,1.4,1.4,V,10,2026,10,2026,,IPP Non-CHP,2,N,SUN,,,,,, ,,,,,,,,,,,,
65539,Pivot Energy,70339,Pivot Energy IL 55 LLC,IL,McHenry,IL55B,Solar Photovoltaic,PV,,S,X,X,,,3.1, ,3.1,3.1,V,10,2026,10,2026,,IPP Non-CHP,2,N,SUN,,,,,, ,,,,,,,,,,,,
67995,"Carousel Energy Storage, LLC",70340,"Carousel Energy Storage, LLC",CO,Kit Carson,CAR15,Batteries,BA,,S,X,X,,,149.6, ,149.6,149.6,T,12,2027,12,2027,,IPP Non-CHP,2,N,MWH,,,,,, ,,,,,,,,,,,,
67994,"Thunder Wolf II, LLC",70341,"Thunder Wolf II, LLC",CO,Pueblo,TW200,Solar Photovoltaic,PV,,S,X,X,,,200, ,200,200,T,12,2027,12,2027,N,IPP Non-CHP,2,N,SUN,,,,,, ,,,,,,,,,,,,
67992,MD - Ameresco - Swanton Mt. Zion ANEM - A1,70342,Swanton MD Mt Zion Rd ANEM Solar LLC (CSG),MD,Garrett,ZION1,Solar Photovoltaic,PV,,S,X,X,,,2, ,2,2,TS,5,2026,6,2026,,IPP Non-CHP,2,N,SUN,,,,,, ,,,,,,,,,,,,
67977,Graphic Packaging International - WACO,70343,GPI WACO Power,TX,McLennan,WAGT1,Natural Gas Fired Combustion Turbine,GT,,S,X,X,,,43.4,0.8,43.4,43.4,U,10,2026,1,2027,,Industrial Non-CHP,6,N,NG,,,,,, ,,,,,,,,,,N,,
67978,"Rush Springs Solar, LLC",70344,Rush Springs Solar,OK,Stephens,RSPV,Solar Photovoltaic,PV,,S,X,X,csws.rssp.rssp,csws.rssp.rssp,200, ,200,200,V,10,2026,10,2026,N,IPP Non-CHP,2,N,SUN,,,,,, ,,,,,,,,,,,,
67979,"Steele Flats Energy Storage, LLC",70345,Steele Flats Energy Storage,NE,Jefferson,SFES,Batteries,BA,,S,X,X,SPP,SPP,50, ,50,50,V,12,2026,12,2026,,IPP Non-CHP,2,N,MWH,,,,,, ,,,,,,,,,,,,
67985,"IL Solar Route 40 Project2, LLC",70350,IL - Forefront Ameren- Route 40,IL,Peoria,RT40,Solar Photovoltaic,PV,,S,X,X,,,2, ,2,2,V,12,2026,12,2026,N,IPP Non-CHP,2,N,SUN,,,,,, ,,,,,,,,,,,,
67986,"IL Solar St Joseph Project1, LLC",70351,IL-Forefront Ameren-St. Joseph 1,IL,Champaign,JOE01,Solar Photovoltaic,PV,,S,X,X,,,2, ,2,2,V,4,2026,4,2026,N,IPP Non-CHP,2,N,SUN,,,,,, ,,,,,,,,,,,,
67987,"IL Solar St Joseph Project2, LLC",70352,IL-Forefront-Ameren-St. Joseph 2,IL,Champaign,JOE02,Solar Photovoltaic,PV,,S,X,X,,,2, ,2,2,V,4,2026,4,2026,N,IPP Non-CHP,2,N,SUN,,,,,, ,,,,,,,,,,,,
67988,"IL Solar Truitt Project1, LLC",70353,IL-Forefront Ameren-Truitt 1,IL,Peoria,TRU1,Solar Photovoltaic,PV,,S,X,X,,,2, ,2,2,V,12,2026,12,2026,N,IPP Non-CHP,2,N,SUN,,,,,, ,,,,,,,,,,,,
67989,"IL Solar Truitt Project2, LLC",70354,IL-Forefront Ameren-Truitt 2,IL,Peoria,TRU2,Solar Photovoltaic,PV,,S,X,X,,,2, ,2,2,V,12,2026,12,2026,N,IPP Non-CHP,2,N,SUN,,,,,, ,,,,,,,,,,,,
65539,Pivot Energy,70357,Pivot Solar 58 LLC,CO,Weld,PS58,Solar Photovoltaic,PV,,S,X,X,,,4.5, ,4.5,4.5,V,11,2026,11,2026,N,IPP Non-CHP,2,N,SUN,,,,,, ,,,,,,,,,,,,
49893,Invenergy Services LLC,70359,"Sycamore Riverside Energy, LLC",IN,Sullivan,SYRVS,Natural Gas Fired Combustion Turbine,GT,,S,X,X,,,964, ,964,964,P,3,2029,3,2029,N,IPP Non-CHP,2,N,NG,,,,,,0,,,,,,,,N,N,N,,
49893,Invenergy Services LLC,70360,Foundry Ridge Energy Center LLC,WI,Walworth,FNDRD,Natural Gas Fired Combustion Turbine,GT,,S,X,X,,,108, ,108,108,P,8,2028,8,2028,N,IPP Non-CHP,2,N,NG,,,,,,0,,,,,,,,N,,N,,
49893,Invenergy Services LLC,70360,Foundry Ridge Energy Center LLC,WI,Walworth,FNRD2,Natural Gas Fired Combustion Turbine,GT,,S,X,X,,,108, ,108,108,P,8,2028,8,2028,N,IPP Non-CHP,2,N,NG,,,,,, ,,,,,,,,,,N,,
49893,Invenergy Services LLC,70360,Foundry Ridge Energy Center LLC,WI,Walworth,FNRD3,Natural Gas Fired Combustion Turbine,GT,,S,X,X,,,108, ,108,108,P,8,2028,8,2028,N,IPP Non-CHP,2,N,NG,,,,,,0,,,,,,,,,,N,,
67967,Swanton MD Coopers Ln CSEGS Solar LLC,70361,Swanton MD Coopers CDG A2,MD,Garrett,COOP2,Solar Photovoltaic,PV,,S,X,X,,,2, ,2,2,TS,6,2026,6,2026,N,IPP Non-CHP,2,N,SUN,,,,,, ,,,,,,,,,,,,
67967,Swanton MD Coopers Ln CSEGS Solar LLC,70362,Swanton MD Coopers CDG A3,MD,Garrett,COOP3,Solar Photovoltaic,PV,,S,X,X,,,2, ,2,2,TS,6,2026,6,2026,N,IPP Non-CHP,2,N,SUN,,,,,, ,,,,,,,,,,,,
67967,Swanton MD Coopers Ln CSEGS Solar LLC,70363,Swanton MD Coopers CDG A4,MD,Garrett,COOP4,Solar Photovoltaic,PV,,S,X,X,,,2, ,2,2,TS,6,2026,6,2026,N,IPP Non-CHP,2,N,SUN,,,,,, ,,,,,,,,,,,,
61944,MN8 Energy LLC,70364,Walker Solar,PA,Juniata,GEN1,Solar Photovoltaic,PV,,W,X,X,,,80, ,80,80,U,12,2026,12,2026,N,IPP Non-CHP,2,N,SUN,,,,,, ,,,,,,,,,,,,
67997,Bodkin BESS LLC,70365,Bodkin BESS,TX,Brazoria,BODES,Batteries,BA,,S,X,X,LON_RN1,,75, ,75,75,T,12,2028,12,2028,N,IPP Non-CHP,2,N,MWH,,,,,, ,,,,,,,,,,,,
67998,Boot Hill Energy Storage LLC,70366,Boot Hill Energy Storage,KS,Ford,BHBES,Batteries,BA,,S,X,X,SECI.BOOTHLSLR,SECI.BOOTHLSLR,75,1,75,75,T,12,2028,12,2028,N,IPP Non-CHP,2,N,MWH,,,,,, ,,,,,,,,,,,,
67999,"O'Bannion Energy Storage, LLC",70367,O'Bannion Energy Storage,TX,Jack,OBAES,Batteries,BA,,S,X,X,LONSW,,300,1,300,300,T,12,2028,12,2028,N,IPP Non-CHP,2,N,MWH,,,,,, ,,,,,,,,,,,,
63689,"Wonderful Renewable Energy, LLC.",70368,Ranch 4220,CA,Kern,R4220,Solar Photovoltaic,PV,,S,X,X,,,1.1, ,1.1,1.1,V,4,2026,9,2026,,Industrial Non-CHP,6,N,SUN,,,,,, ,,,,,,,,,,,,
63689,"Wonderful Renewable Energy, LLC.",70369,Ranch 4260,CA,Kern,R4260,Solar Photovoltaic,PV,,S,X,X,,,1, ,1,1,V,4,2026,8,2026,N,Industrial Non-CHP,6,N,SUN,,,,,, ,,,,,,,,,,,,
63689,"Wonderful Renewable Energy, LLC.",70370,Ranch 4701,CA,Kern,R4701,Solar Photovoltaic,PV,,S,X,X,,,2.3, ,2.3,2.3,V,4,2026,9,2026,N,Industrial Non-CHP,6,N,SUN,,,,,, ,,,,,,,,,,,,
63689,"Wonderful Renewable Energy, LLC.",70371,Lerdo East,CA,Kern,LEREA,Solar Photovoltaic,PV,,S,X,X,,,1.5, ,1.5,1.5,V,4,2026,9,2026,N,Industrial Non-CHP,6,N,SUN,,,,,, ,,,,,,,,,,,,
63689,"Wonderful Renewable Energy, LLC.",70372,Lerdo Middle,CA,Kern,LERMI,Solar Photovoltaic,PV,,S,X,X,,,2.4, ,2.4,2.4,V,4,2026,4,2026,N,Industrial Non-CHP,6,N,SUN,,,,,, ,,,,,,,,,,,,
65539,Pivot Energy,70373,100a Swiss Dale Farm,MD,Cecil,SDF1A,Solar Photovoltaic,PV,,S,X,X,,,2, ,2,2,V,11,2026,11,2026,N,IPP Non-CHP,2,N,SUN,,,,,, ,,,,,,,,,,,,
65539,Pivot Energy,70374,Chaberton Solar Crestone,DE,Kent,CSC52,Solar Photovoltaic,PV,,S,X,X,,,4, ,4,4,V,11,2026,12,2026,N,IPP Non-CHP,2,N,SUN,,,,,, ,,,,,,,,,,,,
65539,Pivot Energy,70375,Clinton Solar 5,IL,Clinton,CLIN5,Solar Photovoltaic,PV,,S,X,X,,,2.6, ,2.6,2.6,V,11,2026,11,2026,N,IPP Non-CHP,2,N,SUN,,,,,, ,,,,,,,,,,,,
65539,Pivot Energy,70376,Pivot Energy IL 52,IL,McHenry,IL52,Solar Photovoltaic,PV,,S,X,X,,,5, ,5,5,V,11,2026,10,2026,N,IPP Non-CHP,2,N,SUN,,,,,, ,,,,,,,,,,,,
68013,"Boxcar Energy Storage, LLC",70377,Boxcar Energy Storage,TX,Collin,BES,Batteries,BA,,S,X,X,LAVON1_BY,LAVON1_BY,150, ,150,150,V,5,2027,5,2027,,IPP Non-CHP,2,N,MWH,,,,,, ,,,,,,,,,,,,
66926,Bullrock-NxtGenREA,70378,Crane Creek Garden,MN,Waseca,GEN5,Solar Photovoltaic,PV,,S,X,X,,,5,0.95,5,5,U,10,2026,11,2026,N,IPP Non-CHP,2,N,SUN,,,,,, ,,,,,,,,,,,,
66926,Bullrock-NxtGenREA,70379,Fuller Garden,MN,Sherburne,GEN2,Solar Photovoltaic,PV,,S,X,X,,,1,0.95,1,1,U,10,2026,11,2026,N,IPP Non-CHP,2,N,SUN,,,,,, ,,,,,,,,,,,,
66626,Baxter Healthcare of Puerto Rico/Jayuya,70380,Kraemer Garden,MN,Stearns,GEN4,Solar Photovoltaic,PV,,S,X,X,,,4,0.95,4,4,U,9,2026,10,2026,N,IPP Non-CHP,2,N,SUN,,,,,, ,,,,,,,,,,,,
66926,Bullrock-NxtGenREA,70381,Carver Garden,MN,Rice,GEN1,Solar Photovoltaic,PV,,S,X,X,,,1,0.95,1,1,U,9,2026,10,2026,N,IPP Non-CHP,2,N,SUN,,,,,, ,,,,,,,,,,,,
66926,Bullrock-NxtGenREA,70382,Mazaska Garden,MN,Rice,GEN3,Solar Photovoltaic,PV,,S,X,X,,,5,0.95,5,5,U,10,2026,11,2026,N,IPP Non-CHP,2,N,SUN,,,,,, ,,,,,,,,,,,,
68001,Uriel Renovables S.A,70386,Chicopee BESS,MA,Hampden,BESS1,Batteries,BA,,J,X,X,,,5, ,5,5,U,7,2026,10,2026,N,IPP Non-CHP,2,N,MWH,,,,,, ,,,,,,,,,,,,
68001,Uriel Renovables S.A,70387,Framingham BESS,MA,Middlesex,BESS1,Batteries,BA,,J,X,X,,,5, ,5,5,U,7,2026,10,2026,N,IPP Non-CHP,2,N,MWH,,,,,, ,,,,,,,,,,,,
68010,Pacifico Power Lancaster 01 LLC,70388,Pacifico Power Lancaster 01,CA,Los Angeles,LANB,Batteries,BA,,S,X,X,,,0.5, ,0.5,0.5,V,8,2026,8,2026,,IPP Non-CHP,2,N,MWH,,,,,, ,,,,,,,,,,,,
68010,Pacifico Power Lancaster 01 LLC,70388,Pacifico Power Lancaster 01,CA,Los Angeles,LANS,Solar Photovoltaic,PV,,S,X,X,,,5.9, ,5.9,5.9,V,8,2026,8,2026,,IPP Non-CHP,2,N,SUN,,,,,, ,,,,,,,,,,,,
68011,Pacifico Power Palmdale 01 LLC,70389,Pacifico Power Palmdale 01,CA,Los Angeles,PALB,Batteries,BA,,S,X,X,,,0.5, ,0.5,0.5,V,7,2026,7,2026,,IPP Non-CHP,2,N,MWH,,,,,, ,,,,,,,,,,,,
68011,Pacifico Power Palmdale 01 LLC,70389,Pacifico Power Palmdale 01,CA,Los Angeles,PALS,Solar Photovoltaic,PV,,S,X,X,,,3.3, ,3.3,3.3,V,7,2026,7,2026,,IPP Non-CHP,2,N,SUN,,,,,, ,,,,,,,,,,,,
68004,"SolAmerica Energy / Stephenson County IL S1, LLC",70393,Stephenson County IL S1,IL,Stephenson,S1,Solar Photovoltaic,PV,,S,X,X,,,2, ,2,2,V,6,2026,8,2026,,IPP Non-CHP,2,N,SUN,,,,,, ,,,,,,,,,,,,
18454,Tampa Electric Co,70395,Pace Road Battery Storage,FL,Polk,BESS1,Batteries,BA,,S,X,X,,,20, ,20,20,T,10,2027,10,2027,,Electric Utility,1,N,MWH,,,,,, ,,,,,,,,,,,,
61060,Cypress Creek Renewables,70397,Steel River Solar Phase 1,AR,Mississippi,SRSB1,Batteries,BA,,S,X,X,,,250, ,250,250,U,10,2027,8,2028,,IPP Non-CHP,2,N,MWH,,,,,, ,,,,,,,,,,,,
61060,Cypress Creek Renewables,70397,Steel River Solar Phase 1,AR,Mississippi,SRSP1,Solar Photovoltaic,PV,,S,X,X,,,500, ,500,500,U,10,2027,8,2028,,IPP Non-CHP,2,N,SUN,,,,,, ,,,,,,,,,,,,
61060,Cypress Creek Renewables,70398,Steel River Solar Phase 2,AR,Mississippi,SRSB2,Batteries,BA,,S,X,X,,,250, ,250,250,U,10,2027,7,2029,N,IPP Non-CHP,2,N,MWH,,,,,, ,,,,,,,,,,,,
61060,Cypress Creek Renewables,70398,Steel River Solar Phase 2,AR,Mississippi,SRSP2,Solar Photovoltaic,PV,,S,X,X,,,500, ,500,500,U,10,2027,7,2029,N,IPP Non-CHP,2,N,SUN,,,,,, ,,,,,,,,,,,,
61060,Cypress Creek Renewables,70399,Steel River Solar Phase 3,AR,Mississippi,SRSB3,Batteries,BA,,S,X,X,,,250, ,250,250,U,10,2027,7,2030,N,IPP Non-CHP,2,N,MWH,,,,,, ,,,,,,,,,,,,
61060,Cypress Creek Renewables,70399,Steel River Solar Phase 3,AR,Mississippi,SRSP3,Solar Photovoltaic,PV,,S,X,X,,,500, ,500,500,U,10,2027,7,2030,N,IPP Non-CHP,2,N,SUN,,,,,, ,,,,,,,,,,,,
68019,"Bee Branch IA, LLC",70400,Bee Branch IA,TX,Robertson,BEE1A,Batteries,BA,,S,X,X,,,200, ,200,200,P,6,2027,6,2027,,IPP Non-CHP,2,N,MWH,,,,,, ,,,,,,,,,,,,
66646,"ReWild Renewables, LLC",70401,Clems Way Solar,MA,Bristol,CLEM,Solar Photovoltaic,PV,,S,X,X,,,5, ,5,5,T,12,2026,7,2027,N,IPP Non-CHP,2,N,SUN,,,,,, ,,,,,,,,,,,,
66646,"ReWild Renewables, LLC",70402,Logging Swamp North,MA,Plymouth,LOGN,Solar Photovoltaic,PV,,S,X,X,,,5, ,5,5,T,12,2026,8,2027,N,IPP Non-CHP,2,N,SUN,,,,,, ,,,,,,,,,,,,
68020,"Grand Basin Energy Storage, LLC",70403,Grand Basin Energy Storage,MI,Jackson,GRBS1,Batteries,BA,,S,X,X,,,100, ,100,100,P,3,2027,3,2027,N,IPP Non-CHP,2,N,MWH,,,,,, ,,,,,,,,,,,,
66646,"ReWild Renewables, LLC",70404,Logging Swamp South,MA,Plymouth,LOGS,Solar Photovoltaic,PV,,S,X,X,,,5, ,5,5,T,12,2026,8,2027,,IPP Non-CHP,2,N,SUN,,,,,, ,,,,,,,,,,,,
68029,"Torch Operating Company, LLC",70405,"Winchester Solar I, LLC",AZ,Cochise,BA-1,Batteries,BA,,S,X,X,,,87.8, ,87.8,87.8,V,3,2027,3,2027,,IPP Non-CHP,2,N,MWH,,,,,, ,,,,,,,,,,,,
68029,"Torch Operating Company, LLC",70405,"Winchester Solar I, LLC",AZ,Cochise,PV-1,Solar Photovoltaic,PV,,S,X,X,,,87.8, ,87.8,87.8,V,3,2027,3,2027,,IPP Non-CHP,2,N,SUN,,,,,, ,,,,,,,,,,,,
68029,"Torch Operating Company, LLC",70406,"Winchester Solar II, LLC",AZ,Cochise,BA-2,Batteries,BA,,S,X,X,,,87.8, ,87.8,87.8,V,5,2027,5,2027,,IPP Non-CHP,2,N,MWH,,,,,, ,,,,,,,,,,,,
68029,"Torch Operating Company, LLC",70406,"Winchester Solar II, LLC",AZ,Cochise,PV-2,Solar Photovoltaic,PV,,S,X,X,,,87.8, ,87.8,87.8,V,5,2027,5,2027,,IPP Non-CHP,2,N,SUN,,,,,, ,,,,,,,,,,,,
68030,"Roy Solar, LLC",70407,Roy Solar,OK,Stephens,RSS,Solar Photovoltaic,PV,,W,X,X,,,258, ,258,258,U,12,2027,12,2027,N,IPP Non-CHP,2,N,SUN,,,,,, ,,,,,,,,,,,,
68031,"Willow Creek Energy Storage, LLC",70408,Willow Creek Energy Storage,OK,Pawnee,WCB,Batteries,BA,,W,X,X,,,200, ,200,200,U,12,2026,12,2026,N,IPP Non-CHP,2,N,MWH,,,,,, ,,,,,,,,,,,,
68032,"Hera Solar, LLC",70409,Hera Solar,VA,Tazewell,ENX41,Solar Photovoltaic,PV,,S,X,X,"AEP, TZEWELL138KV T1, 32412803",,13.3, ,13.3,13.3,L,6,2028,6,2028,,IPP Non-CHP,2,N,SUN,,,,,, ,,,,,,,,,,,,
68033,"Willow Solar, LLC",70410,Willow Solar,VA,Franklin,ENX42,Solar Photovoltaic,PV,,S,X,X,"AEP, FRANKLI2138 KV T3, 32411311",,12, ,12,12,L,6,2027,6,2027,N,IPP Non-CHP,2,N,SUN,,,,,, ,,,,,,,,,,,,
68012,"KSI III Consolidated, LLC",70412,Lincoln Solar LLC (OR),OR,Polk,3002,Solar Photovoltaic,PV,,S,X,X,,,3.5, ,3.5,3.5,V,7,2026,7,2026,,IPP Non-CHP,2,N,SUN,,,,,, ,,,,,,,,,,,,
68014,E Evens Community Energy Initiative LLC,70414,DE-ECA CS East Evens,DE,Kent,EEVNS,Solar Photovoltaic,PV,,S,X,X,,,1.3, ,1.3,1.3,U,3,2026,3,2026,N,IPP Non-CHP,2,N,SUN,,,,,, ,,,,,,,,,,,,
68015,Salisbury Air Solar 1 LLC,70416,MD-CPG Salisbury Airport 1,MD,Wicomico,SAIR1,Solar Photovoltaic,PV,,S,X,X,,,1.5, ,1.5,1.5,U,2,2026,2,2026,N,IPP Non-CHP,2,N,SUN,,,,,, ,,,,,,,,,,,,
68016,Salisbury Air Solar 2 LLC,70417,MD-CPG Salisbury Airport 2,MD,Wicomico,SAIR2,Solar Photovoltaic,PV,,S,X,X,,,2, ,2,2,U,2,2026,2,2026,N,IPP Non-CHP,2,N,SUN,,,,,, ,,,,,,,,,,,,
68017,Salisbury Solar Initiative LLC,70418,MD-ECA Salsibury,MD,Wicomico,SLBRY,Solar Photovoltaic,PV,,S,X,X,,,2, ,2,2,U,3,2026,3,2026,N,IPP Non-CHP,2,N,SUN,,,,,, ,,,,,,,,,,,,
68021,Royal Slope Solar LLC,70419,Royal Slope,WA,Grant,RSBA,Batteries,BA,,S,X,X,,,260, ,260,260,T,10,2027,10,2027,N,IPP Non-CHP,2,N,MWH,,,,,, ,,,,,,,,,,,,
68021,Royal Slope Solar LLC,70419,Royal Slope,WA,Grant,RSPV,Solar Photovoltaic,PV,,S,X,X,,,260, ,260,260,T,10,2027,10,2027,N,IPP Non-CHP,2,N,SUN,,,,,, ,,,,,,,,,,,,
68027,"Wheatridge Optimization I, LLC",70420,Wheatridge Optimization I,OR,Morrow,BA1,Batteries,BA,,S,X,X,,,65, ,65,65,U,12,2027,12,2027,N,IPP Non-CHP,2,N,MWH,,,,,, ,,,,,,,,N,N,N,,
68027,"Wheatridge Optimization I, LLC",70420,Wheatridge Optimization I,OR,Morrow,PV1,Solar Photovoltaic,PV,,S,X,X,,,110, ,110,110,U,12,2027,12,2027,N,IPP Non-CHP,2,N,SUN,,,,,, ,,,,,,,,,,,,
66345,"Sebree Solar, LLC",70425,Sebree Solar II,KY,Henderson,SB002,Solar Photovoltaic,PV,,S,X,X,,,150, ,150,150,U,8,2026,8,2026,N,IPP Non-CHP,2,N,SUN,,,,,, ,,,,,,,,N,,N,,
61194,Generate Capital,70427,Peony,IL,Morgan,11131,Solar Photovoltaic,PV,,W,X,X,,,4.9, ,4.9,4.9,V,8,2026,8,2026,N,IPP Non-CHP,2,N,SUN,,,,,, ,,,,,,,,,,,,
68038,Pacifico Bakersfield Driver LLC,70428,Bakersfield Driver,CA,Kern,DRIVB,Batteries,BA,,S,X,X,,,0.3, ,0.3,0.3,V,9,2026,9,2026,,IPP Non-CHP,2,N,MWH,,,,,, ,,,,,,,,,,,,
68038,Pacifico Bakersfield Driver LLC,70428,Bakersfield Driver,CA,Kern,DRIVS,Solar Photovoltaic,PV,,S,X,X,,,1.7, ,1.7,1.7,V,9,2026,9,2026,,IPP Non-CHP,2,N,SUN,,,,,, ,,,,,,,,,,,,
61980,Valta Energy,70429,"VS Long Beach Solar One, LLC",CA,Los Angeles,1141,Solar Photovoltaic,PV,,S,X,X,,,2.3, ,2.3,2.3,U,5,2026,5,2026,,Commercial Non-CHP,4,N,SUN,,,,,, ,,,,,,,,,,,,
67996,"Argenta Renewables, LLC",70431,IL - Nexamp Argenta,IL,Macon,ARGEN,Solar Photovoltaic,PV,,S,X,X,,,5, ,5,5,U,2,2026,2,2026,,IPP Non-CHP,2,N,SUN,,,,,, ,,,,,,,,,,,,
56990,NJR Clean Energy Ventures Corporation,70437,Groton Flanders Road Landfill,CT,New London,GROTN,Solar Photovoltaic,PV,,S,X,X,,,5, ,5,5,U,7,2027,7,2027,N,IPP Non-CHP,2,N,SUN,,,,,, ,,,,,,,,,,,,
68039,"NY Avoca I, LLC",70439,SR 415 - NY Avoca I,NY,Steuben,PV1,Solar Photovoltaic,PV,,S,X,X,,,3.3, ,3.3,3.3,P,6,2027,6,2027,,IPP Non-CHP,2,N,SUN,,,,,, ,,,,,,,,,,,,
60531,Standard Solar,70440,NL IL Braceville,IL,Grundy,BRACE,Solar Photovoltaic,PV,,S,X,X,,,5, ,5,5,TS,9,2026,10,2026,N,IPP Non-CHP,2,N,SUN,,,,,, ,,,,,,,,,,,,
68035,"Palo Duro Energy Center, LLC",70441,Palo Duro Energy Storage II,TX,Ochiltree,PALO2,Batteries,BA,,S,X,X,,,165.7, ,165.7,165.7,P,5,2029,5,2029,N,IPP Non-CHP,2,N,MWH,,,,,, ,,,,,,,,,,,,
61194,Generate Capital,70442,KN216,IL,Kane,11224,Solar Photovoltaic,PV,,W,X,X,,,4.9, ,4.9,4.9,V,10,2026,10,2026,N,IPP Non-CHP,2,N,SUN,,,,,, ,,,,,,,,,,,,
68036,"Mammoth Plains Energy Center, LLC",70443,Mammoth Plains Energy Storage II,OK,Dewey,MAMM2,Batteries,BA,,S,X,X,,,101.2, ,101.2,101.2,P,5,2029,5,2029,N,IPP Non-CHP,2,N,MWH,,,,,, ,,,,,,,,,,,,
61194,Generate Capital,70444,Cottonwood - IL,IL,Woodford,11131,Solar Photovoltaic,PV,,W,X,X,,,4.9, ,4.9,4.9,V,7,2026,7,2026,N,IPP Non-CHP,2,N,SUN,,,,,, ,,,,,,,,,,,,
68043,"555 W 167th St Solar, LLC",70445,W 167th St,IL,Cook,PV1,Solar Photovoltaic,PV,,S,X,X,,,1.5, ,1.5,1.5,U,9,2026,9,2026,N,IPP Non-CHP,2,N,SUN,,,,,, ,,,,,,,,,,,,
68040,Dragon's Breath Solar LLC PV,70446,Dragon's Breath Solar LLC PV,IL,Tazewell,33699,Solar Photovoltaic,PV,,S,X,X,,,5, ,5,4.8,U,9,2026,9,2026,N,IPP Non-CHP,2,N,SUN,,,,,, ,,,,,,,,,,,,
68041,Ember Sun LLC PV,70447,Ember Sun LLC PV,IL,McDonough,45629,Solar Photovoltaic,PV,,S,X,X,,,3, ,3,2.8,U,9,2026,9,2026,N,IPP Non-CHP,2,N,SUN,,,,,, ,,,,,,,,,,,,
68042,"Keithsburg North Solar, LLC PV",70448,Keithsburg North Solar LLC PV,IL,Mercer,22258,Solar Photovoltaic,PV,,S,X,X,,,2, ,2,1.9,U,9,2026,9,2026,N,IPP Non-CHP,2,N,SUN,,,,,, ,,,,,,,,,,,,
2507,City of Burbank Water and Power - (CA),70449,RITC Solar and Battery Rooftop System,CA,Los Angeles,RPV1,Solar Photovoltaic,PV,,S,X,X,,,1.9, ,1.9,1.9,V,4,2026,4,2026,N,Electric Utility,1,N,SUN,,,,,, ,,,,,,,,,,,,
2507,City of Burbank Water and Power - (CA),70449,RITC Solar and Battery Rooftop System,CA,Los Angeles,TSBT1,Batteries,BA,,S,X,X,,,2.6, ,2.6,2.6,V,4,2026,4,2026,N,Electric Utility,1,N,MWH,,,,,, ,,,,,,,,,,,,
68028,"Wheatridge Optimization II, LLC",70450,Wheatridge Optimization II,OR,Morrow,BA1,Batteries,BA,,S,X,X,,,60, ,60,60,U,12,2027,12,2027,,IPP Non-CHP,2,N,MWH,,,,,, ,,,,,,,,,,N,,
68028,"Wheatridge Optimization II, LLC",70450,Wheatridge Optimization II,OR,Morrow,PV1,Solar Photovoltaic,PV,,S,X,X,,,130, ,130,130,U,12,2027,12,2027,,IPP Non-CHP,2,N,SUN,,,,,, ,,,,,,,,,,,,
68044,"Tutuilla Solar, LLC",70451,Tutuilla Solar,OR,Umatilla,OCS24,Solar Photovoltaic,PV,,S,X,X,,,1.6, ,1.6,1.6,V,11,2025,11,2026,N,IPP Non-CHP,2,N,SUN,,,,,, ,,,,,,,,,,,,
68045,"Buckaroo Solar 1, LLC",70452,Buckaroo Solar 1,OR,Umatilla,OCS62,Solar Photovoltaic,PV,,S,X,X,,,2.4, ,2.4,2.4,V,12,2025,5,2027,,IPP Non-CHP,2,N,SUN,,,,,, ,,,,,,,,,,,,
NOTE: Information on planned capacity changes are data reported to EIA.  It is not a projection and does not necessarily represent EIA's view of future capacity changes. Additional information regarding the outlook for additions and retirements of generation capacity is available at http://www.eia.gov/analysis.,,,,,,,,,,,,,,,,,,,,,,,,,,,,,,,,,,,,,,,,,,,,,,